:020000040800F2
:1000000000DE002031030008A9990008F969000802
:10001000A59900088B1A0008DDCF00080000000039
:100020000000000000000000000000007102000855
:100030005925000800000000CD02000899A9000819
:100040004B0300084B0300084B0300084B03000858
:100050004B0300084B0300085B2500084B03000816
:100060004B030008652500086F2500084B030008B6
:100070004B0300084B0300084B0300084B03000828
:100080004B0300084B0300084B0300084B03000818
:10009000911A00084B0300084B030008792500085B
:1000A0004B0300084B0300084B0300084B030008F8
:1000B000E5AA00084B0300084B0300084B030008A7
:1000C0004B0300084B0300084B0300084B030008D8
:1000D0004B03000845B300084B0300084B0300081E
:1000E0004B0300084B0300084B0300084B030008B8
:1000F0004B0300084B0300084B030008B521000820
:100100004B0300084B0300084B0300084B03000897
:100110004B0300084B0300084B0300084B03000887
:100120004B030008312200084B0300084B03000872
:100130004B0300084B0300084B0300084B03000867
:10014000A11A00084B0300084B030008519C00084B
:100150004B030008412200085122000891B3000817
:100160004B0300084B0300084B0300084B03000837
:100170004B0300084B0300084B030008000000007D
:100180004B0300084B03000800F002F800F060F891
:100190000AA090E8000C82448344AAF10107DA45E2
:1001A00001D100F055F8AFF2090EBAE80F0013F0D4
:1001B000010F18BFFB1A43F001031847C43C0100AC
:1001C000E43C01000A444FF0000C10F8013B13F02E
:1001D000070408BF10F8014B1D1108BF10F8015BA0
:1001E000641E05D010F8016B641E01F8016BF9D193
:1001F00013F0080F1EBF10F8014BAD1C0C1B09D1EA
:100200006D1E58BF01F801CBFAD505E014F8016B5B
:1002100001F8016B6D1EF9D59142D6D370470000ED
:100220000023002400250026103A28BF78C1FBD8FF
:10023000520728BF30C148BF0B6070471FB512F08E
:1002400009FD9DE8030000F089FF1FBD10B510BD3A
:1002500001F008F81146FFF7F1FF0FF08BF901F0FC
:1002600026F803B4FFF7F2FF03BC01F05DF80000CD
:100270002C4B19680868B0E8F04F80F30988BFF389
:100280006F8F4FF0000080F311887047000000006E
:1002900008480068006880F308884FF0000080F389
:1002A000148862B661B6BFF34F8FBFF36F8F00DF64
:1002B00000BF00BF08ED00E0DFF80C00016841F46A
:1002C00070010160704700BF88ED00E0EFF3098026
:1002D000BFF36F8F134B1A681EF0100F08BF20ED8D
:1002E000108A20E9F04F106009B44FF0500080F3FD
:1002F0001188BFF34F8FBFF36F8F10F05DFC4FF08D
:10030000000080F3118809BC19680868B0E8F04F54
:100310001EF0100F08BFB0EC108A80F30988BFF3FD
:100320006F8F7047DC050020EFF3058070470000F9
:100330000948804709480047FEE7FEE7FEE7FEE779
:10034000FEE7FEE7FEE7FEE7FEE7FEE704480549B5
:10035000054A064B7047000081AA00088901000881
:10036000009E002000DE002000BE002000BE002015
:100370009FED1A1AF5EE000A40EE010ABDEEE00A02
:10038000F5EEC00A10EE100AF1EE10FA38BF401E6A
:1003900000EE100A1349F7EE001AB8EEC00A30EE6C
:1003A000C00ADFED0F0A20EE200AFCEEC00A10EEB4
:1003B000900AC0F3080000EE900A01EB8000F8EE0E
:1003C000600A90ED011A70EE600A90ED000A71EE7D
:1003D000E01A21EE800A00EE810A704783F9223E7E
:1003E0000000004430360108DFED190AB5EEC00AFE
:1003F00060EE200ABDEEE01A11EE100AF1EE10FADE
:1004000038BF401E00EE100A1349F7EE001AB8EE8E
:10041000C00A30EEC00ADFED0F0A60EE200ABCEE23
:10042000E00A10EE100AC0F3080000EE100A01EB1B
:100430008000B8EE400A90ED011A70EEC00A90ED0F
:10044000000A71EEE01A21EE800A00EE810A704780
:1004500083F9223E000000443036010870B405885C
:100460000E884468D1F804C05368B54208D140886A
:100470004988884201BF11888D425188884203D043
:1004800070BC6FF00200704705FB00F1880827D0B0
:1004900094ED001ADCED000A94ED010ADCED011A7E
:1004A00031EE201AD4ED020A70EE211A9CED020AF8
:1004B00083ED001AC3ED011A94ED031ADCED031A63
:1004C00030EE800A401E71EE210A83ED020A04F12B
:1004D0001004C3ED030A03F110030CF1100CD7D183
:1004E00011F0030030D0B0F1004F30D200282BDDE6
:1004F000211F1B1FACF1040210F0010F0AD091ED77
:10050000010AD2ED010A091D121D30EE200A83ED09
:10051000010A1B1D400817D091ED010AD2ED010A16
:10052000401E30EE200A83ED010A91ED020AD2ED61
:10053000020A01F1080102F1080230EE200A83EDFF
:10054000020A03F10803E7D170BC00207047B4EC45
:10055000010A401EFCEC010A30EE200AA3EC010A5D
:10056000F5D1F1E701804280436070472DE9F34FF8
:1005700084B0049840680090486801900498B0F8EE
:1005800000E04588DFEDFE0A00200290B0EE600A30
:10059000AE4506D108884988884204BF7146864521
:1005A00004D06FF0020006B0BDE8F08F01985FEA5A
:1005B000010C18BFB7EE001A3DD000BFBEEB0C0116
:1005C00017D0B1F1004F80F01F82002911DD021F0A
:1005D00011F0010F1CBFC2ED010A121D4B1006D015
:1005E000C2ED010AC2ED020A08325B1EF8D100EB2F
:1005F0008100BCF10102A0EC011A19D0B2F1004F48
:1006000080F00882002A13DD031F12F0010F1CBFC7
:10061000C3ED010A1B1D511008D000BFC3ED010A34
:10062000C3ED020A491E03F10803F7D100EB820073
:10063000BCF1010CC2D14FF000080395002D14BF8E
:10064000B0EE602A002000F0BF8100BF009908FBD7
:1006500005F001EB800B0199DBED002A01EB800036
:100660000346F0EE421AC64552D9AEEB0802ABEB98
:10067000850112F0010F17D001EB850191ED000A01
:10068000B5EEC00AF1EE10FA07DDB4EEE10AF1EEC4
:1006900010FA09DDF0EE401A06E0B1EE400AF4EE81
:1006A000C01AF1EE10FAF5D3521031D001EB850CDF
:1006B0009CED000AB5EEC00AF1EE10FA05DDB4EECD
:1006C000E10AF1EE10FA09DD06E0B1EE400AF4EEBF
:1006D000C01AF1EE10FA01D2F0EE401A01EBC5019A
:1006E00091ED000AB5EEC00AF1EE10FA05DDB4EEA8
:1006F000E10AF1EE10FA09DD06E0B1EE400AF4EE8F
:10070000C01AF1EE10FA01D2F0EE401A521ECDD10D
:10071000F5EEC01AF1EE10FA00F07381F5EEC02A82
:100720000126F1EE10FA0099D4BFB1EE620AB0EEE4
:10073000620AB4EE610AF1EE10FA1CBFAEEB0802D9
:10074000B2F1010C47D005FB08F201EB820292EDF9
:10075000001A00BFB0EE410A05FB06F4B5EEC00A70
:1007600000EB8404F1EE10FACCBFF0EE400AF1EE9B
:10077000400AF4EE610AF1EE10FA28D1B5EB080C4C
:1007800011D0BCF1004F7DD2BCF1000F0BDD00BFDA
:1007900092ED000AD1ED000ABCF1010CE2EC010A75
:1007A000A1EC010AF4D129000ED0B1F1004F6AD2B8
:1007B000002909DD94ED000AD0ED000A491EE4ECA1
:1007C000010AA0EC010AF5D1012002900BE0761C91
:1007D000BCF1010CBED10298012804D0F5EEC02A6C
:1007E000F1EE10FA7ED09BED000AB5EB08009A46B8
:1007F0005946064622D0B0F1004F74D200281DDDC4
:10080000091F10F0010F06D0F0EE400A80EEA01A8A
:1008100081ED011A091D401010D000BFD1ED010A71
:10082000401E80EE801A81ED011A91ED021AC1EE90
:10083000000AC1ED020A01F10801EFD1280026D01B
:10084000B0F1004F7ED2002821DDAAF1040110F0A2
:10085000010F06D0D1ED010A80EE801A81ED011A58
:10086000091D401013D000BFD1ED010A401E80EEDB
:10087000801A81ED011AD1ED020A80EE801A81ED15
:10088000021A01E0CBE0D6E001F10801ECD1DDE98C
:1008900000124FF000095FEA0E0773D0C14504BF94
:1008A00001EB860102EB850274D091ED000ADC4673
:1008B0005046330035D01C46B6F1004F7ED2002C96
:1008C0002FDD0B1FABF1040C16F0010F0FD0F0EE73
:1008D000400ADCED011AB0EE601A00EEE11A83ED79
:1008E000011A01E08DE0B1E01B1D0CF1040C741045
:1008F00015D000BFD3ED010A9CED011A40EE410A6C
:10090000C3ED010AD3ED020A9CED021A0CF1080CAA
:1009100040EE410AC3ED020A0833641EEAD101EB3E
:1009200086012B0036D0B3F1004F72D2002B31DD9F
:10093000A2F1040CAAF1040013F0010F0CD0DCEDBD
:10094000010A00E08BE090ED011A001D40EE410A23
:10095000CCED010A0CF1040C5C1019D0DCED010A9D
:1009600090ED011A40EE410ACCED010ADCED020ADD
:1009700090ED021A083040EE410ACCED020A03E085
:10098000000000000DE005E0641E0CF1080CE5D14C
:1009900002EB830201EB88017F1E09F101097FF45C
:1009A0007DAF009808F10108001D00900398401EDB
:1009B00003907FF44BAE0299012900E058E004BF98
:1009C00006B0BDE8F08F00BFB5EEC00AF1EE10FA38
:1009D0007FF4E9AD04990EFB05F3002B4A684FF054
:1009E00000010BD902EB810C9CED000AB5EEC00AA8
:1009F000F1EE10FA02D1491C8B42F3D88B427FF4FE
:100A0000D2AD6FF00400CEE5E0EC010A491EFBD147
:100A1000EFE538E0E0EC010A521EFBD108E692ED6A
:100A2000000AD1ED000ABCF1010CE2EC010AA1ECD4
:100A3000010AF4D1B7E694ED000AD0ED000A491E90
:100A4000E4EC010AA0EC010AF5D1BDE6D1ED000A03
:100A5000401E80EE801AA1EC011AF7D1EEE6D3ED2C
:100A6000000A401E80EE801AA3EC011AF7D10EE7AF
:100A7000BCEC011AD1ED000A5B1E40EE410AE1EC2C
:100A8000010AF5D14DE7B0EC011AD2ED000A5B1E68
:100A900040EE410AE2EC010AF5D17BE72DE9F04F87
:100AA00082B0466853680193058847884B880020C8
:100AB00000900888874201BFB2F800C0654552889F
:100AC00093421EBF6FF0020002B0BDE8F08F9FEDB1
:100AD000412A4FEA970EC7F3400B00BFDDE9000241
:100AE00002EB800A4A6898464FF00009B0EE420ACD
:100AF000B4465FEA0E0025D092ED001ADCED001A34
:100B000002EB8302DCED010A01EE810A92ED001A8C
:100B100002EB8302401ED2ED001A02EB830200EECC
:100B2000810A9CED021ADCED030A00040CF1100CA2
:100B3000000C01EE210A92ED001A02EB830200EE96
:100B4000810AD9D117F0030026D0ACF10404A2EB3E
:100B5000830210F0010F08D002EB8302D4ED010AEA
:100B600092ED001A241D00EE810A5FEA0B0013D0FB
:100B700002EB830CD4ED010A9CED001A02EBC302D8
:100B8000401E00EE810AD4ED020A92ED001A04F133
:100B9000080400EE810AEBD109F10100AAEC010A78
:100BA0001FFA80F9486800EB8902A8F101001FFADA
:100BB00080F8B8F1000F99D1009806EB8706184429
:100BC00080B20090681E05042D0C87D102B0002071
:100BD000BDE8F08F0000000070B405880E884468FE
:100BE000D1F804C05368B54208D14088498888428A
:100BF00001BF11888D425188884203D070BC6FF0CC
:100C00000200704705FB00F1880827D094ED001A18
:100C1000DCED000A94ED010ADCED011A31EE601AF8
:100C2000D4ED020A70EE611A9CED020A83ED001AFF
:100C3000C3ED011A94ED031ADCED031A30EEC00A7D
:100C4000401E71EE610A83ED020A04F11004C3ED47
:100C5000030A03F110030CF1100CD7D111F00300BB
:100C600030D0B0F1004F30D200282BDD211F1B1FE8
:100C7000ACF1040210F0010F0AD091ED010AD2ED9F
:100C8000010A091D121D30EE600A83ED010A1B1DC9
:100C9000400817D091ED010AD2ED010A401E30EE56
:100CA000600A83ED010A91ED020AD2ED020A01F118
:100CB000080102F1080230EE600A83ED020A03F136
:100CC0000803E7D170BC00207047B4EC010A401E55
:100CD000FCEC010A30EE600AA3EC010AF5D1F1E761
:100CE0002DE9F04F02884768B0F802804888D1F8B3
:100CF000049082B04FF0000A1646824207BF09886E
:100D000088456FF0020002B018BFBDE8F08F4FEACF
:100D1000980B02EB42000190C8F34000CDF80000B0
:100D200009EB8A01BBF1000F33D0019801EB820C73
:100D300001EB80043B46E64601EBC2054FEA0B009F
:100D400093ED000A401E81ED000A93ED010A01EBCC
:100D500002118CED000A93ED020A0CEB021C85EDEA
:100D6000000A93ED030A05EB021584ED000A04EB7B
:100D7000021403F11003E3D10EEB820000EB8200BA
:100D800000EB8201ABF10100504307EB0B1701EBC5
:100D9000001118F0030C21D03B1FA1EB82011CF0C5
:100DA000010F06D093ED010A01EB82011B1D81EDBD
:100DB000000A009880B100BF93ED010A01EB8204A4
:100DC00001EBC20184ED000A93ED020A401E81EDA1
:100DD000000A03F10803EFD107EB8C070AF10100C9
:100DE0001FFA80FA701E0604360C99D102B000205A
:100DF000BDE8F08F70B5064600F094F9056806F17D
:100E00000B0020F00704B4429CBF002070BD2B46AD
:100E10006A68BAB11068A04210D304F10801884290
:100E20003CBF5068586007D3516810194160116881
:100E3000091B016058601460101D70BD1346526894
:100E4000002AE7D12146284600F074F90028DED1B7
:100E500070BD70B50446051F00F064F90068002CF1
:100E600014BF446870BD002C18BFAC423CBF204684
:100E70006468F8D301680A18AA4218BF456003D114
:100E80002A6805461144016028684119A1421CBF27
:100E90006C6070BD6168696021680844286070BD3D
:100EA00053EA020C00F069802DE9F04B4FF0000688
:100EB000002B1FBFB3FA83F503FA05F424FA05F6F5
:100EC0005E4012BF1643B2FA82F502FA05F4C5F18C
:100ED00020051EBF22FA05FC44EA0C04203556EA20
:100EE000044C4FEA144418BF641C4FF000084FF044
:100EF0000009904271EB030C39D3002919BFB1FAF4
:100F000081F701FA07F6B0FA80F700FA07F6C7F1A1
:100F100020071EBF20FA07FC46EA0C062037B6FB66
:100F2000F4FCA7EB0507103F07F01F0BCBF12006E1
:100F30000CFA0BFB2CFA06F644BFB3460026202F12
:100F4000A4BF5E464FF0000B5BEA060C08BF4FF0F3
:100F5000010B19EB0B09ABFB027C48EB0608C01B2D
:100F600006FB02CC0BFB03CC71EB0C01C1E70B467B
:100F7000024641464846BDE8F08B13B54FF00000ED
:100F80004FF00001AFF30080BDE81C407047032A1A
:100F900040F2308010F0030C00F0158011F8013B96
:100FA000BCF1020F624498BF11F801CB00F8013B7D
:100FB00038BF11F8013BA2F1040298BF00F801CB41
:100FC00038BF00F8013B11F0030300F02580083A18
:100FD000C0F0088051F8043B083A51F804CBA0E86F
:100FE0000810F5E7121D5CBF51F8043B40F8043BC4
:100FF000AFF30080D20724BF11F8013B11F801CBF9
:1010000048BF11F8012B24BF00F8013B00F801CBC9
:1010100048BF00F8012B704710B5203AC0F00B8094
:10102000B1E81850203AA0E81850B1E81850A0E8EC
:101030001850BFF4F5AF5FEA027C24BFB1E8185046
:10104000A0E8185044BF18C918C0BDE810405FEAB6
:10105000827C24BF51F8043B40F8043B08BF704732
:10106000D20728BF31F8023B48BF11F8012B28BF37
:1010700020F8023B48BF00F8012B704702F0FF0345
:1010800043EA032242EA024200F002B84FF00002B3
:101090000429C0F0128010F0030C00F01B80CCF18A
:1010A000040CBCF1020F18BF00F8012BA8BF20F8F8
:1010B000022BA1EB0C0100F00DB85FEAC17C24BF4C
:1010C00000F8012B00F8012B48BF00F8012B7047F6
:1010D0004FF0000200B5134694469646203922BFD1
:1010E000A0E80C50A0E80C50B1F12001BFF4F7AF1C
:1010F000090728BFA0E80C5048BF0CC05DF804EBFE
:10110000890028BF40F8042B08BF704748BF20F86B
:10111000022B11F0804F18BF00F8012B7047704769
:101120007047704700487047A89D0020704770477F
:101130007047704738B504460A4600206946AFF349
:101140000080002808BF38BD02460099204600F004
:101150004FF8012038BD012000F07CB8F8B5AFF39E
:101160000080054600200C46102000BF0646A81946
:10117000A0420DD9324669460020AFF30080070037
:1011800008BF00F067F80098A04218BF0546C419D0
:10119000FFF7C8FF05600746F01D20F0070046195D
:1011A000284600F00AF8B44208BFF8BDA21B314639
:1011B0003868BDE8F84000F01BB800210160C0E9C4
:1011C000011070471020704710B500F00DF800684E
:1011D00010BD10B5044600F007F8046010BD000013
:1011E00000487047A09D002000487047A09D002047
:1011F000034640688C46002818BF88423CBF03461F
:101200004068F8D318681844884207D00CF10300EE
:1012100020F00700001D411A521A0146081D0A60FD
:10122000FFF717BE1FB584B000200A9C06AB04AAC6
:1012300002A90094AFF3008018B1DDE9020108B003
:1012400010BD0348204000F040F800200146F6E7BA
:101250000000207C10B500F03FF8BDE8104000F021
:101260002FB870477546FFF7BBFFAE4605006946CD
:10127000534620F00700854618B020B5FFF766F802
:10128000BDE820404FF000064FF000074FF0000887
:101290004FF0000B21F00701AC46ACE8C009ACE808
:1012A000C009ACE8C009ACE8C0098D46704710B56C
:1012B0000446AFF300802046BDE81040FEF7D1BFE2
:1012C000002801D000F030B8704710B500F04CF89D
:1012D000BDE81040FFF7F4BF10B5012805D000218C
:1012E00003A000F027F8012010BD09A1F8E70000D5
:1012F00053494752544D454D3A204F7574206F66FF
:101300002068656170206D656D6F72790000000066
:101310003A2048656170206D656D6F727920636F4A
:10132000727275707465640001491820ABBEFEE7E7
:101330002600020070B505460C460A2000E06D1C30
:1013400000F068F835B128780028F8D102E0641C74
:1013500000F060F814B120780028F8D1BDE87040A2
:101360000A2000F057B8000010B5022803D0410150
:1013700003D50DA112E0002010BD010101D50FA180
:101380000CE0C10001D511A108E0810001D512A136
:1013900004E0400001D513A100E0002115A0FFF7F3
:1013A000C9FF012010BD0000496E76616C696420A0
:1013B0004F7065726174696F6E00000044697669F0
:1013C0006465204279205A65726F00004F7665721D
:1013D000666C6F7700000000556E646572666C6F16
:1013E00077000000496E65786163742052657375FB
:1013F0006C7400005349474650453A204172697465
:10140000686D6574696320657863657074696F6E73
:101410003A20000008B569468DF800000320ABBEF5
:1014200008BD00004A494A6822F440324A604A68CE
:1014300043681A434A6001684A6822F480724A602D
:1014400001684A68036942EA03224A6001684A68FF
:1014500022F040724A6001684A6883681A434A6011
:1014600001688A6822F400628A6001688A68C36839
:101470001A438A60816A6FF07062D14214D00168A9
:101480008A6822F070628A6001688A68836A1A43F7
:101490008A6001688A6822F040528A6001688A681E
:1014A000C36A1A438A6009E001688A6822F07062A0
:1014B0008A6001688A6822F040528A6001688A68FE
:1014C00022F002028A6001688A68037E42EA4302CF
:1014D0008A6090F8201089B101684A6842F400627D
:1014E0004A6001684A6822F460424A6001684A68BA
:1014F000436A5B1E42EA43324A6004E001684A687C
:1015000022F400624A600168CA6A22F47002CA6268
:101510000168CA6A838B5B1E42EA0352CA62016891
:101520008A6822F400728A6001688A6890F8303014
:1015300042EA43228A6001688A6822F480628A60F3
:1015400001688A68406942EA80208860704700002C
:101550000023014010B501221021024802F0E8FBEF
:1015600010BD00000000024010B50022102102480A
:1015700002F0DEFB10BD00000000024010B50122A9
:101580001146024802F0D4FB10BD000000040240E6
:1015900010B500220121024802F0CAFB10BD000074
:1015A0000004024010B50446FFF7DEFF922000F071
:1015B000A3F906229549122000F07EF9FFF7CAFF31
:1015C00092484078000200B2904909780843904957
:1015D00008800846B0F9000000EE100AB8EEC00A14
:1015E0008C48D0ED000A20EE200AD4ED080A20EE47
:1015F000200A84ED000A8548C078000200B28349C1
:1016000089780843824908800846B0F9000000EE56
:10161000100AB8EEC00A7F48D0ED000A20EE200A7A
:10162000D4ED080A20EE200A84ED010A77484079BB
:10163000000200B2754909790843754908800846D7
:10164000B0F9000000EE100AB8EEC00A7148D0ED03
:10165000000A20EE200AD4ED080A20EE200A84EDCC
:10166000020AFFF795FF08226849002000F024F9DC
:10167000FFF784FF654800780F284FD1664800784F
:10168000F0B36248C078000200B26049897808432C
:101690005F49088094ED090A0846B0F9000000EEA1
:1016A000900AF8EEE00A5D4890ED001A10EE810A0B
:1016B00084ED030A55484079000200B25349097984
:1016C00008435349088094ED0A0A0846B0F900001F
:1016D00000EE900AF8EEE00A504890ED001A10EE85
:1016E000810A84ED040A4948C079000200B24749E2
:1016F000897908434649088094ED0B0A084600E0C2
:101700000DE0B0F9000000EE900AF8EEE00A434860
:1017100090ED001A10EE810A84ED050A44E03B4882
:10172000C078000200B239498978084338490880F6
:101730000846B0F9000000EE100AB8EEC00A3748BB
:10174000D0ED000A20EE200A84ED030A2F484079EC
:10175000000200B22D49097908432D490880084646
:10176000B0F9000000EE100AB8EEC00A2B48D0ED28
:10177000000A20EE200A84ED040A2448C079000201
:1017800000B2224989790843214908800846B0F906
:10179000000000EE100AB8EEC00A2048D0ED000AA2
:1017A00020EE200A84ED050AFFF7DEFEA22000F0FD
:1017B000A3F802221549222000F07EF8FFF7CAFEA6
:1017C00012480078C0001149497840EA6110104978
:1017D00008800846B0F90000B0F5806F05DB0846C8
:1017E0000088A0F5006000B208800948B0F9000048
:1017F00000EE100AF8EEC00AB4EE001AB3EE070AC3
:1018000000EE810A84ED070A10BD00005E02002090
:101810006602002020020020300200202402002066
:1018200070B504460D461C48046000201B49087032
:101830000BF0A6FE194909780843184908700BF007
:1018400055FF164909780843144908701DB114481A
:1018500000F010FA1CE09FED130A114880ED090A10
:101860009FED110A80ED0A0A9FED0F0A80ED0B0A29
:101870009FED0E0A80ED0C0A90ED0C0ADFED0C0ACC
:1018800080EE801A80ED081A9FED0A0A80ED060AA4
:101890000248007870BD0000680200202A02002083
:1018A000A0380020AC38223BB016CE393F161B4181
:1018B000C3F51C410000204270B506460C46154693
:1018C00046F0800000F018F806E0552000F014F80B
:1018D0002070641C681EC5B2002DF6D170BD70B5B5
:1018E00004460D4644F0800000F006F8552000F054
:1018F00003F8287070BD000001B582B04FF47A7013
:10190000012301AA02A900900348006803F084FFA4
:101910009DF804000EBD00006802002070B5054669
:101920000C462846FFF7E8FF2046FFF7E5FF70BDAD
:10193000D2ED020A92ED021AB6EE000A00EEC10ADA
:10194000D2ED030A92ED031A00EEC10AD0ED000AAF
:1019500020EE200AD2ED010A92ED021A60EE810A11
:1019600092ED001AD2ED031A41EE610A90ED011AD0
:1019700000EE810AD2ED010A92ED031A60EE810AAF
:1019800092ED001AD2ED021A41EE210A90ED021AF0
:1019900000EE810AF0EE000A20EE200A81ED000A36
:1019A00092ED010AD2ED020A20EE200AD2ED000AE1
:1019B00092ED031A00EE810AD0ED000A60EE200AD3
:1019C00092ED011AD2ED011AB6EE000A01EE610A9B
:1019D000D2ED031A92ED032AB0EE401A01EEC21ABC
:1019E000D0ED011AB0EE600A01EE210AD2ED020A32
:1019F00092ED031A60EE810A92ED001AD2ED011AFF
:101A000041EE610A90ED021A00EE810AF0EE000A42
:101A100020EE200A81ED010A92ED010AD2ED030ABF
:101A200020EE200AD2ED000A92ED021A00EEC10A61
:101A3000D0ED000A20EE200AD2ED020A92ED031A40
:101A400060EE810A92ED001AD2ED011A41EE210AF0
:101A500090ED011A00EE810A92ED011AD2ED011A01
:101A6000F6EE000A41EE610A92ED021AD2ED021A78
:101A700041EE610A90ED021A00EE810AF0EE000AD2
:101A800020EE200A81ED020A704700BFFEE7000049
:101A900010B5024801F077FA10BD00009C0E00203E
:101AA00010B5024801F06FFA10BD0000C40E00200E
:101AB000F8B507460C4615461E464FF400700D4912
:101AC000086000208860C86008200861380A0A4958
:101AD00008704F70200A8870CC70280A08714D7108
:101AE000300A8871CE716B460A460249034801F0FC
:101AF0007DF8F8BDEC2E0020000100209C0E002097
:101B000008B54FF4E0600C49086000208860C860A8
:101B10000820086100200949087048708870C87062
:101B2000087148718871C8716B460A4602490448B9
:101B300001F05CF808BD0000EC2E00200001002040
:101B40009C0E0020F8B507460C4615461E4640F28E
:101B5000FF100D49086000208860C86008200861F7
:101B6000380A0A4908704F70200A8870CC70280A19
:101B700008714D71300A8871CE716B460A46024970
:101B8000034801F033F8F8BDD42E0020F8000020FF
:101B90009C0E00200178014A117070470801002056
:101BA0000346042B15D007DC7BB1012B0ED0022B92
:101BB0000DD0032B12D10BE0202B0BD0212B0AD000
:101BC000222B09D0232B09D107E008E007E006E02B
:101BD00005E004E003E002E001E000E000BF00BF38
:101BE000002070470020704710B5002204490548C6
:101BF00009F071FD0449034809F067FD002010BD9C
:101C00008C260020E81500208C1E002070B50446AC
:101C10000D46282221460748FFF7B9F90EF0C0FD0E
:101C20002146054809F051FD034809F02DFD00202B
:101C300070BD0000DD370020E81500202DE9F041DF
:101C400004460D4600260A48D0F89072D7F81402D0
:101C500010B10120BDE8F0812A462146044809F070
:101C60003AFD034809F0B2FD06463046F2E70000AF
:101C7000E815002070B52DED048B88B004460020D7
:101C80000690079000F0A2FBFE4880ED000A00BF1E
:101C900000F09CFBFB48D0ED000A30EE600AF2EE4B
:101CA000040AB4EEE00AF1EE10FA14DD9FEDF60A34
:101CB00084ED090A9FEDF50A84ED0A0A9FEDF30A07
:101CC00084ED0B0A9FEDF20A84ED0C0A9FEDF10AF8
:101CD00084ED060A55E29FEDF00A00F033FB9FED1C
:101CE000EF0A84ED0C0A9FEDED0A84ED090A9FEDE1
:101CF000EB0A84ED0A0A9FEDE90A84ED0B0A00263F
:101D000073E1FFF731FC9220FFF7F6FD062206A9EA
:101D10001220FFF7D1FDFFF71DFC9DF8190000020E
:101D200000B29DF8181040EA010500EE105AB8EE16
:101D3000C00ADB48D0ED000A20EE200A84ED000A3C
:101D40009DF81B00000200B29DF81A1040EA010540
:101D500000EE105AB8EEC00AD148D0ED000A20EECD
:101D6000200A84ED010A9DF81D00000200B29DF8D2
:101D70001C1040EA010500EE105AB8EEC00AC8482F
:101D8000D0ED000A20EE200A84ED020AD4ED000A0C
:101D900060EEA00A94ED011AD4ED011A41EE210A79
:101DA00094ED021AD4ED021A41EE210AB0EE600A57
:101DB0000BF07EFBB0EE408A94ED0C0A30EE080A80
:101DC00084ED0C0AFFF7E4FB082206A90020FFF7C8
:101DD00073FDFFF7D3FB9DF818000F2850D19DF835
:101DE0001B00000200B29DF81A1040EA010500EE47
:101DF000105AB8EEC00AAB48D0ED000A20EE200A17
:101E000084ED030A94ED090AD4ED030A30EE200AAA
:101E100084ED090A9DF81D00000200B29DF81C1017
:101E200040EA010500EE105AB8EEC00A9D48D0ED18
:101E3000000A20EE200A84ED040A94ED0A0AD4ED8B
:101E4000040A30EE200A84ED0A0A9DF81F00000201
:101E500000B29DF81E1040EA010500EE105AB8EEDF
:101E6000C00A9048D0ED000A20EE200A84ED050A51
:101E700094ED0B0AD4ED050A30EE200A84ED0B0A2E
:101E800006BBF0EE488AB0EE489A002017E004F155
:101E90000C0101EB800191ED000A03A901EB800127
:101EA00081ED000A04F10C0101EB800191ED000AC3
:101EB000694601EB800181ED000A411CC8B203288C
:101EC000E5DB49E0B4EEE88AF1EE10FA01DDF0EE70
:101ED000488AB4EEC98AF1EE10FA01D2B0EE489AFF
:101EE000002037E004F10C0101EB800191ED000AC4
:101EF00003A901EB8001D1ED000AB4EEE00AF1EE96
:101F000010FA0ADD04F10C0101EB800191ED000AE9
:101F100003A901EB800181ED000A04F10C0101EB42
:101F2000800191ED000A694601EB8001D1ED000AC4
:101F3000B4EEE00AF1EE10FA0AD204F10C0101EB62
:101F4000800191ED000A694601EB800181ED000AF4
:101F5000411CC8B20328C5DB38EEC90A524880EDDF
:101F6000000A002012E003A901EB800191ED000AB4
:101F7000694601EB8001D1ED000A30EE600A4B4961
:101F800001EB800181ED000A411CC8B20328EADBA5
:101F9000454890ED000AF6EE000AB4EEE00AF1EED4
:101FA00010FA1BDC414890ED000ADFED410AB4EE67
:101FB000E00AF1EE10FA11DC90ED010ADFED3C0AC7
:101FC000B4EEE00AF1EE10FA08DC90ED020ADFED63
:101FD000380AB4EEE00AF1EE10FA00DD0AE09FEDF7
:101FE000350A00F0AFF9701C86B23348008886428B
:101FF000FFF687AE00BFD4ED0C0A2F48008800EE34
:10200000100AB8EE400A80EE801A84ED0C1A002007
:1020100015E004F1240101EB8001D1ED000A26490D
:10202000098800EE101AB8EE400A80EE801A04F11A
:10203000240101EB800181ED001A411CC8B2032884
:10204000E7DBFFF791FAA220FFF756FC022206A970
:102050002220FFF731FCFFF77DFA9DF81800C00041
:102060009DF8191040EA6115B5F5806F02DBA5F502
:10207000006005B200EE105AF8EEC00AB4EE001A85
:102080001CE0000058020020AC38223BB016CE39CC
:102090003F161B41000020420AD7A33B000000006E
:1020A00020020020240200202C020020943800206E
:1020B0009A99193E6F12033A5C020020B3EE070AA8
:1020C00000EE810A84ED060A34480088401C00B204
:1020D00032490880324890ED000AF6EE000AB4EE6C
:1020E000E00AF1EE10FA3FF7D3AD94ED0C0ADFED04
:1020F0002D0A30EE600AB0EEC00AF6EE000AB4EE29
:10210000E00AF1EE10FAEEDC274890ED000A5FEDF0
:10211000180AB4EEE00AF1EE10FAE4DC90ED010AE0
:102120005FED1D0AB4EEE00AF1EE10FADBDC90ED93
:10213000020A5FED210AB4EEE00AF1EE10FAD2DCF9
:1021400094ED090AB0EEC00ADFED180AB4EEE00A19
:10215000F1EE10FAC7DC94ED0A0AB0EEC00ADFED2A
:10216000130AB4EEE00AF1EE10FABCDC94ED0B0AAF
:10217000B0EEC00ADFED0D0AB4EEE00AF1EE10FA9F
:10218000B1DC00BF94ED0C0ADFED090A80EE801A85
:1021900084ED081A08B0BDEC048B70BD320200203B
:1021A0002C020020CDCC1C41943800200AD7233CBF
:1021B000C3F51C411B48406800F0006080B31A481A
:1021C000406B00681949884205D94FF000601749F3
:1021D0004C3908601CE01448406B00681149B83164
:1021E000884205D94FF000601049503908600FE06F
:1021F0000D48406B00680B495831884204D94FF0B4
:1022000000600849C86003E04FF00060054988603D
:1022100005480068006840F40070034909680860D8
:102220007047000000600240400F002058640240E8
:1022300010B5024801F026FA10BD00002815002054
:1022400010B5024801F01EFA10BD000088150020EC
:1022500010B5024801F016FA10BD00006814002005
:1022600001680A4BCAB2103AA3FB02321209084BAA
:102270009B5CC365032A04D96FF30901091D8165BD
:1022800002E06FF309018165806D7047ABAAAAAACD
:1022900026360108014600208A6A8B69002B0FD080
:1022A000B3F5005F1DD08AB3012A30D0022A2ED0A8
:1022B000032A04D1C96A11F0807F00D00120704741
:1022C0001AB1012A07D0022AF9D1C96A11F0807F18
:1022D000F5D001207047C96AB1F1C07FFAD1012061
:1022E00070475AB1012A0BD0022A07D0032AF7D12E
:1022F000C96AB1F1C07FF3D1012070470120704756
:10230000C96A11F0807FFAD001207047FFE70120F1
:102310007047000008B508484068009007490098D9
:102320000968884204D206480068401C04490860D5
:1023300002490098086008BD001000E0D0000020AD
:10234000CC0000200C494868F0EE400A00BF0A4962
:102350004968091A01EE101AF8EE411A074991ED81
:10236000001AB8EE411A20EE811AF4EEC11AF1EE0D
:1023700010FAECD370470000001000E0C00000200D
:1023800010B52DED028B82B004460E4840680190D6
:1023900020680199081A00EE100AF8EE400A0A486F
:1023A00090ED000AB8EE400A80EE801AB0EE418A45
:1023B00001982060FFF7AEFFB0EE480A02B0BDEC16
:1023C000028B10BD001000E0C000002010B52DED04
:1023D000028B00F059F80F4890ED000AB8EE400A61
:1023E000808800EE900AF8EE600A9FED0B1A00EE6E
:1023F000810A0848C08800EE900AF8EE600A9FED56
:10240000071A00EE810AB0EE408AB0EE480ABDEC31
:10241000028B10BDB80000206F12833ABD3786359D
:102420001249096841F08071104A11600021104A78
:1024300051601146096841F0010111600D494143A5
:102440000D4A1160114609684FF47A72B1FBF2F13E
:102450000A4A116008490968064AB1FBF2F1084AC4
:1024600011600021074A116070470000FCED00E098
:10247000001000E040420F00C0000020C400002017
:10248000C8000020CC00002038B5294840680090E2
:10249000FFF740FF274800684FF0FF31A0FB0131F4
:1024A0000098181841F10001234A03C22348002371
:1024B0002149026803C9FEF7F3FC214A03C2204800
:1024C0000CC81E4800680024A2FB001503FB005046
:1024D00002FB04021848D0E90030591A60EB0200F0
:1024E000184AC2E9001016480068174908601748E2
:1024F00000231449026803C9FEF7D2FC1249888000
:10250000084680881149096841430E48D0E90030E7
:10251000591A60F100000E4AC2E900100D4800236C
:102520000B49026803C9FEF7BBFC0749C88038BDE8
:10253000001000E0CC000020D8000020C0000020E7
:10254000E0000020E8000020B8000020C4000020C7
:10255000F0000020C8000020704710B5012001F0F5
:10256000CDFA10BD10B5082001F0C8FA10BD10B5A5
:10257000102001F0C3FA10BD10B5202001F0BEFA02
:1025800010BDD2ED020A92ED021AB6EE000A00EE7C
:10259000C10AD2ED030A92ED031A00EEC10AD0ED92
:1025A000000A20EE200AD2ED010A92ED021A60EE36
:1025B000810A92ED001AD2ED031A41EE210A90ED44
:1025C000011A00EE810AD2ED010A92ED031A60EEC3
:1025D000810A92ED001AD2ED021A41EE610A90EDE5
:1025E000021A00EE810AF0EE000A20EE200A81EDC8
:1025F000000A92ED010AD2ED020A20EE200AD2ED85
:10260000000A92ED031A00EEC10AD0ED000A60EE56
:10261000200A92ED011AD2ED011AB6EE000A01EE7F
:10262000610AD2ED031A92ED032AB0EE401A01EED0
:10263000C21AD0ED011AB0EE600A01EE210AD2ED05
:10264000020A92ED031A60EE810A92ED001AD2EDB1
:10265000011A41EE210A90ED021A00EE810AF0EE15
:10266000000A20EE200A81ED010A92ED010AD2ED66
:10267000030A20EE200AD2ED000A92ED021A00EEC3
:10268000810AD0ED000A20EE200AD2ED020A92ED76
:10269000031A60EE810A92ED001AD2ED011A41EEA2
:1026A000610A90ED011A00EE810A92ED011AD2ED55
:1026B000011AF6EE000A41EE610A92ED021AD2ED1D
:1026C000021A41EE610A90ED021A00EE810AF0EE64
:1026D000000A20EE200A81ED020A704770470000D0
:1026E0000022002905D001291AD002291BD04FF45D
:1026F00040720E490B6823F440730B600B681A4359
:102700000A600A6822F0F8020A600A68022343EAB3
:10271000C00010430860086840F4803008607047CB
:102720004FF48072E5E74FF40072E2E7103C02409C
:102730001448016811F4007F0FD0016821F4007182
:102740000160016841F400610160016821F40061E9
:102750000160016841F400710160016811F4806F4B
:102760000FD0016821F480610160016841F480515B
:102770000160016821F480510160016841F48061C9
:1027800001607047003C024008490A6822F4407228
:102790000A600A6842F004020A600A684FF4803353
:1027A00043EA00201043086070470000103C0240DC
:1027B000064A136823F440731360136813601368A8
:1027C00043F001031360017070470000103C0240A9
:1027D0000A49D1F800C02CF4407CC1F800C0D1F8FF
:1027E00000C04CF4407CC1F800C0D1F800C04CF0EF
:1027F000010CC1F800C0026043607047103C024009
:10280000074A136823F440731360136843F480731A
:102810001360136843F001031360018070470000E8
:10282000103C0240074A136823F440731360136896
:1028300043F400731360136843F0010313600160F5
:1028400070470000103C02401A49086810F0100F51
:10285000194805D0C26942F01002C26110220A6014
:102860000A6812F0200F05D0C26942F00802C26166
:1028700020220A600A6812F0400F05D0C26942F0B7
:102880000402C26140220A600A6812F0800F05D07B
:10289000C26942F00202C26180220A600A6812F034
:1028A000020F05D0C26942F02002C2610220086016
:1028B000704700000C3C0240403B002070B50446CD
:1028C00014490020C86101F03BFA0646124D286801
:1028D00010F4803F0ED0B4F1FF3F07D024B101F0D7
:1028E0002FFA801BA04201D9032070BD286810F484
:1028F000803FF0D1286810F0010F01D0012028603E
:10290000286810F0F20F03D0FFF79EFF012070BD82
:10291000002070BD403B00200C3C024070B50A48CE
:102920000468001D0568001D0668344454B108227F
:102930000649204605F00CFC0422044910312846C3
:1029400005F006FC70BD0000107AFF1F6600002035
:1029500038B44FF0000CCDF800C090F83C20012AAC
:102960001BD0012280F83C200A680724092A17D9C5
:102970000368DD680A3A02EB420204FA02F225EA31
:102980000202DA600A788B680A3A02EB420293404C
:102990000268D4682343D36014E038BC0220704737
:1029A00003681D6902EB420204FA02F225EA020200
:1029B0001A610A788B6802EB42029340026814693C
:1029C000234313614A681F24072A15D203685D6BED
:1029D000521E02EB820204FA02F225EA02025A6354
:1029E0000A8893B20A79521E02EB8202934002686F
:1029F000546B234353632CE00D2A15D203681D6BDF
:102A0000D21F02EB820204FA02F225EA02021A63E2
:102A10000A8893B20A79D21F02EB820293400268BD
:102A2000146B2343136314E00368DD6A0D3A02EB71
:102A3000820204FA02F225EA0202DA620A8893B2FA
:102A40000A790D3A02EB820293400268D46A23436A
:102A5000D362184A184B04689C4206D10C68122CA9
:102A600003D1546844F48004546004689C421CD12F
:102A70000B68102B01D0112B17D1536843F40003BE
:102A800053600968102910D10C490D4A0968B1FB3F
:102A9000F2F101EB810149000091009929B10099FF
:102AA000491E009100990029F9D180F83CC038BC3A
:102AB00000207047002301400020014090000020CA
:102AC00040420F0070B504460025002C03D0206C56
:102AD000002610B107E0012070BD204600F01EF86E
:102AE000666484F83C60206C10F0100F04D001255F
:102AF00084F83C60284670BD206C20F4885040F07B
:102B0000020020642046FEF78DFC6664206C20F0F5
:102B1000020040F001002064EAE7000010B586B032
:102B20000446142101A8FEF7D3FA234920688842FD
:102B30000FD100BF002000902048006840F4807052
:102B40001E4908600846006800F48070009000BFCD
:102B50002FE01B49206888422BD100BF0020009045
:102B60001648006840F48060144908600846006810
:102B700000F48060009000BF00BF00BF0020009004
:102B80000E481438006840F020000C4914390860E1
:102B90000846006800F02000009000BF00BF081544
:102BA0000190032002900020039001A9054800F045
:102BB000B1FF06B010BD00000020014044380240C3
:102BC000002201400014024090F82020012A07D082
:102BD000022A05D0416A41F48021416201207047F8
:102BE00000684269114341610020704770B490F859
:102BF0002040D0F800C0DCF808C0012C08D0022C1E
:102C000006D0416A41F48021416270BC01207047C6
:102C10000CF080640CF000652C4302D11CF0805F46
:102C20005FD0CCF3016CBCF1020F06D9416A41F4CC
:102C30000001416270BC01207047012404FA0CF4C9
:102C40001C608B684FF4C0749BB1CD6804EB0C160C
:102C50002B434D6843EAC5030568AB514FF4C2737B
:102C6000066803EB0C130D69F550097D012909D0A5
:102C70000DE00D88CB6804EB0C1643EA455305685C
:102C8000AB51EBE70168CD5845F48075CD50117913
:102C9000D379557941EA036193791B0443EA05230B
:102CA00019434FF4C675036805EB0C15595111789B
:102CB000D37841EA0361937852781B0443EA0222F5
:102CC00011434FF4C473026803EB0C13D150016835
:102CD00004EB0C100A5842F001020A5070BC0020AC
:102CE0007047416A41F40011416270BC0120704795
:102CF00090F82020012A07D0022A05D0416A41F429
:102D000080214162012070474248D0F8002242F001
:102D10000102C0F80022D0F8002222F47C52C0F850
:102D20000022D0F800224B6A42EA0322C0F80022B7
:102D30000A7D012302F01F0203FA02F2D0F81C32CE
:102D40009343C0F81C32CB69D3B9D0F80C3293430B
:102D5000C0F80C32B1F80CC04B686CF31F43D1F8CB
:102D600014C000EBCC0CCCF84032B1F808C00B68B2
:102D70006CF31F43D1F814C000EBCC0CCCF84432F8
:102D8000CB69012B1AD1D0F80C321343C0F80C32A6
:102D9000B1F800C04B686CF31F43D1F814C000EBCE
:102DA000CC0CCCF84032B1F808C0CB686CF31F43B0
:102DB000D1F814C000EBCC0CCCF844328B697BB159
:102DC000D0F804321343C0F804320B6973B1D0F861
:102DD00014321343C0F81432096A01290CD010E0F0
:102DE000D0F804329343C0F80432EEE7D0F814323E
:102DF0009343C0F81432EFE7D0F81C121143C0F827
:102E00001C12D0F8001221F00101C0F800120020BD
:102E10007047000000640040704710B490F820C074
:102E2000BCF1010F09D0BCF1020F06D0416A41F498
:102E30008021416210BC0120704739B1D0F800C038
:102E4000DCF810C01CF0030F7DD006E0D0F800C005
:102E5000DCF80CC01CF0030F7BD04FF4D87C046866
:102E60000CEB011C54F80C4004F004049460002C9A
:102E70007DD0046854F80C40E4085460046854F8A9
:102E80000CC0CCF3400CC2F80CC04FF4DA7C0468E0
:102E90000CEB011C54F80C4004F00F04146104689E
:102EA00054F80C40C4F307249461046854F80CC02F
:102EB0004FEA1C4CC2F814C04FF4DC72D0F800C0CA
:102EC00002EB01125CF802C083F800C0D0F800C029
:102ED0005CF802C04FEA1C2C83F801C0D0F800C097
:102EE0005CF802C04FEA1C4C83F802C0D0F800C066
:102EF0005CF80220120EDA704FF4DE72D0F800C0D7
:102F000002EB01125CF802C083F804C0D0F800C0E4
:102F10005CF802C04FEA1C2C83F805C0D0F800C052
:102F20005CF802C04FEA1C4C83F806C0D0F800C021
:102F30005CF80220120EDA71F9B10068016941F003
:102F40002001016102E00BE003E010E010BC002072
:102F50007047416A41F40011416210BC0120704782
:102F6000416A41F40011416210BC012070470468BD
:102F700054F80C40640D146080E70068C16841F0AB
:102F80002001C160DEE72DE9F05F054600242868D6
:102F90004669D0F804908768D0F80CA0D0F810B03B
:102FA000D0F8188016F0010F54D017F0010F17D089
:102FB0000121816017F0020F03D0284600F01CFBAE
:102FC0000EE017F0040F02D04FF4006408E017F091
:102FD000080F02D04FF4805402E0284600F00BFBAB
:102FE00017F4807F19D029684FF48070886017F437
:102FF000007F03D0284600F001FB0EE017F4806F3D
:1030000002D044F4005408E017F4006F02D044F4F6
:10301000804402E0284600F0F0FA17F4803F19D00F
:1030200029684FF48030886017F4003F03D02846A9
:1030300000F0E6FA0EE017F4802F02D044F40044CA
:1030400008E017F4002F02D044F4803402E0284650
:1030500000F0D5FA16F0080F07D01AF0100F04D0C0
:1030600044F4007429681020C86016F0040F4FF073
:10307000080707D01AF0080F04D02868C760284650
:1030800000F000FA16F0020F07D02868C06810F0B0
:10309000030F02D0284600F0F7F916F0400F07D0D2
:1030A0001BF0100F04D044F48064296810200861DC
:1030B00016F0200F07D01BF0080F04D02868076116
:1030C000284600F063FA16F0100F07D02868006950
:1030D00010F0030F02D0284600F059FA16F4003F12
:1030E00008D019F0100F05D0296810204860284634
:1030F00000F04EFA16F4803F07D019F0080F04D004
:1031000028684760284600F07CFA16F4004F4AD041
:1031100019F0040F44D016F4807F04D018F0010F8A
:1031200001D044F0010416F4007F04D018F0020F1F
:1031300001D044F0020416F4806F04D018F0040F9C
:1031400001D044F0040416F4006F29D018F0700F79
:1031500026D008F07000402815D006DC102809D0D1
:1031600020280AD0302816D10AE050280ED0602836
:1031700011D10EE044F008040DE044F010040AE020
:1031800044F0200407E044F0400404E044F08004EC
:1031900001E044F480742868816921F07001816144
:1031A000296804204860002C05D0686A20436862C2
:1031B0002846FFF731FEBDE8F09F70B50446002CAD
:1031C00003D094F8200010B104E0012070BD204627
:1031D00000F0A8F82068016821F00201016000F009
:1031E000AFFD0546206840684FF0050610F0020F5D
:1031F00011D000F0A5FD401B0A2807D9606A40F4F1
:103200000030606284F82060012070BD2068406852
:1032100010F0020FEDD12068016841F0010101605A
:1032200000F08EFD05462068406810F0010F11D1B6
:1032300000F086FD401B0A2807D9606A40F4003080
:10324000606284F82060012070BD2068406810F042
:10325000010FEDD0207E01283FD02068016821F0C9
:1032600080010160607E01283DD02068016821F066
:1032700040010160A07E01283BD02068016821F058
:1032800020010160E07E012839D02068016841F00A
:1032900010010160207F012837D02068016821F0EB
:1032A00008010160607F012835D02068016821F0A5
:1032B00004010160E168A068626908432169114363
:1032C00008436168491E08432168C86100206062A4
:1032D000012084F82000002070BD2068016841F0C2
:1032E00080010160BEE72068016841F04001016093
:1032F000C0E72068016841F020010160C2E7206852
:10330000016821F010010160C4E72068016841F004
:1033100008010160C6E72068016841F0040101600E
:10332000C8E7000010B586B00446142101A8FDF7D7
:10333000CFFE4E492068884241D14D480068401C6C
:103340004B4908600846006801280FD100BF0020E3
:1033500000904848006840F0007046490860084600
:10336000006800F00070009000BF00BF00BF0020A8
:10337000009040481038006840F008003D4910397E
:1033800008600846006800F00800009000BF00BF19
:10339000032001900220029000200390032004905B
:1033A0000920059001A9344800F0B4FB0022062151
:1033B000142000F017FF142000F006FF54E02F49FE
:1033C0002068884250D100BF002000902948006842
:1033D00040F08060274908600846006800F080607F
:1033E000009000BF00BF22480068401C20490860D0
:1033F0000846006801280FD100BF002000901D483A
:10340000006840F000701B4908600846006800F042
:103410000070009000BF00BF00BF00200090154862
:103420001038006840F00200124910390860084660
:10343000006800F00200009000BF00BF6020019013
:1034400002200290002003900320049009200590A0
:1034500001A90B4800F05EFB00220621402000F08D
:10346000C1FE402000F0B0FE06B010BD0064004078
:103470002400002040380240000C02400068004058
:10348000000402407047000010B58AB0044601AB4A
:1034900003AA00212046FFF7C0FC384884425ED1D1
:1034A0000398A0F20120082857D2DFE800F00405B5
:1034B00006075608090A00BF00BF00BF00BF00BFD3
:1034C00000BF0398401E2E4908700846007800EBA4
:1034D00080002C4931F8100000B22949097801EB2D
:1034E0008101284A02EB410108819DF805009DF801
:1034F000041040EA01202249097801EB810122F8F9
:1035000011009DF807009DF8061040EA012000B266
:103510001B49097801EB810102EB410148809DF8CC
:1035200009009DF8081040EA012000B2144909780A
:1035300001EB810102EB410188809DF80A001049EE
:10354000097801EB810102EB410188710C4909788E
:10355000491CC8B20AF0DCFB00E000BF0BE00A48DF
:10356000844208D10398052803D101A8FEF712FB75
:1035700000E000BF00BF0AB010BD00009C0E00209C
:10358000090100208C2E0020C40E002070477047D7
:10359000704770B5044694F82000012805D0606A91
:1035A00040F400206062012070BD022084F82000F9
:1035B0002068016821F00101016000F0C1FB0546AF
:1035C0002068406810F0010F12D000F0B9FB401BDA
:1035D0000A2808D9606A40F400306062052084F847
:1035E0002000012070BD2068406810F0010FECD170
:1035F0000020606270BD7047704770477047704729
:103600007047704710B50446002C02D0607910B1A5
:1036100006E0012010BD00202071204600F006F8D1
:103620000220607101206071002010BD08B50A4AB7
:10363000016891420FD100BF00210091074909683C
:1036400041F48051054A11601146096801F4805126
:10365000009100BF00BF08BD00300240303802407A
:1036600090F83510022903D0802141650120704770
:10367000052180F835100068016821F00101016022
:10368000002070472DE9F84304464FF00008CDF8BC
:10369000008076484FF416510068B0FBF1F7A56D35
:1036A0002E6894F85C00082101FA00F0304211D035
:1036B0002068026812F0040F0CD0026822F00402A5
:1036C000026094F85C0001FA00F0A860606D40F0C0
:1036D0000100606594F85C004FF0010909FA00F000
:1036E000304209D02168496911F0800F04D0A860E8
:1036F000606D40F00200606594F85C100420884022
:10370000304209D02168096811F0020F04D0A86086
:10371000606D40F00400606594F85C1010208840F3
:10372000304224D02168096811F0080F1FD0A8602A
:103730002068016811F4802F0DD0006810F4002F6C
:1037400004D0A16C99B12046884710E0216C71B17A
:10375000204688470BE0016811F4807F03D101689F
:1037600021F008010160216C09B12046884794F8D6
:103770005C1020208840304251D02168096811F047
:10378000100F4CD0A86094F8350005280DD02068A3
:10379000016811F4802F32D0006810F4002F29D076
:1037A000E16B59B32046884739E02068016821F071
:1037B000160101602068416921F080014161206C9F
:1037C00008B9A06C20B12068016821F008010160EF
:1037D00094F85C003F2101FA00F0A86084F834807E
:1037E00084F83590216D00293ED001B02046BDE817
:1037F000F0430847616C09B1204688470FE0016833
:1038000011F4807F07D1016821F01001016084F874
:10381000348084F83590E16B09B120468847606DAB
:10382000002821D0606D10F0010F15D0052084F81C
:1038300035002068016821F0010101600098401CFA
:103840000090B84204D82068006810F0010FF5D14C
:1038500084F8348084F83590E16C002904D001B0FC
:103860002046BDE8F0430847BDE8F88390000020FB
:103870002DE9F041044600F063FA0546DCB100266C
:1038800084F83460022084F835002068016821F053
:10389000010101602068006810F0010F13D000F0F2
:1038A0004FFA401B052809D920206065032084F8C1
:1038B0003500BDE8F0810120BDE8F0812068006896
:1038C00010F0010FEBD121680868234A1040A3686B
:1038D0006268D4F810C01A43E36843EA0C031A4341
:1038E00063691A43A3691A43E3691A43236A1A43B3
:1038F0001043626A042A03D1236BE26A1A4310431D
:1039000008602068406920F00701606A40EA01050C
:10391000012704280ED1A06A0543E06A50B1204671
:10392000FEF7B8FC30B14020606584F835700120A6
:10393000BDE8F081206845612046FEF791FC94F8CF
:103940005C103F2202FA01F18160666584F83570EF
:103950000020BDE8F08100003F8010F070B5044603
:1039600000F0EEF90546B4F1FF3F02D004480078BC
:10397000044400F0E5F9401BA042FAD370BD0000FA
:10398000D00500202DE9F04104460F46DFF898806D
:1039900098F8180001280AD0012088F818004CF285
:1039A0005030FEF78BFF0246100003D035E00220B6
:1039B000BDE8F0814FF0FF30386020681B4E0128D1
:1039C00015D0A568E0682844A84224D9217C28465F
:1039D000FEF786FE4CF25030FEF770FF024630686C
:1039E00020F0FA00306010000FD03D6013E0207C22
:1039F0006168FEF7C9FE4CF25030FEF75FFF0246E9
:103A0000306820F00400306005E06D1CA168E068BB
:103A10000844A842DAD8FEF78BFE002088F8180088
:103A20001046BDE8F0810000403B0020103C024001
:103A30000348016841F00041016000207047000028
:103A4000103C02402DE9F0410646884614461D46CA
:103A50001A4F387E012807D0012038764CF25030BA
:103A6000FEF72CFF18B115E00220BDE8F081AEB1E1
:103A7000012E18D0022E1BD022462B464046FEF7C0
:103A8000A7FE4CF25030FEF719FF0D490A6822F0EC
:103A900001020A6000213976BDE8F081E1B24046BA
:103AA000FEF786FEEDE7A1B24046FEF7A9FEE8E785
:103AB00021464046FEF7B6FEE3E70000403B00200B
:103AC000103C0240002008490A6812F0004F09D05B
:103AD000074A064B1360074B1360096811F0004F4B
:103AE00000D0012070470000103C024023016745D0
:103AF000043C0240AB89EFCD7047000010B504498B
:103B00000A68024202D00860FFF7F6FF10BD00000D
:103B1000143C01402DE9F84F0022DFF80082DFF865
:103B20000092DFF800A24FF0030E0F27012303FAE3
:103B300002F50B682B40AB427DD1D1F804C0BCF13B
:103B4000020F02D0BCF1120F12D14FEAD20C00EBDF
:103B50008C0CDCF820605407E40E07FA04FB26EA1C
:103B60000B06D1F810B00BFA04F43443CCF8204023
:103B700006684FEA420C0EFA0CF4A64391F804B022
:103B80000BF0030B0BFA0CFB4BEA060606604E68C3
:103B9000012E05D0022E03D0112E01D0122E11D1EC
:103BA0008668A643D1F80CB00BFA0CFB4BEA06066C
:103BB0008660466826EA05050E79C6F3001696402B
:103BC00035434560C56825EA04048D6805FA0CFC98
:103BD0004CEA040CC0F80CC0D1F804C01CF0805FA3
:103BE0007DD0D8F800C04CF4804CC8F800C0D8F89C
:103BF00000C00CF4804CCDF800C022F0030C0CF196
:103C0000804404F59834D4F808C895072D0F07FAB6
:103C100005F62CEA0606A0F1804CBCF5003C64D009
:103C2000A0F1804CBCF5013C62D0A0F1804CBCF509
:103C3000023C60D000E052E0A0F1804CBCF5033CB7
:103C40005CD0A0F1804CBCF5043C5AD0A0F1804C73
:103C5000BCF5053C58D0A0F1804CBCF5063C56D0D4
:103C6000A0F1804CBCF5073C54D04FF0080C0CFA86
:103C700005FC4CEA060CC4F808C8D9F800C02CEAC8
:103C8000030C4C6814F4803F01D04CEA030CC9F8D3
:103C900000C0254CD4F800C02CEA030C4D6815F484
:103CA000003F01D04CEA030CC4F800C0DAF800C0B1
:103CB0002CEA030C4C6814F4801F01D04CEA030C6E
:103CC000CAF800C0194CD4F800C02CEA030C4D68A7
:103CD00015F4001F01D04CEA030CC4F800C0521CBC
:103CE000102AFFF423AFBDE8F88F4FF0000CBEE7B9
:103CF0004FF0010CBBE74FF0020CB8E74FF0030C9C
:103D0000B5E74FF0040CB2E74FF0050CAFE74FF00A
:103D1000060CACE74FF0070CA9E70000443802405E
:103D2000003C0140083C0140043C01400C3C014087
:103D3000002A01D081617047090481617047000049
:103D40000148806870470000D005002070B5044627
:103D5000002C04D094F83D00002510B106E00120AD
:103D600070BD84F83C50204600F0BCF8242084F854
:103D70003D002068016821F00101016001F0F4F8C4
:103D8000544B6168994203D85349884203D304E0F5
:103D90005249884201D2012070BD5149B0FBF1F176
:103DA0002268D2F804C02CF03F0C4CEA010CC2F897
:103DB00004C062689A4201D84A1C07E04FF4967228
:103DC00051434FF47A72B1FBF2F14A1C2168D1F8E9
:103DD00020C02CF03F0C42EA0C020A626168994252
:103DE00010D84900401EB0FBF1F2521CC2F30B0286
:103DF000042A01D2042026E0B0FBF1F0401CC0F3FD
:103E00000B0020E0A268002A50D001EBC10303EBB5
:103E10000113A0F1010CBCFBF3F35B1C43F48043E2
:103E20001B051B0D4AD0002A4AD001EBC10202EB50
:103E30000111401EB0FBF1F0401CC0F30B0040F438
:103E4000804040F400402168CA6922F0FF0222F459
:103E50004F421043C861216AE0690143206802684B
:103E600022F0C00211430160E1682069014320682B
:103E7000826822F0FF0222F4034211438160A169AB
:103E8000606901432068C26822F0FF021143C160EB
:103E90002068016841F0010101602564202084F858
:103EA0003D00256384F83E50002070BD01EB4103C6
:103EB000A0F1010CBCFBF3F35B1CB1E70120C2E7EE
:103EC00001EB4101401EB0FBF1F0401CC0F30B00C0
:103ED000B7E70000A086010080841E0000093D00B5
:103EE00040420F0010B586B00446142101A8FDF72A
:103EF000EFF873492068884230D100BF002000905D
:103F00007048006840F002006E490860084600688A
:103F100000F00200009000BF00BF4FF4407001901D
:103F200012200290012003900320049004200590A9
:103F300001A96548FFF7EEFD00BF00200090614831
:103F40001030006840F400105E49103108600846E7
:103F5000006800F40010009000BFAFE05B492068EB
:103F6000884259D100BF002000905648006840F0B8
:103F70002000544908600846006800F020000090C6
:103F800000BF00BF03200190122002900120039087
:103F9000032004900420059001A94D48FFF7BAFDC5
:103FA00000BF0020009047481030006840F48000B7
:103FB0004449103108600846006800F48000009011
:103FC00000BF00BF4348444908604FF0606048604C
:103FD0004021414881600021C1604FF4806101614E
:103FE000002141618161C1614FF400310162002112
:103FF0004162FFF73DFC08B1FEF770FB00BF364899
:104000006063846300BF35480068406840F4006026
:1040100032490968486051E03149206888424DD1F1
:1040200000BF002000902748006840F004002549A8
:1040300008600846006800F00400009000BF00BF60
:1040400000BF002000900846006840F001000860B2
:104050000846006800F00100009000BF00BF48154E
:10406000019012200290012003900320049004206C
:10407000059001A91B48FFF74DFD4FF4807001909A
:104080001220029001200390032004900420059048
:1040900001A91548FFF73EFD00BF00200090094828
:1040A0001030006840F400000649103108600846EE
:1040B000006800F40000009000BF00BF06B010BD13
:1040C00000540040303802400004024000580040D4
:1040D00000140240B8600240E80F0020400F0020AA
:1040E000005C004000080240000002400248816875
:1040F0000278114481607047D005002010B50B484C
:10410000016841F400710160016841F4806101605F
:10411000016841F480710160032000F097F80F20DE
:1041200000F006F800F026F8002010BD003C024028
:1041300070B504460D4D4FF47A712878B1FBF0F05C
:104140000B490968B1FBF0F001F062FC08B10120F5
:1041500070BD102C07D200222146501E00F042F8FC
:104160006C60002070BD012070BD0000D0050020F3
:104170009000002008B500BF0020009011480068A2
:1041800040F480400F4908600846006800F4804011
:10419000009000BF00BF00BF00200090081F006813
:1041A00040F08050091F08600846006800F0805009
:1041B000009000BF00BF00220F21901E00F012F8F7
:1041C00008BD00004438024000280ADB00F01F014F
:1041D000012202FA01F14009800000F1E020C0F85C
:1041E0000011704710B4184B1B68C3F30223C3F1CE
:1041F000070CBCF1040F01D94FF0040C1C1D072C57
:1042000001D2002300E0DB1E012404FA0CFCACF117
:10421000010C0CEA0101994004FA03F35B1E1A40F9
:104220001143002806DB00F1E020090180F80014AA
:1042300010BC704700F00F0000F1E020090180F889
:10424000141D10BC704700000CED00E000F00700EA
:10425000064A11684FF6FF03194041EA002040F07A
:10426000FD7040F080601060704700000CED00E0D1
:104270007047006841620020704730B40368586A94
:1042800000291BD0D3F828C000EB1C4C00200129CA
:10429000A1F101014FF4827408D004EB80055D594F
:1042A0000CEB154C401CC0B28842F6D304EB8101E4
:1042B0004CEA0240585030BC0020704740EA0240AF
:1042C0009862F8E710B50446D4F8040407F08AFDB4
:1042D00010BD70B504460D46C5EBC50304F13C01A5
:1042E00001EB8301CA682946D4F8040407F0CAFC2C
:1042F00070BD70B504460D46C5EBC50304F5FE71EF
:1043000001EB8301CA682946D4F8040407F025FDAF
:1043100070BD10B50446D4F8040407F065FD10BD67
:1043200070B5044611F0800F01F00F00C0EBC00122
:1043300004EB81014FF001024FF0000502D03C3147
:104340004A7002E001F5FE714D70087094F8BC03EC
:10435000012808D084F8BC23206808F09DF984F86F
:10436000BC53002070BD022070BD70B5044601F042
:104370000F026068824201D9012070BD01F00F0078
:10438000C0EBC00011F0800F04EB80004FF0010380
:104390004FF0000503D000F13C014B7002E000F546
:1043A000FE714D708D700A7094F8BC03012808D01E
:1043B00084F8BC33206808F061FB84F8BC5300200B
:1043C00070BD022070BD01F00F01C1EBC10100EB17
:1043D0008100D0F81402704770B5044611F0800FC8
:1043E00001F00F00C0EBC00104EB81014FF0010CA4
:1043F0004FF0000503D03C3181F801C002E001F527
:10440000FE714D7008708A60CB704A7802B1C88026
:10441000022B00D10D7194F8BC03012808D084F858
:10442000BCC3206808F072F8284684F8BC5370BDFD
:10443000022070BD10B50C4604F00F0CCCEBCC0183
:1044400000EB810101F5FE71CA604B6100238B61B5
:104450004B7081F800C00369012B00D10A6114F090
:104460000F0F05D0027C006808F063FB002010BD30
:10447000027C006808F03CFAF8E770B504460D4687
:10448000616805F00F00884201D9012070BD15F068
:10449000800F4FF000064FF0010206D0C0EBC001C4
:1044A00004EB81013C314A7006E0C5EBC50104EB29
:1044B000810101F5FE714E708A70087094F8BC039A
:1044C000012808D084F8BC23206808F003FB15F00D
:1044D0000F0F02D007E0022070BD217C04F571723D
:1044E000206808F09BFA84F8BC63002070BD10B50A
:1044F0000C4604F00F0CCCEBCC0100EB81013C31FD
:10450000CA604B6100238B6101234B7081F800C0AE
:104510000369012B00D10A6114F00F0F05D0027C52
:10452000006808F006FB002010BD027C006808F05F
:10453000DFF9F8E72DE9F05F04462568284608F022
:1045400049FC00287ED1206808F070FC002879D052
:10455000206808F06BFC10F0020F04D0206841695D
:1045600001F002014161206808F060FC10F4002FA6
:104570004FF001094FF0080A4FF0100B4CD0002605
:10458000206808F032FC80465FEA080044D018F04A
:10459000010F3BD0F1B2206808F040FC074617F04D
:1045A000010F07D005EB4610C0F8089B31462046A6
:1045B00005F08AFB17F0080F07D03146204605F0BA
:1045C0004FFB05EB4610C0F808AB17F0100F03D0F7
:1045D00005EB4610C0F808BB17F0200F0DD020697E
:1045E000012805D104F571720121206808F016FA3E
:1045F00005EB46112020C1F8080B17F4005F05D029
:1046000005EB46114FF40050C1F8080B761C4FEA39
:104610005808B8F1000FBAD1206808F007FC10F470
:10462000802F64D0206808F0D9FB07460026002FB1
:104630005DD017F0010F56D0F1B2206808F0DCFB16
:10464000804600E08BE118F0010F27D006F00F0044
:1046500009FA00F0D5F834188143C5F8341805EB91
:104660004610C0F808992069012807D1C6EBC6009A
:1046700004EB8000426C816C11448164F1B22046ED
:10468000FFF727FE2069012808D13EB9206D28B91F
:1046900004F571720121206808F0C0F918F0080FC4
:1046A00003D005EB4610C0F808A918F0100F03D08E
:1046B00005EB4610C0F808B918F0400F04D005EB20
:1046C00046114020C1F8080918F0020F04D005EB8C
:1046D00046110220C1F8080918F0800F03D03146B6
:1046E000204605F069FB761C7F08002FA1D12068C9
:1046F00008F09CFB10F0004F11D0D5F8040820F012
:104700000101C5F8041894F8F40301285BD0204691
:1047100000F046FA2068416901F0004141612068DB
:1047200008F084FB10F4006F0CD0D5F8080810F0E6
:10473000010F02D0204600F07FFA2068416901F4A1
:1047400000614161206808F071FB10F4805F60D067
:10475000D5F8040820F00101C5F8041810212068DC
:1047600008F014FB00216068002817D94FF67F324B
:1047700005EB4110C0F80829D0F8003923F40013E4
:10478000C0F80039C0F8082BD0F8003B23F4001320
:10479000C0F8003B491C60688842E9D8D5F81C087D
:1047A00040F00111C5F81C18206BA0B1D5F88408A1
:1047B00040F00B01C5F88418D5F8440840F00B010F
:1047C000C5F8441814E0002084F8F40300212046C2
:1047D000FFF74EFD9EE7D5F8140842F22B01014386
:1047E000C5F81418D5F8100840F00B01C5F81018DA
:1047F000D5F8000820F4FE61C5F80018217C04F506
:104800007172206808F00AF92068416901F480514A
:104810004161206808F00AFB10F4005F16D02068A0
:1048200007F0C2FE206808F0C5FAE06000F096FBD1
:1048300023680146227B184608F03EFB204600F024
:1048400097F92068416901F400514161206808F03E
:10485000EDFA10F0100F36D02068816921F01001B8
:1048600081612F6A07F00F00C0EBC00004EB8000ED
:1048700000F5FE76C7F34340022802D0062812D086
:104880001CE047F6F070074218D0C7F30A1217462B
:104890002846F16808F0CEFAF0683844F060B06954
:1048A0003844B0610AE0082204F57171284608F026
:1048B000C1FAB069C7F30A110844B0612068816980
:1048C00041F010018161206808F0B0FA10F0080F83
:1048D00007D0204600F06BF92068416901F008011B
:1048E0004161206808F0A2FA10F4801F08D000216E
:1048F000204600F036F82068416901F480114161DA
:10490000206808F093FA10F4001F08D00021204618
:1049100000F030F82068416901F40011416120681D
:1049200008F084FA10F0804F07D02046FFF7CAFC49
:104930002068416901F080414161206808F076FA01
:1049400010F0040F0BD02068456815F0040F02D05A
:104950002046FFF7DEFC2068416829434160BDE83E
:10496000F09F70B504460D462946D4F8040407F0BC
:104970009FFA70BD70B504460D462946D4F804046C
:1049800007F098FA70BD2DE9F0478AB00446002C74
:1049900005D0266894F8BD03002520B108E00AB0D0
:1049A0000120BDE8F08784F8BC53204600F08CF865
:1049B000032084F8BD03F06B10F4807F00D12561E3
:1049C000206807F08FFF04F11000D4F82C8090E8E5
:1049D0000F10A76A666A8DE80F10CDF81C80069745
:1049E0000596616B206B0991089094E80F0007F021
:1049F000F5FD022728B184F8BD730AB00120BDE897
:104A0000F0870021206808F027FA0021606801265D
:104A1000002813D9C1EBC10004EB800080F83D6091
:104A200080F83C10A0F8421080F83F50456485643F
:104A30000565481CC1B260688842EBD800216068F7
:104A4000002814D9C1EBC10004EB800080F8FD51AF
:104A500080F8FC1180F8FF51C0F80452C0F80852E9
:104A6000C0F81052481CC1B260688842EAD804F10C
:104A70001000D4F82CA090E80F10D4F82890D4F8A7
:104A800024808DE80F10CDF81CA0CDF81890CDF83B
:104A90001480616B206B0991089094E80F0007F077
:104AA0005BFE28B184F8BD730AB00120BDE8F08731
:104AB00084F8385084F8BD63206807F041FE0AB0DE
:104AC0000020BDE8F087000010B586B00446142130
:104AD00001A8FCF7FDFA2068B0F1A04F42D100BF59
:104AE000002000902048006840F001001E49086046
:104AF0000846006800F00100009000BF00BF4FF4BE
:104B0000C0500190022002900020039003200490E6
:104B10000A20059001A91548FEF7FCFF00BF1248C6
:104B2000001D006840F080000F49091D086000BFAB
:104B3000002000900C481430006840F480400A497E
:104B4000143108600846006800F48040009000BFFF
:104B500000BF00BF002205214320FFF743FB432095
:104B6000FFF732FB06B010BD3038024000000240B3
:104B700070B504460125E06808B9002506E0E06844
:104B8000022801D1012501E0FDF7A8FD2946D4F84E
:104B9000040407F0FCF9D4F8040407F0BDF970BD73
:104BA00010B50446D4F8040407F0DFF910BD10B5C1
:104BB0000446D4F8040407F0DEF910BD10B504462D
:104BC00094F8BC0301280BD0012084F8BC0384F8BE
:104BD0003810206808F058F9002084F8BC0310BD94
:104BE000022010BD10B5044604F57171D4F8040418
:104BF00007F0E3F910BD10B50446206894F8BC1323
:104C0000012906D0012184F8BC13A16A012902D030
:104C100008E0022010BDA169012903D0816B41F495
:104C200080318163206807F07FFD206808F095F8E7
:104C3000002084F8BC0310BD10B50446D4F8040469
:104C400007F00CFA2068D0F8000E40F0010021684F
:104C5000C1F8000E206A28B10348006840F0060041
:104C60000149086010BD000010ED00E02DE9F84397
:104C700004464FF0010820784FF0000710F0050FB0
:104C800033D0DFF84491C9F86870FFF759F8064649
:104C90004E4D286810F0006F0BD0FFF751F8801BC5
:104CA000022802D90320BDE8F883286810F0006FBD
:104CB000F3D16068217A800140EA017044490860BC
:104CC000C9F86880FFF73CF80646286810F0006FC6
:104CD0000BD1FFF735F8801B022802D90320BDE86D
:104CE000F883286810F0006FF3D0207810F0020FDE
:104CF0005CD03848016841F080510160006800F0E4
:104D000080500090344D286840F480702860FFF790
:104D100017F80646286810F4807F0BD1FFF710F8CB
:104D2000801B022802D90320BDE8F883286810F40C
:104D3000807FF3D0294D286800F4407028B3A18902
:104D400001F44071814220D0286820F44070244949
:104D5000C1F800800F602860286810F0010F14D09F
:104D6000FEF7EEFF0646286810F0020F0DD141F263
:104D70008837FEF7E5FF801BB84202D90320BDE863
:104D8000F883286810F0020FF3D0E0684FF4407108
:104D900031EA000213490CD0086820F4F8100860CA
:104DA0002868A189C1F30B01084328600020BDE8F1
:104DB000F8830A6820F4407022F4F81220F0704062
:104DC00010430860ECE70000000047420038024052
:104DD0008438024040380240007000407038024081
:104DE000400E4742083802402DE9F04704460D4680
:104DF000002C13D0DFF85091D9F80000EFB200F08A
:104E00000F00A8420DD289F80070D9F8000000F018
:104E10000F00A84205D00120BDE8F0870120BDE8C1
:104E2000F0872068494E10F0020F14D010F0040FE4
:104E300003D0306840F4E0503060207810F0080F64
:104E400003D0306840F4604030603068A16820F0E2
:104E5000F00008433060207810F0010F3ED0606809
:104E60003B49012808D002280DD003280BD009683F
:104E700011F0020F28D00AE0096811F4003F06D1B2
:104E80000120BDE8F087096811F0007F19D0316872
:104E900021F0030108433060FEF752FF804630687E
:104EA000616800F00C00B0EB810F17D041F2883A36
:104EB000FEF746FFA0EB0800504508D90320BDE8E7
:104EC000F0870120BDE8F0870120BDE8F087306859
:104ED000616800F00C00B0EB810FE9D1D9F8000057
:104EE00000F00F00A8420AD989F80070D9F8000034
:104EF00000F00F00A84202D00120BDE8F087207822
:104F000010F0040F05D03068E16820F4E050084349
:104F10003060207810F0080F06D03068216920F446
:104F2000604040EAC100306000F03EF83168094A54
:104F3000C1F30311515CC840074908600F20FFF717
:104F4000F7F80020BDE8F087003C02400838024036
:104F500000380240B42F010890000020014800688A
:104F6000704700009000002000B5FFF7F7FF0449EC
:104F70000968044AC1F38221515CC84000BD0000A9
:104F800008380240C42F010800B5FFF7E7FF0449C5
:104F90000968044AC1F34231515CC84000BD0000B9
:104FA00008380240C42F010810B51748006810F0F7
:104FB0000C01164816D0164B042912D0082911D11D
:104FC000144C216801F03F02216811F4800F0AD0CF
:104FD0002068C0F38810A0FB03010023FBF760FFEB
:104FE00009E0184610BD21680023C1F38811A1FB18
:104FF0000001FBF755FF2168C1F30141491C49003D
:10500000B0FBF1F010BD0000083802400024F400AD
:10501000001BB700043802402DE9F84F0446002C6D
:1050200010D02078FA4D10F0010F64D0F9480168D3
:1050300001F00C0104290DD0006800F00C000828D4
:1050400003D011E00120BDE8F88FF348006810F4A8
:10505000800F09D0286810F4003F4CD06068002809
:1050600049D10120BDE8F88F6068B0F5803F14D0C9
:10507000B0F5A02F16D0286820F48030286028686A
:1050800020F480202860606810B3FEF759FE0646C1
:10509000286810F4003F0ED02DE0286840F48030DE
:1050A0002860F0E7286840F480202860286840F4F1
:1050B00080302860E7E7FEF743FE801B642802D9B2
:1050C0000320BDE8F88F286810F4003FF3D012E009
:1050D000FEF736FE0646286810F4003F0BD0FEF7B8
:1050E0002FFE801B642802D90320BDE8F88F2868B2
:1050F00010F4003FF3D12078C84F10F0020F4FF0AA
:10510000000856D0C348016811F00C0F15D0006894
:1051100000F00C00082804D1BF48006810F4800F8C
:105120000BD0E06878B301203860FEF709FE064630
:10513000286810F0020F12D01DE0286810F0020F4E
:1051400005D0E068012802D00120BDE8F88F28686A
:10515000216920F0F80040EAC100286029E0FEF74C
:10516000EFFD801B022802D90320BDE8F88F2868D4
:1051700010F0020FF3D02868216920F0F80040EA0F
:10518000C100286015E0FFE7C7F80080FEF7D8FDF2
:105190000646286810F0020F0BD0FEF7D1FD801BE9
:1051A000022802D90320BDE8F88F286810F0020F0A
:1051B000F3D1207810F0080F33D09948DFF86492CB
:1051C0006169B9B101210160FEF7BAFD0646D9F85F
:1051D000000010F0020F24D1FEF7B2FD801B022860
:1051E00002D90320BDE8F88FD9F8000010F0020FB3
:1051F000F2D016E0C0F80080FEF7A2FD0646D9F80E
:10520000000010F0020F0CD0FEF79AFD801B022860
:1052100002D90320BDE8F88FD9F8000010F0020F82
:10522000F2D1207810F0040F73D04FF00009DFF8AE
:10523000F8A1DAF8000010F0805F0CD1DAF8000075
:1052400040F08050CAF80000DAF8000000F080500A
:1052500000904FF00109DFF8D4B1DBF8000010F442
:10526000807F1AD1DBF8000040F48070CBF800009A
:10527000FEF766FD0646DBF8000010F4807F0CD1D7
:10528000FEF75EFD801B022802D90320BDE8F88FDF
:10529000DBF8000010F4807FF2D0A068DFF890B156
:1052A000012818D005281DD0DBF8000020F00100EF
:1052B000CBF80000DBF8000020F00400CBF8000081
:1052C000A06838B3FEF73CFD0646DBF8000010F09E
:1052D000020F14D03CE0DBF8000040F00100CBF8F6
:1052E0000000EDE7DBF8000040F00400CBF8000020
:1052F000DBF8000040F00100CBF80000E0E7FEF72B
:105300001FFD811B41F28830814204D90320BDE892
:10531000F88F26E005E0DBF8000010F0020FEED079
:1053200016E0FEF70DFD0646DBF8000010F0020F58
:105330000ED0FEF705FD811B41F28830814202D973
:105340000320BDE8F88FDBF8000010F0020FF0D169
:10535000B9F1010F05D1DAF8000020F08050CAF849
:105360000000A069E8B32B49096801F00C01082985
:105370006BD0022810D0C7F86080FEF7E1FC04462D
:10538000286810F0007F5ED0FEF7DAFC001B0228D0
:1053900055D90320BDE8F88FC7F86080FEF7D0FC30
:1053A0000646286810F0007F0BD0FEF7C9FC801B72
:1053B000022802D90320BDE8F88F286810F0007F8A
:1053C000F3D1216AE069A26A0843616A4FF0FF33B2
:1053D000890103EB520241EA0241084394F82C1080
:1053E00000E030E040EA01610B48016001203866CE
:1053F000FEF7A6FC0446286810F0007F23D1FEF7D4
:105400009FFC001B022815D90320BDE8F88F1CE083
:105410000038024008380240043802400000474289
:10542000800E47427438024040380240007000400D
:1054300070380240286810F0007FE0D003E0286850
:1054400010F0007FA0D10020DFE70120DDE770B57C
:105450000446002C03D06079002510B105E001203E
:1054600070BD2571204600F00DF8022060712068A3
:10547000016841F00401016001206071A560002015
:1054800070BD000008B50A4A016891420FD100BF03
:10549000002100910749096841F04001054A116067
:1054A0001146096801F04001009100BF00BF08BD2E
:1054B000000806503438024070B50446002C02D073
:1054C000607F10B106E0012070BD002020772046EB
:1054D00000F050F8022060772168CA2048622168F5
:1054E00053204862204605F0A9F9FF25042620B183
:1054F000206845626677012070BD2068816821F0D0
:10550000400121F4E001816020688168626863697C
:10551000114322691A43114381602168E0680861E0
:1055200020680169228941EA024101612068C1685D
:1055300021F08001C1602068806810F0200F08D140
:10554000204600F023F820B12068456266770120EC
:1055500070BD2068016C21F4802101642068016C19
:10556000A269114301642068456201206077002030
:1055700070BD0000034A0168914202D10121024A34
:1055800011607047002800403C0E474270B5044649
:105590002068C16821F0A001C160FEF7D1FB05467B
:1055A0002068C06810F0200F0CD1FEF7C9FB401B2B
:1055B000B0F57A7F01D9032070BD2068C06810F073
:1055C000200FF2D0002070BD70B50446002C05D02D
:1055D0000025A56294F8510010B106E0012070BDCD
:1055E00084F85050204600F031F8022084F8510031
:1055F0002068016821F040010160A16860682269AB
:105600000843E1681143084361690843218B01F4B1
:1056100000710843E1690843216A0843A16A08430D
:1056200021680860A069042101EA1040616A08430A
:10563000216848602068C16921F40061C161656525
:10564000012084F85100002070BD000010B586B024
:105650000446142101A8FBF73BFD674920688842F6
:105660007ED100BF002000906448006840F4805064
:10567000624908600846006800F48050009000BF4E
:1056800000BF00BF002000905C481438006840F064
:1056900002005A49143908600846006800F0020008
:1056A000009000BF00BF00BF0020009008460068C7
:1056B00040F0010008600846006800F0010000901A
:1056C00000BF00BF1820019002200290012003902B
:1056D000032004900520059001A94948FEF71AFA15
:1056E000802001900220029001200390032004906A
:1056F0000520059001A94348FEF70CFA42484349AA
:1057000008604FF0C0604860002140488160C1607F
:105710004FF480610161002141618161C1614FF4F9
:105720004031016200214162FEF7A2F808B1FCF7A6
:10573000D5FF00BF3548E064846300BF32481830AD
:10574000334908604FF0C0604860402130488160B4
:105750000021C1604FF4806101610021416100E0DE
:1057600010E08161C1614FF40031016200214162AA
:10577000FEF77EF808B1FCF7B1FF00BF2448A06433
:10578000846336E023492068884232D100BF00207C
:1057900000901A48001F006840F480401749091F14
:1057A00008600846006800F48040009000BF00BF19
:1057B00000BF0020009011481438006840F002003B
:1057C0000E49143908600846006800F00200009095
:1057D00000BF00BF4FF46040019002200290012002
:1057E0000390032004900520059001A90448FEF7CA
:1057F00091F906B010BD000000300140443802406D
:1058000000040240000002404064024028110020D1
:1058100088110020003800402DE9F84F04460A9E08
:105820008A4693461F4601254FF0000894F8500021
:1058300001280ED0012084F85000FEF781FA81463D
:1058400094F85100616801280ED0B1F5827F07D12C
:1058500002E00220BDE8F88FA16809B9042803D04E
:105860004FF0020800F0CBB8BAF1000F1DD0BBF129
:10587000000F1AD0380018D094F85100042802D034
:10588000052084F8510000206065C4F838B0E7872F
:10589000A787C4F830A0E786A786206460642068E4
:1058A000016811F0400F03D006E04FF00108A6E0B8
:1058B000016841F040010160E068B0F5006F05D07B
:1058C0006068002848D0012F46D07EE0606808B1AB
:1058D000012F3AD1206B21680088C860206B801CA2
:1058E0002063E08E401EE0862FE02068816811F082
:1058F000020F0DD0E18E59B1012D09D1216B09881C
:10590000C160206B801C2063E08E401EE086002575
:105910002068816811F0010F0BD0E18F49B1C06898
:10592000A16B0880A06B801CA063E08F401EE08705
:105930000125FEF705FAA0EB0900B04205D3B6F148
:10594000FF3F02D04FF0030859E0E08E0028CCD191
:10595000E08F0028C9D13EE0206B216800780873F1
:10596000206B401C2063E08E401EE0862DE0206806
:10597000816811F0020F0DD0E18E59B1012D09D1CE
:10598000216B09780173206B401C2063E08E401E60
:10599000E08600252068816811F0010F0BD0E18FAF
:1059A00049B1C068A16B0870A06B401CA063E08F78
:1059B000401EE0870125FEF7C3F9A0EB0900B042C5
:1059C00002D3B6F1FF3F11D186B1E08E0028CED1CF
:1059D000E08F0028CBD14A463146204604F050FFE4
:1059E00038B14FF001082020606508E04FF003084F
:1059F00005E0A06818B92068C1688068009001209F
:105A000084F85100002084F850004046BDE8F88F2B
:105A1000401EB0F1807F01D3012070474FF0E0219C
:105A20004861044AF0201070002088610720086156
:105A30000020704723ED00E07047704790F83C204D
:105A4000012A2CD0012280F83C20CA680023D1F81A
:105A500008C022F4407242EA0C02D1F804C022F4D9
:105A6000806242EA0C02D1F800C022F4006242EAED
:105A70000C02D1F810C022F4805242EA0C02D1F894
:105A800014C022F4005242EA0C02C96922F4804296
:105A900011430268516480F83C30002070470220B6
:105AA000704730B490F83C20012A1ED0012480F8C1
:105AB0003C40022280F83D200268D2F804C093687E
:105AC0002CF0700C0D6845EA0C0C23F0800349683B
:105AD0001943C2F804C00268916080F83D4000217B
:105AE00080F83C1030BC0020704730BC022070476A
:105AF00010B50446002C03D094F83D0010B107E027
:105B0000012010BD002084F83C00204600F00CF875
:105B1000022084F83D00211D206804F0EBFF0120E5
:105B200084F83D00002010BD38B504464E49206879
:105B300088420FD100BF002000904C48006840F020
:105B400001004A4908600846006800F00100009022
:105B500000BF88E02068B0F1804F1AD100BF00205C
:105B600000904248001F006840F001003F49091FB3
:105B700008600846006800F00100009000BF00BF08
:105B8000002205211C20FEF72DFB1C20FEF71CFB2C
:105B900069E037492068884211D100BF0020009099
:105BA0003248001F006840F002003049091F0860B9
:105BB0000846006800F00200009000BF53E02D4945
:105BC0002068884211D100BF002000902748001FA4
:105BD000006840F004002549091F08600846006875
:105BE00000F00400009000BF3DE023492068884297
:105BF00011D100BF002000901C48001F006840F039
:105C000008001A49091F08600846006800F00800EB
:105C1000009000BF27E01949206888420FD100BFDB
:105C2000002000901148006840F002000F49086011
:105C30000846006800F00200009000BF13E0104921
:105C4000206888420FD100BF0020009007480068FC
:105C500040F40030054908600846006800F4003050
:105C6000009000BF00BF38BD000001404438024032
:105C70000004004000080040000C00400004014007
:105C800000440140022180F83D1001688A6802F05A
:105C90000702062A03D00A6842F001020A600121C5
:105CA00080F83D10002070470168CA6842F0010288
:105CB000CA600068816801F00701062903D0016805
:105CC00041F0010101600020704770B5044694F86E
:105CD0003C00012818D0012584F83C50022084F8AB
:105CE0003D002068826822F0770222F47F428260C1
:105CF0000868502832D00EDC20284DD006DC002861
:105D00004AD010284DD147E0022070BD302843D042
:105D1000402846D136E060282AD0702806D0B0F559
:105D2000805F3ED0B0F5005F3BD10BE0CB684A68A6
:105D30008968206804F053FF2068816841F077018A
:105D400081602EE0CB684A688968206804F047FFCC
:105D50002068816841F48041816022E0CA68496816
:105D6000206805F048F85021206804F043FF18E04F
:105D7000CA684968206805F051F86021206804F07D
:105D800039FF0EE0CA684968206805F034F8402100
:105D9000206804F02FFF04E022680146104604F05A
:105DA00029FF84F83D50002084F83C0070BD704706
:105DB00070B50446206801694FF0000511F0020F2C
:105DC00017D0C16811F0020F13D0E91E0161012044
:105DD00020772068806910F0030F03D02046FFF77A
:105DE000E6FF05E0204600F0FDF9204600F086FAC7
:105DF00025772068016911F0040F18D0C16811F0EF
:105E0000040F14D06FF00401016102202077206894
:105E1000806910F4407F03D02046FFF7C8FF05E0FB
:105E2000204600F0DFF9204600F068FA2577206868
:105E3000016911F0080F18D0C16811F0080F14D0D3
:105E40006FF008010161042020772068C06910F01C
:105E5000030F03D02046FFF7AAFF05E0204600F01D
:105E6000C1F9204600F04AFA25772068016911F04F
:105E7000100F18D0C16811F0100F14D06FF010017E
:105E80000161082020772068C06910F4407F03D0AA
:105E90002046FFF78CFF05E0204600F0A3F92046DE
:105EA00000F02CFA25772068016911F0010F09D064
:105EB000C16811F0010F05D06FF0010101612046AA
:105EC00000F03EFA2068016911F0800F09D0C16826
:105ED00011F0800F05D06FF0800101612046FFF7BF
:105EE000ABFD2068016911F0400F09D0C16811F0C5
:105EF000400F05D06FF040010161204600F021FA0B
:105F00002068016911F0200F0BD0C16811F0200F3B
:105F100007D06FF0200101612046BDE87040FFF717
:105F20008CBD70BD10B586B00446142101A8FBF7E6
:105F3000CFF899492068884232D100BF00200090F4
:105F40009648006840F010009449086008460068D0
:105F500000F01000009000BF00BF4FF4D44001904B
:105F6000022002900120039002200490012005905D
:105F700001A98B48FDF7CEFD8A48FFF783FE00217B
:105F8000884800F0BCF90421864800F0B8F90821DF
:105F9000844800F0B4F90C21824800F0B0F9F9E02F
:105FA00081492068884224D100BF002000907B48AE
:105FB000006840F00400794908600846006800F075
:105FC0000400009000BF00BF8815019002200290DD
:105FD0000120039002200490059001A97348FDF769
:105FE00099FD7348FFF74EFE0821714800F087F9CC
:105FF000D0E07049206888421FD100BF0020009087
:106000006648006840F00800644908600846006877
:1060100000F00800009000BF00BF4FF480400190E6
:10602000022002900120039003200490022005909A
:1060300001A96148FDF76EFDACE060492068884227
:1060400034D15F48FFF71EFE08215D4800F057F984
:1060500000BF002000905148006840F080004F4988
:1060600008600846006800F08000009000BF00BF94
:106070004FF4E05001900220029001200390022092
:106080000490059001A94F48FDF744FD4E48FFF7E5
:10609000F9FD00214C4800F032F904214A4800F093
:1060A0002EF90821484800F02AF973E04749206892
:1060B000884246D100BF002000903848006840F474
:1060C0008070364908600846006800F480700090CF
:1060D00000BF00BF00BF002000900846006840F0ED
:1060E000040008600846006800F00400009000BF4B
:1060F00000BF402001900220029001200390022066
:1061000004900320059001A93148FDF703FD4020CC
:1061100001900220029001200390022004900320AD
:10612000059001A92148FDF7F5FC2A48FFF7AAFDD3
:106130000021284800F0E3F80421264800F0DFF8A9
:1061400028E025492068884224D100BF0020009023
:106150001248006840F020001049086008460068B6
:1061600000F02000009000BF00BF402001900220FE
:10617000029001200390022004900320059001A9C1
:106180001648FDF7C7FC1648FFF77CFD00211448B0
:1061900000F0B5F806B010BD0000014030380240F4
:1061A00000100240E81100200004004000080240F6
:1061B0006812002000080040000C0240000C004063
:1061C000A8120020001C0240E81200200004014038
:1061D0000020024028130020004401400014024027
:1061E00068130020704770B504460D4694F83C00D3
:1061F00001280DD0012684F83C60022084F83D007F
:1062000042B1042A1AD0082A2DD00C2A53D13EE0DC
:10621000022070BD2946206804F0F4FC20688169E2
:1062200041F0080181612068816921F004018161E8
:10623000206881692A69114381613CE02946206810
:1062400004F018FD2068816941F4006181612068D3
:10625000816921F480618161206881692A6941EA4C
:106260000221816127E02946206804F03FFD206873
:10627000C16941F00801C1612068C16921F00401D0
:10628000C1612068C1692A691143C16113E02946CF
:10629000206804F067FD2068C16941F40061C161B4
:1062A0002068C16921F48061C1612068C1692A69DF
:1062B00041EA0221C16184F83D60002084F83C007D
:1062C00070BD10B50446002C03D094F83D0010B109
:1062D00007E0012010BD002084F83C00204600F0BB
:1062E0000CF8022084F83D00211D206804F002FC17
:1062F000012084F83D00002010BD7047704710B5A4
:1063000004460122206804F05BFC2168A1F1804072
:10631000B0F5803004D0A1F18040B0F5823003D1D7
:10632000486C40F4004048642068816801F007012F
:10633000062903D0016841F001010160002010BD71
:10634000704770477047000010B504462268106817
:10635000D168526900F00F03002B0AD110F0200F12
:1063600007D011F0200F04D02046BDE8104004F003
:106370008ABD002B6BD002F0010301F4907C53EA3C
:106380000C0364D010F0010F06D011F4807F03D00D
:10639000E36B43F00103E36310F0040F06D012F047
:1063A000010F03D0E36B43F00203E36310F0020F2D
:1063B00006D012F0010F03D0E36B43F00403E36354
:1063C00010F0080F06D012F0010F03D0E26B42F07C
:1063D0000802E263E26B002A2ED010F0200F05D0F5
:1063E00011F0200F02D0204604F04DFD20684069D6
:1063F000C0F38010E16B11F0080F00D108B3204604
:1064000004F026FD2068416911F0400F15D0416964
:1064100021F040014161606B58B118490165606B22
:10642000FDF71EF9002807D0606B016DBDE8104034
:1064300008472046FFF786FF10BD2046FFF782FF82
:1064400010BD2046FFF77EFF0020E06310BD10F076
:10645000800F07D011F0800F04D02046BDE8104017
:1064600004F000BF10F0400FF0D011F0400FEDD05D
:106470002046BDE8104004F0F9BC000041AE000821
:1064800070B50446002C04D094F83900002510B1F2
:1064900006E0012070BD84F83850204600F022F854
:1064A000242084F839002068C16821F40051C160BB
:1064B000204604F037FD2068016921F49041016114
:1064C0002068416921F02A0141612068C16841F4D6
:1064D0000051C160E563202084F8390084F83A0057
:1064E000002070BD10B586B00446142101A8FAF74B
:1064F000EFFDAF492068884278D100BF00200090AE
:10650000AC48006840F01000AA49086008460068DE
:1065100000F01000009000BF00BF00BF00200090FE
:10652000A4481438006840F00200A24914390860F9
:106530000846006800F00200009000BF00BF00BFE6
:10654000002000900846006840F0010008600846FE
:10655000006800F00100009000BF00BF80200190A3
:106560000220029001200390032004900720059050
:1065700001A99148FDF7CEFA4FF400700190022076
:10658000029001200390032004900720059001A9A8
:106590008A48FDF7BFFA8A488A4908604FF00060D0
:1065A00048604021874881600021C1604FF48061CC
:1065B0000161002141618161C1614FF4803101625B
:1065C00000214162FDF754F908B1FCF787F800BFDC
:1065D0007C482063846300BF002205212520FDF74D
:1065E00001FE2520FDF7F0FDDFE0FFE7764920689A
:1065F00088425BD100BF002000906E48001F0068F9
:1066000040F480206B49091F08600846006800F4C8
:106610008020009000BF00BF00BF002000906548B0
:106620001438006840F004006249143908600846D4
:10663000006800F00400009000BF00BF4FF440600D
:106640000190022002900120039003200490072073
:10665000059001A95D48FDF75DFA5D485D49086058
:106660004FF00060486000215A488160C1604FF4DB
:1066700080610161002141618161C1614FF400319C
:10668000016200214162FDF7F3F808B1FCF726F83A
:1066900000BF50486063846300BF002204212720AC
:1066A000FDF7A0FD2720FDF78FFD7EE04A49206819
:1066B00088427AD100BF002000903E48006840F038
:1066C00020003C4908600846006800F02000009067
:1066D00000BF00BF00BF002000903648143800689B
:1066E00040F040003349143908600846006800F063
:1066F0004000009000BF00BF4FF484400190022092
:10670000029001200390032004900820059001A925
:106710003248FDF7FFF92A48903831490860800572
:10672000486000212E488160C1604FF480610161A2
:10673000002141618161C1614FF40031016200219A
:106740004162FDF795F808B1FBF7C8FF00BF244888
:106750006063846300BF1A481838224908604FF00C
:106760002060486040211F4881600021C1604FF4D3
:1067700080610161002141618161C1614FF480311B
:10678000016200214162FDF773F808B1FBF7A6FF33
:1067900000BF14482063846300BF00220521472006
:1067A000FDF720FD4720FDF70FFD06B010BD0000EE
:1067B0000010014044380240000402400000024042
:1067C000B8640240681400200048004000080240FD
:1067D00028600240C8140020001401400018024044
:1067E000281500208815002070472DE9F84304463D
:1067F0000D4691461E4694F83900202802D002200A
:10680000BDE8F8834DB3B9F1000F26D094F83800F5
:10681000012825D0012084F838000027E7632120D3
:1068200084F83900FDF78CFA8046A4F82490A4F887
:106830002690E08CA0B3E08C401EE084A068B0F508
:10684000805F10D04346002280212046009604F04D
:106850003CFDF0B10320BDE8F8830120BDE8F883DA
:106860000220BDE8F883434600228021204600969E
:1068700004F02BFD10B10320BDE8F88328882168BF
:10688000C0F308004860206908B16D1C05E0AD1C2C
:1068900003E0216815F8010B4860E08C0028CAD19C
:1068A0004346002240212046009604F00EFD10B120
:1068B0000320BDE8F883202084F8390084F838707C
:1068C0000020BDE8F883704770B5044600202074AE
:1068D000A37B484D2D8803FB05F26168D4F8F400D2
:1068E000FAF79AFBA27B434B1B8802FB03F160681B
:1068F000FAF7EEFBA27B3F4B1B885A43A37B02FBBC
:1069000003F1D4F81801FAF7E3FB227B394B1B881B
:106910005A43A37B02FB03F1D4F80C01FAF7D8FB2E
:10692000002031E0D4F8F41001EB800191ED000A71
:10693000B5EEC00AF1EE10FA24D0D4F8F41001EB51
:10694000800191ED000A227CD4F8F41001EB820161
:1069500081ED000A227C616A8854A16901EB800103
:1069600091ED000A6169095C227B237C12FB031113
:10697000491ED4F80C2102EB810181ED000A217C33
:10698000491C2174411CC8B2A17B8142CADC002091
:1069900011E0626A125CE16901EB820191ED000A8B
:1069A000227C00FB0202D4F8181101EB820181ED78
:1069B000000A411CC8B2217C8142EADC207CA4F898
:1069C0007800217B7A200153207BA4F88000217C71
:1069D00082200153207CA4F89000217C9220015356
:1069E000207BA4F89800217C9A200153207CA4F8F5
:1069F000480070BDB005002000BFFEE770B52DED6A
:106A0000088B86B004460D46164694ED040ACA4823
:106A1000D0ED000A30EE600AB0EEC00ADFEDC70A22
:106A2000B4EEE00AF1EE10FA22DC94ED050AC44857
:106A3000D0ED000A30EE600AB0EEC00ADFEDBF0A0A
:106A4000B4EEE00AF1EE10FA12DC94ED060ABD484D
:106A5000D0ED000A30EE600AB0EEC00ADFEDB70AF2
:106A6000B4EEE00AF1EE10FA02DC207800287DD0C6
:106A700094ED040ADFEDB40A80EE201AB0EE41BABC
:106A8000B0EE4B0AF9F774FCF0EE408A94ED050A7B
:106A9000DFEDAD0A80EE201AB0EE41BAB0EE4B0A3F
:106AA000F9F766FCF0EE40AA94ED060ADFEDA60ABF
:106AB00080EE201AB0EE41BAB0EE4B0AF9F758FC5E
:106AC000B0EE409A94ED040ADFED9F0A80EE201AA2
:106AD000B0EE41BAB0EE4B0AF9F786FCB0EE40AA30
:106AE00094ED050ADFED980A80EE201AB0EE41BA67
:106AF000B0EE4B0AF9F778FCF0EE409A94ED060AF6
:106B0000DFED910A80EE201AB0EE41BAB0EE4B0AEA
:106B1000F9F76AFCB0EE408A68EE890A2AEE291A73
:106B2000B0EE480A41EE000A8848C0ED000A2AEE9D
:106B30008A0A874880ED000AB0EE480A28EE800AEB
:106B400069EE0A0A00EEE90A824880ED000A68EE62
:106B5000A90AB0EE480A20EE800A09EE4A0A7E48E9
:106B600080ED000A28EEAA0A7C4800E021E080EDD2
:106B7000000AF1EE4A0AB0EE480A20EE800A68EEFA
:106B8000890A00EEE90A764880ED000AF1EE6A0A09
:106B9000B0EE480A20EE800A724880ED000A724882
:106BA000C0ED009A2AEE890A704880ED000A0020A4
:106BB0002070002011E005EB800191ED000A211DFD
:106BC00001EB8001D1ED000A20EE200A03A901EBC0
:106BD000800181ED000A411CC8B20328EBDB9DED6A
:106BE000030A5A48D0ED000A20EE200ADDED040A1F
:106BF000574890ED001A01EE200ADDED050A5548D0
:106C000090ED001A01EE200A85ED000A9DED030AC1
:106C10005148D0ED000A20EE200ADDED040A4F486D
:106C200090ED001A01EE200ADDED050A4C4890EDCA
:106C3000001A01EE200A85ED010A9DED030A49487C
:106C4000D0ED000A20EE200ADDED040A464890ED62
:106C5000001A01EE200ADDED050A444890ED001A05
:106C600001EE200A85ED020A00200AE006EB800111
:106C700091ED000A694601EB800181ED000A411C9B
:106C8000C8B20328F2DB9DED000A3048D0ED000ABF
:106C900020EE200ADDED010A2D4890ED001A01EEEC
:106CA000200ADDED020A2B4890ED001A01EE200AC1
:106CB00086ED000A9DED000A2748D0ED000A20EE7F
:106CC000200ADDED010A254890ED001A01EE200AA8
:106CD000DDED020A224890ED001A01EE200A86ED51
:106CE000010A9DED000A1F48D0ED000A20EE200A9F
:106CF000DDED010A1C4890ED001A01EE200ADDEDE1
:106D0000020A1A4890ED001A01EE200A86ED020AE6
:106D100094ED040A084880ED000A94ED050A08483D
:106D200080ED000A94ED060A064880ED000A06B0E0
:106D3000BDEC088B70BD00009C0100206F12833AEF
:106D4000A0010020A4010020E12E6542A80100203E
:106D5000AC010020B0010020B4010020B8010020E7
:106D6000BC010020C0010020C4010020C801002097
:106D700010B5044654F8EC0F90ED000A834880EDFE
:106D8000000A206890ED010A814880ED000A206821
:106D900090ED020A7F4880ED000A54F8EC0990ED6E
:106DA000030A7D4880ED000A7848D0ED000A60EEC5
:106DB000A00A774890ED001AD0ED001A41EE210AA2
:106DC000744890ED001AD0ED001A41EE210A724885
:106DD00090ED001AD0ED001A41EE210AB0EE600AE3
:106DE00008F0E0F96D4880ED000A002012E0D4F8C8
:106DF000EC1001EB800191ED000A6849D1ED000A29
:106E000020EE200AD4F8EC1001EB800181ED000A9D
:106E1000411CC8B20428EADB614890ED6F0A5C4867
:106E2000D0ED000A20EE200AF0EE000A80EE201AD3
:106E3000F834A06880ED041A594890ED6F0A55485F
:106E4000D0ED000A20EE200AF0EE000A80EE201AB3
:106E5000A06880ED051A524890ED6F0A4B48D0EDBE
:106E6000000AF1EE600A20EE200AF0EE000A80EE41
:106E7000201AA06880ED0A1A494890ED6F0A46482A
:106E8000D0ED000A20EE200AF0EE000A80EE201A73
:106E9000A06880ED0B1A424890ED6F0A3E48D0ED95
:106EA000000AF1EE600A20EE200AF0EE000A80EE01
:106EB000201AA06880ED101A394890ED6F0A334807
:106EC000D0ED000AF1EE600A20EE200AF0EE000A92
:106ED00080EE201AA06880ED111A314890ED6F0AFB
:106EE0002C48D0ED000A20EE200AF0EE000A80EED9
:106EF000201AA06880ED161A294890ED6F0A2448E0
:106F0000D0ED000AF1EE600A20EE200AF0EE000A51
:106F100080EE201AA06880ED171A206890ED1C0AF8
:106F20001F48D0ED720A80EE201A206880ED1C1AEE
:106F3000206890ED230A1A48D0ED720A80EE201ADC
:106F4000206880ED231A54F8F80990ED1C0ADFED53
:106F5000150AB4EEE00AF1EE10FA05DD9FED110A14
:106F6000D4F8F80080ED1C0AD4F8F80090ED230A5C
:106F7000DFED0C0AB4EEE00AF1EE10FA05DD9FED4C
:106F8000090AD4F8F80080ED230A10BD7C05002022
:106F90008005002084050020880500208C05002045
:106FA000D838002000401C4610B52DED068BF0EEC1
:106FB000408AB0EE609AB0EE41AAB0EE618AF0EE7F
:106FC000429A0120374908700846C0ED6C8A80ED6E
:106FD0006D9A80ED6EAA9FED340A80ED710A002053
:106FE00081F8380100212F4AC2F84011C2F844113B
:106FF000C2F84811C2F84C11B7EE000AB4EEC08ACC
:10700000F1EE10FA03DDB7EE000AB0EE408A254833
:1070100080ED728AC0ED649A032300220621001DD0
:1070200001F0B6F8B7EE000A1E48D0F8EC0080ED8B
:10703000000A9FED1E0A1B48D0F8EC0080ED010A03
:107040009FED1A0A1748D0F8EC0080ED020A9FED78
:10705000170A1448D0F8EC0080ED030A14491148CF
:10706000C0F8D0101349C0F8D4101349C0F8D81094
:107070001249C0F8DC10012180F82E1080F82F1082
:1070800001469022D1F804010D49F9F7C5FF0549E1
:107090009022D1F8FC000B49F9F7BEFFBDEC068B3E
:1070A00010BD0000D8380020CDCCCC3D0000000041
:1070B000C9700008716D0008FD700008597800085B
:1070C00094300108DC04002010B5044654F8F81F81
:1070D00090220748F9F7A0FF48220648616AF9F7AD
:1070E0009BFF6169F83C48220348F9F795FF10BD02
:1070F000DC040020B03A0020F83A002010B5044625
:1071000054F8EC0F90ED000AF0EE000A20EE200A91
:107110003F4880ED000A206890ED010AF0EE000A79
:1071200020EE200A3B4880ED000A206890ED020A1C
:10713000F0EE000A20EE200A374880ED000A2068B1
:1071400090ED030AF0EE000A20EE200A334880EDAD
:10715000000A14F8DE2C324B1B885A4314F8E03C2A
:1071600002FB03F1206AF9F7B3FF2B4890ED000A08
:10717000B1EE400A206A80ED000A284890ED000A2E
:10718000206A80ED010A224890ED000AB1EE400A23
:10719000206A80ED020A1F4890ED000A206A80ED07
:1071A000030A1C4890ED000A206A80ED060A184880
:1071B00090ED000A206A80ED070A184890ED000A59
:1071C000206A80ED080A144890ED000A206A80EDDC
:1071D000090A0F4890ED000A206A80ED0C0A0D485C
:1071E00090ED000AB1EE400A206A80ED0D0A0A48CF
:1071F00090ED000AB1EE400A206A80ED0E0A0748C1
:1072000090ED000A206AEC3C80ED0F0A10BD0000F2
:107210009005002094050020980500209C05002082
:10722000B005002010B52DED088BB0EE40AAF0EEB1
:1072300060AAB0EE41BAF0EE618AB0EE429AF0EE8A
:10724000629AB0EE438AFE48007858B99FEDFD2A55
:10725000F7EE001A9FEDFC1ADFEDFC0AB2EE040A0D
:10726000FFF7A2FEF64880ED6F8A90ED580A3AEEDD
:10727000400A80ED5B0A90ED590A3AEEC00A80EDB3
:107280005C0A90ED5A0A3BEE400A80ED5D0A90EDF3
:107290005B0AF6EE000A20EE200A20EE080AEC480F
:1072A00080ED000AE64890ED5C0AF6EE000A20EE5A
:1072B000200A20EE080AE74880ED000AE04890ED39
:1072C0005D0AF6EE000A20EE200A20EE080AE248E7
:1072D00080ED000ADA499022D1F80401DF49F9F77C
:1072E0009BFEDB4890ED000AB1EE400AD448D0F88E
:1072F000040180ED010AD74890ED000AB1EE400A82
:10730000CF48D0F8040180ED020AD34890ED000A7E
:10731000B1EE400ACA48D0F8040180ED030ACC4817
:1073200090ED000AC648D0F8040180ED060ACA486C
:1073300090ED000AC248D0F8040180ED080AC54863
:1073400090ED000AB1EE400ABD48D0F8040180ED8E
:10735000090AC04890ED000AB948D0F8040180ED50
:107360000C0ABD4890ED000AB1EE400AB448D0F8CE
:10737000040180ED0D0AB64890ED000AB048D0F83F
:10738000040180ED0F0AB44890ED000AAC48D0F833
:10739000040180ED120AAF4890ED000AA848D0F829
:1073A000040180ED130AAA4890ED000AB1EE400AEC
:1073B000A348D0F8040180ED140AA148D0F8481180
:1073C000D0F84C01002359405840014306D19C4855
:1073D000C0ED5E8A80ED5F9AC0ED609A984890EDAE
:1073E0005E0AD0ED640A60EE200A90ED6F0A90ED1F
:1073F000641A30EE011A80EE810AD0ED6F0A90ED2A
:10740000641A70EE810A90ED6F1A21EE281AC1EE0F
:10741000201A30EE210A80ED5E0A90ED5F0AD0ED71
:10742000640A60EE200A90ED6F0A90ED641A30EE67
:10743000011A80EE810AD0ED6F0A90ED641A70EEA9
:10744000810A90ED6F1A21EE091AC1EE201A30EE72
:10745000210A80ED5F0A90ED600AD0ED640A60EECB
:10746000200A90ED6F0A90ED641A30EE011A80EE5A
:10747000810AD0ED6F0A90ED641A70EE810A90EDEA
:107480006F1A21EE291AC1EE201A30EE210A80ED82
:10749000600AD0ED5E0A60EEA00A90ED5F1AD0EDB2
:1074A0005F1A41EE210A90ED601AD0ED601A41EEAC
:1074B000210AB0EE600A07F075FE694880ED000A07
:1074C000002011E0674901EB800191ED000A644959
:1074D000D1ED000A20EE200A5949896801EB8001AC
:1074E00081ED000A411CC8B20328EBDB5448D0ED03
:1074F0005B0A60EEA00A90ED5C1AD0ED5C1A41EEDA
:10750000210A90ED5D1AD0ED5D1A41EE210AB0EE30
:10751000600A07F047FEF7EE000A80EE801A48483E
:1075200080ED651A4E4890ED000AF7EE000A80EEF5
:10753000801A434880ED661A90ED650ADFED4A0A2D
:10754000B4EEE00AF1EE10FA16D290ED660ADFED25
:10755000470AB4EEE00AF1EE10FA0DDD90ED660A8E
:10756000DFED430AB4EEE00AF1EE10FA04D2012096
:10757000334981F8390103E00020314981F83901AC
:107580002F4890ED6C0AD0ED6F0A20EE200AD0F85B
:10759000180180ED000A2A4890ED6C0AD0ED6F0AC0
:1075A00020EE200AD0F8180180ED070A244890ED5B
:1075B0006C0AD0ED6F0A20EE200AD0F8180180ED99
:1075C0000E0A1F4890ED6C0AD0ED6F0A20EE200ADB
:1075D000D0F8180180ED150A194890ED6D0AD0ED2C
:1075E0006F0A20EE200AD0F8180180ED1C0A14481A
:1075F00090ED6D0AD0ED6F0A20EE200AD0F8180148
:1076000080ED230A0E4890ED6E0AD0F81C0180ED43
:10761000000A0B4890ED6E0AD0F81C0180ED040AB8
:10762000074890ED6E0AD0F81C0180ED080A044866
:10763000001D01F02DFA0248406890ED000A19E0A3
:10764000D8380020000000008096184B6F12833A53
:107650006C0500207005002074050020943001089E
:1076600078050020503A00209A99993ECDCC1441DB
:10767000CDCC2441734880ED540A406890ED010A56
:10768000704880ED550A406890ED020A6D4880ED23
:10769000560A406890ED030A6A4880ED570A406830
:1076A00090ED040A674880ED580A406890ED050A9D
:1076B000644880ED590A1FED1D0A80ED5A0A90EDCD
:1076C000541A21EE011AD0ED551A90ED552A01EE0B
:1076D000821AF7EE001AB0EE002A52EE011AF0EE0E
:1076E000610A90ED541AD0ED571A21EE211AD0ED0F
:1076F000551A90ED562A01EE821AF0EE001A21EE8C
:10770000211AB0EE410A05F0A1FDDFED4F0A20EE8F
:10771000200A4C4880ED6A0A90ED541A21EE011AB5
:10772000D0ED571A90ED572A01EE821AF7EE001AA3
:10773000B0EE002A52EE011AF0EE610A90ED541AF2
:10774000D0ED551A21EE211AD0ED561A90ED572A98
:1077500001EE821AF0EE001A21EE211AB0EE410A73
:1077600005F074FDDFED380A20EE200A354880ED83
:10777000690AD0ED550A90ED571A60EE810A90ED36
:10778000541AD0ED561A41EE610AB8EE001A60EEB6
:10779000810AB0EE600A05F0C3FCDFED2B0A20EE93
:1077A000200A284880ED680A90ED6A0AD0ED740A34
:1077B00030EE600ADFED250AB4EEE00AF1EE10FAD1
:1077C00007DDB0F8CC01401E00B21E49A1F8CC0183
:1077D00014E01C4890ED6A0AD0ED740A30EE600A9D
:1077E000DFED1B0AB4EEE00AF1EE10FA06D2B0F8B3
:1077F000CC01401C00B21349A1F8CC01114890ED16
:107800006A0AB0F9CC0100EE900AF8EEE00A9FEDAA
:10781000111A01EE200A0B4880ED6B0A90ED6A0AFE
:1078200080ED740AD0F84821D0F84C01521C40F188
:1078300000000449C1F84821C1F84C01BDEC088B97
:1078400010BD0000D8380020E12E6542000034430E
:10785000000034C30000B44370B52DED028B044624
:1078600004F1800104F17800F9F73AFA84F8C800CD
:10787000B4F87800A4F8A8005A20015BAA200153AC
:1078800004F1A80204F1580104F17800F9F706F9AF
:1078900084F8C800B4F8A800A4F8B0008220015B06
:1078A000B220015304F1B00204F1800104F1A800F8
:1078B000F9F7F4F884F8C800B4F89000A4F8A00030
:1078C0009220015BA220015304F1A00204F1900177
:1078D00004F1B000F8F7C2FD84F8C80004F1B0016B
:1078E00004F1A000F8F742FEAC342077206C90ED54
:1078F000000AFD4880ED000A206C90ED010AFB486B
:1079000080ED000A206C90ED020AF94880ED000A33
:10791000206C90ED030AF74880ED000A34F8340C2F
:10792000A081AC3C0121BA200153F04890ED000A3F
:10793000F048D0ED000A20EE200AEB48D0ED000A16
:10794000EB4890ED001A00EEC10AF0EE000A20EEBE
:10795000200AD4F82C0180ED000AE34890ED000ADB
:10796000E248D0ED000A20EE200AE148D0ED000AFE
:10797000E04890ED001A00EE810AF0EE000A20EED9
:10798000200AD4F82C0180ED010AD74890ED000AB6
:1079900020EE000AD548D0ED000A90ED001A00EE66
:1079A000C10AD348D0ED000A90ED001A00EEC10ADA
:1079B000D048D0ED000A90ED001A00EE810AD4F80C
:1079C0002C0180ED020A002512E0D4F82C0100EB16
:1079D000850090ED000AB0EEC00AB0EE408A05F0D6
:1079E00013FBC54800EB850080ED000A681CC5B29A
:1079F000032DEADBB4F84800A4F8C0000121C2203E
:107A0000015304F1C00204F1B80104F14800F9F790
:107A1000E3F884F8C800B4F8C000A4F8A800012175
:107A2000AA20015304F1A80204F1C00104F1B0003E
:107A3000F9F734F8B8342074012020802189B83C4B
:107A4000BA20015304F1B80104F1C000F9F748F974
:107A500084F8C8000120A4F8A8000121AA2001533D
:107A600004F1A80204F1C00104F1B800F9F716F816
:107A700084F8C800AC20005990ED000A9F4880EDC2
:107A8000700A90ED700AD0ED710AB6EE001A60EE41
:107A9000810AB4EEE00AF1EE10FA03D20120974910
:107AA00081F83801954890ED700AD0ED710AB4EE76
:107AB000E00AF1EE10FA46DD90F83801002842D0D5
:107AC0008E4890F8390168B18C48D0F84021D0F840
:107AD0004401521C40F100008849C1F84021C1F81E
:107AE000440105E00020854AC2F84001C2F8440183
:107AF0008248D0F84031D0F844110020D3F132024E
:107B0000884106D200207D4981F8380184F82C0094
:107B10004AE0237B7A4D2D8803FB05F2D4E93A0134
:107B2000F9F77AFA237B764D2D886B43257B03FB8F
:107B300005F2D4E93E01F9F76FFA012084F82C0030
:107B4000BDEC028B70BD6D4890ED700AD0ED710AEE
:107B50009FED6C1A60EE810AB4EEE00AF1EE10FAC5
:107B600014DD90F8380188B1644890ED710AD0EDC9
:107B7000700A30EE600AD0ED710A9FED631A60EE74
:107B8000810A80EE201A80ED671A04E0B7EE000A41
:107B90005A4880ED670A0021584AC2F84011C2F8DD
:107BA0004411002084F82C00B4F85800A4F8A80070
:107BB0008220015BAA20015304F1A80204F1800194
:107BC00004F15800F8F76AFF84F8C80004F198023D
:107BD00004F1B00104F1A800F8F760FF84F8C800D0
:107BE000002012E0D4F81C1101EB800191ED000A95
:107BF0004249D1ED670A20EE200AD4F81C1101EBAE
:107C0000800181ED000A411CC8B2B4F898109A2294
:107C1000125B51438142E5DC042025E000211FE096
:107C2000021F354B03EB8202D2ED000A9FED371A9B
:107C300080EE810A00EB40030B44D4F81C2102EBD8
:107C40008302D2ED000A20EE200A00EB40030B4431
:107C5000D4F81C2102EB830282ED000A4A1CD1B247
:107C60000329DDDB411CC8B20628D7DBB4F8980035
:107C7000A4F8B8000121BA20015304F1B80204F1BC
:107C8000C00104F19800F8F709FF84F8C8001B4808
:107C900090F8380138B3042055E0BC21095901EBB4
:107CA000800191ED000A1549D1ED6F0A9FED181A78
:107CB00060EE810AB4EEE00AF1EE10FA0BDD91ED10
:107CC0006F0ADFED130A20EE200ABC21095901EBEF
:107CD000800181ED000ABC21095901EB800191ED81
:107CE000000A064916E030E0A0050020A4050020A7
:107CF000A8050020AC0500205C3A0020D838002000
:107D0000B0050020CDCCCC3D6666663FDA0FC93F9A
:107D10000AD7233CD1ED6F0A9FED151A60EE810A58
:107D2000B4EEE00AF1EE10FA0BD291ED6F0ADFED3E
:107D3000100A20EE200ABC21095901EB800181EDD7
:107D4000000A411CC8B20628A7DB9FED0A0ABC2026
:107D5000005980ED030A04F1300204F1B80104F186
:107D60003800F8F77BFB84F8C80000BFE8E60000A5
:107D70000AD723BC0000000010B52DED028B15487A
:107D8000D0ED070AB0EE600A1348D0ED000A1348A0
:107D900002F063F81148406B00EE100A06F05EFD39
:107DA00000EE100AB8EEC00AB0EE408A9FED0C1A41
:107DB000DFED0C0A06F03CFDBCEEC00A10EE100A26
:107DC00084B222460021084802F0F8FFBDEC028B85
:107DD00010BD0000A03800209401002004350020D0
:107DE0000000804F000000006813002010B5B7EEBF
:107DF000000A244880ED010AB7EE000A80ED020A6D
:107E0000B7EE000A80ED030A9FED1F0A80ED040A19
:107E10009FED1D0A80ED050A9FED1B0A80ED060A05
:107E20000120184908709FED182AF7EE001A9FEDFF
:107E3000171ADFED170AB2EE040AFFF7B5F80022B1
:107E40001146DFED114A9FED104ADFED0F3A9FED2D
:107E50000E3ADFED0D2AB3EE042ADFED0E1A9FED88
:107E60000A1ADFED0D0A9FED0D0A0D4802F05EF9CA
:107E700000210C48FEF743FA9FED0B0A0B4880EDFA
:107E8000100A10BDE8340020000000008096184B56
:107E90006F12833A00007A44000096430000FA44CF
:107EA000043500206813002096430B3C6834002002
:107EB00010B586B0964A07CA03AB07C39548FAF7D0
:107EC0005FFA954880ED000A944890ED000A9248C8
:107ED000D0ED000A30EE200A904880ED000A00BF85
:107EE0008F48F9F75FFB8E4890ED010A8D4880EDD1
:107EF000070A8B4890ED000AB1EE400A894880EDF0
:107F0000080A874890ED020A864880ED090A8448ED
:107F100090ED040A834880ED040A814890ED030A3D
:107F2000B1EE400A7F4880ED050A7D4890ED050AD4
:107F30007C4880ED060A00F11C0200F110017A482D
:107F4000FEF75CFD774890ED091AF0EE410A90EDDE
:107F5000071AB0EE410A05F079F9B1EE400ADFEDFB
:107F6000730A20EE200ADFED720A80EE201A6D48B7
:107F700080ED1A1A90ED091AF0EE410A90ED081AF8
:107F8000B0EE410A05F062F9DFED680A20EE200A42
:107F9000DFED670A80EE201A624880ED1B1A90ED33
:107FA000093AF0EE432A90ED083AB0EE432A90EDFC
:107FB000073AF0EE431A90ED063AB0EE431A90ED10
:107FC000053AF0EE430A90ED043AB0EE430A524807
:107FD00090ED003AFFF726F952495648D0E915349A
:107FE000026DC06D81E81C00C8600A4644315248E9
:107FF000F9F79EFC4B4A02F150015048F9F798FC02
:10800000484A02F15C014E48F9F792FC454A69463C
:1080100003A8FAF7B6FA002039E042491C3101EB17
:10802000800191ED000A694601EB8001D1ED000A63
:1080300030EE600A3849D1ED000A60EE200A394975
:1080400091ED100A344991ED001A30EE011A80EEDC
:10805000810A3449283101EB8001D1ED000A314910
:1080600091ED101A60EE810A91ED101A2A49D1EDB6
:10807000001A31EE211AC0EE811A30EE210A294988
:10808000283101EB800181ED000A411CC8B20328B0
:10809000C3DB244A02F13401A1F10C00F9F748FCDA
:1080A000284890ED6A0A1F4880ED1E0A254890ED89
:1080B000690A1C4880ED1D0A224890ED680A19489B
:1080C00080ED1C0A90ED1E0A1F4880ED000A15483D
:1080D00090ED1D0A1C4880ED010A124890ED1C0A23
:1080E000194880ED020A174890ED6B0A0D4880EDA3
:1080F0001F0A00BF1548007800F0010008B9FFF71B
:108100003BFE12480068401C1049086006B010BDD4
:108110007030010884010020880100208C010020BB
:10812000A038002068340020E834002000003443E8
:10813000DB0F4940D83900204C3001085830010885
:1081400064300108D8380020B035002098010020A4
:1081500030B50B46002100BF16E00A24B4EB107FB7
:1081600005D9302404EB107403F8114005E04124D4
:1081700004EB10740A3C03F81140000100254C0088
:10818000641C1D554C1CE1B29142E6DB30BD000081
:108190000FB583B00420FE4908800820FD490880FF
:1081A000DDE903100873039905984873039906984D
:1081B000887300210398017406980290F8F71AFE5C
:1081C00003994861069802900398406901900299CA
:1081D000F8F75CFFEE480088069948430290F8F7EC
:1081E00009FE03998861EA4800880699484302908D
:1081F0000398806901900299F8F76AFFE4480088C3
:10820000069948430290F8F7F5FD0399C861E048E4
:1082100000880699484302900398C069019002992A
:10822000F8F756FFDA480088049948430290F8F7B7
:10823000E1FD03990862D6480088049948430290FA
:108240000398006A01900299F8F742FF069802909D
:10825000F8F7D0FD03994862069802900398406AA7
:1082600001900299F8F712FFC94800880499484321
:108270000290F8F7BFFD03990860C548008804998B
:10828000484302900398006801900299F8F720FF94
:10829000BF480088069948430290F8F7ABFD039960
:1082A0004860BB480088069948430290039840689C
:1082B00001900299F8F70CFFB548008805994843EA
:1082C0000290F8F797FD03998860B14800880599F6
:1082D000484302900398806801900299F8F7F8FEED
:1082E000AB480088049948430290F8F783FD03994E
:1082F000C1F8E800A6480088049948430290039812
:10830000D0F8E80001900299F8F7E2FE0398D0F85F
:10831000E80002900398007B019001220146DDE90C
:1083200002303030F8F71EF9994800880499484324
:108330000290F8F75FFD0399C1F8EC0094480088BB
:108340000499484302900398D0F8EC0001900299F8
:10835000F8F7BEFE0398D0F8EC0002900398007B7B
:10836000019001220146DDE902303830F8F7FAF8D1
:10837000059818B386480088059948430290F8F795
:1083800039FD0399C1F8F0008148008805994843F8
:1083900002900398D0F8F00001900299F8F798FE47
:1083A0000398D0F8F00002900398407B01900122DE
:1083B0000146DDE902304030F8F7D4F8744800880F
:1083C000069948430290F8F715FD0399C1F8F400A7
:1083D0006F4800880699484302900398D0F8F4004B
:1083E00001900299F8F774FE0398D0F8F400029017
:1083F0000398807B019001220146DDE9023048307C
:10840000F8F7B0F86248008804994843484302905E
:10841000F8F7F0FC0399C1F8F8005D48008804996A
:108420004843484302900398D0F8F800019002991D
:10843000F8F74EFE0398D0F8F80002900398007BFE
:1084400001900398007B00900146DDE90230503036
:10845000019AF8F787F84E48008804994843484342
:108460000290F8F7C7FC0399C1F8FC00484800885F
:1084700004994843484302900398D0F8FC000190C7
:108480000299F8F725FE0398D0F8FC0002900398B3
:10849000007B01900398007B00900146DDE90230EB
:1084A0005830019AF8F75EF8394800880499484333
:1084B00048430290F8F79EFC0399C1F80001344844
:1084C00000880499484348430290F8F793FC0399C5
:1084D000C1F804012E48008804994843484302909B
:1084E0000398D0F8000101900299F8F7F1FD2848AF
:1084F000008804994843484302900398D0F8040147
:1085000001900299F8F7E4FD0398D0F80001029079
:108510000398007B01900398007B00900146DDE901
:1085200002306030019AF8F71DF80398D0F8040182
:1085300002900398007B01900398007B0090014615
:10854000DDE902306830019AF8F70CF8059878B345
:108550000F48008804994843059948430290F8F76A
:1085600049FC0399C1F80801094800880499484367
:108570000599484302900398D0F8080101900299A8
:10858000F8F7A6FD0398D0F808010290039803E0DD
:10859000B0050020B2050020407B01900398007BCD
:1085A00000900146DDE902307030019AF7F7DAFFFA
:1085B000B948008806994843049948430290F8F75F
:1085C00019FC0399C1F80C01B34800880499484389
:1085D000069948430290F8F70DFC0399C1F8100181
:1085E000AD4800880699484304994843029003988F
:1085F000D0F80C0101900299F8F76AFDA6480088AE
:10860000049948430699484302900398D0F8100112
:1086100001900299F8F75CFD0398D0F80C010290E4
:108620000398007B01900398807B00900146DDE970
:1086300002307830019AF7F795FF0398D0F81001CF
:1086400002900398807B01900398007B0090014684
:10865000DDE902308030019AF7F784FF8E48008808
:108660000499484348430290F8F7C4FB0399C1F8C2
:1086700014018948008804994843484302900398AC
:10868000D0F8140101900299F8F722FD0398D0F870
:10869000140102900398007B01900398007B0090E6
:1086A0000146DDE902308830019AF7F75BFF7A482E
:1086B00000880699484348430290F8F79BFB0399CA
:1086C000C1F818017448008806994843484302904D
:1086D0000398D0F8180101900299F8F7F9FC039873
:1086E000D0F8180102900398807B01900398807B5A
:1086F00000900146DDE902309030019AF7F732FF31
:108700006548008804994843069948430290F8F761
:1087100071FB0399C1F81C015F4800880499484324
:108720000699484302900398D0F81C0101900299E1
:10873000F8F7CEFC0398D0F81C0102900398807BD8
:1087400001900398007B00900146DDE902309830EB
:10875000019AF7F707FF0398007B4F4909884843C0
:108760000399097B48430290F8F744FB0399C1F849
:1087700020010398007B4849098848430399097BF5
:1087800048430290F8F736FB0399C1F82401039897
:10879000007B4149098848430399097B484302907B
:1087A000F8F728FB0399C1F828010398007B3A49A0
:1087B000098848430290F8F71DFB0399C1F82C0182
:1087C0000398007B3449098848430290F8F712FB6C
:1087D0000399C1F830010398D0F820010290039862
:1087E000007B01900398007B00900146DDE9023098
:1087F000A030019AF7F7B6FE0398D0F82401029052
:108800000398007B01900398007B00900146DDE90E
:108810000230A830019AF7F7A5FE0398D0F8280196
:1088200002900398007B01900398007B0090014622
:10883000DDE90230B030019AF7F794FE0398D0F8E2
:108840002C0102900398007B019001220146DDE992
:108850000230B830F7F786FE0398D0F83001029066
:108860000398007B019001220146DDE90230C0300F
:10887000F7F778FE0021039880F82810039880F815
:108880002910039880F82A10039880F82B10039879
:1088900080F82C1007B000BDB005002070B504466C
:1088A000E07B18B12046FEF70FF811E0A37B0E4DD8
:1088B0002D8803FB05F26168D4F8F400F8F7ACFBEF
:1088C000A27B094B1B8802FB03F16068F8F700FCF0
:1088D000637B054D2D8803FB05F2A168D4F8F000F9
:1088E000F8F79AFB70BD0000B005002010B50446F3
:1088F00094F82C0068BBB4F89800A4F8A8007A207B
:10890000015BAA200153B4F8A800A4F8B0005A20D3
:10891000015BB220015304F1A80204F1780104F1D3
:108920009800F8F7BBF884F8C80004F1B00204F12D
:10893000580104F1A800F8F7B1F884F8C80004F170
:10894000500204F1B00104F15800F8F745F984F839
:10895000C80010BD10B5044694F8290068BB04F1A6
:10896000680104F16000F8F7BBF984F8C80004F16D
:10897000580204F1500104F16000F8F78FF884F810
:10898000C800B4F85800A4F8A8006A20015BAA2027
:10899000015304F1A80204F1680104F15800F8F74A
:1089A0007DF884F8C80004F1580204F1880104F14C
:1089B000A800F7F753FD84F8C80010BD10B50446B1
:1089C00094F82A00002861D104F1800104F17800B4
:1089D000F8F786F984F8C800B4F87800A4F8A8007D
:1089E0005A20015BAA20015304F1A80204F15801A6
:1089F00004F17800F8F752F884F8C800B4F8A80039
:108A0000A4F8B0008220015BB220015304F1B0024F
:108A100004F1800104F1A800F8F740F884F8C800D8
:108A2000B4F89000A4F8A0009220015BA2200153AA
:108A300004F1A00204F1900104F1B000F7F70EFD7B
:108A400084F8C80004F1B00104F1A000F7F78EFD2E
:108A500084F8C800B4F85800A4F8A8008220015B8C
:108A6000AA20015304F1A80204F1800104F1580086
:108A7000F8F714F884F8C80004F1980204F1B00182
:108A800004F1A800F8F70AF884F8C80010BD000047
:108A900070B504462046FFF701FFD4F8CC0018B1AA
:108AA0002046D4F8CC108847204600F085F8D4F84A
:108AB000D00018B12046D4F8D01088472046FFF7E0
:108AC00049FFD4F8D40018B12046D4F8D410884710
:108AD000207C08B9E07BB8B92046FFF76FFFD4F8D7
:108AE000D80018B12046D4F8D8108847204600F0A6
:108AF000A1F8D4F8DC0018B12046D4F8DC1088477F
:108B00002046FFF7F3FE13E0237B2A4D2D8803FB5D
:108B100005F2D4E93A01F8F77FFA237B254D2D8839
:108B20006B43257B03FB05F2D4E93E01F8F774FAA9
:108B3000D4F8E00018B12046D4F8E01088470020AF
:108B400022E0227B00FB0202D4F8F81001EB820144
:108B500091ED000A216A01EB8001D1ED000AB4EE2B
:108B6000E00AF1EE10FA0DD2216A01EB800191EDDD
:108B7000000A227B00FB0202D4F8F81001EB82010C
:108B800081ED000A411CC8B2217B8142D9DC237BE4
:108B9000084D2D8803FB05F2D4F8E8102068F8F79B
:108BA0003BFAD4F8E40018B12046D4F8E410884722
:108BB000206870BDB005002010B5044694F8280068
:108BC00060BB607B00282ADD207BA4F8B80001216F
:108BD000BA20015304F1B80204F1300104F160003D
:108BE000F7F75CFF84F8C800207BA4F8C0000121DF
:108BF000C220015304F1C00204F1400104F17000ED
:108C0000F7F74CFF84F8C80004F1380204F1C00102
:108C100004F1B800F7F722FC84F8C80009E004F179
:108C2000380204F1300104F16000F7F737FF84F8EF
:108C3000C80010BD10B5044694F82B00E0BBB4F892
:108C40007800A4F8B8000121BA20015304F1B80259
:108C500004F1380104F17800F7F720FF84F8C80028
:108C6000B4F84800A4F8C0000121C220015304F167
:108C7000C00204F1B80104F14800F7F7ADFF84F831
:108C8000C800B4F89800A4F8B8000121BA20015334
:108C900004F1B80204F1C00104F19800F7F7FEFEF8
:108CA00084F8C80004F1300204F1B80104F138007E
:108CB000F7F7D4FB84F8C80010BD00001FB50020F2
:108CC00000900190029003901548164908604FF4F7
:108CD000003048600021134881600161017680F80E
:108CE0002010C162104981620021C1600121C1616F
:108CF000002180F8301001214161F9F7E3FE08B14D
:108D0000F9F7ECFC10200090012001900020029067
:108D100069460448F9F71CFE08B1F9F7DFFC1FBDEE
:108D2000002001400C0E00200100000F1FB50020A4
:108D300000900190029003901548164908604FF486
:108D4000003048600021134881600161017680F89D
:108D50002010C162104981620021C1600121C161FE
:108D6000002180F8301001214161F9F7ABFE08B114
:108D7000F9F7B4FC08200090012001900020029037
:108D800069460448F9F7E4FD08B1F9F7A7FC1FBDEF
:108D900000220140540E00200100000F10B50E48C3
:108DA0000E4908600320486000210C488160C160C2
:108DB0004FF4102101614FF400114161002101764F
:108DC00041768176C17601774177FAF7F6F908B1F5
:108DD000F9F784FC10BD0000006400409C0E0020E8
:108DE00010B50E480E4908600320486000210C4869
:108DF0008160C1604FF4102101614FF400114161A5
:108E00000021017641768176C17601774177FAF7C4
:108E1000D4F908B1F9F762FC10BD00000068004009
:108E2000C40E002010B50548054908600846FAF749
:108E3000E9FB08B1F9F752FC10BD00000030024018
:108E40002800002008B500BF002000902A480068D4
:108E500040F48000284908600846006800F480005B
:108E6000009000BF00BF00BF0020009008460068CF
:108E700040F4001008600846006800F400100090FC
:108E800000BF00BF002205210C20FBF7ABF90C202E
:108E9000FBF79AF9002205212F20FBF7A3F92F20D9
:108EA000FBF792F9002205213920FBF79BF93920C5
:108EB000FBF78AF9002205213A20FBF793F93A20C3
:108EC000FBF782F9002205213B20FBF78BF93B20C1
:108ED000FBF77AF9002205214520FBF783F94520AD
:108EE000FBF772F9002205214620FBF77BF94620AB
:108EF000FBF76AF908BD00003038024000B5B9B090
:108F00001C22304932A8F8F787F8002132A806F071
:108F10009AFB2D4908601C222A491C312BA8F8F71E
:108F20007BF800212BA806F08EFB284908601C2244
:108F30002449383124A8F8F76FF8002124A806F056
:108F400082FB234908601C221E4954311DA8F8F7F2
:108F500063F800211DA806F076FB1E4908601C225C
:108F60001849703116A8F8F757F8002116A806F02E
:108F70006AFB194908601C2212498C310FA8F8F7C6
:108F80004BF800210FA806F05EFB144908601C2274
:108F90000C49A83108A8F8F73FF8002108A806F006
:108FA00052FB0F4908601C220649C43101A8F8F79A
:108FB00033F8002101A806F046FB0949086039B0E2
:108FC00000BD0000D42E0108200000200000002079
:108FD00004000020080000200C00002010000020E9
:108FE0001400002000B587B0142102A8F8F770F82B
:108FF00000BF002001908948006840F002008749C6
:1090000008600846006800F00200019000BF00BF41
:1090100000BF002001900846006840F04000086052
:109020000846006800F04000019000BF00BF00BF8C
:10903000002001900846006840F0010008600846E2
:10904000006800F00100019000BF00BF00BF0020D9
:1090500001900846006840F0080008600846006873
:1090600000F00800019000BF00BF00BF0020019089
:109070000846006840F0040008600846006800F0F8
:109080000400019000BF00BF00BF0020019008460F
:10909000006840F4807008600846006800F4807042
:1090A000019000BF00BF00BF00200190084600688B
:1090B00040F0200008600846006800F020000190A1
:1090C00000BF00BF00BF002001900846006840F0CC
:1090D000800008600846006800F08000019000BF32
:1090E00000BF00BF002001900846006840F010005B
:1090F00008600846006800F01000019000BF00BF43
:10910000012240214648FAF713FE0122102145486A
:10911000FAF70EFE012241F201014348FAF708FE78
:1091200080200290002003900120049002A93F4873
:10913000FAF7F0FC40200290012003900490059083
:1091400002A93748FAF7E6FC092002903848039054
:109150000120049002A93248FAF7DCFC07200290B3
:1091600000200390049002A93248FAF7D3FC0120B2
:109170000290002003900120049002A92948FAF7E8
:10918000C9FC102002900120039004900220059059
:1091900002A92448FAF7BEFC30200290244803902C
:1091A0000120049002A92348FAF7B4FC4FF4805040
:1091B0000290012003900490059002A91A48FAF742
:1091C000A9FC01200290039004900220059002A9BE
:1091D0001548FAF79FFC002206210846FBF702F823
:1091E0000620FAF7F1FF002205210920FAF7FAFF1D
:1091F0000920FAF7E9FF002205210A20FAF7F2FF19
:109200000A20FAF7E1FF002205211720FAF7EAFF0A
:109210001720FAF7D9FF07B000BD00003038024030
:1092200000180240000002400004024000200240FA
:10923000000021100008024010B50B480B490860DF
:109240000B484860002109488160C1604FF48041AB
:109250000161002141618161C1610162FAF776FD1E
:1092600008B1F9F73BFA10BD00540040EC0E0020A5
:10927000801A060010B50B480B4908600B4848607F
:10928000002109488160C1604FF4804101610021E3
:1092900041618161C1610162FAF758FD08B1F9F7D6
:1092A0001DFA10BD00580040400F0020801A060033
:1092B00010B50B480B4908600B484860002109486D
:1092C0008160C1604FF48041016100214161816191
:1092D000C1610162FAF73AFD08B1F9F7FFF910BD73
:1092E000005C0040940F0020801A060010B505486D
:1092F000054908600846FCF7AAF808B1F9F7EEF945
:1093000010BD0000000806504810002010B50A48A3
:109310000A490860002048607C210848816040F6C6
:109320007F41C1600021016141618161FCF7C4F8A6
:1093300008B1F9F7D3F910BD0028004058100020FB
:1093400010B50F480F4908604FF482704860002143
:109350000C488160C1600221016101214161490223
:1093600081613821C16100210162416281620A216B
:10937000C162FCF729F908B1F9F7B0F910BD000096
:10938000003001407810002010B50F480F490860E8
:109390004FF48270486000210C488160C160022156
:1093A000016101214161490281613821C1610021CE
:1093B0000162416281620A21C162FCF705F908B1CC
:1093C000F9F78CF910BD000000380040D0100020E3
:1093D00000B587B01C216846F7F77AFE1548164994
:1093E00008600020486000211348816041F2873105
:1093F000C160002101618161FCF77AFB08B1F9F7D6
:109400006DF90D48FCF75DFF08B1F9F767F96020C9
:1094100000900020019002900490002269460648C6
:10942000FCF7E1FE08B1F9F759F90348FCF77AFDBA
:1094300007B000BD004401406813002000B595B09E
:10944000002011901290139014900F9010901C21F6
:1094500008A8F7F73DFE20216846F7F739FE38489F
:1094600038490860A720486000213648816044F6EA
:109470001F61C1600021016141618161FCF738FB1E
:1094800008B1F9F72BF94FF48050119011A92D482C
:10949000FCF71BFC08B1F9F721F92A48FCF711FF8A
:1094A00008B1F9F71BF900200F9010900FA925487B
:1094B000FCF7F7FA08B1F9F711F9602008904FF4BA
:1094C0007A70099000200A900B900C900D900E90ED
:1094D000002208A91B48FCF786FE08B1F9F7FEF840
:1094E000042208A91748FCF77EFE08B1F9F7F6F840
:1094F000082208A91348FCF776FE08B1F9F7EEF840
:109500000C2208A90F48FCF76EFE08B1F9F7E6F83F
:109510000020009001900290039004904FF40050BE
:1095200005900020079069460648FCF787FA08B1C5
:10953000F9F7D4F80348FCF7F5FC15B000BD0000BE
:1095400000000140E811002000B587B00020039022
:10955000049005900690019002904FF080401449CD
:109560000860A720486000211148816040F2E7317F
:10957000C160002101618161FCF7BAFA08B1F9F715
:10958000ADF84FF48050039003A90948FCF79DFB08
:1095900008B1F9F7A3F800200190029001A904484E
:1095A000FCF77FFA08B1F9F799F807B000BD0000A1
:1095B0002812002000B58DB0002009900A900B9071
:1095C0000C90079008901C216846F7F781FD204811
:1095D000204908600020486000211E48816042F256
:1095E000CF01C160002101618161FCF781FA08B1FE
:1095F000F9F774F84FF48050099009A91548FCF761
:1096000064FB08B1F9F76AF81248FCF75AFE08B192
:10961000F9F764F800200790089007A90D48FCF7B7
:1096200040FA08B1F9F75AF8602000900020019044
:1096300002900490082269460648FCF7D4FD08B160
:10964000F9F74CF80348FCF76DFC0DB000BD0000C5
:10965000000400406812002000B58DB00020099081
:109660000A900B900C90079008901C216846F7F721
:109670002FFD204820490860A720486000211E488F
:1096800081604FF6FF71C160002101618161FCF7CB
:109690002FFA08B1F9F722F84FF48050099009A980
:1096A0001548FCF712FB08B1F9F718F81248FCF757
:1096B00008FE08B1F9F712F800200790089007A9F2
:1096C0000D48FCF7EEF908B1F9F708F860200090B2
:1096D0000020019002900490082269460648FCF799
:1096E00082FD08B1F8F7FAFF0348FCF71BFC0DB048
:1096F00000BD000000080040A812002000B58DB099
:10970000002009900A900B900C90079008901C2163
:109710006846F7F7DDFC28482849086000204860C3
:109720000021264881604FF6FF71C1600021016170
:109730008161FCF7DDF908B1F8F7D0FF4FF48050F4
:10974000099009A91D48FCF7C0FA08B1F8F7C6FF4F
:109750001A48FCF7B6FD08B1F8F7C0FF00200790E3
:10976000089007A91548FCF79CF908B1F8F7B6FF6F
:109770006020009000200190029004900022694631
:109780000E48FCF730FD08B1F8F7A8FF042269463F
:109790000A48FCF728FD08B1F8F7A0FF082269463F
:1097A0000648FCF720FD08B1F8F798FF0348FCF7DE
:1097B000B9FB0DB000BD0000000C0040E812002015
:1097C00000B595B0002011901290139014900F9056
:1097D00010901C2108A8F7F77BFC20216846F7F7BA
:1097E00077FC304830490860A720486000212E48A7
:1097F000816044F61F61C1600021016141618161A6
:10980000FCF776F908B1F8F769FF4FF48050119032
:1098100011A92548FCF759FA08B1F8F75FFF22486B
:10982000FCF74FFD08B1F8F759FF00200F9010909A
:109830000FA91D48FCF735F908B1F8F74FFF602074
:1098400008904FF47A70099000200A900B900C90C9
:109850000D900E90002208A91348FCF7C4FC08B133
:10986000F8F73CFF042208A90F48FCF7BCFC08B13C
:10987000F8F734FF002000900190029003900490CC
:109880004FF4005005900020079069460648FCF709
:10989000D5F808B1F8F722FF0348FCF743FB15B0F1
:1098A00000BD0000000401402813002010B50B4843
:1098B0000B4908604FF4E13048600021084881609E
:1098C000C16001610C21416100218161C161FCF72E
:1098D000D7FD08B1F8F702FF10BD000000100140ED
:1098E000A813002010B50B480B4908600B484860CE
:1098F000002109488160C1604FF4806101610C2141
:10990000416100218161C161FCF7BAFD08B1F8F73E
:10991000E5FE10BD00480040E8130020A0860100CD
:1099200010B50B480B4908604FF4612048600021D6
:1099300008488160C16001610C21416100218161A1
:10994000C161FCF79DFD08B1F8F7C8FE10BD00002D
:10995000001401402814002010B500220D490E48C3
:1099600002F054F908B1F8F7B9FE0C490A4802F0C0
:10997000AAFB08B1F8F7B2FE0949074801F09DFEBD
:1099800008B1F8F7ABFE044802F04EFC08B1F8F756
:10999000A5FE10BD30000020E81500202C07002097
:1099A0008000002000BFFEE77047000010B52DEDDD
:1099B000028B0446B0EE408AF0EE608AD4F80600CE
:1099C00090ED010A8A4880ED000A00201DE054F85D
:1099D000062F411C02EB810191ED000A8449D1ED73
:1099E000000A30EE600A216801EB800181ED000A77
:1099F0006268411C02EB810191ED000AA41F02EB99
:109A0000800181ED000A411C88B22188491E8142F3
:109A1000DDDCD4F806102088801E01EB800090ED7C
:109A2000000A30EE080A2088401E01EB800080ED1D
:109A3000000AD4F80A102088401E01EB8000C0ED17
:109A4000008AD4F802002188884204D2D4F80200A7
:109A5000401CC4F80200102104F11A00F7F716FBAD
:109A600021886288891A88B24AE054F8061F01EBFF
:109A70008001D1ED000A216801EB800191ED001A0F
:109A8000616900EE101A00EE810A10EE101A616191
:109A900054F8061901EB8001D1ED000AD4F81E102C
:109AA00000EE101A30EE800A10EE101AC4F81E10E4
:109AB000D4F8061001EB8001D1ED000AD4F80A10A9
:109AC00001EB800191ED001AD4F8221000EE101A7B
:109AD00000EE810A10EE101AC4F82210D4F80A1011
:109AE00001EB8001D1ED000AD4F8261000EE101A27
:109AF00030EE800A10EE101AC4F82610411C88B20D
:109B000021888142B1DCD4F8220000EE100A2088BE
:109B100000EE900AF8EE600A20EE200AD4F81E004B
:109B200000EE900AD4F8260001EE100A00EEC10AF9
:109B3000D4F81A0000EE900A208801EE100AB8EE60
:109B4000411A20EE811AD4F81E0000EE900A01EEB0
:109B5000900A00EEE11AC0EE010A10EE900AC4F875
:109B60000E009FED240A10EE100AC4F8160021889A
:109B70006288891A88B221E054F8061F01EB80013F
:109B800091ED001AE16800EE101AA16800EE901A3B
:109B900000EE810A616801EB8001D1ED000A30EE30
:109BA000600AF0EEC00A216900EE101A30EE800A59
:109BB00010EE101A2161A41F411C88B22188814235
:109BC000DADCD4F8160000EE100A208800EE900AC5
:109BD000B8EE601AC0EE010A10EE900AC4F8160042
:109BE000D4F80E0000EE100ABDEC028B10BD000090
:109BF000C40500200000000070B504460D46A41CFA
:109C000024F8025C00202060A800F7F7F3F86060F9
:109C1000A800F7F7EFF8A0609FED0C0A10EE100A0D
:109C2000E0609FED0A0A10EE100A2061A90060684A
:109C3000F7F74EFAA900A068A41EF7F749FA102119
:109C400004F11A00F7F722FA70BD000000000000CE
:109C500010B50248FAF76EFC10BD00008418002011
:109C600070B504462068056C00EB4111D1F8080B73
:109C70002369134E4FF40042012B10D0114B9D422B
:109C800004D110F4004F01D0C1F8082B2046FAF798
:109C9000A9FFB54211D92069012808D00DE0B542CD
:109CA000F4D910F4004FF1D0C1F8082BEEE704F519
:109CB00071720121206802F0B1FE002070BD000029
:109CC0000A30544F0A31544F2DE9F04104460E46F4
:109CD0002068016C00EB4615D5F8080B226920239B
:109CE0004FF4004C012A08D0314A914259D110F466
:109CF000004F4CD0C5F808CB57E02E4A10F0080FA3
:109D000013D0914204D910F4004F01D0C5F808CB0C
:109D10002046FAF767FF04F571720121206802F00E
:109D20007DFE0820C5F8080B3FE010F0200F02D0A0
:109D3000C5F8083B39E010F0280F36D1914205D91B
:109D400010F4004F02D0C5F808CB2EE0C6EBC600D9
:109D500004EB8000D5F8102BD0F80412C2F31202E5
:109D60008A1AC0F81422D0F808221144C0F8081248
:109D7000F1B22046FAF7BDFABEB9D4F81002A0B984
:109D800004F571720121206802F048FE0DE010F028
:109D9000200F01D0C5F8083BF1B22046FAF7A9FA26
:109DA00003E0F1B22046FAF7A4FA0020BDE8F08102
:109DB0000A31544F0A30544F2DE9F84F07460E46EA
:109DC000D7F80080C6EBC60007EB800000F13C042A
:109DD0006169A069884202D90120BDE8F88F081A9C
:109DE000A168814200D20846C01C4FEA900A08EBE5
:109DF000461915E0151AA268AA4200D21546E81CB9
:109E00004FEA900A387C0090ABB2F2B24046E1686B
:109E100003F0CCF8E0682844E060A0692844A06121
:109E2000D9F8180980B2504505D36269A0699042FB
:109E300001D2002ADED1A169606988420AD806F001
:109E40000F00012101FA00F0D8F8341821EA0000CF
:109E5000C8F834080020BDE8F88F10B52DED028B4E
:109E60000446B0EE408AF0EE608A94F8980000F064
:109E7000800010B1204604F0BBFB04F18C00F8F721
:109E80007FFA10EE100AC4F8900018EE100A206154
:109E900018EE900A2060206800EE100A206900EE9B
:109EA000900A30EE600A10EE100AA061D4F8A20009
:109EB00018B1D4F8A21020468847A06900EE100A15
:109EC000B5EEC00AF1EE10FA03DDA06900EE100A4B
:109ED00004E0A06900EE100AB1EE400AA06C00EEAA
:109EE000900AB4EEE00AF1EE10FA7EDDD4F89400A8
:109EF00098BB606800EE100AA06900EE900A20EEA0
:109F0000200A10EE100A6062A06800EE100AA06934
:109F100000EE900A60EE200AD4F8900000EE100ADD
:109F200020EE800A10EE100A2063B4F860000228C8
:109F300014DDA06900EE900AD4F8900000EE100A3B
:109F400004F16200FFF732FDE06800EE900A20EEB7
:109F5000200A10EE100AE0627FE016E0A06900EE31
:109F6000100AE06900EE900A70EE600AE06800EE08
:109F7000100A20EE801AD4F8900000EE100AC1EE0C
:109F8000000A10EE900AE06267E0606800EE100AD6
:109F9000D4F89400006800EE900A70EE200AA069E0
:109FA00000EE100A20EE800A10EE100A6062A0682F
:109FB00000EE100AD4F89400406800EE900A70EEAB
:109FC000200AA06900EE100A60EE800AD4F8900022
:109FD00000EE100A20EE800A10EE100A2063B4F89A
:109FE000600002281CDDA06900E08EE000EE900A0F
:109FF000D4F8900000EE100A04F16200FFF7D6FCDE
:10A00000E06800EE900AD4F89400806801EE100A2F
:10A0100070EE810A20EE200A10EE100AE0621CE0C9
:10A02000E06800EE100AD4F89400806800EE900A10
:10A0300030EE201AA06900EE100AE06900EE900AE6
:10A0400030EE600A21EE001AD4F8900000EE100AFB
:10A05000C1EE000A10EE900AE062D4F8A60018B132
:10A06000D4F8A6102046884794F8980000F0040021
:10A0700010B1204604F039FB94F8980000F020005D
:10A0800010B1204604F0D0F894F8980000F00200D7
:10A0900010B1204604F06BF994F8980000F04000ED
:10A0A00010B1204604F038F994F8980000F001004F
:10A0B00010B1204604F0D6F9A06A00EE100A206B19
:10A0C00000EE900A30EE200A10EE100AA062606ADC
:10A0D00000EE100AA06A00EE900A70EE200AE06A14
:10A0E00000EE100A30EE800A10EE100A606394F859
:10A0F000980000F0100010B1204604F02BFA204622
:10A1000004F053FA204604F0CDFA20696061606BD8
:10A11000A063E06AE063A069E061206B2062606B8D
:10A1200000EE100ABDEC028B10BD000070B52DEDE5
:10A130000A8B0446B0EE408AF0EE608AB0EE419A97
:10A14000F0EE619AB0EE42AAF0EE62AAB0EE43BA27
:10A15000F0EE63BAB0EE44CAF0EE64CA0D4616469D
:10A1600019EE100AA06418EE900A606418EE100A46
:10A1700020649FED1C0A10EE100A206019EE900A70
:10A1800060601AEE100AA0601AEE900AE0609FED7F
:10A19000150A10EE100A20631BEE100A20651BEE54
:10A1A000900A60651CEE100AA0651CEE900AE0653E
:10A1B000A4F86050294604F16200FFF71DFD00205D
:10A1C0008D3444F8010CE6720021E16021618D3C80
:10A1D000A12001559FED030A10EE100A6063BDEC4B
:10A1E0000A8B70BD00000000B0EE401A10B99FED60
:10A1F000790A704790ED100A80ED110A90ED0F0A70
:10A2000080ED100AC0ED060A80ED071A30EEC10A93
:10A2100080ED0F0A0178002975D190ED010AD0ED8B
:10A220000F1A20EE210A80ED090A90ED0A0AD0EDFE
:10A23000021A90ED0F2A01EE820A80ED0A0A90EDD3
:10A240000D0A80ED0E0A90ED0C0A80ED0D0A90EDDE
:10A250000F0AD0ED101A30EE610A80ED0C0A90ED75
:10A26000030AD0ED0C1A20EE210A80ED0B0A90EDC6
:10A270000A0AD0ED051AB4EEE10AF1EE10FA04DD97
:10A2800090ED050A80ED0A0A10E090ED0A0AD0ED83
:10A29000051AF1EE611AB4EEE10AF1EE10FA05D2F8
:10A2A00090ED050AB1EE400A80ED0A0A90ED090A28
:10A2B000D0ED0A1A30EE210AD0ED0B1A30EE210A49
:10A2C00080ED080A90ED080AD0ED041AB4EEE10A18
:10A2D000F1EE10FA04DD90ED040A80ED080A76E054
:10A2E00090ED080AD0ED041AF1EE611AB4EEE10A1D
:10A2F000F1EE10FA6BD290ED040AB1EE400A80ED57
:10A30000080A64E0FFE70178012960D190ED0F0AA7
:10A31000D0ED101A30EE610AD0ED011A20EE210ABC
:10A3200080ED090A90ED020AD0ED0F1A20EE210A05
:10A3300080ED0A0A90ED0D0A80ED0E0A90ED0C0AF0
:10A3400080ED0D0A90ED0F0AD0ED101AB0EE002A44
:10A3500002EE610AD0ED111A30EE210A80ED0C0AEE
:10A3600090ED030AD0ED0C1A20EE210A80ED0B0AC5
:10A3700090ED090AD0ED0A1A30EE210AD0ED0B1A41
:10A3800030EE210AD0ED081A30EE210A80ED080ADD
:10A3900090ED080AD0ED041AB4EEE10AF1EE10FADD
:10A3A00004DD90ED040A80ED080A10E090ED080A43
:10A3B000D0ED041AF1EE611AB4EEE10AF1EE10FAF2
:10A3C00005D290ED040AB1EE400A80ED080A90ED46
:10A3D000080A0EE70000000000B102B970470170E2
:10A3E00092ED001A80ED011A92ED011A80ED021A29
:10A3F00092ED021A80ED031A80ED040AC0ED050A01
:10A400009FED0C1A80ED0E1A80ED0D1A80ED0C1ADE
:10A410009FED081A80ED081A80ED0B1A80ED0A1ADC
:10A4200080ED091A80ED111A80ED101A80ED0F1AD7
:10A4300000BFD3E70000000010B5234B1B685B6929
:10A4400043F04003204C246863611F4B1B68DB68AA
:10A4500043F010031C4C2468E3601C4B1B681B6812
:10A4600023F00103194C2468236007E0174B1B6895
:10A470001B6823F00103154C24682360134B1B68F1
:10A480001B6803F00103002BF0D1114B0F4C246823
:10A49000A3600E4B1B68D8600C4B1B6819610B4BFB
:10A4A0001B685A60094B1B681B6843F48023074CE8
:10A4B00024682360054B1B681B6843F00103034CB1
:10A4C0002468236010BD00002814002028150020F7
:10A4D0000414014010B50020CF49087017E0CE48A1
:10A4E000007800EB800101EBC000CC490844007902
:10A4F000C00938B10020CA490880CA490880CA4941
:10A50000087010BDC4480078401CC3490870C24898
:10A5100000780528E3DBC448007878B9C148008892
:10A52000B0F5FA6F0ADD06F029FFC0490860012086
:10A53000BD4908700020BB4908804FE0BA48007848
:10A54000022813D1B7480088B0F5FA6F0EDD00205D
:10A55000B5490870B3490880B048407C20F08000BD
:10A560008030AE49487403F059F937E0AE480078BE
:10A5700003281DD1AB480088B0F5FA6F18DD002024
:10A58000A9490870A7490880A448807F20F080006E
:10A590008030A24988772820A549C870084690F9DC
:10A5A00003002D2801DD2D20C87003F037F915E0D8
:10A5B0009D480078042811D19A480088B0F5FA6FB8
:10A5C0000CDD00209849087096490880F7F798FA42
:10A5D000F7F796FAF7F794FA03F020F99548006830
:10A5E000B0F9000010F5167F27DA92480068B0F93C
:10A5F000020010F5167F20DA8E480068B0F90400DA
:10A60000B0F5167F19DD8B480068B0F9060010F52B
:10A61000167F12DA87480068807A02280DD18548B3
:10A620000068C07A022808D17F48007828B97D48A0
:10A630000088401C7B49088098E07E480068B0F99B
:10A640000000B0F5167F2ADD7A480068B0F90200F4
:10A65000B0F5167F23DD77480068B0F9040010F5E7
:10A66000167F1CDA73480068B0F90600B0F5167F53
:10A6700015DD70480068807A022810D16D480068A6
:10A68000C07A02280BD16848007840B1654800883C
:10A69000401C6449088002206349087066E06548F0
:10A6A0000068B0F90000B0F5167F2ADD6148006847
:10A6B000B0F9020010F5167F23DA5E480068B0F9A1
:10A6C000040010F5167F1CDA5A480068B0F906003D
:10A6D00010F5167F15DA57480068807A022810D1E5
:10A6E00054480068C07A02280BD14F48007840B126
:10A6F0004C480088401C4B49088003204A49087098
:10A7000034E04C480068B0F9000010F5167F2ADAF2
:10A7100048480068B0F90200B0F5167F23DD4548CF
:10A720000068B0F90400B0F5167F1CDD41480068F0
:10A73000B0F90600B0F5167F15DD3E480068807A56
:10A74000022810D13B480068C07A02280BD1364855
:10A75000007840B133480088401C3249088004200A
:10A760003149087002E000202E49088006F006FEFC
:10A7700031490860084600682C490968401A44F6C7
:10A780002061884203D9002027490870B9E62A4889
:10A79000006826490968401A42F2107188420BD9B4
:10A7A0002248006840B12048007828B144F61F6173
:10A7B0001F2003F03BF810E01F4800681B490968A0
:10A7C000401A0AD01948006838B11748007820B1FB
:10A7D00042F210715F2003F029F81348007820B18D
:10A7E0000F480088401C0E4908800D480088B0F5CD
:10A7F000C87F05DD0C48007810B1002008490880AA
:10A8000007480088C82804DD0748007808B103F02D
:10A8100005F800BF75E60000750100202434002013
:10A820007C0100207E0100208001002078010020B2
:10A8300038010020340100207001002070B504466A
:10A840002068C16811F0400F17D14FF0FF31C1608F
:10A85000F9F776FA05462068C06810F0400F0CD171
:10A86000F9F76EFA401BB0F57A7F01D9032070BD6D
:10A870002068C06810F0400FF2D0002070BD0000CA
:10A8800010B582B004461548DFF854C00068B0FB2C
:10A89000FCF04FF47A7C00FB0CF001906068B0F59E
:10A8A000827F0ED10B46009200228021204600F0CC
:10A8B00019F880B1606D40F02000606502B003209F
:10A8C00010BD019838B10198401E01902068806841
:10A8D00010F0800FF5D102B0002010BD90000020D4
:10A8E00000366E012DE9F0410446069E8846174663
:10A8F0001D462068806838EA000016D00020B84263
:10A9000010D0B5F1FF3F05D0F9F71AFA801BA84225
:10A910000DD265B12068806838EA000033D000208D
:10A92000B842EED10020BDE8F0810120E7E72068C1
:10A93000416821F0E00141606068B0F5827F0BD191
:10A94000A068B0F5004F02D0B0F5806F04D1206848
:10A95000016821F040010160A06AB0F5005F09D1F3
:10A960002068016821F4005101602068016841F409
:10A9700000510160012084F85100002084F850004B
:10A980000320BDE8F0810120CAE704E000F0E2FC0A
:10A99000052004F04BFEF9E710B5F9F7A7FB06F028
:10A9A000DFFC012801D006F0D9F910BD00B597B041
:10A9B00030210BA8F6F78CFB142106A8F6F788FBCC
:10A9C0000020029003900490059000BF0190294858
:10A9D000006840F08050274908600846006800F091
:10A9E0008050019000BF00BF00BF002001902248AE
:10A9F000006840F48040204908600846006800F480
:10AA00008040019000BF00BF01200B9000040C901B
:10AA1000022011904105129106211391A821149151
:10AA200002211591072116910BA8FAF7F5FA08B142
:10AA3000F7F754FE0F2006900220079000200890A0
:10AA40004FF4A05009904FF480500A90052106A8B9
:10AA5000FAF7CAF908B1F7F741FE02200290074859
:10AA6000059002A8FAF702F908B1F7F737FE17B018
:10AA700000BD0000403802400070004000031E008E
:10AA80001448006840F470001249086012480068D9
:10AA900040F001001049086000200F4908310860AB
:10AAA0000D4800680D4908400B4908600C48091D15
:10AAB0000860081F006820F48020091F086000203B
:10AAC00005490C3108604FF0006002498039086088
:10AAD0007047000088ED00E000380240FFFFF6FEFE
:10AAE0001030002410B50248FBF762F910BD0000D9
:10AAF00028120020F0B402682C4B2D4C2D4D2E4E08
:10AB0000DFF8B8C098420AD0B0F1804F07D0A04219
:10AB100005D0A84203D0B04201D0604503D122F055
:10AB200070024F683A43984228D0B0F1804F25D048
:10AB3000A04223D0A84221D0B0421FD060451DD0F2
:10AB4000A0F18044B4F5A03418D0A0F18044B4F54D
:10AB5000A23413D0A0F18044B4F5A4340ED0A0F1F7
:10AB60008044B4F5C05409D0A0F18044B4F5E05459
:10AB700004D0A0F18044B4F5005403D122F4407213
:10AB8000CC6822434C6922F08002224302608A682A
:10AB9000C2620A688262984201D0604501D10969A7
:10ABA000016301214161F0BC7047000000000140D9
:10ABB0000004004000080040000C00400004014078
:10ABC00001F01F0101238B40D0F820C02CEA0303C1
:10ABD0000362036A02FA01F1194301627047D0F877
:10ABE00008C02CF47F4C42EA0322114341EA0C01D5
:10ABF00081607047826822F07002114341F00701C2
:10AC00008160704770B4026A22F001020262036A36
:10AC10004268D0F818C02CF0700C2CF0030C0C68B3
:10AC200044EA0C0C23F002038C6823430F4C104DB4
:10AC3000A04201D0A84205D123F00803CE683343D7
:10AC400023F00403A04201D0A84207D122F480726D
:10AC500022F400724C6922438C6922434260C0F89E
:10AC600018C049684163036270BC7047000001402E
:10AC70000004014070B4026A22F010020262036A0A
:10AC80004268D0F818C02CF4E04C2CF4407C0C68DE
:10AC90004CEA042C23F020038C6843EA0413114C83
:10ACA000114DA04201D0A84206D123F08003CE6806
:10ACB00043EA061323F04003A04201D0A84209D181
:10ACC00022F4806222F400624C6942EA84028C69B8
:10ACD00042EA84024260C0F818C049688163036296
:10ACE00070BC7047000001400004014070B4026A6B
:10ACF00022F480720262036A4268D0F81CC02CF011
:10AD0000700C2CF0030C0C6844EA0C0C23F4007358
:10AD10008C6843EA0423114C114DA04201D0A84293
:10AD200006D123F40063CE6843EA062323F480634C
:10AD3000A04201D0A84209D122F4805222F400524C
:10AD40004C6942EA04128C6942EA04124260C0F87B
:10AD50001CC04968C163036270BC704700000140B9
:10AD60000004014010B4026A22F480520262D0F85A
:10AD700020C04268C36923F4E04323F440730C68A5
:10AD800043EA04232CF4005C8C684CEA043CA0F1F8
:10AD90008044B4F5803404D0A0F18044B4F582340A
:10ADA00004D122F480424C6942EA84124260C361B9
:10ADB00049680164C0F820C010BC70470368DB6AB2
:10ADC000934202D20368DB6A9AB231B1042907D0F8
:10ADD000082908D00C290CD108E003685A6308E060
:10ADE00003689A6305E00368DA6302E003681A64A3
:10ADF00000BF00BF7047036AD0F820C02CF0010CE0
:10AE0000C0F820C0D0F818C02CF0F00C4CEA0212A8
:10AE100023F00A031943826101627047036A23F039
:10AE200010030362D0F818C0036A2CF4704C4CEA8B
:10AE3000023223F0A00343EA0111826101627047EC
:10AE400010B5806B0021C185C184FBF77BFA10BD72
:10AE50000168CA6822F49072CA6001684A6922F0E7
:10AE600001024A61202180F83A10704710B501684C
:10AE7000CA6822F04002CA60202180F83910FBF72E
:10AE800022FD002010BD10B590F83A10222901D003
:10AE9000022010BD8168B1F5805F11D0016919B33E
:10AEA0000168496801F07F02816A4B1C83620A7065
:10AEB000C18D491E0904090CC1851CD0002010BD9C
:10AEC000816A02693AB102685268D2B20A80816A24
:10AED000491C8162ECE702685268C2F308020A80EA
:10AEE000816A891C8162E3E701684A68816A4B1CB8
:10AEF00083620A70DCE70168CA6822F02002CA6037
:10AF00000168CA6822F48072CA6001684A6922F046
:10AF100001024A61202180F83A10FBF765FC00200D
:10AF200010BD00002DE9F041044620680169E26887
:10AF300021F44051114301612169A068E26908438D
:10AF40006169114301432068C26822F4037222F44C
:10AF500014421143C16020684169A26921F4407123
:10AF600011434161E069BC4ABC49BD4D3226B0F590
:10AF7000004F5ED02068884202D0904240F012819B
:10AF8000FAF702F800EBC00101EB001061688900DC
:10AF9000B0FBF1F7F9F7F8FF00EBC00101EB00108F
:10AFA00061688900B0FBF1F0A5FB001040096FF06B
:10AFB0001801484307EB800006EB0010A5FB0010CA
:10AFC000400900F0F007F9F7DFFF00EBC00101EBEB
:10AFD000001061688900B0FBF1F0A5FB001040098A
:10AFE00007EB0017F9F7D0FF00EBC00101EB0010F1
:10AFF00061688900B0FBF1F8F9F7C6FF00EBC0010A
:10B0000001EB001061688900B0FBF1F0A5FB0010B6
:10B0100040096FF01801484308EB800006EB001070
:10B02000A5FB00102168C0F3431038448860BDE8D8
:10B03000F0812068884201D0904259D1F9F7A4FFED
:10B0400000EBC00101EB001061684900B0FBF1F0BA
:10B05000A5FB001040090701F9F796FF00EBC001BE
:10B0600001EB001061684900B0FBF1F8F9F78CFFC3
:10B0700000EBC00101EB001061684900B0FBF1F08A
:10B08000A5FB001040096FF01801484308EB800051
:10B0900006EBC000A5FB0010400900F0F80007EB2C
:10B0A0004007F9F771FF00EBC00101EB0010616888
:10B0B0004900B0FBF1F8F9F767FF00EBC00101EBC5
:10B0C000001061684900B0FBF1F0A5FB00104009D9
:10B0D0006FF01801484308EB800006EBC000A5FBA9
:10B0E00000102168C0F3421038448860BDE8F08148
:10B0F000F9F73AFF00EBC00101EB0010616849006D
:10B10000B0FBF1F0A5FB001040090701F9F72CFF97
:10B1100000EBC00101EB001061684900B0FBF1F8E1
:10B12000F9F722FF00EBC00101EB00106168490054
:10B13000B0FBF1F0A5FB001040096FF01801484387
:10B1400008EB800006EBC000A5FB0010400900F0F2
:10B15000F80007EB4007F9F707FF00EBC00101EB30
:10B16000001061684900B0FBF1F8F9F7FDFE00EB53
:10B17000C00101EB001061684900B0FBF1F0A5FBD4
:10B18000001040096FF01801484308EB800006EBFF
:10B19000C000A5FB00102168C0F34210384488604D
:10B1A000BDE8F081F9F7E0FE00EBC00101EB001013
:10B1B00061688900B0FBF1F7F9F7D6FE00EBC0013A
:10B1C00001EB001061688900B0FBF1F0A5FB0010F5
:10B1D00040096FF01801484307EB800006EB0010B0
:10B1E000A5FB0010400900F0F007F9F7BDFE00EBE9
:10B1F000C00101EB001061688900B0FBF1F0A5FB14
:10B200000010400907EB0017F9F7AEFE00EBC00194
:10B2100001EB001061688900B0FBF1F8F9F7A4FEBA
:10B2200000EBC00101EB001061688900B0FBF1F098
:10B23000A5FB001040096FF01801484308EB80009F
:10B2400006EB0010A5FB00102168C0F34310384442
:10B250008860BDE8F081000000140140001001404A
:10B260001F85EB5190F83910212901D00220704739
:10B270008168B1F5805F0CD0016A4A1C02620268E5
:10B2800009785160C18C491E0904090CC18410D091
:10B2900019E0016A02680988C1F308015160016977
:10B2A00019B1016A491C0162ECE7016A891C01625B
:10B2B000E8E70168CA6822F08002CA600068C168D5
:10B2C00041F04001C160002070472DE9F041044683
:10B2D000069D884617461E462068006838EA00002A
:10B2E00020D00020B84227D1B5F1FF3F1CD025B1B6
:10B2F000F8F726FD801BA84216D92068C16821F402
:10B30000D071C1602068416921F0010141612020B4
:10B3100084F8390084F83A00002084F838000320CB
:10B32000BDE8F0810120DDE72068006838EA000010
:10B3300005D00020B842D7D00020BDE8F081012020
:10B34000F8E7000010B50248FAF7FEFF10BD000054
:10B35000A813002070B50B4800680B490968401A13
:10B36000052800D270BD02F02FFC0648006806498F
:10B370000860064D2B2421462846F6F75FFC00BFE7
:10B38000F0E70000D8050020100200201E38002041
:10B3900008B544480068006800F0200060B100BFB4
:10B3A000002000903F480068006800903D48006819
:10B3B0004068009000BF74E03B48006800F0100057
:10B3C00000286ED000BF002000903648006800685A
:10B3D0000090344800684068009000BF00BF3348C8
:10B3E0000068006800F4002070BB30480068006806
:10B3F00020F001002D49096808602C480068406869
:10B40000C0F12A002A4908802A2028490968486092
:10B4100026480068006840F4002024490968086054
:10B4200022480068006840F001002049096808606F
:10B430001F480088152834D11E491F4804F0D2FE49
:10B44000002002F065FC2CE018480068006820F03D
:10B450000100164909680860144800684068C0F196
:10B460002A00134908802A201049096848601348B7
:10B47000806A20F40020114988620C480068006846
:10B4800040F001000949096808600948008815284A
:10B4900007D1084908482A3004F0A4FE002002F031
:10B4A00037FC08BD28140020001401402815002096
:10B4B000CC010020BC350020D635002000600240C1
:10B4C00070B5D0F89022D0F89842002A1CD001EB39
:10B4D000810300EB830C0025DCF81C304BB1C1EB81
:10B4E000C10604EB8604646CB3FBF4F604FB16336C
:10B4F0001BB1C2F81452002070BDCCF81C500023C0
:10B500001A4600F0B4FDF6E7022070BD70B505469E
:10B51000D5F89042284600F072FCC4F80C02D5F829
:10B52000900248B1D5F89412D4F80402CA6804F520
:10B5300003719047002070BD022070BD70B50446B5
:10B5400000268121204600F08AFB0025E5620121CA
:10B55000204600F084FBC4F858518221204600F0B8
:10B560007EFB2564D4F8900248B1D4F89402406878
:10B570008047D4F89002F5F76CFCC4F8905230463E
:10B5800070BD10B5D0F89042D0F8941200290BD0BD
:10B5900094F80002FF2807D08B6894F80122214616
:10B5A0009847FF2084F80002002010BD0A21018086
:10B5B000004870475406002043210180004870472E
:10B5C000A406002043210180004870476006002047
:10B5D0004321018000487047E806002070B504460A
:10B5E0000026207C0125002831D040230222812121
:10B5F000204600F061FCE562402302220121204642
:10B6000000F05AFCC4F85851082303228221204636
:10B6100000F052FC25644FF40770F5F7EBFBC4F81B
:10B62000900230B30546D4F89402006880470020A9
:10B63000C5F81402C5F81802207CE0B140230121AE
:10B640002046D5F8042200F04FFC304670BD4FF480
:10B65000007302228121204600F02EFCE5624FF4A7
:10B66000007302220121204600F026FCC4F8585144
:10B67000CAE70126E9E74FF4007301212046D5F817
:10B68000042200F031FCE0E710B5D0F89012002958
:10B6900011D0027C3AB1D1F804224023012100F0FC
:10B6A00023FC002010BDD1F804224FF400730121C7
:10B6B00000F01AFCF5E7022010BD02460220002926
:10B6C00002D0C2F8941200207047D0F89002C0F85F
:10B6D000041200207047D0F89002C0F80812C0F899
:10B6E000102200207047F0B583B005460C46D5F80F
:10B6F00090720020029001900026207810F06001E6
:10B700002ED0202907D02146284600F0A5F8022691
:10B7100003B03046F0BDE288D2B110F0800F0BD0FC
:10B72000D5F8941260788B6839469847E288394694
:10B73000284600F0B7F8EBE7607887F80002A079B8
:10B7400087F80102E2883946284600F091F8DFE7E1
:10B75000D5F89412607800228B6821469847D7E785
:10B76000607848B10A2817D00B2825D021462846F2
:10B7700000F072F80226CBE795F87402032805D092
:10B780002146284600F068F80226C1E7022201A9F6
:10B79000284600F087F8BBE795F87402032805D027
:10B7A0002146284600F058F80226B1E7012202A9F6
:10B7B000284600F077F8ABE795F874020328A7D085
:10B7C0002146284600F048F80226A1E710B5D0F837
:10B7D0009012002914D0D1F814220AB1012010BD12
:10B7E0000122C1F81422D1F810220263B1F810220C
:10B7F00093B2D1F80822812100F039FC002010BD5D
:10B80000022010BD10B5D0F88C225268904700205D
:10B8100010BD90F87422012A05D0022A03D0032A11
:10B8200001D000F019B84988012904D10021C0F8DD
:10B830007C1200F044B8704710B513460A46002148
:10B8400000F052FB002010BD10B513460A4600213F
:10B8500000F00DFC002010BD10B5044680212046EC
:10B8600000F0DAFB2046BDE81040002100F0D4BB18
:10B8700010B50323C0F86C32C0F84821C0F84C2141
:10B8800013460A46002100F02FFB002010BD10B522
:10B890000521C0F86C1200231A46194600F024FB5B
:10B8A000002010BD10B50223C0F86C32C2610262E4
:10B8B00013460A46002100F0DAFB002010BD10B547
:10B8C0000421C0F86C1200231A46194600F0CFFB81
:10B8D000002010BD70B505460C462DB9224606491C
:10B8E00006A000F05BF904E02246034903A000F043
:10B8F00055F9014870BD00008C1C002043444320D2
:10B90000436F6E6669670000024612200880014896
:10B91000704700004C00002070B505460C462DB95C
:10B920002246064906A000F039F904E02246034900
:10B9300003A000F033F9014870BD00008C1C00200A
:10B9400043444320496E746572666163650000007C
:10B950000246042008800148704700006000002073
:10B9600070B505460C462246024903A000F016F9C0
:10B97000004870BD8C1C002053544D6963726F6584
:10B980006C656374726F6E696373000070B5054611
:10B990000C462DB92246064906A000F0FFF804E047
:10B9A0002246034903A000F0F9F8014870BD0000E9
:10B9B0008C1C002053544D333220566972747561CB
:10B9C0006C20436F6D506F727400000070B50546B7
:10B9D0000C461A202080F6F7A1FF014870BD000038
:10B9E00064000020CA88012A01D0FFF735BF90F813
:10B9F0007422012A05D0022A03D0032A08D0FFF7B7
:10BA00002BBF00218160012200F10801FFF74ABF2E
:10BA10000122011DFFF746BFF8B504460D466888B0
:10BA2000010A082972D2DFE801F08D040C1F8D8D08
:10BA30005C6AD4F88812207C0A68694690470146FF
:10BA40006DE0207C022638B1D4F88C02C16A6846C9
:10BA5000884701464E7062E0D4F88C02816A6846DD
:10BA6000884701464E705AE0C0B2062834D2DFE85B
:10BA700000F0030B131B232BD4F88812207C4A6898
:10BA80006946904701464AE0D4F88812207C8A68CB
:10BA900069469047014642E0D4F88812207CCA6883
:10BAA0006946904701463AE0D4F88812207C0A693A
:10BAB00069469047014632E0D4F88812207C4A69F2
:10BAC0006946904701462AE0D4F88812207C8A69AA
:10BAD00069469047014622E029462046FFF7BCFE12
:10BAE000F8BD207C20B129462046FFF7B5FEF8BD01
:10BAF000D4F88C02416B6846884701460FE0207CF1
:10BB000028B129462046FFF7A7FEF8BD1AE0D4F871
:10BB10008C02016B68468847014607204870BDF8D3
:10BB2000000040B1EA8832B1824200D90246009258
:10BB30002046FFF7B7FEE8880028E6D12046FFF749
:10BB4000BEFEF8BD29462046FFF786FEF8BD00215F
:10BB50000278002A05D0491CC9B2401C0278002A8C
:10BB6000F9D10846704790F87422012A05D0022ABC
:10BB700003D0032A01D0FFF76FBECA88022A01D082
:10BB8000FFF76ABE0121C160D0F87C1209B1032120
:10BB9000C160022200F10C01FFF784BE70B50446BB
:10BBA0000D461646002C1AD02046FFF7D0FF022182
:10BBB00001EB40003080307828700321022069704A
:10BBC000217800290BD0002214F8013B411CC9B296
:10BBD0002B54481CC0B26A5421780029F4D170BD9E
:10BBE0000146002031B1012906D0022906D00329DF
:10BBF00008D105E0002007E0022005E0012003E075
:10BC0000022001E0022000BF00BF704710B50028ED
:10BC100010D0D0F88C3213B10023C0F88C3209B1A7
:10BC2000C0F88812012180F87412027000F0F0F858
:10BC3000002010BD022010BD2DE9F04104460D4644
:10BC4000002600272946D4F89802F8F78EFB06460E
:10BC50003046FFF7C5FF07463846BDE8F0812DE9BD
:10BC6000F04104460D46002600272946D4F89802E4
:10BC7000F8F756FB06463046FFF7B2FF0746384650
:10BC8000BDE8F08170B504469446002909D0D4F887
:10BC90008C0242691AB194F87402032859D0022028
:10BCA00070BD04F11400D4F86C120025022904D0F0
:10BCB000042940D000293ED041E0C36801698B428D
:10BCC0000DD9591AC1608AB261462046FFF7BCFD02
:10BCD00000231A461946204600F006F92FE0806836
:10BCE000B0FBF1F201FB12029AB9884211D3D4F8E9
:10BCF000701288420DD2002211462046FFF7A4FDA3
:10BD0000C4F8705200231A461946204600F0ECF899
:10BD100015E0D4F88C02C16829B194F874020328A4
:10BD200001D1204688478021204600F075F9204641
:10BD3000FFF7ADFD03E08021204600F06DF994F897
:10BD40007802012807D1204600F0C6F984F878521D
:10BD500001E020469047002070BD10B5044608461B
:10BD60001146002809D0D4F88C128A691AB194F8C7
:10BD70007412032931D0022010BD04F5A070D4F84C
:10BD80006C32032B02D0052B1FD029E0D0F810C055
:10BD9000C36863450BD9A3EB0C03C36000698342FE
:10BDA00000D303469AB22046FFF746FD18E0D4F8C8
:10BDB0008C02016929B194F87402032801D120464C
:10BDC00088472046FFF77BFD0AE00020C4F86C029C
:10BDD0000021204600F020F902E00146204690476D
:10BDE000002010BD0020704710B5012180F87412AA
:10BDF000D0F88C22017952689047002010BD70B5B0
:10BE000004460D462946D4F89802F8F7DCFA70BDCE
:10BE100010B50446207800282AD11648C0F80444FA
:10BE2000C4F898024FF0A04012490860042048600E
:10BE300002211048C16000210161022181610021BD
:10BE4000C16101624162C1620163F8F79CFD08B102
:10BE5000F6F744FC80210748F8F70BFA402200214E
:10BE60000448F8F70AFA802201210248F8F705FA97
:10BE7000002010BD8418002010B50246D2F8983278
:10BE800001F08000802809D101F07F00C0EBC004E0
:10BE900003F13C0000EB8400807810BD01F07F00CE
:10BEA000C0EBC00403F5FE7000EB84008078F4E77B
:10BEB00000207047002070472DE9F04704460F46E8
:10BEC00015461E464FF00008C1462B4632463946FD
:10BED000D4F89802F8F780FA80464046FFF780FED3
:10BEE00081464846BDE8F0872DE9F04704460D46F7
:10BEF00016461F464FF00008C1463B4632462946CB
:10BF0000D4F89802F8F796FA80464046FFF768FEA4
:10BF100081464846BDE8F08770B5044600224023BC
:10BF200011462046FFF7C8FF0125C4F844514026BA
:10BF3000C4F850614023002280212046FFF7BCFF57
:10BF4000A561666284F874520020C4F86C026060D7
:10BF5000C4F87C02D4F8900228B1D4F88C020021F5
:10BF6000426820469047002070BD90F8751280F816
:10BF700074120020704710B590F87412032904D190
:10BF8000D0F88C12C96901B18847002010BD017436
:10BF9000002070472DE9F04104460D460026002799
:10BFA0002946D4F89802F8F709FE06463046FFF70E
:10BFB00017FE07463846BDE8F08110B5044604F583
:10BFC000207000F06CF80120C4F86C02B4F886020E
:10BFD000C4F8700294F8801211F01F000AD00128F2
:10BFE0000ED0022812D001F08001204600F014F893
:10BFF000002010BD04F52071204600F01AF9F7E783
:10C0000004F52071204600F04CFAF1E704F52071A8
:10C01000204600F04EF9EBE72DE9F04104460D46CD
:10C02000002600272946D4F89802F8F726FA064693
:10C030003046FFF7D5FD07463846BDE8F08170B5BC
:10C04000044600250026D4F89802F8F7D4FD0546EA
:10C050002846FFF7C5FD0646304670BD90F87412BD
:10C0600080F87512042180F87412002070472DE9C1
:10C07000F04704460D4616461F464FF00008C146DD
:10C080003B4632462946D4F89802F8F730FA804603
:10C090004046FFF7A5FD81464846BDE8F0870A788F
:10C0A00002704A7842708A78CB7802EB0322428091
:10C0B0000A794B7902EB032282808A79C97902EBF3
:10C0C0000121C180704702460020002902D0C2F839
:10C0D0008C127047022070470020704770B50446EC
:10C0E0008888002821D1C888F8B9488880281CD2BF
:10C0F00000F07F0594F8740203280DD084F876527E
:10C1000029462046FFF746FF2046FFF7D8FB45B1FA
:10C11000022084F8740270BD2046BDE87040FFF72D
:10C120009BBB012084F8740270BD2046BDE87040BE
:10C13000FFF792BB10B50224D0F88C22002A03D05E
:10C140001268904700B90024204610BD70B504461F
:10C150000D46304EA9783170012905D9294620466F
:10C16000BDE87040FFF778BB94F8740202280BD04A
:10C17000032823D029462046FFF76EFB317820465E
:10C18000BDE87040FFF73EBB99B16160032084F8C1
:10C1900074022046FFF7CEFF022804D02046BDE8F7
:10C1A0007040FFF78CBB29462046BDE87040FFF782
:10C1B00053BB2046BDE87040FFF781BB91B160687A
:10C1C000884221D0C1B22046FFF71CFB3178616064
:10C1D0002046FFF7AFFF022810D02046BDE8704090
:10C1E000FFF76DBB022084F8740261602046FFF700
:10C1F00009FB2046BDE87040FFF761BB2946204699
:10C20000BDE87040FFF728BB2046BDE87040FFF74F
:10C2100056BB0000500600204988012903D1C0F810
:10C220007C12FFF74CBB704710B5FFF708FF0020EA
:10C2300010BD10B503460024087810F060020ED03F
:10C24000202A06D0402A04D01846FFF705FB2046D6
:10C2500010BDD3F88C02826818469047F7E74878FB
:10C260000A2822D2DFE800F0151D21192109052135
:10C27000110D1846FFF7D0FBE9E71846FFF72EFF30
:10C28000E5E71846FFF762FFE1E71846FFF7AAFB6C
:10C29000DDE71846FFF767FCD9E71846FFF7BCFF54
:10C2A000D5E71846FFF7B5FAD1E71846FFF7D4FAF5
:10C2B000CDE72DE9F04104460846002601790378D0
:10C2C00013F0600211D0202A08D0402A06D001467F
:10C2D0002046FFF7C1FA3046BDE8F081D4F88C1251
:10C2E0008A68014620469047F5E703F06002202A5D
:10C2F0000BD04278002A61D0012A37D0032A0CD013
:10C3000001462046FFF7A8FAE5E7D4F88C128A68C0
:10C3100001462046BDE8F041104794F87422022AF5
:10C3200006D0032A14D001462046FFF795FAD2E73B
:10C3300049B1802907D02046FFF76EFE80212046B4
:10C34000FFF76AFEC7E701462046FFF785FAC2E716
:10C3500042883AB931B1802904D0C08810B920464A
:10C36000FFF75AFE2046FFF7AAFAB4E794F87422C2
:10C37000022A06D0032A14D001462046FFF76CFAA1
:10C38000A9E749B1802907D02046FFF745FE802163
:10C390002046FFF741FE9EE701462046FFF75CFA84
:10C3A00099E74088002896D111F07F0F02D02046EF
:10C3B000FFF742FC2046FFF782FA8CE794F87422DC
:10C3C0000027022A06D0032A26D001462046FFF77E
:10C3D00043FA80E731B1802904D001462046FFF7B7
:10C3E0003BFA78E711F0800F08D001F07F0000EBF6
:10C3F000800004EB800000F1140107E001F07F00F1
:10C4000000EB800004EB800000F5A0710F600222B9
:10C410002046FFF747FA5EE711F0800F0CD001F0DD
:10C420000F0202EB820204EB820292696AB90146B2
:10C430002046FFF711FA4EE701F00F0202EB8202ED
:10C4400004EB8202D2F844215AB111F0800F0DD0D2
:10C4500001F07F0000EB800004EB800000F1140588
:10C460000CE001462046FFF7F7F934E701F07F00C2
:10C4700000EB800004EB800000F5A07541B180293D
:10C4800006D02046FFF7F8FC20B10120286002E02A
:10C490002F6000E02F60022229462046FFF702FAB3
:10C4A00019E770B505460C46207810F0600209D0F7
:10C4B000202A07D0402A05D021462846FFF7CCF98C
:10C4C000002070BD95F87422012A08D0022A06D0F7
:10C4D000032A04D021462846FFF7BEF9F0E7207969
:10C4E00001280ED8D5F88C0221468268284690474C
:10C4F000E1880029E4D10028E2D12846FFF7DFF9DE
:10C50000DEE721462846FFF7A7F9D9E710B40A78F5
:10C510004C784FF0010C02F00F030CFA03F3012CDE
:10C520000DD0D0F81CC84CEA0343C0F81C3800EB0F
:10C530004210D0F8002B12F4004F22D02EE0D0F899
:10C540001CC89BB24CEA0303C0F81C3800EB421035
:10C55000D0F8003913F4004F20D1D0F80039B1F8E9
:10C5600008C0C978CCF30A0C890443EA0C0341EAF9
:10C570008251194341F4004141F08051C0F8001943
:10C580000CE0D0F8002B0B89C978C3F30A031A43D7
:10C59000044B43EA81411143C0F8001B10BC00204A
:10C5A0007047000000800010D0F800196FF30A01F6
:10C5B000C0F80019D0F8081801F00601042905D1C7
:10C5C000D0F8001941F00301C0F80019D0F80418A0
:10C5D00041F48071C0F80418002070470FB410B502
:10C5E0000446089801281AD0E06840F04000E06056
:10C5F000204600F033F80C9951B3A16B21F480313F
:10C60000A1630699012907D1A16841F00601A16043
:10C61000A16841F02001A16010BC5DF814FBA06B83
:10C6200020F48030A063E06820F0400020F4840013
:10C63000E060E06820F44010E0600F98012803D12A
:10C64000E06840F48010E060204600F007F8D8E78A
:10C65000A16B41F48031A163D3E7000000210D4AB2
:10C66000491C914201D903207047036913F0004F20
:10C67000F6D00021036943F001030361491C914294
:10C6800001D903207047036913F0010FF6D1002090
:10C6900070470000400D030010B40A784C784FF04A
:10C6A000010C02F00F030CFA03F3012C1BD0D0F89D
:10C6B0003C4824EA0343C0F83C38D0F81C380978D9
:10C6C00001F00F010CFA01F123EA0141C0F81C1836
:10C6D00000EB4210D0F8001B114A1140C0F8001BBB
:10C6E00010BC00207047D0F83C489BB224EA0303FA
:10C6F000C0F83C38D0F81C38097801F00F010CFA6A
:10C7000001F189B223EA0101C0F81C1800EB4210C4
:10C71000D0F80019034A1140C0F80019E0E7000002
:10C720000078F3EF007833EC10B5D0F8041821F05E
:10C730000201C0F804180320F7F710F9002010BD1B
:10C7400010B5D0F8041841F00201C0F80418032015
:10C75000F7F704F9002010BD0FB4F0B5044600252A
:10C760000020002604EB8001C1F80461401C0F2862
:10C77000F8D3109800283AD0206820F400112160E6
:10C78000A06B40F40021A163C4F8006ED4F8001837
:10C79000C4F800180B98012836D00321204600F079
:10C7A00084FB1021204600F0F1FA00B1012520465B
:10C7B00000F0DAFA00B10125C4F81068C4F8146872
:10C7C000C4F81C68002006994FF000634FF0904CAD
:10C7D0004FF67F37002930D904EB4011D1F80029FA
:10C7E00012F0004F1FD0D8B1C1F800C91DE0A06BF6
:10C7F00040F40011A163A06B20F40021A163A06BA1
:10C8000020F48021A163BFE7089820B101212046D0
:10C8100000F04BFBC5E70021204600F046FBC0E7D7
:10C82000C4F8003901E0C1F80069C1F81069C1F825
:10C830000879401C06998142CED80020069900292B
:10C8400017D904EB4011D1F8002B12F0004F06D09D
:10C8500010B1C1F800CB04E0C4F8003B01E0C1F81E
:10C86000006BC1F8106BC1F8087B401C069981422F
:10C87000E7D8D4F8100820F48071C4F8101809988B
:10C8800001280AD11549C4F83018D4F8300840F00E
:10C89000030141F48031C4F83018A6616FF0804084
:10C8A0006061099818B9A06940F01000A061A06902
:10C8B0000B490843A0610C9818B1A06940F008002A
:10C8C000A0611098012805D1A06940F0040040F053
:10C8D0008040A0612846F0BC5DF814FB0001800098
:10C8E00000383C80816821F00101816000207047A0
:10C8F00030B491F800C04C780B78012C00EB431356
:10C9000022D0D3F8100B6FF31200C3F8100BD3F83A
:10C91000100B6FF3DC40C3F8100B486908B188684E
:10C920004861D3F8100B40F40020C3F8100BD3F883
:10C93000100BD1F808C0CCF3120C40EA0C00C3F87D
:10C94000100B012A5CD05FE04C69B4B3D3F81049F6
:10C950006FF31204C3F81049D3F810496FF3DC44A5
:10C96000C3F810494D698C68A54200D94C61D3F8D1
:10C97000104944F40024C3F81049D3F810494D6914
:10C98000C5F312052C43C3F81049012A29D000EB46
:10C990004C12D2F8003943F00443C2F800394A6916
:10C9A0006AB3D0F834280978012301F00F0103FAA3
:10C9B00001F11143C0F834182CE0FFE7D3F8104917
:10C9C0006FF3DC44C3F81049D3F8104944F4002451
:10C9D000C3F81049D3F810496FF31204C3F8104993
:10C9E000D3E7096919B100EB4C12C2F8141900EB36
:10C9F0004C10D0F8001941F00441C0F8001909E0CA
:10CA0000C86808B1C3F8140BD3F8000B40F0044019
:10CA1000C3F8000B30BC002070470000036CDFF847
:10CA200058C0634506D9D0F8003B13F0004F01D041
:10CA3000002070470023C0F8103BD0F8103B43F4AF
:10CA40000023C0F8103BD0F8103B43F01803C0F8A7
:10CA5000103BD0F8103B43F0C043C0F8103B012915
:10CA600007D1C0F8142BD0F8001B41F08021C0F88A
:10CA7000001B0020704700000A30544F4A780B78A2
:10CA8000012A00EB43100BD0D0F8002B22F4001247
:10CA9000C0F8002BC978032914D0022912D017E05E
:10CAA000D0F8002922F40012C0F80029C97803291F
:10CAB00001D002290CD1D0F8001941F08051C0F802
:10CAC000001905E0D0F8001B41F08051C0F8001BB0
:10CAD000002070470A784B780978012B00EB411051
:10CAE00005D0D0F8001B11F0004F13D019E0D0F89A
:10CAF000001911F0004F06D12AB1D0F8001921F029
:10CB00008041C0F80019D0F8001941F40011C0F8B4
:10CB100000190CE02AB1D0F8001B21F08041C0F8C8
:10CB2000001BD0F8001B41F40011C0F8001B0020CE
:10CB3000704778B591F800C04D780B786FF060447D
:10CB400000EB4313012D2DD0D3F810CB6FF3120C53
:10CB5000C3F810CBD3F810CB6FF3DC4CC3F810CB79
:10CB6000D1F814C0BCF1000F7DD08D68AC44ACF19D
:10CB7000010CBCFBF5FC1FFA8CFCD3F8105B04EA3B
:10CB8000CC442C43C3F8104BD3F8104B8D6805FBF5
:10CB90000CFCCCF3120C44EA0C0CC3F810CB012AA9
:10CBA0007DD0BDE04D6925B3D3F810596FF3120560
:10CBB000C3F81059D3F810596FF3DC45C3F8105976
:10CBC0004E698D682E44761EB6FBF5F504EAC54421
:10CBD000D3F810592C43C3F81049D3F810494D69C4
:10CBE000C5F312052C43C3F81049CC78012C13D09F
:10CBF0001EE0D3F810496FF3DC44C3F81049D3F8B2
:10CC0000104944F40024C3F81049D3F810496FF3D5
:10CC10001204C3F810490BE0D3F8104924F0C044C3
:10CC2000C3F81049D3F8104944F00054C3F8104930
:10CC3000012A1DD000EB4C13D3F800C94CF0044C72
:10CC4000C3F800C991F803C0BCF1010F3AD04A699A
:10CC5000002A79D0D0F834280978012301F00F0197
:10CC600003FA01F100E047E01143C0F834186BE02B
:10CC70000A691AB100EB4C13C3F81429C9780129C9
:10CC80000CD1D0F8081811F4807F12D000EB4C11B1
:10CC9000D1F8002942F08052C1F8002900E03BE0C1
:10CCA00000EB4C10D0F8001941F00441C0F8001915
:10CCB0004AE000EB4C11D1F8002942F00052C1F8D3
:10CCC0000029EBE7D0F808C81CF4807F0DD0D3F81A
:10CCD00000C94CF0805CC3F800C900928A8A93B204
:10CCE0000A78C96800F062F92EE0D3F800C94CF068
:10CCF000005CC3F800C9F0E7D3F810CB8C68C4F32C
:10CD000012044CEA040CC3F810CBD3F810CB4CF44B
:10CD1000002CC3F810CB42E7CA680AB1C3F8142B41
:10CD2000C97801290AD1D0F8080810F4807F0DD005
:10CD3000D3F8000B40F08050C3F8000BD3F8000B81
:10CD400040F00440C3F8000B002078BDD3F8000B7E
:10CD500040F00050C3F8000BF0E7816841F001019A
:10CD60008160002070470000002110220261064A05
:10CD7000491C914201D903207047036913F0100F39
:10CD8000F6D1002070470000400D03000022202350
:10CD900043EA811101610649521C8A4201D90320EC
:10CDA0007047036913F0200FF6D100207047000090
:10CDB000400D0300D0F8080800F00600002805D058
:10CDC000022805D0062803D00F20704700207047A6
:10CDD00002207047406900F001007047D0F8181831
:10CDE000D0F81C08084080B27047D0F81818D0F866
:10CDF0001C080840000C7047D0F81028D0F83438D0
:10CE000001F00F0C23FA0CF303F0010342EAC31202
:10CE100000EB4110D0F808091040704700EB4111B9
:10CE2000D1F8081BD0F814080840704741698069A0
:10CE30000840704703460846D11C8A080021002A92
:10CE400009D903F58053D3F800C0C0F800C0001D15
:10CE5000491C9142F7D3704710B5C26822F0C04216
:10CE6000C260012902D031B1012010BDC16841F07A
:10CE70000051C16003E0C16841F08041C1603220CF
:10CE8000F6F76CFD002010BDD0F8002822F4FE62F9
:10CE9000C0F80028D0F800284FF4FE6303EA01111F
:10CEA0001143C0F8001800207047D0F80028114343
:10CEB000C0F8001800207047022A0FD0002A54D072
:10CEC0000921C26822F47052C260C2684FF47053E4
:10CED00003EA81211143C16000207047244A254B99
:10CEE0000A449A4201D20F21EBE7234A234B0A441A
:10CEF0009A4201D20E21E4E7A1F57402204BA2F57B
:10CF000010529A4201D20D21DBE7A1F183721D4B31
:10CF1000A2F5E7429A4201D20C21D2E71A4A1B4BF2
:10CF20000A449A4201D20B21CBE7194A194B0A4411
:10CF30009A4201D20A21C4E7174A184B0A449A427E
:10CF400001D20921BDE7A1F1B772154BA2F55852E4
:10CF50009A4201D20821B4E7124A1144124A91427E
:10CF600001D20721ADE70621ABE70921A9E70000BF
:10CF7000405327FF00350C00401E1BFF40420F00AE
:10CF8000804F120020D6130060B6E5FE60E3160065
:10CF900000D3CEFE40771B00C05BB3FEC0912100E2
:10CFA00020753800E05459FEE09C4100DDF800C0D7
:10CFB000BCF1000F10D1DB1C4FEA930C0023BCF135
:10CFC000000F09D900EB023000F580500A680260BA
:10CFD000091D5B1C6345F9D30020704700BFFEE7C5
:10CFE0004100080218BF04200A0E18BF40F00100DB
:10CFF0004FF07F4232EA010108BF40F002000128F1
:10D0000008BF05207047000010B510EE104A4FF021
:10D010001A402DED028B00EB4400B0F1C85F4AD8F6
:10D020004FF0FC40B0EB440F22D2B0EEC00AF7EE56
:10D03000000A30EEC00AF6EE000A20EE208A18EE52
:10D04000100A03F019FB00EE100A14F0004F1DBF88
:10D050009FED281ADFED280AB1EE400A9FED271A4E
:10D0600008BFF0EE410AF8EE001A20EE210A05E0B2
:10D0700020EE008A9FED221ADFED220ADFED221A50
:10D080009FED222A70EEC00A20EE080A08EE212A3F
:10D09000DFED1F1A48EE021A9FED1E2A08EE212A24
:10D0A000DFED1D1A48EE021ABDEC028B40EE610A5C
:10D0B00030EE810A10BD4FF0CC40B0EB440F82BF80
:10D0C0009FED160ABDEC028B10BD4FF07F40B0EB18
:10D0D000440F05D2BDEC028BBDE8104000F005BA4C
:10D0E0000120F4F776F8BDEC028BBDE8104000F0AB
:10D0F00003BA00000000494022AA7D3A0000000067
:10D100000000C93F22AAFD3924FE1C3DC78AD83C35
:10D110001E67383D1B93993DAFAA2A3EDB0FC93FDE
:10D1200010B54FF00E402DED028BB0EE408A18EE98
:10D13000104A00EB4400B0F1506F4AD84FF0FC4069
:10D14000B0EB440F22D2B0EEC80AF7EE000A30EE80
:10D15000C00AF6EE000A60EE208A18EE900A03F08C
:10D160008BFA01EE100A14F0004F1DBFDFED2D0AFF
:10D170009FED2D0AB1EE411ADFED2C0A08BF9FED9D
:10D180002C0AF8EE001A21EE218A05E0DFED290ACB
:10D1900068EE088AB0EE600A9FED271ADFED271AC5
:10D1A00030EE080A48EE811A9FED251A08EEA11A02
:10D1B000DFED241A48EE811A9FED231A08EEA11A1A
:10D1C00068EE281ABDEC028B01EE810A30EE200ACF
:10D1D00010BD4FF0E440B0EB440F0CD918EE100A2C
:10D1E000FFF7FEFE042808BF00F08EF9B0EE480AF3
:10D1F000BDEC028B10BD4FF07F40B0EB440F07D267
:10D20000B0EE480ABDEC028BBDE8104000F06DB9ED
:10D210000120F3F7DEFFBDEC028BBDE8104000F00B
:10D220006BB900000000C9BF22AAFDB90000C93FC8
:10D2300022AAFD390000000024FE1C3DC78AD83C0C
:10D240001E67383D1B93993DAFAA2A3E10EE100A87
:10D2500010B510EE901A4FF0684202EB40032DED2E
:10D26000028BB3F1654F3CBF02EB4102B2F1654F57
:10D270007CD200BFC0F3C753C1F3C7529A1A1B2A0E
:10D2800009DD10F0004F14BF9FED6E0A9FED6E0A8E
:10D29000BDEC028B10BD12F11A0F1BDA11F0004F1A
:10D2A00009D010F0004F0CBF9FED680A9FED680A8F
:10D2B000BDEC028B10BD80EE208A18EE100AFFF73D
:10D2C0008FFE042808BF00F01FF9B0EE480ABDEC3D
:10D2D000028B10BD4200B2EB410F37D910F0004F66
:10D2E00019BFDFED5C1A9FED5C1ADFED5C1A9FED54
:10D2F0005C1AB0EE602A0A46F1EE400A80F0004166
:10D30000B0EE420A10460A1A5200B2F1807F34D2BF
:10D31000484010F0004FDFED532A9FED533A1DBFF8
:10D32000BEEE002A71EEE21A31EE431AB6EE002A82
:10D3300004BF71EEA21A31EE031AF0EE402A42EE5B
:10D34000602A40EE020A82EEA02A18E011F0004F97
:10D3500004BF9FED461AF0EE411AD4D010F0004FF2
:10D360001CBFDFED431A9FED431A00E026E004BF27
:10D37000DFED411A9FED411AC5E780EE202A22EE2B
:10D38000020ADFED3F0ADFED3F2ABDEC028B40EEE3
:10D39000202ADFED3D0A40EE220ADFED3C2A40EE76
:10D3A000202ADFED3B0A40EE220A22EE000A00EEC0
:10D3B000201A31EE020A30EE210A10BD4FF07F42F2
:10D3C000B2EB400F28BFB2EB410F05D2BDEC028B90
:10D3D000BDE8104000F08CB840EA01035B0008BFD4
:10D3E00041F0FF410BD0B2EB400F08BFB2EB410F51
:10D3F00008D120F0804000EE100A21F0804100EEBC
:10D40000901A37E7B2EB400F12BF5FEA410240F0DB
:10D41000FF4001F000413FF42DAF4A0092EA400383
:10D420003FF528AF002AACBF9FED1A1A9FED1A1ADC
:10D4300020EE010A60EE810A10EE100A10EE901A3A
:10D4400018E70000DB0FC9BFDB0FC93FDB0F494006
:10D45000DB0F49C00000C9BF22AAFDB90000C93FC7
:10D4600022AAFD390060ED3EC30ACE37000000005D
:10D47000000049C022AA7DBA0000494022AA7D3A94
:10D480002DAD65BD8FB8D53D0FB511BE61C84C3E01
:10D49000A8AAAABE0000804F0000802F2DED020B2D
:10D4A000019820F0004001909DED000B02B0704704
:10D4B00010B52DED028BB1EEC08A18EE100A20F0E7
:10D4C0000040C0F1FF40C00F0AD010EE100A20F05B
:10D4D0000040C0F1FF40C00F04BF0120F3F779FE08
:10D4E000B0EE480ABDEC028B10BD30EE000A70476A
:10D4F00030EE200A70470000DFED020A80EEA00A3D
:10D5000070470000000000009FED020A20EE000AB4
:10D510007047000000000010010E144A1170C0F3A3
:10D520000741127811FB02F1114A1180C0F3072163
:10D530000E4A127811FB02F10E4A1180C1B20B4A59
:10D54000127811FB02F10C4A1180114609880B4A2E
:10D550001268516307490988084A126891630449AF
:10D560000988064A1268D16370470000AC000020A9
:10D57000AE000020B0000020B2000020E812002021
:10D5800010B5F3F7F1FF8020F4F7B6F95520F4F762
:10D59000B3F95520F4F7B0F950490870F3F7DAFF02
:10D5A0000120F6F7DBF9F3F7DFFF8020F4F7A4F9A9
:10D5B0005520F4F7A1F95520F4F79EF94749087072
:10D5C000F3F7C8FF0120F6F7C9F9F3F7CDFFB6214D
:10D5D0007E20F4F7A3F9F3F7BDFF5020F6F7BEF96C
:10D5E000F3F7C2FF8020F4F787F95520F4F784F9A8
:10D5F0005520F4F781F939490870F3F7ABFF0120A2
:10D60000F6F7ACF9F3F7B0FF8020F4F775F9552081
:10D61000F4F772F95520F4F76FF930490870F3F711
:10D6200099FF0120F6F79AF92C4800781E2801D0BE
:10D63000FF2010BD00202A49087049E0F3F794FF4D
:10D64000274A127802EB4202264B1A445178244AA8
:10D65000127802EB4202985CF4F760F9F3F77AFF74
:10D660000120F6F77BF9F3F77FFF1D49097801EBFD
:10D6700041011C4A515C41F08000F4F73DF955200E
:10D68000F4F73AF95520F4F737F914490870F3F72D
:10D6900061FF0120F6F762F91148007800EB4000C5
:10D6A0001049084440780D49097888420BD00C484D
:10D6B000007800EB40000B49084480780A4909785B
:10D6C00008430949087006480078401C044908705E
:10D6D000034800780628B1DB0020AAE728020020D2
:10D6E00029020020340200202A02002010B5F3F79E
:10D6F0004FFF45490020F4F7F2F8F3F73FFF012010
:10D70000F6F72CF9F3F744FF3F490020F4F7E7F868
:10D71000F3F734FF0120F6F721F9F3F739FFB621CB
:10D720001420F4F7FBF8F3F729FF5020F6F716F969
:10D73000F3F72EFF34490020F4F7D1F8F3F71EFF7A
:10D740000120F6F70BF9F3F723FF2F490020F4F738
:10D75000C6F8F3F713FF0120F6F700F92A4800781E
:10D760000F2801D0FF2010BD00202849087045E097
:10D77000F3F70EFF254A127802EB4202244B1A44BB
:10D780005178224A127802EB4202985CF4F7C6F80C
:10D79000F3F7F4FE0120F6F7E1F8F3F7F9FE1B4981
:10D7A000097801EB41011A4A505C1749F4F797F8E0
:10D7B000F3F7E4FE0120F6F7D1F81448007800EB07
:10D7C00040001349084440780F490978884210D036
:10D7D0000E480078401E0D4908700846007800EB9E
:10D7E00040000C49084480780B49097808430A49ED
:10D7F000087006480078401C044908700348007807
:10D800000628B5DB0020AEE7280200202902002010
:10D8100046020020340200202A0200200020024993
:10D820000968C86370470000A8120020034A126804
:10D8300090620022014B1B68DA637047A812002037
:10D8400010B504461A48007840B91A48007828B93B
:10D850001748047064201749087027E014480078BE
:10D8600038B914480078401E12490870FFF7D6FFF7
:10D870001CE011480078401C0F49087008460078E9
:10D88000322802DAFFF7CAFF10E00B48007864285C
:10D8900004DA00210120FFF7C9FF07E00020064954
:10D8A000087003480078401E0149087010BD000050
:10D8B000EB010020EC010020ED01002070B50024F8
:10D8C000002500BF2DE004EB840303EBC4031B4ED3
:10D8D00033441B795B06DA0D04EB840303EBC403CA
:10D8E0003344D3F80510164B5819F3F750FB04EBEB
:10D8F000840000EBC40031460844007900F07F004A
:10D9000005EB800085B20E48284404EB840101EB4E
:10D91000C4013246114409680160281D85B2601CAB
:10D92000C4B2052CCFDB0121064800F01EFF1E22E9
:10D930000349044800F030FF70BD0000243400208B
:10D94000AC33002000000A0802460020704702465F
:10D950000B4611460BB901207047002008702820A3
:10D96000C87091F903002D2801DD2D20C87043F205
:10D970003900A1F80100B3EE060A10EE100A486063
:10D980000120E9E701F030F94D49086042F21071D9
:10D990005F20FFF74BFF91E0FCF79CFD0020494919
:10D9A00008707EE04748007800EB800101EBC00082
:10D9B000454908440079C00900286DD041480078E5
:10D9C00000EB800101EBC0003F490844D0F809009A
:10D9D000002861D03D493B4B1B7851F82300394961
:10D9E000097801EB810303EBC101374B1944D1F8EE
:10D9F000092001219047E0B33248007800EB400055
:10DA00003349085C2F49097801EB810202EBC1011F
:10DA10002D4A50542B48007800EB40002C49084414
:10DA200040782849097801EB810202EBC101264ABE
:10DA3000114448702348007800EB40002449084412
:10DA400080782049097801EB810202EBC1011E4A6E
:10DA50001144887055201B49097801EB810202EBC3
:10DA6000C101194A1144C8701648007800EB8001C2
:10DA700000E011E001EBC00011460844007920F0FD
:10DA800080001049097801EB810202EBC1010E4AC6
:10DA900011440871FFF712FF0A480078401C094939
:10DAA0000870084800780528FFF67CAF012001F0D7
:10DAB000BDFD002002F090FE064908606CE7000002
:10DAC0003401002074010020243400204001002093
:10DAD0003C3001083001002000B58BB001200990D6
:10DAE00000200790012008900020019002900390F0
:10DAF00004900690059001A90C48F5F7F9F80B4839
:10DB0000F5F747FD02210948F5F75EF80E200A9067
:10DB1000069001A90648F5F7EBF80548F5F739FD39
:10DB200002210348F5F750F80BB000BD9C0E002011
:10DB3000C40E002070B52DED048B04460D4614B9BB
:10DB4000BDEC048B70BD287F032820D194ED2E0AF4
:10DB5000DFED1A0A30EE600A10EE101A084604F0E3
:10DB6000C3FF41EC190BB0EE490AF0EE690AFFF76A
:10DB700095FCB0EE408AF0EE608A9FED110B53ECFD
:10DB8000102B51EC180B04F07CFC00D2D8E729468E
:10DB9000204602F083FA2946204601F021FB29465F
:10DBA000204603F0B7FD94ED640A85ED050A94ED77
:10DBB000660A85ED060A00BFC2E70000000000000B
:10DBC000000000A09999B93F70B52DED048B82B08B
:10DBD00001A800F083FF5320374908705020487097
:10DBE00000F086FF35490860354800783249887072
:10DBF00034480068C1F80300324841682E48C0F834
:10DC00000710304881682C48C0F80B102D48C168B7
:10DC10002948C0F80F102948006890ED640ADFED2C
:10DC20002A0A80EE201A11EE106A304604F05CFFDA
:10DC300041EC190B9FED250B53EC102B04F082FAED
:10DC400041EC180B03F0E2FD1B49C1F813009FEDF6
:10DC5000210A10EE100AC1F8170018480068D0F821
:10DC6000B800C1F81B009FED1B0A10EE100AC1F8A6
:10DC70001F00194890ED000AB5EEC00AF1EE10FA47
:10DC800003D00068C1F8230006E09FED140A10EEEF
:10DC9000100A0949C1F82300074C29254FF6FF72E5
:10DCA0002946204600F0E8FE2146A1F8290002B0EE
:10DCB000BDEC048B70BD00001E3800201402002053
:10DCC0002201002068340020000034434AD8124D5D
:10DCD000FB21094000000000E001002033339F4198
:10DCE000074800680749B0FBF1F00749087004488D
:10DCF00000684FF47A71B0FBF1F004490860704796
:10DD00009000002040420F00940000209800002066
:10DD100010B5044604EBC400454901EB80000068DF
:10DD200004EBC401424A02EB8101486003F026FB88
:10DD300004EBC4013E4A02EB8101086004EBC4001D
:10DD4000114601EB8000C07CC0F38010B0B104EB41
:10DD5000C40001EB8000C07C20F0400004EBC40153
:10DD600002EB8101C87404EBC400114601EB800092
:10DD7000006804EBC40102EB8101C86004EBC4003D
:10DD80002B4901EB8000806990B304EBC401284A61
:10DD900002EB81018869804758B304EBC400244931
:10DDA00001EB8000C07C20F02000203004EBC40197
:10DDB0001F4A02EB8101C87404EBC400114601EB59
:10DDC0008000C07C20F08000803004EBC40102EBB6
:10DDD0008101C87404EBC400114601EB8000006AA5
:10DDE00028B304EBC40102EB8101086A80471EE0FE
:10DDF0000FE0FFE704EBC4000D4901EB8000C07C9D
:10DE000020F0800004EBC401094A02EB8101C874D0
:10DE10000DE004EBC400064901EB8000C07C20F05B
:10DE2000800004EBC401024A02EB8101C87410BDFA
:10DE3000042F002010B596B004465422554901A87D
:10DE4000F3F7EAF800209FE000EB400101AA32F866
:10DE5000112000EBC001504B03EB8101098A62F3F2
:10DE60000B0100EBC00203EB8202118200EB4001C8
:10DE700001AA02EB41014A8800EBC00103EB8101DA
:10DE8000B1F8111062F30F1100EBC00203EB820234
:10DE9000A2F8111000EB400101AA02EB410109793F
:10DEA00000EBC00203EB8202D27C61F3440200EB80
:10DEB000C00103EB8101CA74002100EBC00203EB37
:10DEC0008202916100EBC00203EB8202D16100EBA0
:10DED000C00203EB8202116200EBC0011A4602EBA2
:10DEE0008101C97C21F00101491C00EBC00203EB58
:10DEF0008202D17400EBC0011A4602EB8101C97C99
:10DF000021F02001203100EBC00203EB8202D1742A
:10DF100000EBC0011A4602EB8101C97C21F04001EF
:10DF2000403100EBC00203EB8202D17400EBC00170
:10DF30001A4602EB8101C97C21F08001803100EB9F
:10DF4000C00203EB8202D1749FED140A10EE101A86
:10DF500000EBC00203EB8202516100EBC0011A46E4
:10DF600002EB81010C6000EBC00102EB81014C600F
:10DF700000EBC00102EB81018C6000EBC00102EB01
:10DF80008101CC60411CC8B20E28FFF65DAF16B00F
:10DF900010BD0000CC2F0108042F0020000000005D
:10DFA00003F0ECF99B49086008460068FFF742FF60
:10DFB000392002F043FD2CE103F0E0F995490860B7
:10DFC0000E2095490870954890F80B0220F040010A
:10DFD000924880F80B1290F80B0220F020018F4835
:10DFE00080F80B12002409E104EBC4008B4901EB1B
:10DFF0008000C07C00F0010000B9FEE004EBC4002A
:10E00000864901EB8000006882490968081A04EB20
:10E01000C401824A02EB8101098AC1F30B018842E3
:10E0200060D904EBC400114601EB8000C07CC0F352
:10E03000401008BB04EBC40001EB8000C07C20F062
:10E040004000403004EBC40102EB8101C87404EBD2
:10E05000C400114601EB8000C07C20F0200020307D
:10E0600004EBC40102EB8101C8746A48006804EB48
:10E07000C40102EB8101886004EBC400674901EB35
:10E080008000C07CC0F343006349097801EBC10103
:10E09000624A02EB8101C97CC1F34301884201DD80
:10E0A0005D490C705D4890F80B0220F04000403054
:10E0B0005A4981F80B02084690F80B0220F0200024
:10E0C000203081F80B0204EBC40001EB8000C06932
:10E0D000002806D004EBC401504A02EB8101C86954
:10E0E000804789E004EBC4004C4901EB8000C06824
:10E0F00048490968081A04EBC401484A02EB810147
:10E10000B1F81110B0EB111F1BD204EBC400114683
:10E1100001EB8000C07C20F0400004EBC40102EB66
:10E120008101C87404EBC400114601EB8000C07C7F
:10E1300020F02000203004EBC40102EB8101C87400
:10E140005AE004EBC400354901EB8000C07C20F0AC
:10E15000400004EBC401314A02EB8101C87404EBB6
:10E16000C400114601EB8000C07CC00968B104EB1B
:10E17000C40001EB8000C07C20F02000203004EBC4
:10E18000C40102EB8101C8740DE004EBC400234913
:10E1900001EB8000C07C20F0200004EBC4011F4A8A
:10E1A00002EB8101C87404EBC4001C4901EB800040
:10E1B000006804EBC401194A02EB810149688842F6
:10E1C0001AD904EBC400114601EB8000006804EB8F
:10E1D000C40102EB81014968401A00EE100AF8EE12
:10E1E000400A9FED0F1A81EE200A10EE100A04EB90
:10E1F000C40102EB8101486100BF641C0E2CFFF6D4
:10E20000F3AE0A2002F01AFC002002F0E5FA0549FC
:10E210000860D1E61001002014010020042F002026
:10E2200000007A440C010020816900EE101A816A16
:10E2300000EE901A20EE200AB5EEC00AF1EE10FAB8
:10E2400065DD816900EE101AB5EEC00AF1EE10FA34
:10E2500003DD816900EE101A04E0816900EE101AF6
:10E26000B1EE400A416D00EE901AB4EEE00AF1EE14
:10E2700010FA00D87047016D00EE101A416D00EEE3
:10E28000901A70EE200A816900EE101AB5EEC00AED
:10E29000F1EE10FA03DD816900EE101A04E08169E5
:10E2A00000EE101AB1EE400AF4EEC00AF1EE10FAD8
:10E2B00028DB016D00EE901A816900EE101AB5EEB0
:10E2C000C00AF1EE10FA03DD816900EE101A04E0D5
:10E2D000816900EE101AB1EE400A70EEC00A416D7D
:10E2E00000EE101A30EE801A016D00EE101AC1EE29
:10E2F000000A016B00EE101A20EE800A10EE101AD0
:10E30000016304E09FED030A10EE101A016300BFE1
:10E31000B0E700000000000050F82C1F00EE101ABB
:10E32000416E00EE901A60EE201A016B00EE101A9A
:10E33000416E00EE901A30EE200A81EE801A0169DB
:10E3400000EE101A016B00EE901A60EE201A00EE3B
:10E35000101A416E00EE901A30EE200AC1EE800ACB
:10E3600031EE200A10EE101A40F82C19704710B543
:10E370000446D4F8940090BBB4F86000022817DD7E
:10E38000206901EE100AB1EE411AF0EE410AD4F80C
:10E39000900000EE100A04F16200FBF707FBE06852
:10E3A00000EE900A20EE200A10EE100AE06257E01C
:10E3B000606900EE100A206900EE900A70EE600AB3
:10E3C000E06800EE100A20EE801AD4F8900000EE0B
:10E3D000100AC1EE000A10EE900AE06240E0FFE78A
:10E3E000B4F8600002281EDD206901EE100AB1EECB
:10E3F000411AF0EE410AD4F8900000EE100A04F140
:10E400006200FBF7D3FAE06800EE900AD4F89400BB
:10E41000806801EE100A70EE810A20EE200A10EEEC
:10E42000100AE0621CE0E06800EE100AD4F89400E4
:10E43000806800EE900A30EE201A606900EE100A43
:10E44000206900EE900A30EE600A21EE001AD4F83E
:10E45000900000EE900A81EE200A10EE100AE062B1
:10E4600010BD0000816A00EE101A016B00EE901AD8
:10E4700030EE200A344981ED000A416A00EE101A9C
:10E48000816A00EE901A70EE200AC16A00EE101A3E
:10E4900030EE800A2D4981ED000A91ED000AB5EEBB
:10E4A000C00AF1EE10FA02DD91ED000A04E02749FE
:10E4B00091ED000AB1EE400A016C00EE901AB4EE44
:10E4C000E00AF1EE10FA11DD816900EE101A816A9E
:10E4D00000EE901A20EE200AB5EEC00AF1EE10FA16
:10E4E00004DD9FED1B0A10EE101A0163416C00EE73
:10E4F000101A1549D1ED000AB4EEE00AF1EE10FA57
:10E5000006D29FED130A10EE101A0163416C81626E
:10E51000416C00EE101AB1EE400A0B49D1ED000A31
:10E52000B4EEE00AF1EE10FA0CDD9FED090A10EEF0
:10E53000101A0163416C00EE101AB1EE400A10EEA1
:10E54000101A816270470000BC040020B80400204B
:10E550000000000050F8341F00EE101AC16D00EEEC
:10E56000901A60EE201A416A00EE101AC16D00EE9A
:10E57000901A30EE200A81EE801A416800EE101ADF
:10E58000416A00EE901A60EE201A00EE101AC16D7A
:10E5900000EE901A30EE200AC1EE800A31EE200A19
:10E5A00010EE101A40F834197047416B00EE101A43
:10E5B000016C00EE901AB4EEE00AF1EE10FA01DD03
:10E5C000016C4163416B00EE101A016C00EE901A71
:10E5D000F1EE600AB4EEE00AF1EE10FA07D2016C37
:10E5E00000EE101AB1EE400A10EE101A41637047A7
:10E5F00010B5416B00EE101A016C00EE901A9FED01
:10E60000261A60EE810AB4EEE00AF1EE10FA0BD39E
:10E61000016800EE101AB0EEC00ADFED200AB4EE79
:10E62000E00AF1EE10FA00D210BD016800EE101AF7
:10E63000016900EE901A30EE600AF0EEC00A01683F
:10E6400000EE101AB0EEC00A80EE801A9FED140A98
:10E65000B4EEC01AF1EE10FA09DD50F8994F416896
:10E66000631C41F1000103604160993804E000221D
:10E67000C0F89920C0F89D20D0F89940D0F89D307E
:10E680004FF4FA720021121B994102D20122A121FA
:10E690000A5400BFC8E700006F12833A17B7D13899
:10E6A0003333733F416A00EE101A016C00EE901A8A
:10E6B000B4EEE00AF1EE10FA01DD016C4162416A4C
:10E6C00000EE101A016C00EE901AF1EE600AB4EE42
:10E6D000E00AF1EE10FA07D2016C00EE101AB1EE6A
:10E6E000400A10EE101A41627047D0F89410D1B968
:10E6F000816900EE101AC16900EE901A30EE200A0E
:10E70000B0EE001AC0EE010A816800EE101A60EE49
:10E71000800AD0F8901000EE101A20EE800A10EE59
:10E72000101A016320E0816900EE101AC16900EE41
:10E73000901A30EE200AF0EE000A80EE201A81686E
:10E7400000EE101AD0F89410496800EE901A30EEDE
:10E75000200A61EE000AD0F8901000EE101A20EEA8
:10E76000800A10EE101A0163704730B587B0054675
:10E770000C46284600F006F9049000200290022082
:10E7800006900594F5F79EF901A902A8F5F7FAF8A5
:10E79000F5F74EF907B030BD2DE9F04104460D46BE
:10E7A0001646F5F78FF91E480460204600F0A8F9D8
:10E7B0001C4908601C48056000201C49086024E0D2
:10E7C0001948006807683A46002315480168022086
:10E7D000F5F738F998B912480068001D104908602B
:10E7E00011480068001D1049086010480068401C6E
:10E7F0000E49086008460068B04206D10BE0F5F704
:10E8000017F94FF0FF30BDE8F08105480068054971
:10E8100009688842D4D900BFF5F70AF90020F2E769
:10E820009C000020A0000020A4000020A8000020E0
:10E83000F0EE401AF4EEE01AF1EE10FA02D2B0EE69
:10E84000600A7047F4EEC11AF1EE10FA02DDB0EE84
:10E85000410AF6E7B0EE610AF3E70000FDEEC00AF8
:10E860000E48C0ED000AD0ED000AF8EEE00A70EEA6
:10E87000600A0B48C0ED000AD0ED000AB6EE001A9F
:10E88000F4EEC10AF1EE10FA04DD04480068401C01
:10E89000024908600148006870470000B805002080
:10E8A000BC050020F0EE401AF4EEE01AF1EE10FA8A
:10E8B00002D2B0EE600A7047F4EEC11AF1EE10FA1F
:10E8C00002DDB0EE410AF6E7B0EE610AF3E70000C0
:10E8D00025480078012837D12448007830BB2448E7
:10E8E00090ED590ADFED230A30EE600A80ED590AF7
:10E8F00090ED5A0ADFED1F0A30EE200A80ED5A0A29
:10E9000090ED590ADFED1C0AB4EEE00AF1EE10FAC0
:10E9100029D890ED5A0ADFED190AB4EEE00AF1EEBB
:10E9200010FA20DB0120114908701CE00F48007824
:10E93000012818D19FED100A0D4880ED590A9FED6E
:10E940000F0A80ED5A0A0EE00748007858B99FED8B
:10E950000C0A074880ED590A9FED090A80ED5A0A12
:10E960000020024908707047D6010020D501002020
:10E97000403600200000484200A0BEC500A0BE45B1
:10E980000000000001460020304A914203D2B1F15C
:10E99000006F00D358E02E4A914204D22B4A914294
:10E9A00001D3012050E02B4A914204D2284A9142DF
:10E9B00001D3022048E0284A914204D2254A9142DC
:10E9C00001D3032040E0254A914204D2224A9142D9
:10E9D00001D3042038E0224A914204D21F4A9142D6
:10E9E00001D3052030E01F4A914204D21C4A9142D3
:10E9F00001D3062028E01C4A914204D2194A9142D0
:10EA000001D3072020E0194A914204D2164A9142CC
:10EA100001D3082018E0164A914204D2134A9142C9
:10EA200001D3092010E0134A914204D2104A9142C6
:10EA300001D30A2008E0B1F1016F04D20D4A9142DE
:10EA400001D30B2000E00B207047000000400008BD
:10EA50000080000800C00008000001080000020853
:10EA600000000408000006080000080800000A086A
:10EA700000000C0800000E0830B5034613B94FF62D
:10EA8000FF7030BD09E013F8014B82EA0400C0B208
:10EA9000054D35F8100080EA2222081EA1F101017F
:10EAA000F1D11046EDE70000263401080048704718
:10EAB0006834002000487047B03500200048704797
:10EAC00018330020014601F0030000EB8000024AE9
:10EAD00002EB4000704700008C2E002001490978AD
:10EAE000017070470801002000487047042F002083
:10EAF00000487047483100200048704778340020B3
:10EB0000014600202D4A914204D2B1F1006F01D399
:10EB1000104651E02A4A914204D2284A914201D338
:10EB2000274849E0274A914204D2254A914201D31D
:10EB3000244841E0244A914204D2224A914201D31E
:10EB4000214839E0214A914204D21F4A914201D31F
:10EB50001E4831E01E4A914204D21C4A914201D320
:10EB60001B4829E01B4A914204D2194A914201D321
:10EB7000184821E0184A914204D2164A914201D322
:10EB8000154819E0154A914204D2134A914201D323
:10EB9000124811E0124A914204D2104A914201D324
:10EBA0000F4809E00F4A914204D20D4A914201D325
:10EBB0000C4801E04FF00160704700000040000881
:10EBC0000080000800C000080000010800000208E2
:10EBD00000000408000006080000080800000A08F9
:10EBE00000000C0800000E0800487047BC350020EB
:10EBF000004870470538002010B5044694F8A4007A
:10EC000018B90021A4F8D41029E094F8A400012830
:10EC100003D094F8A400032821D194ED2F1AF0EE2C
:10EC2000410A94ED2E1AB0EE410A04F11400FBF7EC
:10EC3000DBFA0B4890ED0D1AF0EE410A94ED301A14
:10EC4000B0EE410A04F15C00FBF7CEFA94ED1F0A26
:10EC5000BDEEC00A10EE100A01B2A4F8D41010BD27
:10EC60004831002010B52DED088B044614B9BDECD9
:10EC7000088B10BD2069B0F9080000EE100AB8EE4C
:10EC8000C00A84ED2C0A606890ED010A84ED2E0A1A
:10EC9000A06890ED010A84ED300A2F4890ED1F0A1C
:10ECA00084ED640A94F8C40184F8C5012068407DAD
:10ECB00084F8C401B4F8C601A4F8C8012068008B28
:10ECC000A4F8C60194ED360A84ED370A234800689B
:10ECD000D0F80D10084603F007FF41EC1A0B9FED2A
:10ECE000200B53EC102B03F025F841EC190B9FED92
:10ECF0001E0B53EC102B03F025FA41EC180B02F01D
:10ED000085FDC4F8D80094ED6E0A84ED6F0A1348AF
:10ED10000068D0F80110084603F0E6FE41EC1B0B3A
:10ED20009FED0F0B53EC102B03F004F841EC1A0B82
:10ED30009FED0D0B53EC102B03F004FA41EC190B73
:10ED400002F064FD08EE100AB0EE480A01F064FC1F
:10ED500084ED6E0A00BF8AE7683400202401002099
:10ED60001F85EB51B81E094000000000008066407E
:10ED700010B50446FFF79AFEE060FFF79BFE606067
:10ED8000FFF7BAFEA060FFF72FFF2060FFF730FF0C
:10ED900017490860002184F87D1184F8A410002030
:10EDA00014494877087794ED2E0A84ED2F0A94EDE4
:10EDB000300A84ED310A94ED640A084680ED040AB5
:10EDC000F7EE000AB0EE080A0B4A002104F1140025
:10EDD000FBF702FBDFED090A9FED090A094A002152
:10EDE00004F15C00FBF7F8FA2046FFF73BFF10BD8B
:10EDF00024010020183300202030010800401C4668
:10EE00000060EA462C30010810B52DED0C8B04464D
:10EE10002068B0F90E000A2805DC2068B0F90E0061
:10EE200010F10A0F04DA2068C0896249088002E004
:10EE300000206049088094F8A400012869D15E4848
:10EE40000078012865D12068B0F9110000EE100AA1
:10EE5000B8EEC00ADFED590A20EE200A10EE101AB3
:10EE6000084603F041FE41EC1D0B9FED550B53ECA2
:10EE7000102B03F067F941EC1B0B4E48B0F9000072
:10EE800000EE100AB8EEC00ADFED4F0A20EE200AAD
:10EE900010EE101A084603F027FE41EC1C0B53EC51
:10EEA0001B2B02F015FE41EC190B94ED2F0A10EE0E
:10EEB000101A084603F018FE41EC1A0B53EC192BFC
:10EEC00002F006FE41EC180B02F0A0FCC4F8BC00F6
:10EED00094ED2F0AFBEE0A0AB4EEE00AF1EE10FA06
:10EEE00004D2BBEE0A0A84ED2F0A5FE094ED2F0AEC
:10EEF000F3EE0A0AB4EEE00AF1EE10FA04DDB3EE26
:10EF00000A0A84ED2F0A51E094ED2F0A84ED2F0AAE
:10EF10004CE094F8A400012840D127480078B8BB01
:10EF20002448B0F9000000EE100AB8EEC00ADFED88
:10EF3000260A20EE200A2068B0F9110000EE900A9F
:10EF4000F8EEE00A9FED1D1A00EE810AD4ED2F0ABB
:10EF500030EE200A84ED2F0A94ED2F0AFBEE0A0A08
:10EF6000B4EEE00AF1EE10FA04D2BBEE0A0A84ED28
:10EF70002F0A1BE094ED2F0AF3EE0A0AB4EEE00A22
:10EF8000F1EE10FA05DDB3EE0A0A84ED2F0A0DE06A
:10EF900004E094ED2F0A84ED2F0A07E094F8A40012
:10EFA000032803D19FED090A84ED2F0ABDEC0C8BD9
:10EFB00010BD00002C0100202201002017B751399C
:10EFC000000000000000E03F17B7D1B800000000CB
:10EFD00010B52DED048B044614B9BDEC048B10BDA7
:10EFE00094F8A40003284CD194ED2E0ADFED370AE3
:10EFF00030EE600A10EE101A084603F075FD41EC81
:10F00000190BB0EE490AF0EE690AFEF747FAB0EEC6
:10F01000408AF0EE608A9FED2E0B53EC102B51ECE2
:10F02000180B03F053F809D22B480088642810DA33
:10F0300029480088401C284908800AE027480088A1
:10F0400041F27071884204DA24480088401C234948
:10F0500008802248008841F2707188420CDA1E480C
:10F060000088642808DA2068807A022804D000200A
:10F0700001F068FB00B9B0E7002017490880174984
:10F0800008802068807A18B1002001F05BFB18B17D
:10F09000002184F8A4100AE02068807A012803D0B7
:10F0A0002068C07A022802D1012184F8A41094F8C3
:10F0B000A50028B994F8A40010B1032184F8A41085
:10F0C00094F8A41084F8A51000BF86E700000000A3
:10F0D000000000A09999B93F2A01002028010020D2
:10F0E000C92001F0ABFC1F48FFF742FE1E4800F0AC
:10F0F00039FA01F0FFF834E001F04CF91949C1F890
:10F10000C00119491748FEF715FD1648FFF760FFC3
:10F110001448FFF7A7FD1348FFF776FE1148FFF7E5
:10F120006BFD01F037F90F49C1F8C0010846B0F88E
:10F13000D400404201B200231A461846F2F702FDFD
:10F14000084AD2F8C021B2F96E11064AD2F8C0219D
:10F15000B2F96C0100231A46F2F7AAFC012001F073
:10F160006DFCC9E748310020183300200EB500209F
:10F1700000900190029000BFF8F79AFE084890EDC9
:10F180001D0A8DED000A90ED1C0A8DED010A90ED2F
:10F190001E0A8DED020A012000F048FAECE700009B
:10F1A00068340020F0EE400AF6EE001A60EEA11A74
:10F1B000B0EE611AB0EE600A10EE100A0749A1EB3A
:10F1C000600000EE100A21EE002AF7EE081A42EE67
:10F1D000401A61EE801AB0EE610A7047865A375FB6
:10F1E00070B504460D4694F8C60100F0010020B148
:10F1F000B7EE080A85ED000A1CE094F8C60100F09D
:10F20000020020B1BFEE080A85ED000A12E094F872
:10F21000C60100F0040020B1B7EE080A85ED010A2E
:10F2200008E094F8C60100F0080018B1BFEE080A23
:10F2300085ED010A94F8C60100F0010048B194F888
:10F24000C60100F0100020B1B0EE080A85ED000AFA
:10F250002BE094F8C60100F0020048B194F8C60112
:10F2600000F0100020B1B8EE080A85ED000A1CE09D
:10F2700094F8C60100F0040048B194F8C60100F00B
:10F28000100020B1B0EE080A85ED010A0DE094F8F7
:10F29000C60100F0080040B194F8C60100F010006B
:10F2A00018B1B8EE080A85ED010AB4F8C60100F4F9
:10F2B000007048B1B4F8C80100F4007020B19FEDAF
:10F2C000370A85ED030A0DE0B4F8C60100F40050DA
:10F2D00040B1B4F8C80100F4005018B19FED300AF5
:10F2E00085ED030A94F8C60100F04000B8B194F827
:10F2F000C60100F0100090B195ED030ADFED290A78
:10F3000030EE200A85ED030AD5ED030AB0EE600A5F
:10F310009FED221ADFED220AFFF7C4FA1BE094F8F2
:10F32000C60100F08000B0B194F8C60100F01000F2
:10F3300088B195ED030ADFED1B0A30EE600A85ED1A
:10F34000030AD5ED030AB0EE600A9FED141ADFED53
:10F35000140AFFF7A7FAB4F8C60100F4804060B1C0
:10F36000B4F8C80100F4804038B90F48007808B9F3
:10F37000012000E000200C490870B4F8C60100F438
:10F38000807038B1B4F8C80100F4807010B9012061
:10F390000649087006480078687770BD7B14AE3E59
:10F3A000CDCCCC3DCDCC4C3D220100202301002012
:10F3B000403600202DED088BCEE00024C9E06748E0
:10F3C00050F82400000E00EE100AB8EE400AB0EE2D
:10F3D00040AA624850F82400C0F3074000EE100A2B
:10F3E000B8EE400AF0EE40AA5C4830F82400C0F3C2
:10F3F000072000EE100AB8EE400AB0EE40BA5748B7
:10F4000010F8240000EE100AB8EE400AF0EE40BA00
:10F410005249601C51F82000000E00EE100AF8EE70
:10F42000400A084650F82400000E00EE100AB8EE1C
:10F43000400A30EEC00AB0EE408A601C51F820004D
:10F44000C0F3074000EE100AF8EE400A084650F8F4
:10F450002400C0F3074000EE100AB8EE400A30EE78
:10F46000C00AF0EE408A601C31F82000C0F307208B
:10F4700000EE100AF8EE400A084630F82400C0F307
:10F48000072000EE100AB8EE400A30EEC00AB0EED7
:10F49000409A601C11F8200000EE100AF8EE400AB5
:10F4A000084610F8240000EE100AB8EE400A30EECC
:10F4B000C00AF0EE409A9FED2A0AC8EE000AB0EEAC
:10F4C000608A9FED270AC8EE800AF0EE608A9FED01
:10F4D000240AC9EE000AB0EE609A9FED210AC9EE37
:10F4E000800AF0EE609A00252EE03AEE080AB0EEAF
:10F4F00040AA3AEEA80AF0EE40AA3BEE090AB0EEA6
:10F5000040BA3BEEA90AF0EE40BABCEECA0A10EED1
:10F51000100A0106BCEEEA0A10EE100A41EA0041A8
:10F52000BCEECB0A10EE100A41EA0020BCEEEB0A5A
:10F5300010EE101A40EA01063046FDF7EDFF0120FB
:10F5400000F074F8681C85B2B5F57A7FCDDB601CDD
:10F5500084B2062CFFF633AF2FE70000F001002045
:10F5600000007A449FED020A80ED030A7047000014
:10F5700000000000F4F7C2FDFBF718FAF9F732FDBE
:10F58000F9F760FCF9F79AFBF9F7D0FBF9F706FCFD
:10F59000F9F726FCF9F750FEF9F7D2FEFAF75CF816
:10F5A000FAF7ACF8FAF79EF9FAF70AF9F9F73AFC24
:10F5B000F9F79CFEF9F75EFEF9F77AFEF9F7A6FE79
:10F5C000F9F7E2FEF9F73AFFF9F7F4FFF9F700FF70
:10F5D000FAF76CF9FAF7A4F9F9F7B6FFFAF7BCF9FC
:10F5E0000D48F6F761FBFEF777FAFEF779FB00F0BE
:10F5F000EFFDA820F2F714FF00BF01210748F2F742
:10F600000FF90028F9D1F8F7F1FBF9F777FC00F0D2
:10F6100015F800BFFEE70000281200207810002037
:10F620000021842800D0C11C0846704710B500286E
:10F6300000D1012001F002FA002010BD10B501F048
:10F640006BFA002010BD30B585B004460D466169E7
:10F65000B4F90800002910D0A16971B1FFF7E0FFEB
:10F660006269A1690192029100902B46226921688A
:10F67000606801F045FE049010E0FFF7D1FF04A997
:10F6800001910090208A2B4682B22168606801F0C7
:10F6900001FE012802D005B0002030BD049805B05D
:10F6A00030BD00002DE9F04106460F46002552E02E
:10F6B000745D2B48008850B9532C4AD128480188E2
:10F6C0000088401C264A10802648445441E02448C3
:10F6D0000088012816D1224801880088401C204A51
:10F6E00010802048445410460088022831D11D481B
:10F6F0000178532902D14178502902D00021184ABB
:10F70000118026E01648008802281FD3144800887C
:10F710001D281BD2124801880088401C104A108006
:10F7200010484454104600881D2812D11D210D4850
:10F7300001F072FA28B119220A49891C0A48F1F726
:10F7400026FC002006490880BDE8F081002004491D
:10F750000880681C85B2BD42AADB00BFF4E7000048
:10F760001802002049380020053800202DE9F0411A
:10F7700004460F461B4E75693168002081F852001F
:10F780003068001D01F014F848B93068012190F884
:10F790002C0001FA00F0B16921EA0000B061B4F177
:10F7A000FF3F07D137B13068BDE8F041011D0E4879
:10F7B00001F05DB82C4430684460AC4206D2306839
:10F7C000011DB068BDE8F04101F036B83068011D98
:10F7D000706801F031F8306B844200D23463BDE8C8
:10F7E000F0810000DC0500207C3C002070B5044660
:10F7F00001F04AF81C4D2869401C2861286810B1A6
:10F80000E86938B10CE02C602869012808D100F0C3
:10F810008BF905E02868E16AC06A884200D82C604C
:10F82000E86A401CE862E06A0121AA69814011434C
:10F83000A9610E4900EB800001EB8000211D01F061
:10F8400016F801F041F8E86900280CD02868E16A50
:10F85000C06A884207D206494FF080500860BFF363
:10F860004F8FBFF36F8F70BDDC050020A03B0020E1
:10F8700004ED00E038B501F007F80F4CA068B8B906
:10F880000E4800F0CBFF0E4800F0C8FF0B48206088
:10F890001430606000200B4B009003F148021021EF
:10F8A0000A2001F071FAA06010B107A101F08CF8F4
:10F8B000BDE8384001F008B818060020903C002050
:10F8C000A43C0020B83C0020546D725100000000A0
:10F8D00070B50D4CE068002815D00C4E00F0D4FF38
:10F8E000F068C568281D00F063FF2069401E206194
:10F8F000E068401EE06000F0E7FF284600F051F8A5
:10F90000E0680028EAD170BDDC050020683C0020DA
:10F910000B46026C002A0CD0C1681144C160D0F8BB
:10F9200004C0614501D30168C160C1681846F1F7A0
:10F930002EBB70472DE9F041044616460027A56B03
:10F94000226C002A10D0C6B1E068F1F720FBE16814
:10F95000206C091AE1602268914202D26168081A9B
:10F96000E060022E16D017E02068A8B9606801F0A8
:10F9700073FD0746002060600EE0A068F1F707FB0A
:10F98000216CA0680844A0606168884204D32068A4
:10F99000A06001E005B16D1E681CA0633846BDE89B
:10F9A000F08110B5044694F8511000290BD00129BC
:10F9B00011D0022914D0502080F31188BFF34F8F4B
:10F9C000BFF36F8FFEE7206B00F094FF2046BDE889
:10F9D000104000F08FBF2046BDE8104000F08ABF05
:10F9E00010BD000007490A681168002904D00021F1
:10F9F000016019B1002070470121F9E7D068006863
:10FA000070470000180600204FF4C041104810F065
:10FA1000070F06D0C01D20F007000D49411AC1F59F
:10FA2000C0410C4A1060002353600144083921F0A2
:10FA30000701103A11604B600B600B1A43600160C4
:10FA40004068906050604FF00040D0607047000008
:10FA5000A03D00203C060020074E4FF08054074D8B
:10FA6000FFF736FF30680128FAD92C60BFF34F8FBB
:10FA7000BFF36F8FF4E70000A03B002004ED00E02F
:10FA800003460098002905D00260C3630164012188
:10FA900001F0B2B90060F8E72DE9F05F82460B9FF4
:10FAA0000A9D0C9C0E4690469B464FEA8801A52273
:10FAB000206BF1F7E3FA206BA8F1010100EB810064
:10FAC00020F007094FF0000800202218315C82F86E
:10FAD0003410315C11B1401C1028F6D384F84380F7
:10FAE000072D00D30625E5626564C4F84880201D13
:10FAF00000F09FFE04F1180000F09BFE2461C5F1A8
:10FB00000700A0616462C4F84C8084F8508084F8D7
:10FB100052805A465146484600F0AAFA2060002F0B
:10FB200000D03C60BDE8F09F70B500240F4D04EBA1
:10FB3000840005EB800000F071FE641C072CF6D3F6
:10FB40000B4800F06BFE0B4800F068FE0A4800F01E
:10FB500065FE0A4800F062FE094800F05FFE0948B1
:10FB6000034941601431816070BD0000A03B00205A
:10FB70002C3C0020403C0020543C0020683C0020ED
:10FB80007C3C0020DC05002010B4144900E0114644
:10FB90000A688242FBD34B6803EB010C844503D116
:10FBA00040681844486008460C68D0F804C00CEB64
:10FBB0000003A3420CD10A4B1B689A4206D052683C
:10FBC000624442600A681268026002E0036000E07A
:10FBD0000260814200D0086010BC70473C060020E3
:10FBE0002C06002010B5002441600061DFF838C009
:10FBF00091420BD8D11A8269914201D3012410E0BD
:10FC0000011DDCF8040000F017FE0AE09A4203D25E
:10FC1000994201D3012404E0011DDCF8000000F04A
:10FC20000BFE204610BD00001806002010B504464B
:10FC300000F02AFEA06B20B1002400F045FE204613
:10FC400010BD0124F9E710B5044600F01DFEA06BBD
:10FC5000E16B884201D1012400E0002400F034FE71
:10FC6000204610BDF8B505460E4614480068C06829
:10FC7000C468201D00F09CFDE069012810D1A06936
:10FC80002B46411932462046FFF7ACFF40B1002019
:10FC90000346014600902A46204601F001FD28B1A6
:10FCA000616A01B02046BDE8F0400847502080F36B
:10FCB0001188BFF34F8FBFF36F8FFEE71806002048
:10FCC00030B587B0334D002202A9A86801F0F2F9DF
:10FCD00000285CD00298002803DA039A059904985A
:10FCE0009047029800284BDB049C606910B1201DEE
:10FCF00000F05EFD01A800F097F8024602980A287D
:10FD00003ED2DFE800F00505053D263705053D2616
:10FD10000398A169034601442046FFF763FF00B33F
:10FD2000616A20468847E069012829D100200090B7
:10FD30000398A169002342181946204601F0B0FC3F
:10FD400078B9502080F31188BFF34F8FBFF36F8FC6
:10FD5000FEE70398A06128B1811813462046FFF7FB
:10FD600041FF0DE0502080F31188BFF34F8FBFF3A8
:10FD70006F8FFEE794F8280010B9204600F0BAFD16
:10FD8000002202A9A86801F095F90028A2D107B0C5
:10FD900030BD000018060020F8B505460C4600F0FE
:10FDA00003FF684600F040F80646009810B101F0E5
:10FDB000DDFBF8BD44B9B54206D801F0D7FB3146AA
:10FDC0002846FFF74FFFF8BD0C481CB14168096891
:10FDD00091B10024A91B2246806800F009FE01F0C1
:10FDE000C5FB0028EFD106494FF080500860BFF3F3
:10FDF0004F8FBFF36F8FF8BD0124EBE7180600208B
:10FE000004ED00E0074948680068002805D048680C
:10FE1000C068C0684068086370474FF0FF300863EF
:10FE200070470000DC05002070B5044601F0A6FA1A
:10FE30000546074E3069854204D200F00BF80120D8
:10FE4000206001E0002020603561284670BD000080
:10FE500018060020F8B51B4E30680068002824D032
:10FE600000273068C0680568C468201D00F0A0FC49
:10FE7000616A20468847E069012812D1A0692844B8
:10FE8000A84206D960602461211D306800F0D4FCCE
:10FE900007E000232A4619462046009701F000FC9F
:10FEA00040B1306800680028DBD13068716831608B
:10FEB0007060F8BD502080F31188BFF34F8FBFF3FF
:10FEC0006F8FFEE71806002000210278A52A04D1D2
:10FED000401C491C0278A52AFAD0880880B27047D5
:10FEE0000A484068B0F1FF3F07D0502080F31188E6
:10FEF000BFF34F8FBFF36F8FFEE7502080F3118861
:10FF0000BFF34F8FBFF36F8FFEE700004406002062
:10FF100082B001A8FFF766FD0199FFF73DFFFFF7EB
:10FF2000CFFEF6E770B5044600F0AEFC94F94550FC
:10FF3000002D0CDD606A50B104F1240001F0DAFA02
:10FF400008B100F0ABFD681E45B2002DF2DC4FF0A9
:10FF5000FF3684F8456000F0B7FC00F095FC94F99A
:10FF60004450002D0CDD206950B104F1100001F067
:10FF7000C1FA08B100F092FD681E45B2002DF2DC16
:10FF800084F84460BDE8704000F09EBC2DE9F0416B
:10FF90000546002600F008FE334F386808B9FFF721
:10FFA00033FDF86805424ED19DB1083515F0070FB5
:10FFB0000FD005F00700C0F10800054415F0070F49
:10FFC00007D0502080F31188BFF34F8FBFF36F8F9E
:10FFD000FEE7002D37D07868854234D8234908469B
:10FFE000046801E0214604466068A84202D2206805
:10FFF0000028F7D13868844225D0086800F1080647
:020000040801F1
:10000000206808606068411B10290FD9601910F042
:10001000070F07D0502080F31188BFF34F8FBFF335
:100020006F8FFEE741606560FFF7AEFD616878683D
:10003000401A7860BA68904200D2B860F868084305
:1000400060600020206001F091FA16F0070F07D0E1
:10005000502080F31188BFF34F8FBFF36F8FFEE7FF
:100060003046BDE8F08100002C0600203C06002050
:10007000001F4FF080730360001F21F00101016039
:10008000001F0549016014380260001F6FF0020173
:100090000160203870470000E1FE00082DE9F041C2
:1000A0002DED048B04460D462068807A10B900209F
:1000B00028770CE02068807A012802D10220287776
:1000C00005E02068807A022801D101202877206885
:1000D000B0F904000A2805DC2068B0F9040010F12A
:1000E0000A0F03DA2068B0F9046000E000262068F7
:1000F000B0F906000A2805DC2068B0F9060010F106
:100100000A0F03DA2068B0F9067000E000272068C3
:10011000B0F902000A2805DC2068B0F9020010F1ED
:100120000A0F07DA2068B0F9020000EE100AB8EEF4
:10013000C08A01E09FED218A00EE106AB8EEC00A85
:10014000DFED1F0A60EE208A00EE107AB8EEC00ADA
:10015000DFED1C0A20EE209AC5ED008A85ED019A9C
:100160002068B0F9080000EE100AB8EEC00ADFED12
:10017000150A20EE200A85ED020A95ED030ADFED4F
:10018000120A08EE200A85ED030AD5ED030AB0EE47
:10019000600A9FED0E1ADFED090AFEF783FB85ED7D
:1001A000030A2068007B012800D100E0002085F8C8
:1001B0002000BDEC048BBDE8F081000000000000D1
:1001C0000AD7A33C0AD7A3BCBD3706357B14AE3E85
:1001D00010B52A220249A1F12A00FAF72DF910BD23
:1001E0000036002000B101B970478278C37842EA36
:1001F0000322C2F30A020A80C278D210037942EACB
:100200004312C2F30A024A8002799211437942EA08
:100210008302837942EA8322C2F30A028A808279C6
:100220005210C37942EAC312C2F30A02CA80027AA8
:100230005210437A42EAC312C2F30A020A81C27917
:10024000C2F301128A72C2791211C2F38003CB7217
:10025000C2791211D3080B73027A02F001034B73B7
:10026000427AC2F300138B73827AC37A42EA032282
:1002700012B2A1F80F20027B437B42EA032213B2A1
:1002800001F10F02A1F81130827BC37B42EA032205
:1002900013B201F10F02A1F81330027C02F0030344
:1002A0004B75027CC2F381038B75027CC2F3011390
:1002B000CB75427C837C42EA03220A830A88A2F53A
:1002C000806212B20A804A88A2F5806212B24A8025
:1002D0008A88A2F5806212B28A80CA88A2F58062FA
:1002E00012B2CA800A89A2F5806212B20A8100BFE6
:1002F0007AE7000010B5DFED200A9FED200A204AC2
:1003000000212048FAF768F8DFED1B0A9FED1B0A71
:100310001B4A00211B484830FAF75EF8DFED1A0A45
:100320009FED160A194A002116489030FAF754F842
:10033000DFED150A9FED110A144A00211148D8304B
:10034000FAF74AF800200F4924390870FEF74CFCF0
:100350000C492439C8600020FEF7B4FB0949243950
:1003600048600120FEF7AEFB064924398860FEF79D
:100370003FFC0749086010BD00409C450060EA460C
:100380007C3001086436002000401C46883001089B
:10039000D801002010B500F037F800F0E9F800F0BF
:1003A0005FF8FEF795FA174890ED591AF0EE410AFA
:1003B00090ED571AB0EE410A2430F9F715FF1148B5
:1003C00090ED5A1AF0EE410A90ED581AB0EE410A3B
:1003D0006C30F9F709FF0B4890ED110ABDEEC00A29
:1003E00010EE100A00B20749A1F86C01084690ED22
:1003F000230ABDEEC00A10EE100A00B2A1F86E0189
:10040000084610BD40360020144890F8700113498A
:1004100081F87101084690F8720181F8730108466D
:1004200090F8740181F87501084690F8760181F81A
:1004300077010846C068407D81F870010846C068B1
:10044000807D81F872010846C068407B81F87401A4
:100450000846C068C07A81F87601704740360020AF
:100460003F4890F8740101281BD13D4890F8750170
:10047000B8B93C48007808B9012000E000203949AB
:10048000087000203849087036480078012802D1E9
:100490003349087005E03348007810B9002030492E
:1004A00008703048007801283CD12D48C068807B16
:1004B000012802D103202A4908702948C068807B9E
:1004C000012812D12848007878B928480068401CD3
:1004D0002649086008460068172809DD01202249DE
:1004E000087000202149086002E000201F490860D0
:1004F0001B4890F8700118B1194890F8710118B9AB
:1005000019480078012802D10420154908701448C0
:10051000C068807B10BB012011490870002012497F
:1005200008701BE00F480078C0B90D4890F87601BC
:10053000012808D10A4890F87701012803D1092041
:10054000074908700AE0064890F8760130B9044877
:1005500090F8770110B90020014908707047000039
:1005600040360020D6010020D4010020D001002018
:1005700010B5264890ED570A80ED550A90ED580ABF
:1005800080ED560A4068B0F9020000EE100AB8EE9D
:10059000C00AF6EE000A20EE200A1C48D0ED550AEB
:1005A000B6EE001A01EE200A80ED570A8068B0F915
:1005B000020000EE100AB8EEC00AF6EE000A20EEC5
:1005C000200A1248D0ED560AB6EE001A01EE200AB3
:1005D00080ED580AD0ED570AB0EE600A9FED0C1A74
:1005E000DFED0C0AFEF75EF9084880ED570AD0ED02
:1005F000580AB0EE600A9FED061ADFED060AFEF714
:1006000051F9024880ED580A10BD00004036002024
:1006100000401C4600401CC6F0EE400A1348144936
:10062000096800EB8100C0ED000A11480068401C19
:100630000A2190FBF1F201FB12000D4908609FEDC9
:100640000D0AB0EE401A002009E0084901EB8001D4
:1006500091ED000A30EE010AB0EE401A401C0A2863
:10066000F3DBF2EE041A81EE210A704720310020FC
:100670001C0100200000000010B500EE100A2DED56
:10068000028BB1EEC08A18EE100A20F00040C0F1D3
:10069000FF40C00F0AD010EE100A20F00040C0F159
:1006A000FF40C00F04BF0120F0F793FD18EE100AC1
:1006B000BDEC028B10BD0000FEF716FA1D49086064
:1006C00037E000201C4908701C49087014E01B48E2
:1006D000007800EBC0001749096801EB8000C07C7E
:1006E000C0F3401018B101201349087008E0134806
:1006F0000078401C11490870104800780B28E6DB90
:1007000000BF0D48007820B90D48007808B1FDF70A
:1007100085F80948007828B108490978491CC8B209
:10072000FDF78EF804480078054908700A20FEF7A6
:100730007DFFC6E7E4010020E8010020EA01002077
:10074000E9010020014601EBC100034A02EB8000F1
:10075000C07CC0F340107047042F0020AA200D4930
:100760000870FF204870FEF7A9F90B49086010E0F7
:100770002822094801680748001DF0F74DFC4FF09A
:10078000FF332C2203490548F6F72FF80A20FEF71D
:100790004DFFEDE7683800201C020020A813002060
:1007A00010B528210148FEF77DFF10BDDD37002080
:1007B0000169436882689A60836842685A604A683F
:1007C000824201D182684A60002202610868401EAC
:1007D0000860086870470000002801D102480068DE
:1007E000006BFFF771BB0000DC050020034B0360CA
:1007F000034B0B60802313607047000064070020E8
:10080000B8070020034B0360034B0B604FF4807369
:1008100013607047B80900200C0A002000F108019D
:1008200041604FF0FF328260C160016100210160D0
:10083000704700210161704710B4D1F800C0BCF1CD
:10084000FF3F02D000F1080202E0026904E01A460C
:1008500053681C686445FAD953684B6099608A6094
:10086000516008610168491C016010BC7047426812
:100870004A6093688B609368596091600861016871
:10088000491C016070470000502080F31188BFF3BD
:100890004F8FBFF36F8F0A494868401C486001289A
:1008A0000CD10848006810F0FF0F07D0502080F3EB
:1008B0001188BFF34F8FBFF36F8FFEE770470000C3
:1008C0004406002004ED00E009494868002806D0ED
:1008D000401E4860002801D180F3118870475020E5
:1008E00080F31188BFF34F8FBFF36F8FFEE70000D7
:1008F0004406002070B5002827D0A0F10804134D4D
:100900006068E968084207D1502080F31188BFF37E
:100910004F8FBFF36F8FFEE722683AB1502080F30C
:100920001188BFF34F8FBFF36F8FFEE7884360607E
:1009300000F03AF960686968084468602046FFF78B
:1009400023F9BDE8704000F011BE70BD2C060020F8
:100950004FF0E02000210161816105494FF47A7276
:100960000968B1FBF2F1491E41610721016170473D
:100970009000002010B5EFF7D7FC114910280ED3D6
:1009800000F1E02090F8F0030A78904207D250205E
:1009900080F31188BFF34F8FBFF36F8FFEE70948D5
:1009A0000068896800F4E060884207D9502080F32D
:1009B0001188BFF34F8FBFF36F8FFEE710BD0000AC
:1009C000440600200CED00E00022084B53F832C032
:1009D000BCF1000F03D0521C082AF7D3704743F82C
:1009E000321003EBC201486070470000603B0020FA
:1009F00070B504460D461646FFF746FF94F94400CD
:100A0000B0F1FF3F4FF0000001D184F8440094F9A9
:100A10004510B1F1FF3F01D184F84500FFF754FFC5
:100A2000A06B28B93246294604F1240000F056F89C
:100A30002046BDE87040FFF775BA000010B50246C9
:100A40000020002A12D00F48806B38B1502080F36C
:100A50001188BFF34F8FBFF36F8FFEE700F0A4F84C
:100A600000211046FEF782FE00F080FD002807D12D
:100A700005494FF080500860BFF34F8FBFF36F8F71
:100A800010BD0000DC05002004ED00E002498A6A88
:100A90000260496941607047DC050020014901207E
:100AA00048627047DC05002010B50C4600280BD0CA
:100AB000094A126802F11801FFF7BEFE2046BDE8A0
:100AC00010400121FEF752BE502080F31188BFF381
:100AD0004F8FBFF36F8FFEE7DC05002070B50D462A
:100AE000144600280DD00B4909681831FFF7BFFEE6
:100AF0000CB14FF0FF3521462846BDE87040FEF7A7
:100B000035BE502080F31188BFF34F8FBFF36F8F36
:100B1000FEE70000DC05002030B587B00025069513
:100B2000059504AA05A906A8FFF760FE0698059991
:100B3000019102900023009517A11948049A00F032
:100B4000DFFB184C606308B1012000E000200128A1
:100B500001D100F071FD01280AD0B0F1FF3F19D199
:100B6000502080F31188BFF34F8FBFF36F8FFEE7E4
:100B7000502080F31188BFF34F8FBFF36F8F4FF07A
:100B8000FF3020630120E061656107B0BDE83040BF
:100B900000F062B807B030BD49444C450000000089
:100BA00059FA0008DC0500200248816B491C81636A
:100BB00070470000DC050020154A906B002802D029
:100BC000012050627047002050629069B0FA80F0B6
:100BD000C0F11F000F4900EB800051F8203073B1C5
:100BE00001EB800041684968416000F108039942C7
:100BF00001D1496841604068C0681060704750206A
:100C000080F31188BFF34F8FBFF36F8FFEE70000B3
:100C1000DC050020A03B002070B505460C460026F0
:100C20000DB1022C01D8002070BDA11E0948028818
:100C30002846FDF721FF0646F1B2A01E285C81423E
:100C400006D1601E285CB0EB162F01D10120EBE726
:100C50000020E9E7CC05002000B583B038480168E2
:100C6000384A914207D1502080F31188BFF34F8F4B
:100C7000BFF36F8FFEE700683349884207D15020E9
:100C800080F31188BFF34F8FBFF36F8FFEE72F49BB
:100C900008780290FF200870087801909DF8040001
:100CA0009DF8042000F0F000904207D0502080F31F
:100CB0001188BFF34F8FBFF36F8FFEE79DF80400DD
:100CC000234B00F050001870072098609DF8040036
:100CD00010F0800F0BD09868401E98609DF80400BB
:100CE000400001909DF8040010F0800FF3D1986847
:100CF000032807D0502080F31188BFF34F8FBFF334
:100D00006F8FFEE74FF440709860029808701148AA
:100D1000016841F470010160016841F070410160B7
:100D2000FFF716FE00205860EFF7C6FA0A48016880
:100D300041F040410160EFF7ABFA03B0002000BD85
:100D400000ED00E071C20F4170C20F4100E400E00D
:100D50004406002020ED00E034EF00E010B5502004
:100D600080F31188BFF34F8FBFF36F8F00F00CFB40
:100D700018B104494FF080500860002080F31188BA
:100D800010BD000004ED00E038B5049D002804D03B
:100D90005BB102B189B1C2B120E0502080F311886B
:100DA000BFF34F8FBFF36F8FFEE7502080F31188A2
:100DB000BFF34F8FBFF36F8FFEE7502080F3118892
:100DC000BFF34F8FBFF36F8FFEE739B1502080F331
:100DD0001188BFF34F8FBFF36F8FFEE74FF0480CC2
:100DE000CDF800C01C46012384F846302B46009401
:100DF000FEF746FE204638BD70B504460D46002C71
:100E000025D0FFF741FD226CE16B206801FB020059
:100E100060600020A0632068A060E16B226C206805
:100E2000491E01FB0200E0604FF0FF3084F84400EF
:100E300084F845009DB104F11000FFF7EFFC04F1C8
:100E40002400FFF7EBFCFFF73FFD012070BD5020B1
:100E500080F31188BFF34F8FBFF36F8FFEE72069D8
:100E60000028F0D004F1100000F044FB0028EAD084
:100E700004494FF080500860BFF34F8FBFF36F8F6E
:100E8000E1E7000004ED00E02DE9FF4782B00446F1
:100E90008A461F460025002C03D0BAF1000F08D067
:100EA00011E0502080F31188BFF34F8FBFF36F8F95
:100EB000FEE7206C38B1502080F31188BFF34F8FCC
:100EC000BFF36F8FFEE7022F0AD1E06B012807D036
:100ED000502080F31188BFF34F8FBFF36F8FFEE771
:100EE00000F03EFA48B9049838B1502080F31188D8
:100EF000BFF34F8FBFF36F8FFEE700264FF0805890
:100F0000DFF8F090FFF7C0FCA06BE16B884205D3DF
:100F1000022F03D0049808B335B329E03A4651466E
:100F20002046FEF707FD616A59B104F1240000F084
:100F3000E1FA68B1C9F80080BFF34F8FBFF36F8F3C
:100F400006E028B1C9F80080BFF34F8FBFF36F8F61
:100F5000FFF7BAFC06B00120BDE8F087FFF7B4FC4C
:100F600006B00020BDE8F0876846FFF78FFD012539
:100F7000FFF7AAFCFFF718FEFFF786FC94F9440080
:100F8000B0F1FF3F01D184F8446094F94500B0F11D
:100F9000FF3F01D184F84560FFF796FC04A968463D
:100FA00000F02CF940B12046FEF7BCFF00F0DEFA5D
:100FB00006B00020BDE8F0872046FEF744FE90B161
:100FC00004F110000499FFF76FFD2046FEF7AAFF19
:100FD00000F0CCFA002895D1C9F80080BFF34F8FFC
:100FE000BFF36F8F8EE72046FEF79CFF00F0BEFA3E
:100FF00088E7000004ED00E02DE9F047044689464B
:1010000017461E46002C03D0B9F1000F08D011E09E
:10101000502080F31188BFF34F8FBFF36F8FFEE72F
:10102000206C38B1502080F31188BFF34F8FBFF38D
:101030006F8FFEE7022E0AD1E06B012807D0502007
:1010400080F31188BFF34F8FBFF36F8FFEE7FFF779
:1010500091FC5020EFF3118880F31188BFF34F8F7C
:10106000BFF36F8FA06BE16B884206D3022E04D0D2
:10107000002088F31188BDE8F08794F94550324686
:1010800049462046FEF756FCB5F1FF3F04D0681CE8
:1010900084F845000120ECE7606A0028FAD004F1EA
:1010A000240000F027FA0028F4D0002FF2D001200D
:1010B0003860EFE72DE9F74783B004468A460025FC
:1010C000002C03D0BAF1000F08D011E0502080F3BB
:1010D0001188BFF34F8FBFF36F8FFEE7206C38B1DD
:1010E000502080F31188BFF34F8FBFF36F8FFEE75F
:1010F00000F036F948B9059838B1502080F31188CE
:10110000BFF34F8FBFF36F8FFEE700274FF080587C
:10111000DFF8E490FFF7B8FBA66BC6B15146204656
:10112000FEF7F6FB701EA063206950B104F11000B9
:1011300000F0E0F928B1C9F80080BFF34F8FBFF38A
:101140006F8FFFF7C1FB06B00120BDE8F08705985F
:1011500008B135B109E0FFF7B7FB06B00020BDE8E4
:10116000F0876846FFF792FC0125FFF7ADFBFFF71C
:101170001BFDFFF789FB94F94400B0F1FF3F01D15B
:1011800084F8447094F94500B0F1FF3F01D184F830
:101190004570FFF799FB05A9684600F02FF868B184
:1011A0002046FEF7BFFE00F0E1F92046FEF73EFDC7
:1011B0000028AFD006B00020BDE8F0872046FEF73B
:1011C00035FD90B104F124000599FFF76DFC204630
:1011D000FEF7A8FE00F0CAF900289BD1C9F80080EC
:1011E000BFF34F8FBFF36F8F94E72046FEF79AFE51
:1011F00000F0BCF98EE7000004ED00E02DE9F041BD
:1012000005460C46002D14D0DCB1FFF73DFBDFF89E
:1012100080C0DCF814006B68C11ADCF800200026DE
:1012200092F85220AAB1DCF8000080F85260012444
:1012300029E0502080F31188BFF34F8FBFF36F8FE9
:10124000FEE7502080F31188BFF34F8FBFF36F8FFD
:10125000FEE72268B2F1FF3F08D02F68DCF828C013
:10126000674505D0834203D801240CE000240AE03E
:101270008A4206D9501A20602846FFF707FC00244E
:1012800001E026600124FFF71FFB2046BDE8F08146
:10129000DC0500202DE9F04F85B081460F9F0E9EA2
:1012A0008A4690469B464FEA8800FEF76FFE054649
:1012B00028000AD05420FEF769FE04460CB12563CD
:1012C00004E02846FFF716FB00E000249CB1002054
:1012D00084F8510003905B464246514601970096C0
:1012E00002944846FEF7D8FB2046FEF77FFA05B089
:1012F0000120BDE8F08F05B04FF0FF30BDE8F08F62
:1013000070B586B00646DDF828C00C9C0B98002806
:1013100016D0ECB1542504952063022084F85100C6
:10132000002005AD0390CDF800C001950294304631
:10133000FEF7B2FB2046FEF759FA059806B070BDDD
:10134000502080F31188BFF34F8FBFF36F8FFEE7FC
:10135000502080F31188BFF34F8FBFF36F8FFEE7EC
:101360000548C169002903D0806B18B1002070477F
:101370000120704702207047DC05002001484069C9
:1013800070470000DC0500202DE9F0470026304FB3
:10139000B86B002808D0386A401C3862786A00B1FF
:1013A00001263046BDE8F0877869451C7D619DB90E
:1013B0007868006838B1502080F31188BFF34F8FF0
:1013C000BFF36F8FFEE77868B9687960B860B86A74
:1013D000401CB862FEF716FD386BDFF87880854256
:1013E0000FD34FF001097868006838B17868C06899
:1013F000C468606885420ED2386302E04FF0FF3067
:1014000038633868C06A00EB800058F82000012873
:10141000C4D90126C2E7201DFFF7CAF9A06A18B196
:1014200004F11800FFF7C4F9E16ABA6909FA01F09A
:101430001043B86101EB810008EB8000211DFFF72C
:1014400016FAE06A3968C96A8842CCD30126CAE72D
:10145000DC050020A03B002070B5044600210028D8
:1014600041D0224D2868844207D0502080F3118853
:10147000BFF34F8FBFF36F8FFEE7A06C38B1401EF4
:10148000A064636CE26A9A422DD040B12BE05020F8
:1014900080F31188BFF34F8FBFF36F8FFEE7201DDE
:1014A000FFF786F91249012258B9E06A00EB800380
:1014B00051F823302BB9AB6902FA00F023EA00009F
:1014C000A861606CE062C0F10700A061E06AAB69EE
:1014D00082401A43AA6100EB800001EB8000211DCD
:1014E000FFF7C5F90121084670BD0000DC050020AA
:1014F000A03B002070B5C068C468002C14D004F173
:101500001800FFF755F9164DA86B0126A0B104F19C
:1015100018011448FFF7ABF9E06A2968C96A8842E4
:101520001CD901206E6270BD502080F31188BFF37A
:101530004F8FBFF36F8FFEE7201DFFF739F9E06A89
:10154000AA6906FA00F11143A961074900EB80007E
:1015500001EB8000211DFFF78AF9DDE7002070BD57
:10156000DC050020543C0020A03B00202DE9F04782
:101570000024A0462D4DA86B002807D0FFF784F962
:10158000A86B401EA863A86B40B149E0502080F3CF
:101590001188BFF34F8FBFF36F8FFEE728690028D4
:1015A0003ED0234F3868012600B3A7F1B409F8688C
:1015B000C46804F11800FFF7FBF8201DFFF7F8F8E6
:1015C000E06AAA6906FA00F11143A96100EB800004
:1015D00009EB8000211DFFF74AF9E06A2968C96A12
:1015E000884200D36E6238680028E0D10CB1FEF763
:1015F00009FC2C6A44B1FFF7C7FE00B16E62641E9D
:10160000002CF8D100202862686A48B14FF0010828
:1016100008494FF080500860BFF34F8FBFF36F8FC2
:10162000FFF752F94046BDE8F0870000DC050020D6
:10163000543C002004ED00E030B587B00024FEF7F4
:1016400019F9134DA868B0B100200690059004AABE
:1016500005A906A8FFF7D6F8059906980222009278
:101660000191029000230BA10C48049AFFF748FE59
:10167000E86000B1012414B107B0204630BD50200D
:1016800080F31188BFF34F8FBFF36F8FFEE7000029
:1016900018060020546D72205376630011FF000875
:1016A000F0B585B084460A9D16461F460022BCF15F
:1016B000000F14D0164CA06800B300910196CDF82D
:1016C00008C006291BDAFFF74BFE02280FD00023C3
:1016D0001A466946A068FFF7D7FB024615E050207E
:1016E00080F31188BFF34F8FBFF36F8FFEE70023A6
:1016F0002A466946A068FFF7C7FB024605E00023BB
:101700003A466946FFF778FC024605B01046F0BD40
:1017100018060020002200EE102A0A7F032A03D1B7
:10172000D1ED050AC1ED040A0A7F3AB9D1ED050AE7
:10173000C1ED040ADFED2F0AC1ED030A0268B2F918
:1017400000200A2A05DC0268B2F9002012F10A0F13
:1017500005DA0268B2F9002000EE102A02E0002249
:1017600000EE102A0A7F012A02D00A7F022A1DD128
:10177000214A1278D2B9214A1278BAB9F8EEC00AD1
:101780009FED1F1A60EE810A0268B2F90F2001EE88
:10179000102AB8EEC11ADFED1B1A41EE210A91EDB5
:1017A000041A71EE600AC1ED040A0DE00A7F012AF5
:1017B00002D00A7F022A07D10F4A1278012A03D1E8
:1017C000D0ED6E0AC1ED040A0A7F012A02D00A7F19
:1017D000022A0ED1094A1278012A0AD1D1ED040A4F
:1017E0009FED091A70EE810AC1ED040A0022034B35
:1017F0001A70704700000000220100202301002021
:1018000017B7D13852499D390000344321F00042C6
:10181000A2F16052B2F5801F01F0004328BFD2F15F
:101820007E6C51D9F1EE10CA1CF4400F14D15FEA5E
:10183000C00C43EAC20202EB507008BF70475FEA77
:101840004C0C40F10000DFF880C241F0578028BF07
:1018500020F0010001F052B8C30001F0004343EA58
:10186000C20202EB507008BF70471B4248BF4FEAEC
:101870004C0C1CF4000F08BF401CDFF84CC201F0F8
:101880003DB8C30001F0004343EAC20202EB5072CC
:1018900004BF104670471B4248BF4FEA4C0C1CF473
:1018A000000FDFF824C218BF104641F0278008BFA0
:1018B000521C12F4000F08BF104601F01F8021F0E7
:1018C000004201F0004330E050EA410C04BF0846FA
:1018D00070475FEA125CBCF1FE0F1ED1F1EE10CA38
:1018E0001CF4400FCDD15FEAC00C9BD05FEA001C16
:1018F0004FEAC20C4CEB507C04BFC2002CEAD27CF5
:101900001CF4000F04BF4CEA0300DFF8BCC100F078
:10191000F58721F00042A2F16052B2F5801F4FEA34
:10192000410C2ADB1CF5001F16D2F1EE10CA1CF484
:10193000806F06D02CF0005C4CF0805CA1F140611F
:101940002AE04FF07F40DFF884C143EA500000F006
:10195000D5BF084601F083B970B500F0D3FC00BFD5
:10196000000000B988000004FFF7F3BF21F07042C7
:1019700043EA507040EAC2007047F1EE10CA2CF002
:10198000805C4CF0005C1CF4006F25D04B00B3F57C
:10199000001F51D301F140611CF4400F40F07E80E4
:1019A0000CF0405CC3004CF0880C11D05CF0404C53
:1019B00010F0805F0CD0034610F1005041F100019F
:1019C000020108BF20F00050834218BF2CF0004CE9
:1019D00000F0604001F03FBA1CF4400F1AD01B42E7
:1019E00048BF4FEA4C0C1CF4000F13D112F14062B7
:1019F00048BF22F07F424FEAC00CBCF1010F43EA1E
:101A0000C20242EB50704FF0880228BF42F0804281
:101A100001F02AB912F1406248BF22F07F425FEA2A
:101A2000C00C43EAC20242EA50704FF0880218BF6D
:101A300042F0404201F018B901F0004321F00041AA
:101A4000094214D0B1FA81FCACF10B0CCCF12002AC
:101A500001FA0CF120FA02F241EA02014FEA0C52BB
:101A600000FA0CF0A1EB020181EA03010FE0B0FAE9
:101A700080F200FA02F002F115024FEAD0214FEA9B
:101A80000252A1EB02014FEA405081EA0301F1EE5C
:101A900010CA2CF0805C4CF0005C7BE762460CF0D6
:101AA000405CC3004CF0880C92D05CF0404C094282
:101AB00048BF520012F4000F8AD110F1005041F1DA
:101AC00000012CF0004C83D18800004088000010F9
:101AD00010B5DFF840E211F5801C13F580141EEA02
:101AE0004C0F18BF1EEA440F00F0C88091EA030FA4
:101AF00048BF83F0004300F10A85841A71EB030CA0
:101B000005D2121943EB0C03001B61EB0C014FEAE9
:101B10001154A4EB135C23EA6E0321EA045143F44D
:101B20008013DCF1200E53D322FA0CFE10EB0E00D2
:101B300023FA0CFE41EB0E01CCF1200E03FA0EFE4F
:101B400010EB0E0051F10001B1F5801FCCF1200E19
:101B500053D201EB045112FA0EF2BDE8104008BF57
:101B60007047F1EE10CA1CF4400F1ED14FF0110C5B
:101B700092F0000F4CF0804C40F1C086401C38BF02
:101B80005FEA420240F0BA86002814BF20F001004C
:101B900041F100014FEA410313F5001F24BF4CF04F
:101BA000805CA1F1C04100F0A9BE11F0004F54BF0C
:101BB0001CF4000F1CF4800F4FF0110C4CF0804C03
:101BC00040F09C86401CC0F0998641F10001E1E79D
:101BD000012A43EB0302ACF1200CDCF11F0E32BFF3
:101BE0004FF0000E23FA0CF310EB030041EB04510D
:101BF000B4EB115FAFD0A1EB045101F5801149089E
:101C00005FEA300002FA0EF242EA420201EB0451AE
:101C10005FEA320213D0BDE81040F1EE10CA1CF4A6
:101C2000400F1AD14FF0110C92F0000F4CF0804C85
:101C3000B0D5401C38BF5FEA4202ABD1A4E7BDE893
:101C400010404FEA410313F5001F38BF7047DFF81B
:101C5000C8C0A1F1C04100F051BE11F0004F54BF07
:101C60001CF4000F1CF4800F4FF0110C4CF0804C52
:101C700090D1401C8ED341F100018BE74EF4001E41
:101C80003EEA410418BF3EEA430439D091EA030F0B
:101C900048BF83F0004300F13585841A71EB030CD3
:101CA00005D2121943EB0C03001B61EB0C0152EA45
:101CB000430E4FEA1154A4EB135C13D05FEA445E69
:101CC00021EA04511CBF23F00043ACF1010C7FF466
:101CD00028AFBDE810404FF0110C801841EB030114
:101CE00000F0F7BC5FEA445EBDE8104018BF7047E3
:101CF00050EA410C08BF70474FF0110C00F0E9BCEE
:101D0000BDE8104070B500F0FDFA00BF64FBBE3EB8
:101D1000110000040000C0FF11000010491058BF5E
:101D2000C1F140415B1058BFC3F140438B42EFF318
:101D3000008070472DE9C04130B4DFF864C33CEA4D
:101D4000111418BF3CEA131400F04B8181EA03051B
:101D50001CEA111444EAD57418BF1CEA131500F0EC
:101D60001D81A4EB05044FF0004545EAC12145EA79
:101D7000C32341EA505143EA525304F17F7499421C
:101D800004F500344FEAC0204FEAC22208BF904257
:101D900000F0D0804FEA13650FF20426765D4FEA1B
:101DA000134506FB05F7C7F1807706FB07F74FEAF7
:101DB000D737A7FB03687642C8F58038A7FB06CE65
:101DC00038BFA8F1010807FB08E64FF0000EA6FB9C
:101DD000028CE6FB03CEDCF1000CCEF1004E38BFE6
:101DE000AEF1010EA6FB0C584FF000074FF00005B6
:101DF000E6FB0E87A1FB08C6A0FB07CE16EB0E067E
:101E000045F10005E1FB076515F1E04E7EBFA4F545
:101E100080345FEA46066D4116F18007F1EE10CA84
:101E200045F100054FEA172747EA05671CF4400F04
:101E30004FEA152536D14FEA4666A6F15E46B6F161
:101E4000085F2FD9B4F1FE6F2CD8384624F0010C6E
:101E500005EBC471BCF1FE6F01EB0C11DFF844C25D
:101E600002D8F0BCBDE8004140F2488524425CBF86
:101E700001F5801E9EEAC47F02D4F0BCBDE800419B
:101E800040F13C85244277D4DFF81CC256EA080EA4
:101E9000A1F1C04118BF4CF0804CF0BCBDE800413E
:101EA00000F02CBD4FEAD22242EA43524FEAD3233C
:101EB000A7FB02864FEAD02040EA415007FB0366A9
:101EC0001EEA0E0F4FEAD12105FB026658BFA6EBB2
:101ED0000056B6EB00564FEA520E4EEAC37E18EBA0
:101EE0000E0E56EB530E05D518EB02085E417F1C13
:101EF00055F1000556EA080E24D01CF4400FA4D07A
:101F000014F0010F18BF4FEA4C0C1CF4000F08D05E
:101F100036429AD4B8EB02089E417F1E75F1000547
:101F200093E7364291D518EB02085E417F1C55F1CC
:101F300000058AE74FF480154FF000074FF00006C8
:101F40004FF0000824F0010C384605EBC471BCF1D9
:101F5000FE6F01EB0C1102D8F0BCBDE800811CEA59
:101F60000C0F5CBF01F5801E9EEAC47F02D4F0BC5A
:101F7000BDE80081244287D556EA080C01F1C04132
:101F80001CBF06F0004C4CF0804C4CF0005CF0BCE8
:101F90004CF0140CBDE8004100F0F2BB50EA410ED9
:101FA0000CEA13150BD052EA430E13D000F02BFAB3
:101FB000641B86EA4606240444EAD674D3E652EA51
:101FC000430E00F02680F0BC81EA030101F00041DD
:101FD000BDE80081F0BCBDE80041DFF8D0C000F0F2
:101FE0008DBCF0BCBDE8004170B500F08BF900BFBE
:101FF000097EFC3E1400000400F007B881EA0301EA
:102000004FF0000001F00041704781EA030100F049
:1020100032BAF0BCBDE800415FF828C000F06EBCE9
:10202000FFFDFBF9F7F5F4F2F0EEEDEBE9E8E6E49D
:10203000E3E1E0DEDDDBDAD8D7D5D4D3D1D0CFCD24
:10204000CCCBCAC8C7C6C5C4C2C1C0BFBEBDBCBB5D
:10205000BAB9B8B7B6B5B4B3B2B1B0AFAEADACAB58
:10206000AAA9A8A8A7A6A5A4A3A3A2A1A09F9F9E32
:102070009D9C9C9B9A9999989797969595949393E4
:10208000929191908F8F8E8E8D8C8C8B8B8A89897B
:1020900088888787868585848483838282818180FE
:1020A0000000FF0714000040140000101400000896
:1020B000B1FA81F201FA02F1C2F11D024FEA415078
:1020C00003EB025303EBD1217047000051EA030CEC
:1020D00011D41CF5801F00F10680994218BF70478B
:1020E00008BF9042704711F5801F58BF13F5801F3D
:1020F00018D4994270471CF5801F09D550EA410C4D
:102100000EBF52EA430C8B42704708BF82427047B1
:102110004FF4001C1CEB410F38BF1CEB430F01D2E6
:102120008B42704770B500F0EDF800BF0000003F33
:1021300019001604FFF7F2BD4FF000514FF0805325
:10214000FFF7ECBDDFF8B4C170B51CEA111E1EBF6D
:102150001CEA13159EEA0C0F95EA0C0F00F0948010
:1021600081EA030421EA4C114EEAD47E23EA4C139F
:10217000AE4441F4801143F48013A1FB024CA0FB58
:102180000365AEF17F7E361955EB0C05A1FB034CC0
:102190004CF10003A0FB021C16EB0C06654153F149
:1021A0000003094218BF46F0010613F4007F0BD16B
:1021B0004FEA03314FEA0530340341EA155140EA52
:1021C00016506FF003020AE04FEAC3214FEAC52020
:1021D000F40241EA555140EA56506FF00202264699
:1021E00002EB2E4201EB025585EACE7127D0F1EECB
:1021F00010CA05461CF4400C14D15FEA440C18BF09
:1022000024F0004450F1000041F1000120EAD470B4
:1022100040F2FD7C624517D2BDE87040DFF8E0C0B7
:1022200000F06CBB5FEACE7454BF1CF4000F1CF4CA
:10223000800F08BF10F1010041F10001E8E740F212
:10224000FE7C624504D270BD08BF11F4801FE3D04C
:10225000A84214BF4FF080444FF04044002E08BF06
:102260000024BEF1806FD8BF01F1C041A8BFA1F129
:10227000C04144F0130CA8BF4CF0805CBDE8704036
:1022800040F37E8200F03ABB9EEA0C0F0CEA131575
:1022900018BF95EA0C0F19D091EA030F48BF4EF012
:1022A000010E50EA410418BF52EA430409D000F07D
:1022B000AAF8641986EA46064FEA044E4EEAD67E2C
:1022C0005BE74FEACE714FF0000070BD00F01AF8E6
:1022D0008900013E1300000400F005B800F007B8C3
:1022E00052EA430C06D081EA030100F0C4B850EA78
:1022F000410CF8D15FF824C000F000BB0000FF07DC
:10230000130000400EF1020E2EF0030E01285EF8BD
:10231000086B41EB010414F5001418BFB4F5801FDD
:1023200023D3364208D4012A43EB030515F50015E3
:1023300018BFB5F5801F18D301EB010C1CF5801FE9
:1023400016D2364204D403EB030C1CF5801F0FD2C7
:10235000002C10D14FEAD17C002D0CEB4C0C0CF171
:10236000020C08BF4CEBD37C07E04FF0090C04E0F3
:102370004FF0080C01E04FEAD37C0CEB4C0526FA39
:1023800005F606F00706B6F1040C06D20EEB860C35
:10239000BDE870404CF0010C6047DFE80CF02224EF
:1023A00013025EF804CC1B2D08D1002C88BFB4F5B5
:1023B000801F34BF4CF4804C4CF4004CBDE870409E
:1023C00000F09CBA002C88BFB4F5001F24BF19464A
:1023D000104670BD4FF000004FF00041A1F5002104
:1023E00070BD19461046012851EB010418BFD4F501
:1023F000001484BF5EF804CC2CF0806CBDE8704003
:1024000000F25B82704780B54FF003065C004FEA34
:1024100003334FEA3606640D4FEA133318BF43F413
:1024200080131CD153EA125E04F1010402BF13466B
:102430000022203C1B4202BF130B1205143CB3FACE
:1024400083FEAEF10B0ECEF1200C03FA0EF322FA4E
:102450000CFC02FA0EF2A4EB0E0443EA0C030FB4D8
:1024600016F0010F0CBC03BC18BF2546CED180BDB1
:1024700080B50126F3E70808A0F500114FEA310105
:10248000704753EA010C11D41CF5801F00F106803F
:102490008B4218BF704708BF8242704713F5801FF8
:1024A00058BF11F5801F18D48B4270471CF5801F50
:1024B00009D552EA430C0EBF50EA410C99427047CD
:1024C00008BF904270474FF4001C1CEB430F38BF0D
:1024D0001CEB410F01D2994270470FB40CBC03BCF6
:1024E000FFF720BE10B5DFF894E211F5801C13F55C
:1024F00080141EEA4C0F18BF1EEA440F00F0F38050
:1025000091EA030F48BF83F000433FF5F6AA841A0F
:1025100071EB030C07D212198CF0004C43EB0C0347
:10252000001B61EB0C0152424FEA1154A4EB135C07
:1025300023EAAE0321EA0451C3EBAE0338BF5B1EAE
:10254000DCF1200E48D322FA0CFE10EB0E0043FA09
:102550000CFE41EB0E01CCF1200E03FA0EFE10EB47
:102560000E0051F10001CCF1200E4CD412FA0EF203
:1025700001EB0451BDE8104008BF7047F1EE10CAEE
:102580001CF4400F14D14FF0120C92F0000F4CF0DD
:10259000804C40F1B381401C18BFB2F1004F40F0B5
:1025A000AD8100280CBF491C20F0010000F0A6B945
:1025B00011F0004F54BF1CF4000F1CF4800F4FF0BB
:1025C000120C4CF0804C40F09981401C40F09681F8
:1025D00041F1000100F092B912EB020E43EB03024D
:1025E00018BF4FF0010E4EEA4202ACF1200CDCF1B4
:1025F0001E0E4BD943FA0CFE10EB0E0051F1FF31C9
:10260000CCF11E0EB2D50EF1010E12FA0EFE4041B3
:1026100041EB010101EB445C5FEA5C5C06D95FEAD7
:102620000E0201EB0451BDE81040A5E73BD24FEA92
:10263000D42C11F5001124F400641AD0B1FA81F2FF
:102640000B3AA41AA41ED2F12003914030FA03F3EE
:102650001943904001EBCC71002C01EB0451BDE813
:102660001040A8BF704701F1C0414FF0120C00F0BC
:1026700087B8B0FA80F310FA03F101D1BDE8104039
:1026800019D0E41A173C4805C90AE3E701EB0451E5
:10269000BDE81040401E61F100015FF0FF326BE7C2
:1026A00001EB045110BD491001EB0451BDE810408D
:1026B0004FEA30000BE0F1EE10CA4FF000010CF4CD
:1026C000400CBCF5000F08BF4FF0004170474FF0C1
:1026D000120C4A0008BF0042EDD0B2F5001F28BF1F
:1026E000704700F0EAB84EF4001E3EEA410418BFFD
:1026F0003EEA430434D091EA030F48BF83F000431D
:102700003FF5CBAA841A71EB030C07D212198CF097
:10271000004C43EB0C03001B61EB0C0152EA033E3F
:102720004FEA1154A4EB135C14D05FEA445E21EA33
:10273000045109D023F000435242ACF1010CC3F123
:10274000000338BF5B1EFBE6BDE81040801A61EB5A
:102750000301BCE7BDE8104050EA410CB7D1AAE73D
:10276000BDE8104070B5FFF7CDFD00BF40DFF63E7D
:102770001100000483F00041104670470000C0FFC4
:10278000F1EE103A13F0807F1EBF01F000410020EF
:10279000704713F4006F40F0AA80094248BF4CF420
:1027A000803C4FF4C0634FEA115203F1010321EA68
:1027B000025122F400629A1A48BF6FF0FE0241F4FF
:1027C0008011352A3CD830D0152A1ED3203A0CD996
:1027D0000028C2F1200321FA02F001FA03F218BF27
:1027E00042F001024FF0000130E0C2F1000302F1BB
:1027F000200201FA03F120FA02F241EA020100FA92
:1028000003F208464FF0000120E0C2F1200310B4AB
:1028100000FA03F401FA03F320FA02F021FA02F1BC
:10282000224610BC43EA000010E050EA01324FF0AB
:1028300000004FF000014FF0004218BF521C05E0AD
:102840004FF001024FF000014FF000001CF4803FF8
:102850002CF4803C18BF41F0004112421ED0F1EE32
:10286000103A13F4400F20D1520003D30CD0401C77
:1028700041F10001F1EE103A4CF0804C43F00803B6
:10288000E1EE103A00F03AB85FEAAC72EFD4F1D161
:10289000401C41F1000120F00100EBE71CF0804FEB
:1028A00008BF70472CF0004CE4E7094254BF13F412
:1028B000000F13F4800FDDD1D9E7F1EE103A13F0D9
:1028C000807F1EBF01F000410020704713F4006FAD
:1028D00008BF70472DE9F050FFF7CAFD04F5C0644A
:1028E000A4F10104314301EB0451BDE8F0504CF078
:1028F000005C4CF0800C00F0AEBA00001CF0700FD1
:1029000008BF0A460FB4F1EE101A0CF0405030EA3E
:10291000814318BF4CF0804C4FEA4C0310EA814FC2
:102920004FEAD36323EA112318BF23F0100341EACF
:10293000030101F0E073E1EE101A4CEA030C0CF015
:102940000F030A2B1DBF082B0CF070034CEAC30CBD
:102950004FF4003304BF33EA0C034CF4400C1CF07A
:10296000005F14D11CF0805F0BD11CF0804F31D17F
:102970001CF0006F12D111F4807F0FBC62D000F008
:102980006ABA11F4806F0FBC2BD000F064BA11F456
:10299000006F0FBC08BF704700F05DBA11F4007FF4
:1029A0000FBC40F058821CF0400F1EBF4FF000409B
:1029B00040F0010070471CF0100F14BF81EA0302C1
:1029C00042400CF00F000A2808BF4FF0FF324FF0D2
:1029D000000326E011F4805F0FBC08BF704700F0D1
:1029E0003ABAF1EE103A2CF0805C1CF0800F14BF64
:1029F00001F0004200F0004212420CBF12EA336FB5
:102A000012EAF35F0DD31CF0100F1DBF30A003C8F6
:102A10001143314808BF104313F4805F40F01B821C
:102A200070471CF0100F02F000421DBF0FF294001F
:102A300003C81143254808BF104313F4805F40F0DA
:102A40000A8270471CF0400F40F028801CF4404F71
:102A50001BD01CF4004F1CBF194610460CF48072AA
:102A600018BF8CEA520C1CF0800F0CBF40F48000A1
:102A700041F400218CEADC0313F0100F1CBF2CF092
:102A80000F0C4CF0080C00F08DB91CF0100F1ABFA1
:102A900012A393E80300134800F084B91CF0800FE0
:102AA00014BF01F0004200F000421CF0100F1BBFE9
:102AB0000AA393E803000B48114308BF104300F03A
:102AC00071B900BF000000000000F07F0000807FAF
:102AD000FFFFFFFFFFFFEF7FFFFF7F7F0000000092
:102AE0000000F87F0000C07F43004FEAD30C4FEA9C
:102AF0003C0C43401FBF40070CF1605113F0FE4FE8
:102B000070471CF0006F14D133F0004004BF194629
:102B1000704783EA830383EA430303F0070343EA2E
:102B2000CC010CF0004303F15A5303F54013FFF7B7
:102B3000BFBA0CF0004343EA507010B540EACC0035
:102B400000F00FF8000000BA180000044FEA00017E
:102B5000FFF791BC4FEAE0024FEA407042F0E041DB
:102B600070470EF1020E2EF0030E4FEA40025EF89F
:102B7000084B12F1807218BFB2F5000F22D3244225
:102B800007D44FEA410313F1807318BFB3F5000F68
:102B900018D34FEA400C1CF5000F16D2244204D47F
:102BA0004FEA410C1CF5000F0FD2002A10D14FEA5A
:102BB000D07C002B0CEB4C0C0CF1020C08BF4CEB46
:102BC000D17C07E04FF0090C04E04FF0080C01E065
:102BD0004FEAD17C0CEB4C0324FA03F404F0070415
:102BE000B4F1040C06D20EEB840CBDE810404CF09E
:102BF000010C6047DFE80CF01F2013025EF804CCE4
:102C00001B2B08D1002A88BFB2F5000F34BF4CF44B
:102C1000804C4CF4004CBDE81040FFF76FBE002A1A
:102C200088BFB2F1807F28BF084610BD4FF000403A
:102C3000A0F5800010BD0846420018BFD2F1807296
:102C400084BF5EF8042C22F08062BDE8104000F2E0
:102C50008A8070474FF00000E1EE100A7047FF21B4
:102C600041EAD050C0057047F1EE101A11F0807F94
:102C70001CBF00F00040704711F4006F40F08E80E0
:102C800000F0004343EAD05323F48073C3F1C1033F
:102C900023F00041172941D8C3F1200310FA03F1B2
:102CA000C3F1200320F07F4040F4000020FA03F03D
:102CB00003F0004340EA030019D00B46F1EE101A6E
:102CC00041F00801E1EE101A11F4400F1CD1590037
:102CD00009D318BF401C06D17FEAE27398BF401C9D
:102CE00038BF20F0010042F0804CFFF707BE12F021
:102CF000804F08BF7047F1EE101A944641F008016A
:102D0000E1EE101AFFF7FABD10F0004F14BF5FEAB2
:102D1000F1535FEA316338BF401CE4E7182903EB45
:102D2000912318BF6FF000410131F1EE101A41F00C
:102D30000801E1EE101A11F4400F18BF03F0004033
:102D4000E2D168BF03F0004009D6400203F0004022
:102D500000F1010004BF12F0004F20F001004FF01D
:102D6000804CFFF7CBBDF1EE101A11F0807F1CBF35
:102D700000F00040704711F4006F08BF704700F08A
:102D8000004120F00040B0FA80F3A3F1080341F0C5
:102D9000C04100FA03F0A1EBC351084442F0005CCB
:102DA00000F059B80CF00F03092B08BF082000F001
:102DB00064800A2B32D0082B18BF704708BF1CF064
:102DC000400F31D01CF4803F23D11CF0200F11D1D3
:102DD0001CF0100F0BBF02460A466FF000406FF068
:102DE000004118BF4FF0FF3012F0004F1CBFC0432E
:102DF000C94370471CF0100F0CBF02460A4612F080
:102E0000004F4FF0FF304FF0FF311CBFC043C943AC
:102E100070474FF000004FF0000170471CF0400F6A
:102E200018BF4FF0004070471CF0100F08D020F082
:102E3000704300F07F4242EAD3014FEA437070478B
:102E400000F0604021F07F4242EA000201F07F4042
:102E500040EA727070472DE900502DE90050EEF7FE
:102E6000E1F9BDE80050BDE800500CF00F0393F00D
:102E7000090F18BF7047AFF300801CF4801F24D0E7
:102E80001CF4E02F09D010F0080F02D1D0F102009D
:102E900070476FEACC31490070474FF0604111EA4A
:102EA000407028BF40F04050F1EE103A23F07043DC
:102EB00043EA0003E1EE103AEFF3008222F07042A1
:102EC00042EA000282F3008870471CEA004018BF03
:102ED00001207047783E0108B90601080000000093
:102EE0000000000080000000000000000000000062
:102EF000403E010885D900080000000000000000E5
:102F0000000200000000000000000000343E010844
:102F1000A1DF000800000000000000000001000028
:102F20000000000000000000483E0108E1F0000839
:102F3000020000000000000000020000000000008D
:102F400000000000543E01086DF10008030000007D
:102F5000000000000004000000000000000000006D
:102F60003C3E0108B5F3000800000000000000002E
:102F70000001000000000000000000006C3E01089D
:102F80005D070108000000000000000000010000D3
:102F900000000000000000005C3E01088BA9000852
:102FA0000000000000000000000100000000000020
:102FB0000000000000000000000000000102030407
:102FC0000607080900000000010203041E00280093
:102FD0000F000A000A000B000A000A000A000A009B
:102FE0000A0009000A000A000800020003000E009F
:102FF000020003000D000A000A000C00020003009A
:1030000007000500050007002800C800070064004D
:10301000640005000A000A00070064006400010063
:10302000CDCCCC3E17B751390AD7233D00007A45A5
:10303000000080400AD7233DABAAAA3E484400477F
:103040004D004759524143434D4147000000803FE6
:103050000000000000000000000000000000803FB1
:103060000000000000000000000000000000803FA1
:103070000000000000000000C3F51C410000E0401B
:1030800017B7D13800000040CDCC4C3F9A99193E7B
:103090009A99193F0000803F0000000000000000E6
:1030A0000000000000000000000000000000000020
:1030B0000000803F00000000000000000000000051
:1030C0000000000000000000000000000000803F41
:1030D00000000000000000000000000000000000F0
:1030E00000000000000000000000803F0000000021
:1030F00000000000000000000000000000000000D0
:10310000000000000000803F000000000000000000
:1031100000000000000000000000000000000000AF
:103120000000803FFF005EBCE2613FDD83C29C7E09
:1031300020A3FD1F419DC3217FFCA2401E5F01E330
:10314000BD3E6082DC237D9FC1421CFEA0E1BF5DCD
:103150000380DE3C62BEE0025CDF81633D7C22C016
:103160009E1D43A1FF4618FAA427799BC584DA382F
:1031700066E5BB5907DB856739BAE406581947A5E8
:10318000FB7826C49A653BD987045AB8E6A7F91B91
:1031900045C6987A24F8A6441A99C7257B3A6486CE
:1031A000D85B05E7B98CD2306EEDB3510F4E10F2FB
:1031B000AC2F7193CD114FADF3702ECC92D38D6F98
:1031C00031B2EC0E50AFF1134DCE90722C6D33D165
:1031D0008F0C52B0EE326C8ED0530DEFB1F0AE4C7E
:1031E0001291CF2D73CA947628ABF517490856B4BF
:1031F000EA6937D58B5709EBB536688AD495CB2960
:1032000077F4AA4816E9B7550B88D6346A2B759718
:10321000C94A14F6A8742AC896154BA9F7B6E80A45
:1032200054D7896B35000000891112239B32244644
:10323000AD573665BF74488CC19D5AAFD3BE6CCABA
:10324000E5DB7EE9F7F88110080193331A22A556D1
:103250002C47B7753E64C99C408DDBBF52AEEDDA9A
:1032600064CBFFF976E802218B30100299132667B0
:10327000AF763444BD554AADC3BC588ED19F6EEB7A
:10328000E7FA7CC8F5D983310A2091121803A77791
:103290002E66B5543C45CBBD42ACD99E508FEFFB5A
:1032A00066EAFDD874C904428D5316619F702004EC
:1032B000A9153227BB364CCEC5DF5EEDD7FC68883A
:1032C000E1997AABF3BA85520C4397711E60A11451
:1032D0002805B3373A26CDDE44CFDFFD56ECE9981A
:1032E0006089FBBB72AA06638F7214409D51222530
:1032F000AB343006B9174EEFC7FE5CCCD5DD6AA9FA
:10330000E3B8788AF19B87730E6295501C41A33510
:103310002A24B1163807CFFF46EEDDDC54CDEBB9D9
:1033200062A8F99A708B088481951AA793B62CC26B
:10333000A5D33EE1B7F04008C919522BDB3A644EE1
:10334000ED5F766DFF7C899400859BB712A6ADD2A8
:1033500024C3BFF136E0C1184809D33B5A2AE55EC1
:103360006C4FF77D7E6C0AA583B4188691972EE387
:10337000A7F23CC0B5D14229CB38500AD91B666FA1
:10338000EF7E744CFD5D8BB502A499961087AFF368
:1033900026E2BDD034C1C3394A28D11A580BE77F81
:1033A0006E6EF55C7C4D0CC685D71EE597F42880C3
:1033B000A1913AA3B3B2444ACD5B5669DF78600C61
:1033C000E91D722FFB3E8DD604C79FF516E4A99028
:1033D0002081BBB332A2C55A4C4BD7795E68E11C41
:1033E000680DF33F7A2E0EE787F61CC495D52AA107
:1033F000A3B03882B193466BCF7A5448DD59622D21
:10340000EB3C700EF91F8FF706E69DD414C5ABB1E7
:1034100022A0B9923083C77B4E6AD5585C49E33D00
:103420006A2CF11E780F0000891112239B3224466A
:10343000AD573665BF74488CC19D5AAFD3BE6CCAB8
:10344000E5DB7EE9F7F88110080193331A22A556CF
:103450002C47B7753E64C99C408DDBBF52AEEDDA98
:1034600064CBFFF976E802218B30100299132667AE
:10347000AF763444BD554AADC3BC588ED19F6EEB78
:10348000E7FA7CC8F5D983310A2091121803A7778F
:103490002E66B5543C45CBBD42ACD99E508FEFFB58
:1034A00066EAFDD874C904428D5316619F702004EA
:1034B000A9153227BB364CCEC5DF5EEDD7FC688838
:1034C000E1997AABF3BA85520C4397711E60A1144F
:1034D0002805B3373A26CDDE44CFDFFD56ECE99818
:1034E0006089FBBB72AA06638F7214409D5122252E
:1034F000AB343006B9174EEFC7FE5CCCD5DD6AA9F8
:10350000E3B8788AF19B87730E6295501C41A3350E
:103510002A24B1163807CFFF46EEDDDC54CDEBB9D7
:1035200062A8F99A708B088481951AA793B62CC269
:10353000A5D33EE1B7F04008C919522BDB3A644EDF
:10354000ED5F766DFF7C899400859BB712A6ADD2A6
:1035500024C3BFF136E0C1184809D33B5A2AE55EBF
:103560006C4FF77D7E6C0AA583B4188691972EE385
:10357000A7F23CC0B5D14229CB38500AD91B666F9F
:10358000EF7E744CFD5D8BB502A499961087AFF366
:1035900026E2BDD034C1C3394A28D11A580BE77F7F
:1035A0006E6EF55C7C4D0CC685D71EE597F42880C1
:1035B000A1913AA3B3B2444ACD5B5669DF78600C5F
:1035C000E91D722FFB3E8DD604C79FF516E4A99026
:1035D0002081BBB332A2C55A4C4BD7795E68E11C3F
:1035E000680DF33F7A2E0EE787F61CC495D52AA105
:1035F000A3B03882B193466BCF7A5448DD59622D1F
:10360000EB3C700EF91F8FF706E69DD414C5ABB1E5
:1036100022A0B9923083C77B4E6AD5585C49E33DFE
:103620006A2CF11E780F0006101600061016000016
:1036300000000000920E493CB10AC93C2BC3163D64
:103640002EFB483D752B7B3D04A9963D80B6AF3DD2
:1036500036BDC83D2FBCE13D73B2FA3D87CF093E70
:103660008340163EB5AB223EA2102F3ECF6E3B3EAE
:10367000C2C5473E0115543E135C603E7F9A6C3EC6
:10368000CCCF783EC07D823E938E883E229A8E3E7D
:1036900032A0943E86A09A3EE59AA03E128FA63EA6
:1036A000D47CAC3EEF63B23E2A44B83E491DBE3ED8
:1036B00015EFC33E53B9C93ECA7BCF3E4136D53E16
:1036C00080E8DA3E4F92E03E7533E63EBBCBEB3E00
:1036D000EA5AF13ECBE0F63E275DFC3EE4E7003FD0
:1036E0003D9C033F824B063F9BF5083F6B9A0B3F87
:1036F000DA390E3FCDD3103F2A68133FD9F6153F74
:10370000C07F183FC6021B3FD17F1D3FCBF61F3F36
:103710009967223F25D2243F5636273F1594293FEB
:103720004AEB2B3FDE3B2E3FBB85303FC9C8323FC3
:10373000F304353F233A373F4268393F3B8F3B3FE5
:10374000F9AE3D3F67C73F3F70D8413F01E2433F7D
:1037500003E4453F65DE473F12D1493FF8BB4B3F8D
:10376000029F4D3F207A4F3F3D4D513F4918533FF7
:1037700031DB543FE595563F5348583F6AF2593F75
:103780001A945B3F532D5D3F05BE5E3F2146603F6F
:1037900097C5613F5A3C633F59AA643F880F663F13
:1037A000D86B673F3CBF683FA7096A3F0C4B6B3F34
:1037B0005E836C3F93B26D3F9ED86E3F73F56F3F53
:1037C0000809713F5213723F4714733FDD0B743F7A
:1037D0000BFA743FC6DE753F07BA763FC58B773F5D
:1037E000F853783F9812793F9DC7793F02737A3F2B
:1037F000BE147B3FCDAC7B3F283B7C3FC9BF7C3FA9
:10380000AC3A7D3FCCAB7D3F23137E3FB0707E3F13
:103810006DC47E3F580E7F3F6D4E7F3FAB847F3F30
:103820000FB17F3F97D37F3F43EC7F3F11FB7F3F3B
:103830000000803F11FB7F3F43EC7F3F97D37F3FEA
:103840000FB17F3FAB847F3F6D4E7F3F580E7F3F70
:103850006DC47E3FB0707E3F23137E3FCCAB7D3F77
:10386000AC3A7D3FC9BF7C3F283B7C3FCDAC7B3F22
:10387000BE147B3F02737A3F9DC7793F9812793F10
:10388000F853783FC58B773F07BA763FC6DE753F62
:103890000BFA743FDD0B743F4714733F5213723FB2
:1038A0000809713F73F56F3F9ED86E3F93B26D3F2D
:1038B0005E836C3F0C4B6B3FA7096A3F3CBF683F80
:1038C000D86B673F880F663F59AA643F5A3C633FF5
:1038D00097C5613F2146603F05BE5E3F532D5D3F6A
:1038E0001A945B3F6AF2593F5348583FE595563F5B
:1038F00031DB543F4918533F3D4D513F207A4F3FF4
:10390000029F4D3FF8BB4B3F12D1493F65DE473F19
:1039100003E4453F01E2433F70D8413F67C73F3F63
:10392000F9AE3D3F3B8F3B3F4268393F233A373F3B
:10393000F304353FC9C8323FBB85303FDE3B2E3FE5
:103940004AEB2B3F1594293F5636273F25D2243F7B
:103950009967223FCBF61F3FD17F1D3FC6021B3F19
:10396000C07F183FD9F6153F2A68133FCDD3103FCB
:10397000DA390E3F6B9A0B3F9BF5083F824B063FAF
:103980003D9C033FE4E7003F275DFC3ECBE0F63E75
:10399000EA5AF13EBBCBEB3E7533E63E4F92E03E3A
:1039A00080E8DA3E4136D53ECA7BCF3E53B9C93EA8
:1039B00015EFC33E491DBE3E2A44B83EEF63B23EFA
:1039C000D47CAC3E128FA63EE59AA03E86A09A3EDD
:1039D00032A0943E229A8E3E938E883EC07D823ED7
:1039E000CCCF783E7F9A6C3E135C603E0115543E0E
:1039F000C2C5473ECF6E3B3EA2102F3EB5AB223E26
:103A00008340163E87CF093E73B2FA3D2FBCE13D9D
:103A100036BDC83D80B6AF3D04A9963D752B7B3DB4
:103A20002EFB483D2BC3163DB10AC93C920E493CC2
:103A300000000000920E49BCB10AC9BC2BC316BDE0
:103A40002EFB48BD752B7BBD04A996BD80B6AFBDCE
:103A500036BDC8BD2FBCE1BD73B2FABD87CF09BE6C
:103A6000834016BEB5AB22BEA2102FBECF6E3BBEAA
:103A7000C2C547BE011554BE135C60BE7F9A6CBEC2
:103A8000CCCF78BEC07D82BE938E88BE229A8EBE79
:103A900032A094BE86A09ABEE59AA0BE128FA6BEA2
:103AA000D47CACBEEF63B2BE2A44B8BE491DBEBED4
:103AB00015EFC3BE53B9C9BECA7BCFBE4136D5BE12
:103AC00080E8DABE4F92E0BE7533E6BEBBCBEBBEFC
:103AD000EA5AF1BECBE0F6BE275DFCBEE4E700BFCC
:103AE0003D9C03BF824B06BF9BF508BF6B9A0BBF83
:103AF000DA390EBFCDD310BF2A6813BFD9F615BF70
:103B0000C07F18BFC6021BBFD17F1DBFCBF61FBF32
:103B1000996722BF25D224BF563627BF159429BFE7
:103B20004AEB2BBFDE3B2EBFBB8530BFC9C832BFBF
:103B3000F30435BF233A37BF426839BF3B8F3BBFE1
:103B4000F9AE3DBF67C73FBF70D841BF01E243BF79
:103B500003E445BF65DE47BF12D149BFF8BB4BBF89
:103B6000029F4DBF207A4FBF3D4D51BF491853BFF3
:103B700031DB54BFE59556BF534858BF6AF259BF71
:103B80001A945BBF532D5DBF05BE5EBF214660BF6B
:103B900097C561BF5A3C63BF59AA64BF880F66BF0F
:103BA000D86B67BF3CBF68BFA7096ABF0C4B6BBF30
:103BB0005E836CBF93B26DBF9ED86EBF73F56FBF4F
:103BC000080971BF521372BF471473BFDD0B74BF76
:103BD0000BFA74BFC6DE75BF07BA76BFC58B77BF59
:103BE000F85378BF981279BF9DC779BF02737ABF27
:103BF000BE147BBFCDAC7BBF283B7CBFC9BF7CBFA5
:103C0000AC3A7DBFCCAB7DBF23137EBFB0707EBF0F
:103C10006DC47EBF580E7FBF6D4E7FBFAB847FBF2C
:103C20000FB17FBF97D37FBF43EC7FBF11FB7FBF37
:103C3000000080BF11FB7FBF43EC7FBF97D37FBFE6
:103C40000FB17FBFAB847FBF6D4E7FBF580E7FBF6C
:103C50006DC47EBFB0707EBF23137EBFCCAB7DBF73
:103C6000AC3A7DBFC9BF7CBF283B7CBFCDAC7BBF1E
:103C7000BE147BBF02737ABF9DC779BF981279BF0C
:103C8000F85378BFC58B77BF07BA76BFC6DE75BF5E
:103C90000BFA74BFDD0B74BF471473BF521372BFAE
:103CA000080971BF73F56FBF9ED86EBF93B26DBF29
:103CB0005E836CBF0C4B6BBFA7096ABF3CBF68BF7C
:103CC000D86B67BF880F66BF59AA64BF5A3C63BFF1
:103CD00097C561BF214660BF05BE5EBF532D5DBF66
:103CE0001A945BBF6AF259BF534858BFE59556BF57
:103CF00031DB54BF491853BF3D4D51BF207A4FBFF0
:103D0000029F4DBFF8BB4BBF12D149BF65DE47BF15
:103D100003E445BF01E243BF70D841BF67C73FBF5F
:103D2000F9AE3DBF3B8F3BBF426839BF233A37BF37
:103D3000F30435BFC9C832BFBB8530BFDE3B2EBFE1
:103D40004AEB2BBF159429BF563627BF25D224BF77
:103D5000996722BFCBF61FBFD17F1DBFC6021BBF15
:103D6000C07F18BFD9F615BF2A6813BFCDD310BFC7
:103D7000DA390EBF6B9A0BBF9BF508BF824B06BFAB
:103D80003D9C03BFE4E700BF275DFCBECBE0F6BE71
:103D9000EA5AF1BEBBCBEBBE7533E6BE4F92E0BE36
:103DA00080E8DABE4136D5BECA7BCFBE53B9C9BEA4
:103DB00015EFC3BE491DBEBE2A44B8BEEF63B2BEF6
:103DC000D47CACBE128FA6BEE59AA0BE86A09ABED9
:103DD00032A094BE229A8EBE938E88BEC07D82BED3
:103DE000CCCF78BE7F9A6CBE135C60BE011554BE0A
:103DF000C2C547BECF6E3BBEA2102FBEB5AB22BE22
:103E0000834016BE87CF09BE73B2FABD2FBCE1BD99
:103E100036BDC8BD80B6AFBD04A996BD752B7BBDB0
:103E20002EFB48BD2BC316BDB10AC9BC920E49BCBE
:103E30000000008044455445435400006C65640014
:103E400063616C690000000067696D62616C5461B8
:103E5000736B0000696D755461736B0053454C467C
:103E60005F41494D5F7461736B00000055415254CE
:103E70005F7461736B000000746573740000000070
:103E8000A03E01080000002064070000C4010008F3
:103E90004C400108640700209CD600002002000866
:103EA00001301309B91B0851041A61041A8D041A50
:103EB000CD0413D5B81B081908131201140202020D
:103EC000164083044057260201020301071A040327
:103ED00009041A0313E91B1B08E5041AA104130DB6
:103EE0001C120803AD24F4133801142050331B2096
:103EF0007C041A64041A9404360205060606134F5D
:103F0000D91B08490401320354204232642AFF03BA
:103F1000190519074AFF077913390F011080093372
:103F200033EB3A58A08B3A3201157D04017C100F17
:103F30000240AB034101055308065804070F160859
:103F400010810911160A15800B16450C18010D0376
:103F50001070174B4040041159040B14803F1C296A
:103F600018691C39080911347924091118A9140990
:103F70002A30290439847995C918A904092AC46901
:103F80001C094AC4A9A8E918E91CE9C46930E9D0A8
:103F90006918691C0912E409169CA988A904012062
:103FA000A990E980A984A970A9E0011B0808125012
:103FB000C347CDCCCC3D0409531C110B1AC8421C7D
:103FC000014802170723FFFF32010273101AAA01EA
:103FD00081130A0632022A408C140902431302019B
:103FE0001DC03209049D1A020B1305241610010589
:103FF0002401100901042402020524061701070503
:1040000082030815100904012B020AE11C050102B4
:10401000432C070581070938442A40072A810711E4
:104020002B0907440A3B044413DDB51B083D041368
:10403000E7B642081A830C13C1B41B080D08C11A55
:0C404000C5101AB9041AD1041AAD04000E
:040000050800018965
:00000001FF
