:020000040800F2
:1000000068E10020E5030008A1B10008E1920008C2
:100010004DB00008EF35000895E000080000000032
:1000200000000000000000000000000025030008A0
:100030006B4F000800000000810300081DD4000879
:10004000FF030008FF030008FF030008FF03000888
:10005000FF030008FF0300086D4F0008FF030008BE
:10006000FF030008734F0008794F0008FF030008E2
:10007000FF030008FF030008FF030008FF03000858
:10008000FF030008FF030008FF030008FF03000848
:10009000F1350008FF030008FF0300087F4F000848
:1000A000FF030008FF030008FF030008FF03000828
:1000B000FF030008FF030008FF030008FF03000818
:1000C000FF030008FF030008FF030008FF03000808
:1000D000FF030008F5DE0008FF03000801DF000849
:1000E000FF030008FF030008FF030008FF030008E8
:1000F000FF030008FF030008FF0300087149000820
:10010000FF030008FF030008FF030008FF030008C7
:10011000FF030008FF030008FF030008FF030008B7
:10012000FF030008C9490008D5490008FF0300087B
:10013000FF030008FF030008FF030008FF03000897
:10014000FD350008FF030008FF030008FF03000857
:10015000FF030008A14E0008AD4E0008D1DF0008E3
:10016000FF030008FF030008FF030008FF03000867
:10017000FF030008FF030008FF0300080000000061
:10018000FF030008FF03000800F002F800F0BAF8CF
:100190000AA090E8000C82448344AAF10107DA45E2
:1001A00001D100F0AFF8AFF2090EBAE80F0013F07A
:1001B000010F18BFFB1A43F00103184770700100CC
:1001C0009070010010F8013B0A4413F0030408BFCB
:1001D00010F8014B1D1108BF10F8015B641E05D01B
:1001E00010F8016B641E01F8016BF9D1002D15D0D8
:1001F00010F8014B03F00C030C2BA1EB04040ABF15
:1002000010F8013BA4EB8314A4EB032405F10103D4
:1002100014F8016B5B1E01F8016BF9D5914238BFF0
:1002200010F8013BD1D3704700230024002500269D
:10023000103A28BF78C1FBD8520728BF30C148BF49
:100240000B6070476E2901F0F580702901F037824C
:10025000662915F06B84652915F06884672915F007
:100260006584612915F0648403681B0A28BF41F086
:100270008001692901F0A280642901F09F8075291D
:1002800001F09C806F2901F0C481782901F003827C
:10029000E92901F05F81E42901F05C81F52901F091
:1002A0005981EF2901F0C181F82901F00282036828
:1002B000DB0928BF41F08001632901F03F877329E2
:1002C00001F04487E32901F04F87F32901F05487B7
:1002D000002070471FB515F071FB9DE8030000F08A
:1002E000C9FF01F0A3FF04000020002113F02CFF40
:1002F000401C60600020002113F010FFE0601FBD73
:1003000010B510BD01F064FF1146FFF7E3FF11F0D7
:100310003AFD02F041F803B4FFF7F2FF03BC02F02C
:1003200079F800002C4B19680868B0E8F04F80F3AA
:100330000988BFF36F8F4FF0000080F3118870477A
:100340000000000008480068006880F308884FF04B
:10035000000080F3148862B661B6BFF34F8FBFF31D
:100360006F8F00DF00BF00BF08ED00E0DFF80C007A
:10037000016841F470010160704700BF88ED00E042
:10038000EFF30980BFF36F8F134B1A681EF0100F45
:1003900008BF20ED108A20E9F04F106009B44FF03B
:1003A000500080F31188BFF34F8FBFF36F8F13F0AE
:1003B000DDF84FF0000080F3118809BC1968086867
:1003C000B0E8F04F1EF0100F08BFB0EC108A80F3B9
:1003D0000988BFF36F8F704790070020EFF3058007
:1003E000704700000948804709480047FEE7FEE7DC
:1003F000FEE7FEE7FEE7FEE7FEE7FEE7FEE7FEE7D5
:1004000004480549054A064B70470000E9D4000836
:100410008901000868A1002068E1002068C100206F
:1004200068C100209FED1A1AF5EE000A40EE010A9D
:10043000BDEEE00AF5EEC00A10EE100AF1EE10FA79
:1004400038BF401E00EE100A1349F7EE001AB8EE4E
:10045000C00A30EEC00ADFED0F0A20EE200AFCEEE3
:10046000C00A10EE900AC0F3080000EE900A01EBFB
:100470008000F8EE600A90ED011A70EE600A90EDCF
:10048000000A71EEE01A21EE800A00EE810A704740
:1004900083F9223E0000004404670108DFED190AD9
:1004A000B5EEC00A60EE200ABDEEE01A11EE100AA9
:1004B000F1EE10FA38BF401E00EE100A1349F7EEB5
:1004C000001AB8EEC00A30EEC00ADFED0F0A60EE87
:1004D000200ABCEEE00A10EE100AC0F3080000EE9D
:1004E000100A01EB8000B8EE400A90ED011A70EEA0
:1004F000C00A90ED000A71EEE01A21EE800A00EECB
:10050000810A704783F9223E000000440467010815
:1005100070B405880E884468D1F804C05368B542A9
:1005200008D140884988884201BF11888D4251888E
:10053000884203D070BC6FF00200704705FB00F1E9
:10054000880827D094ED001ADCED000A94ED010A2A
:10055000DCED011A31EE201AD4ED020A70EE211AF8
:100560009CED020A83ED001AC3ED011A94ED031A03
:10057000DCED031A30EE800A401E71EE210A83ED95
:10058000020A04F11004C3ED030A03F110030CF195
:10059000100CD7D111F0030030D0B0F1004F30D2A1
:1005A00000282BDD211F1B1FACF1040210F0010FEE
:1005B0000AD091ED010AD2ED010A091D121D30EE9B
:1005C000200A83ED010A1B1D400817D091ED010A96
:1005D000D2ED010A401E30EE200A83ED010A91EDB2
:1005E000020AD2ED020A01F1080102F1080230EE1E
:1005F000200A83ED020A03F10803E7D170BC002052
:100600007047B4EC010A401EFCEC010A30EE200AEF
:10061000A3EC010AF5D1F1E7018042804360704705
:100620002DE9F34F84B00498406800904868019029
:100630000498B0F800E04588DFEDFE0A0020029043
:10064000B0EE600AAE4506D108884988884204BFEA
:100650007146864504D06FF0020006B0BDE8F08F09
:1006600001985FEA010C18BFB7EE001A3DD000BF39
:10067000BEEB0C0117D0B1F1004F80F01F820029B2
:1006800011DD021F11F0010F1CBFC2ED010A121D86
:100690004B1006D0C2ED010AC2ED020A08325B1E01
:1006A000F8D100EB8100BCF10102A0EC011A19D0D5
:1006B000B2F1004F80F00882002A13DD031F12F010
:1006C000010F1CBFC3ED010A1B1D511008D000BF54
:1006D000C3ED010AC3ED020A491E03F10803F7D175
:1006E00000EB8200BCF1010CC2D14FF00008039571
:1006F000002D14BFB0EE602A002000F0BF8100BFC3
:10070000009908FB05F001EB800B0199DBED002A55
:1007100001EB80000346F0EE421AC64552D9AEEB1B
:100720000802ABEB850112F0010F17D001EB850138
:1007300091ED000AB5EEC00AF1EE10FA07DDB4EE55
:10074000E10AF1EE10FA09DDF0EE401A06E0B1EE32
:10075000400AF4EEC01AF1EE10FAF5D3521031D07F
:1007600001EB850C9CED000AB5EEC00AF1EE10FA23
:1007700005DDB4EEE10AF1EE10FA09DD06E0B1EEB6
:10078000400AF4EEC01AF1EE10FA01D2F0EE401A6F
:1007900001EBC50191ED000AB5EEC00AF1EE10FAC9
:1007A00005DDB4EEE10AF1EE10FA09DD06E0B1EE86
:1007B000400AF4EEC01AF1EE10FA01D2F0EE401A3F
:1007C000521ECDD1F5EEC01AF1EE10FA00F0738191
:1007D000F5EEC02A0126F1EE10FA0099D4BFB1EE71
:1007E000620AB0EE620AB4EE610AF1EE10FA1CBFC2
:1007F000AEEB0802B2F1010C47D005FB08F201EBA9
:10080000820292ED001A00BFB0EE410A05FB06F429
:10081000B5EEC00A00EB8404F1EE10FACCBFF0EEA6
:10082000400AF1EE400AF4EE610AF1EE10FA28D126
:10083000B5EB080C11D0BCF1004F7DD2BCF1000F1C
:100840000BDD00BF92ED000AD1ED000ABCF1010CF6
:10085000E2EC010AA1EC010AF4D129000ED0B1F1B9
:10086000004F6AD2002909DD94ED000AD0ED000A9C
:10087000491EE4EC010AA0EC010AF5D10120029026
:100880000BE0761CBCF1010CBED10298012804D00B
:10089000F5EEC02AF1EE10FA7ED09BED000AB5EB22
:1008A00008009A465946064622D0B0F1004F74D24D
:1008B00000281DDD091F10F0010F06D0F0EE400AE0
:1008C00080EEA01A81ED011A091D401010D000BF62
:1008D000D1ED010A401E80EE801A81ED011A91EDE2
:1008E000021AC1EE000AC1ED020A01F10801EFD1BE
:1008F000280026D0B0F1004F7ED2002821DDAAF1D9
:10090000040110F0010F06D0D1ED010A80EE801A2B
:1009100081ED011A091D401013D000BFD1ED010A6D
:10092000401E80EE801A81ED011AD1ED020A80EEA0
:10093000801A81ED021A01E0CBE0D6E001F1080156
:10094000ECD1DDE900124FF000095FEA0E0773D029
:10095000C14504BF01EB860102EB850274D091ED25
:10096000000ADC465046330035D01C46B6F1004F35
:100970007ED2002C2FDD0B1FABF1040C16F0010F03
:100980000FD0F0EE400ADCED011AB0EE601A00EE76
:10099000E11A83ED011A01E08DE0B1E01B1D0CF1BD
:1009A000040C741015D000BFD3ED010A9CED011AA0
:1009B00040EE410AC3ED010AD3ED020A9CED021A92
:1009C0000CF1080C40EE410AC3ED020A0833641E24
:1009D000EAD101EB86012B0036D0B3F1004F72D281
:1009E000002B31DDA2F1040CAAF1040013F0010F79
:1009F0000CD0DCED010A00E08BE090ED011A001D47
:100A000040EE410ACCED010A0CF1040C5C1019D047
:100A1000DCED010A90ED011A40EE410ACCED010A2D
:100A2000DCED020A90ED021A083040EE410ACCEDEE
:100A3000020A03E0000000000DE005E0641E0CF176
:100A4000080CE5D102EB830201EB88017F1E09F15E
:100A500001097FF47DAF009808F10108001D0090A6
:100A60000398401E03907FF44BAE0299012900E0E9
:100A700058E004BF06B0BDE8F08F00BFB5EEC00A75
:100A8000F1EE10FA7FF4E9AD04990EFB05F3002BAB
:100A90004A684FF000010BD902EB810C9CED000A73
:100AA000B5EEC00AF1EE10FA02D1491C8B42F3D820
:100AB0008B427FF4D2AD6FF00400CEE5E0EC010A8A
:100AC000491EFBD1EFE538E0E0EC010A521EFBD1F4
:100AD00008E692ED000AD1ED000ABCF1010CE2EC4F
:100AE000010AA1EC010AF4D1B7E694ED000AD0EDB9
:100AF000000A491EE4EC010AA0EC010AF5D1BDE6AA
:100B0000D1ED000A401E80EE801AA1EC011AF7D147
:100B1000EEE6D3ED000A401E80EE801AA3EC011A27
:100B2000F7D10EE7BCEC011AD1ED000A5B1E40EED6
:100B3000410AE1EC010AF5D14DE7B0EC011AD2ED22
:100B4000000A5B1E40EE410AE2EC010AF5D17BE7A8
:100B50002DE9F04F82B046685368019305884788B5
:100B60004B88002000900888874201BFB2F800C07F
:100B70006545528893421EBF6FF0020002B0BDE887
:100B8000F08F9FED412A4FEA970EC7F3400B00BF4D
:100B9000DDE9000202EB800A4A6898464FF000093E
:100BA000B0EE420AB4465FEA0E0025D092ED001A7C
:100BB000DCED001A02EB8302DCED010A01EE810A92
:100BC00092ED001A02EB8302401ED2ED001A02EBF6
:100BD000830200EE810A9CED021ADCED030A000498
:100BE0000CF1100C000C01EE210A92ED001A02EB40
:100BF000830200EE810AD9D117F0030026D0ACF1B0
:100C00000404A2EB830210F0010F08D002EB830270
:100C1000D4ED010A92ED001A241D00EE810A5FEA6C
:100C20000B0013D002EB830CD4ED010A9CED001AEB
:100C300002EBC302401E00EE810AD4ED020A92EDDF
:100C4000001A04F1080400EE810AEBD109F1010059
:100C5000AAEC010A1FFA80F9486800EB8902A8F1A2
:100C600001001FFA80F8B8F1000F99D1009806EB47
:100C70008706184480B20090681E05042D0C87D1A9
:100C800002B00020BDE8F08F0000000070B40588BD
:100C90000E884468D1F804C05368B54208D1408832
:100CA0004988884201BF11888D425188884203D00B
:100CB00070BC6FF00200704705FB00F1880827D078
:100CC00094ED001ADCED000A94ED010ADCED011A46
:100CD00031EE601AD4ED020A70EE611A9CED020A40
:100CE00083ED001AC3ED011A94ED031ADCED031A2B
:100CF00030EEC00A401E71EE610A83ED020A04F173
:100D00001004C3ED030A03F110030CF1100CD7D14A
:100D100011F0030030D0B0F1004F30D200282BDDAD
:100D2000211F1B1FACF1040210F0010F0AD091ED3E
:100D3000010AD2ED010A091D121D30EE600A83ED91
:100D4000010A1B1D400817D091ED010AD2ED010ADE
:100D5000401E30EE600A83ED010A91ED020AD2EDE9
:100D6000020A01F1080102F1080230EE600A83ED87
:100D7000020A03F10803E7D170BC00207047B4EC0D
:100D8000010A401EFCEC010A30EE600AA3EC010AE5
:100D9000F5D1F1E72DE9F04F02884768B0F80280FD
:100DA0004888D1F8049082B04FF0000A164682427B
:100DB00007BF098888456FF0020002B018BFBDE880
:100DC000F08F4FEA980B02EB42000190C8F340000D
:100DD000CDF8000009EB8A01BBF1000F33D0019878
:100DE00001EB820C01EB80043B46E64601EBC205B9
:100DF0004FEA0B0093ED000A401E81ED000A93EDCF
:100E0000010A01EB02118CED000A93ED020A0CEBD2
:100E1000021C85ED000A93ED030A05EB021584ED33
:100E2000000A04EB021403F11003E3D10EEB82007D
:100E300000EB820000EB8201ABF10100504307EBB5
:100E40000B1701EB001118F0030C21D03B1FA1EB95
:100E500082011CF0010F06D093ED010A01EB820123
:100E60001B1D81ED000A009880B100BF93ED010ABF
:100E700001EB820401EBC20184ED000A93ED020A4A
:100E8000401E81ED000A03F10803EFD107EB8C0748
:100E90000AF101001FFA80FA701E0604360C99D17F
:100EA00002B00020BDE8F08F70B5064600F0C6F92C
:100EB000056806F10B0020F00704B4429CBF002037
:100EC00070BD2B466A68BAB11068A04210D304F115
:100ED000080188423CBF5068586007D35168101918
:100EE00041601168091B016058601460101D70BDDD
:100EF00013465268002AE7D12146284600F0A6F999
:100F00000028DED170BD70B50446051F00F096F9CB
:100F10000068002C14BF446870BD002C18BFAC42A0
:100F20003CBF20466468F8D301680A18AA4218BF7B
:100F3000456003D12A6805461144016028684119BB
:100F4000A1421CBF6C6070BD616869602168084483
:100F5000286070BD53EA020C00F069802DE9F04B67
:100F60004FF00006002B1FBFB3FA83F503FA05F418
:100F700024FA05F65E4012BF1643B2FA82F502FA71
:100F800005F4C5F120051EBF22FA05FC44EA0C0455
:100F9000203556EA044C4FEA144418BF641C4FF045
:100FA00000084FF00009904271EB030C39D300297F
:100FB00019BFB1FA81F701FA07F6B0FA80F700FA23
:100FC00007F6C7F120071EBF20FA07FC46EA0C0609
:100FD0002037B6FBF4FCA7EB0507103F07F01F0B0B
:100FE000CBF120060CFA0BFB2CFA06F644BFB346F5
:100FF0000026202FA4BF5E464FF0000B5BEA060CD4
:1010000008BF4FF0010B19EB0B09ABFB027C48EB5F
:101010000608C01B06FB02CC0BFB03CC71EB0C01DA
:10102000C1E70B46024641464846BDE8F08B13B582
:101030004FF000004FF00001AFF30080BDE81C400E
:10104000704700001CB50C46064B7B446946009077
:10105000204600F008FA04460020694600F016FA1F
:1010600020461CBD3F04000010B5431C02E010F8F0
:10107000011B71B18107FAD14FF0013202C88C1AFD
:101080008C4314EAC211F9D0C01A0A0603D0C01E5C
:1010900010BDC01A10BD0A0401D0801E10BD090287
:1010A000FCD0401E10BD032A40F2308010F0030C2B
:1010B00000F0158011F8013BBCF1020F624498BFAB
:1010C00011F801CB00F8013B38BF11F8013BA2F148
:1010D000040298BF00F801CB38BF00F8013B11F0C3
:1010E000030300F02580083AC0F0088051F8043B63
:1010F000083A51F804CBA0E80810F5E7121D5CBFD0
:1011000051F8043B40F8043BAFF30080D20724BF02
:1011100011F8013B11F801CB48BF11F8012B24BF96
:1011200000F8013B00F801CB48BF00F8012B7047E5
:1011300010B5203AC0F00B80B1E81850203AA0E872
:101140001850B1E81850A0E81850BFF4F5AF5FEAA6
:10115000027C24BFB1E81850A0E8185044BF18C959
:1011600018C0BDE810405FEA827C24BF51F8043B00
:1011700040F8043B08BF7047D20728BF31F8023B54
:1011800048BF11F8012B28BF20F8023B48BF00F8E8
:10119000012B704702F0FF0343EA032242EA0242B6
:1011A00000F002B84FF000020429C0F0128010F0E5
:1011B000030C00F01B80CCF1040CBCF1020F18BF33
:1011C00000F8012BA8BF20F8022BA1EB0C0100F0C6
:1011D0000DB85FEAC17C24BF00F8012B00F8012B99
:1011E00048BF00F8012B70474FF0000200B51346CE
:1011F00094469646203922BFA0E80C50A0E80C5037
:10120000B1F12001BFF4F7AF090728BFA0E80C50E7
:1012100048BF0CC05DF804EB890028BF40F8042BE0
:1012200008BF704748BF20F8022B11F0804F18BF4D
:1012300000F8012B704770477047704700487047AF
:10124000389C0020704770477047704738B5044697
:101250000A4600206946AFF30080002808BF38BD69
:1012600002460099204600F001FB012038BD012014
:1012700000F0A6BFF8B5AFF30080054600200C468D
:10128000102000BF0646A819A0420DD93246694673
:101290000020AFF30080070008BF00F091FF009826
:1012A000A04218BF0546C419FFF7C8FF05600746EE
:1012B000F01D20F007004619284600F00AF8B44255
:1012C00008BFF8BDA21B31463868BDE8F84000F001
:1012D000CDBA00210160C0E90110704710207047AD
:1012E00010B500F0BFFA006810BD10B5044600F05C
:1012F000B9FA046010BD70B5044685690068C1067E
:1013000001D5302600E02026C00707D070BDD4E903
:10131000012130469047206A401C20626D1EF6D5A0
:1013200070BD70B5044685690078C00707D170BDEF
:10133000D4E9012120209047206A401C20626D1EC4
:10134000F6D570BD09684A0501D540B27047C90598
:10135000FCD500B2704709684A0501D5C0B2704794
:10136000C905FCD580B2704770B50C460546012A08
:1013700005D02878800600D5EA69002302E0012321
:1013800005E05B1C934202D2E05C0028F9D1A86919
:10139000E618C01AA861286A184428622846FFF790
:1013A000AAFF04E0D5E9012114F8010B9047B442EB
:1013B000F8D32846FFF7B5FF70BD00002DE9F041D6
:1013C0000646002410687529314616A510D0FFF78F
:1013D000B9FF002802DA404213A507E031688A0706
:1013E00001D512A502E0490704D511A5012401E0A9
:1013F000FFF7B1FF00210A2206F1240709E0B0FB44
:10140000F2FCB0FBF2F302FB1C00303078541846BB
:10141000491C0028F3D123462A463046BDE8F04156
:1014200000F09CBA000000002D0000002B0000001E
:101430002000000011680268006A530501D5087099
:101440000AE0D30501D5088006E0130603D5C217CC
:10145000C1E9000200E008600120704701694A1CF0
:1014600002610878704700B58FB0CDE901310021E5
:10147000059105497944CDE903101146684600F00D
:1014800029F90FB000BD0000E5FFFFFF0A6802F870
:10149000010B0A60704700002DE9FF5F15468A4680
:1014A0000446DFF8AC80F8440027D8E900103E4637
:1014B000CDE9001010E03AF816106A4602A800F0D4
:1014C0005FFE411C07D02178890603D5E2693918EF
:1014D00091420DD80744761C2078800602D5E06939
:1014E000B84205DDAE42E6DB3AF816000028E2D14C
:1014F000A069C01BA0612046FFF7FDFED8E90010DF
:10150000CDE90010002017E03AF818106A4602A84A
:1015100000F036FEB0F1FF3F81460BD000250DF103
:10152000080B05E0D4E901211BF8050090476D1C6C
:101530004D45F7D308F10100B0428046E4DB206A54
:10154000384420622046FFF7ECFEBDE8FF9F000014
:10155000F65A01002DE9F0418046D21D22F0070223
:101560000025D2E90002F52915A614D0011E72F15A
:10157000000106DA0023D0EB030063EB020211A6A0
:1015800008E0D8F800108B0701D50FA602E0490744
:1015900001D50EA601251146002408F1240704E018
:1015A00000F07EF930323A55641C50EA0102F7D15E
:1015B0002B46324621464046BDE8F04100F0CEB908
:1015C000000000002D0000002B00000020000000A3
:1015D00030B4002100F1240408E002F00705D2082D
:1015E000303542EA4372DB086554491C52EA030570
:1015F000F3D10468002310A2250707D5A40600D460
:1016000021B1C46901230DA2641EC46130BC00F085
:10161000A5B910B5044621461068FFF79CFE0246A6
:101620002046BDE810400023D2E7D21D22F007017A
:10163000D1E90023CCE700000000000030000000EA
:10164000F0B40D460188090502D5214C7C4402E026
:101650001F4C7C440E34002100F1240608E002F007
:101660000F071209E75D42EA03721B097754491C10
:1016700052EA0307F3D102780023120704D5702D34
:1016800006D009B1022311342246F0BC00F066B93D
:1016900001231034F8E770B504460D462146106862
:1016A000FFF759FE024629462046BDE87040002358
:1016B000C6E7D21D22F00703D3E90023C0E7036881
:1016C000126843F0200303600823C3610023B7E7D7
:1016D000585901002DE9F05F894604464FF0000A91
:1016E000DFF874B1FB44C0F820A02046E1688847C9
:1016F000002874D0252806D0D4E901219047206A1B
:10170000401C2062F1E700265F462046E1688847DA
:101710002028054607DB312D05D2781910F8200C5A
:1017200008B10643F1E7B00701D526F00406C4F876
:101730001CA00027C4F818A02A2D09D028460DF0B7
:1017400059FE38B304EB8708303DC8F8185019E04B
:1017500059F8041B204604EB87029161E168884731
:10176000012F054618D1E069002820DA26F020066E
:101770001DE0D8F8180000EB800005EB4000303881
:10178000C8F818002046E168884705460DF032FE8B
:101790000028EED1012F0AD02E2D08D12046E16875
:1017A00088477F1C0546022F46F02006C4DBA0694F
:1017B000002803DA404246F00106A061F00701D09C
:1017C00026F010066C2D0BD0682D09D04C2D39D089
:1017D0006A2D35D0742D35D07A2D33D016E038E00F
:1017E000E1682F4620468847B842054609D16C2F4C
:1017F00026D04FF48060E1680643204688470546BE
:1018000004E06C2F1AD04FF4807006430DB3A5F19D
:101810004100192802D8203546F400664A46294678
:10182000204626604E46FEF70DFD80B101280BD004
:10183000F61D26F0070000F1080956E74020E4E70E
:101840008020D8E70020D6E706F104094DE72846B6
:1018500052E7206ABDE8F09FE85801000048704751
:10186000309C002000487047309C002003464068B0
:101870008C46002818BF88423CBF03464068F8D316
:1018800018681844884207D00CF1030020F00700C4
:10189000001D411A521A0146081D0A60FFF733BBAA
:1018A00030B5B0F10A024FEA900E71F100034EEA32
:1018B000817EB0EB0E0061EB91014FEA101E4EEA03
:1018C000017E10EB0E0041EB11114FEA102E4EEA93
:1018D000016E10EB0E0041EB11214FEA104E4EEA63
:1018E000014E10EB0E0041EB1141401841F1000197
:1018F0004FEAD00040EA41704FEAD10110EB800579
:101900004FEA810444EA907444EB01046D1944EBFE
:101910000404521BA3414FF0000348BF0A3200D514
:1019200030BD401C41F1000130BD00001FB584B046
:1019300000200A9C06AB04AA02A90094AFF3008021
:1019400018B1DDE9020108B010BD0348204000F0E5
:1019500031FD00200146F6E70000207C2DE9F0472C
:101960000D4699469246044600F12408016888060F
:1019700004D5E06921F01001216000E00120A842B7
:1019800001DD471B00E00027A1697A1902EB09007D
:10199000081AA0612078C00602D42046FFF7ABFCED
:1019A000002608E0D4E901211AF806009047206AD1
:1019B000401C761C20624E45F4DB2078C0060AD518
:1019C0002046FFF798FC06E0D4E90121302090473B
:1019D000206A401C2062381EA7F10107F4DC07E0F2
:1019E000D4E9012118F805009047206A401C2062C4
:1019F000281EA5F10105F3DC2046FFF792FC2078B4
:101A0000000602D50220BDE8F0870120FBE7704701
:101A10002DE9FF4F0C461E464FF0FF378BB0D2E941
:101A20000001DDF860800A908A46C1F30A5505B9C5
:101A30003D460021084614F069F8BAF1000F00F4A1
:101A4000400005DA00EB80004FF4400101EA50004D
:101A50004FEA9059B9F1010F00DDB9460A9850EAF2
:101A60004A000ED044F61050A5F2FF3545432F141E
:101A7000B8F1000F1ED07542291E1EDDC9F100020B
:101A80001CE0B8F1010F4FF0000001D0302103E05D
:101A9000F24305E02154401CB042FBDB30460022FB
:101AA000002121540B99C1F80880C1E900200FB032
:101AB000BDE8F08FBD1B6D1CDEE74A4600DA6942C7
:101AC00006A800F0F7FB06AB93E8070003AB83E83A
:101AD000070050460A9900F05AFD8DE80700A0F56E
:101AE00000501F3800900398002D0ADD42F21F01BC
:101AF0004A460844002303A90390684600F0C3FF48
:101B000009E0A0F500504A461F38002303A90390BE
:101B1000684600F0CDFF8DE807000004000C03D0FC
:101B20004FF0FF30410800E01046B8F1000F03D03D
:101B30000022009215461EE0751E05D4FFF7B0FE88
:101B4000303262556D1EF9D5B3460122084302D0EA
:101B500000227F1C04E02078302801D100227F1E63
:101B6000002A099784D01DE0112D07DAFFF798FEAF
:101B7000303262556D1C50EA0102F5D1084302D0A3
:101B80000098C8B10EE00021681E05E0235C625C8D
:101B900063542254401E491C8142F7DBAB46A81B0C
:101BA000401E0990002004F80B000B98099AC0F819
:101BB0000880C0E9002B7AE711264FF0000857E7AC
:101BC0002DE9F04F88460446D21D22F0070191B05E
:101BD000D1E90001CDE90A010CF05DFA02460B984B
:101BE000C00F01D02D2007E02068810701D52B20F0
:101BF00002E0202101EAC000032A099001D0072A4F
:101C000005DB03464146204600F014FB0BE120783B
:101C1000800601D5E06900E00620B8F1650F814635
:101C200006D0B8F1660F18D0B8F1670F70D131E067
:101C30000020B9F1110F009001DB112301E009F13F
:101C400001030AAA01A90CA8FFF7E2FEDDE90C7066
:101C5000002609F10105834647E001204B4600902C
:101C60004FF000470AAA01A90CA8FFF7D1FEDDE951
:101C70000DB00C995D46002610B909F101000D1850
:101C8000B9EB050003D4C0F1FF3609F10105A5EB5E
:101C900009002BE0B9F1010F01DA4FF00109002032
:101CA000B9F1110F0090484601DD112300E0034611
:101CB0000AAA01A90CA8FFF7ABFEDDE90C704D469E
:101CC00000268346207800070AD4AB4500DA5D463B
:101CD00001A8012D04DD411911F8011C302907D09C
:101CE0004F4502DA17F1040F04DA012082460FE0B3
:101CF0006D1EEEE7002F02DCED1B3E4403E0781C76
:101D0000A84200DD7D1CB81B00F1010A4FF000471E
:101D10002078000703D4AA4501DB4FF0FF3A0021E9
:101D2000B7F1004F0DF143088DF8431024D0022085
:101D30002B23002F01DA7F422D230A21021EA0F15E
:101D4000010000DC5FB197FBF1FC97FBF1F201FBB6
:101D50001C7C17460CF1300C08F801CDEEE7A8F119
:101D6000010003702188090501D5452100E06521A6
:101D7000A0F1010800F8011C09980FA9A1EB0807C0
:101D8000FF1D00B10120411901EBEA70A16938443F
:101D9000081A401EA0612078C00602D42046FFF732
:101DA000AAFA099828B1D4E901219047206A401C79
:101DB00020622078C00622D52046FFF79CFA1EE05C
:101DC000002E04DBB34502DD01A8805D00E0302079
:101DD000D4E901219047206A401C2062761CAAF1B8
:101DE00001005FEA000A0AD100F020FAC068016829
:101DF000405CD4E901219047206A401C2062281EE3
:101E0000A5F10105DCDC07E0D4E9012118F8010B9C
:101E10009047206A401C2062381EA7F10107F3DCBE
:101E20002046FFF77EFA032011B041E62DE9F04F7E
:101E300004460D46D21D22F0070089B0D0E9009774
:101E4000484639460CF027F90246F80F01D02D23F9
:101E500007E02068810701D52B2302E0202101EA59
:101E6000C0038DF820300BB1012000E00020032AD0
:101E7000824601D0072A04DB2946204600F0DAF921
:101E80003FE12078800601D40D2500E0E569C7F325
:101E90000A560D2D49DA00214FEA175B084613F068
:101EA00035FE002F00F4400007DA00EB80004FF40D
:101EB000400100EBD07001EA60008115012901DDCD
:101EC0004FF0FF3100224FEA850CBCF1180F06D30A
:101ED0001346ACF118004FF08052C24003E04FF4BB
:101EE000801323FA0CF30CF10C0CBCF1200F04D37B
:101EF000ACF1200C09FA0CF001E007FA0CF0002913
:101F00004FF0004801DD18B90FE00ED140450CD369
:101F100019EB02095F4121B9404502D19F4329EAEB
:101F20000209BBEB175F00D0761C2088000502D5A4
:101F30007B48784402E07A487844193808AA30236C
:101F400002F80A30037C0AF10101002E0AF1020AAC
:101F500053546A4602DC4FF0300101E04FF031018A
:101F60004FF001088DF8001002D0A6F2FF3603E012
:101F700059EA470100D06B4E002D02DC2178090799
:101F800004D54FF002082E218DF80110C44600211F
:101F90000BE0C7F303433F01C35C491C6D1E02F80D
:101FA0000830052908F1010801DA002DF1DC0021D3
:101FB0000CE000EB1973491C1B786D1E082902F810
:101FC00008304FEA091908F1010801DA002DF0DCA8
:101FD00021688B0602D516E0A8F10108E04505DD71
:101FE00002EB080313F8013C302BF5D0B8F1000FD9
:101FF00009DD02EB080313F8013C2E2B03D109077E
:1020000001D4A8F10108002D05DD3E2102F80810D9
:102010006D1E08F10108407C002E02F8080008F14E
:10202000010804DA2D20764202F8080002E02B2095
:1020300002F808000A214FF47A70864208F101087C
:102040000BDB96FBF0F3303302F8083096FBF0F32D
:1020500008F1010800FB136601E0642E0CDB64202C
:1020600096FBF0F3303302F8083096FBF0F308F1FA
:10207000010800FB136601E00A2E06DB96FBF1F077
:10208000303002F8080008F1010896FBF1F001FB7E
:102090001060303002F80800A16908F1010808EB6F
:1020A000050202EB0A00081AA0612078C00602D4DB
:1020B0002046FFF720F9216A08AE01EB0A002062F2
:1020C00004E0D4E9012116F8010B9047BAF1010AA6
:1020D000F7D22078C00602D52046FFF70CF96E46ED
:1020E00009E016F8010B3E280FD0D4E901219047F2
:1020F000206A401C2062B8F10108F2D22046FFF7A6
:1021000010F909B00320BDE8F08F206A284420624E
:1021100003E0D4E90121302090476D1EEBD3F8E7AE
:10212000ED51010002FCFFFF10B5436913B1AFF39D
:10213000008001E0FFF718F9012010BD127800F1CE
:1021400024010A7000224A700122EDE711684FF065
:10215000FF32E9E710B5436913B1AFF3008001E046
:10216000FFF79AF9012010BD128800F12401828442
:102170000022C2840122EDE711684FF0FF32E9E747
:1021800070B516460C46054600F048F8036893F80B
:102190000101012806D0FF2C0FD8185D68B101207D
:1021A0002C7070BDD3F807013246214603F20713A5
:1021B00003442846BDE8704018474FF0FF3070BD1B
:1021C00010B500F0FFF8BDE8104000F0EEB8704721
:1021D0007546FFF743FBAE4605006946534620F0BF
:1021E0000700854618B020B5FEF70AF9BDE8204083
:1021F0004FF000064FF000074FF000084FF0000BC3
:1022000021F00701AC46ACE8C009ACE8C009ACE875
:10221000C009ACE8C0098D467047000010B500F059
:1022200005F8001D10BD00BF211F010000487047C8
:10223000509C00202DE9F0411F460446032601680A
:10224000072A01F4006004DB08B116A505E016A515
:1022500003E008B115A500E015A521F010002060ED
:10226000A069C01EA0610FB1401EA0612046FFF70B
:1022700042F84FB1D4E9012138469047206A401C0A
:102280002062C01C206206E0206AFAE7D4E901213E
:1022900015F8010B9047761EF8D22046FFF741F85B
:1022A000BDE8F0814E414E006E616E00494E460021
:1022B000696E66002DE9F047814616468AB03548BA
:1022C00078440DC88DE80D0032487844801C03AC7A
:1022D0000DC884E80D0041F69B300844372190FB7F
:1022E000F1F290FBF1F5A5F1800501FB12041B3C16
:1022F00002D56442012000E00020DFF898A080466B
:102300000027FA44AAF1BE0A0EE0E0070AD03246DE
:10231000684607EB470101230AEB810100F0C8FB87
:102320008DE8070064107F1C002CEED1194F7F440C
:10233000AE3F19E0E80715D007EB04100DF1180ABD
:1023400090E80E008AE80E00C068F04201D19819AA
:1023500008903246012306A903A800F0A9FB03ABAD
:1023600083E807006D10641C002DE3D14FF00103DA
:1023700032466946B8F1000F03A802D000F083FB93
:1023800001E000F095FBC9E90001C9F808200AB096
:10239000BDE8F087F04E010010B50446AFF30080B1
:1023A0002046BDE81040FDF7B6BF002801D000F080
:1023B00031B8704710B500F04DF8BDE81040FFF798
:1023C000F4BF000010B5012805D0002103A000F0E3
:1023D00027F8012010BD09A1F8E700005349475232
:1023E000544D454D3A204F7574206F6620686561E5
:1023F00070206D656D6F7279000000003A204865AD
:102400006170206D656D6F727920636F7272757087
:102410007465640001491820ABBEFEE72600020087
:1024200070B505460C460A2000E06D1C00F0A8F8C7
:1024300035B128780028F8D102E0641C00F0A0F83B
:1024400014B120780028F8D1BDE870400A2000F0CF
:1024500097B8000010B5022803D0410103D50DA1A3
:1024600012E0002010BD010101D50FA10CE0C10058
:1024700001D511A108E0810001D512A104E04000BE
:1024800001D513A100E0002115A0FFF7C9FF01202D
:1024900010BD0000496E76616C6964204F706572F2
:1024A0006174696F6E00000044697669646520425A
:1024B00079205A65726F00004F766572666C6F778F
:1024C00000000000556E646572666C6F7700000056
:1024D000496E657861637420526573756C74000091
:1024E0005349474650453A2041726974686D657496
:1024F000696320657863657074696F6E3A200000C7
:102500004FF0013C50F8042B51F8043B9A4221D182
:10251000A2EB0C03934313EACC1317D150F8042B0E
:1025200051F8043B9A4215D1A2EB0C03934313EAF2
:10253000CC130BD150F8042B51F8043B9A4209D12B
:10254000A2EB0C03934313EACC13DBD04FF0000053
:10255000704700BFD01A01BAB1FA81F101F0180139
:1025600022FA01F0CB40C1F12001DBB2C0B2C01AA7
:102570002CFA01F3D11A914311EAC311E6D1704745
:1025800008B569468DF800000320ABBE08BD5FEAC0
:10259000400C08BF91F0000F4FEA8C234FEAC12294
:1025A00043EA51514FEA1C5018BF00F5F0404FEA82
:1025B000300018BF41F000415FEA6C5C00F02980F8
:1025C000BCF1FF3F08BF40F080407047130C06BFCE
:1025D00012044FF0100C4FF0000C130E04BF120247
:1025E0000CF1080C130F04BF12010CF1040C930F33
:1025F00004BF92000CF1020CD30F04BF52000CF187
:10260000010C11464FF00002A0F11F00A0EB0C00DE
:10261000704711F0004F08BF704731F000413FF4A0
:10262000D5AF0B0C06BF09044FF0100C4FF0000C97
:102630000B0E04BF09020CF1080C0B0F04BF0901BB
:102640000CF1040C8B0F04BF89000CF1020CCB0FB2
:1026500004BF49000CF1010CCCF12003A0EB0C00ED
:1026600022FA03F302FA0CF241EA030100F101003D
:10267000704720F07F4C80EA030023F07F47ACEBEB
:10268000070303F57C5300F0004003F1FF032DE93D
:1026900080494FEA154B09B44FEA144325EA0B4E23
:1026A00024EA03480FF2042606EB132749083E7874
:1026B0005FEA320203FB0667C7F5000707FB06F671
:1026C0004FEA54374FEAD64606F1020607FB066C7E
:1026D000CCF1005C4FEA1C472CEA074C07FB06F4E0
:1026E0000CFB06F504EB15464FEA961634BF0020A6
:1026F0004FF000404FEAD13706FB07FC4FEA1C4C75
:102700000CFB0BF7D21B03FB0CF761EB07010CFB77
:102710000EF7B0EB074072EB17420CFB08F734BF23
:10272000A2EB0742B2EB074261EB17414FEA0C44C0
:102730004FEA910706FB07FC4FEA1C4C0CFB0BF71A
:10274000B0EBC74072EB573203FB0CF734BFA2EB80
:10275000C742B2EBC74261EB57310CFB0EF7B0EB4F
:10276000C70072EB57720CFB08F734BFA2EBC7022D
:10277000B2EBC70261EB5771039F4FEA816141EAF7
:10278000921104EBCC044FEAD1374FEA826206FB88
:1027900007FC42EA90124FEA80604FEA1C4C0CFBA7
:1027A0000BF7D21B03FB0CF761EB07010CFB0EF7D9
:1027B000B0EB074072EB17420CFB08F734BFA2EBFB
:1027C0000742B2EB074261EB17414FEA8C554FEAE3
:1027D000910704EB9C2406FB07FC4FEA1C4C0CFB06
:1027E0000BF7B0EBC74072EB573203FB0CF734BF6B
:1027F000A2EBC742B2EBC74261EB57310CFB0EF7BD
:10280000B0EBC70072EB57720CFB08F734BFA2EBBA
:10281000C702B2EBC70261EB577115EB4C254FEACB
:10282000816141EA92114FEA82624FEAD13742EA6E
:10283000901206FB07FC44F100044FEA80604FEA67
:102840001C4C0CFB0BF7D21B03FB0CF761EB0701D5
:102850000CFB0EF7B0EB074072EB17420CFB08F7CE
:1028600034BFA2EB0742B2EB074261EB174115EB15
:102870001C154FEA813141EA92414FEA823242EA25
:1028800090424FEA80304FEA0C7644F1000448EA67
:1028900003434EEA0B484FF0000EB2EB080C71EB0D
:1028A000030724BF624639464EEB0E0E4FF0000B75
:1028B0000018524149414BEB0B0BB2EB080C71EB8A
:1028C00003077BF1000B24BF624639464EEB0E0E28
:1028D0004FF0000B0018524149414BEB0B0BB2EB90
:1028E000080C71EB03077BF1000B24BF62463946ED
:1028F0004EEB0E0E51EA020718BF46F0010616EB2A
:102900000E7655F1000254F1000103D5BDE88901AE
:10291000BDE80088BDE88901BDE80048B61952410C
:1029200041EB0101A3F10103704780807F7E7D7C34
:102930007B7A7978777676757473727171706F6E51
:102940006E6D6C6C6B6A6A696868676666656464FC
:10295000636362616160605F5F5E5E5D5D5C5C5B86
:102960005B5A5A59595858575756565555555454F5
:10297000535352525251515050504F4F4F4E4E4D53
:102980004D4D4C4C4C4B4B4B4A4A4A49494948489F
:1029900048474747474646464545454444444443DF
:1029A00043434342424242414141002B9C4630D482
:1029B00077002BD01CB54FEA370703B44FF0100057
:1029C0004FF01001BAF1000F06D0BCF1000FDCBFD0
:1029D00040F0080040F0080113F098F80FBCBDE883
:1029E00010400BF1010BBBF1010F08BF5FEA1707A5
:1029F00022BF12F1010211F101014FF0004143F138
:102A0000000300F0004043EA00007047F9D3570884
:102A1000D0E746EA064613F1400F4FEA16461FDD9F
:102A200013F1200FDFBF16430A46002120335B421B
:102A3000BED0C3F1200746EA064602FA07F74FEA7E
:102A4000164646EA0706C3F1200722FA03F201FA06
:102A500007F721FA03F14FF0000342EA0702A7E764
:102A600046EA020646EA06464FEA164646EA0106E6
:102A7000BCBF46EA0646360C4FF000034FF000029A
:102A80004FF0000194E72DE9804C9A46934670B4CC
:102A900091E8380007C831EA400C48BF34EA430CDB
:102AA00003D5FFF7E6FDFFF780FFF0BCBDE8008C23
:102AB0002DE9804C9A46934670B491E8380007C8D7
:102AC00010F0804F08BF13F0804F03D100F005F8DD
:102AD000FFF76BFFF0BCBDE8008C20F07F4780EA79
:102AE000030023F07F4C07EB0C03A3F57C5300F0AD
:102AF0000040A3F1FE0392F0000F00F0B38095F0C8
:102B0000000F00F077802DE901494FEA11404FEAAC
:102B1000144621EA004800FB06FC24EA064708FBAD
:102B200006F607FB08F800FB07F718EB06484CEB26
:102B3000164C4FEA124B18EB07484FEA15464CEB80
:102B4000174022EA0B4E0BFB06FC25EA06470EFB5C
:102B500006F607FB0EFE0BFB07F71EEB064E4CEBD3
:102B6000164C4FF000061EEB074E4CEB174B18EBC4
:102B70000B0840F1000018EB0E0B58EB000840F179
:102B800000008F1A4FF000013CBFC943661B14BF01
:102B9000B5EB040C00213CBFC943F61B4FEA1744B8
:102BA0004EEA8E0E27EA04454FEA1C4704FB0762F3
:102BB0002CEA074C05FB07F70CFB05F604FB0CFCA5
:102BC00016EB074642EB174216EB0C4642EB1C4253
:102BD0001BEB060658EB0202414146EA9E0601D570
:102BE000BDE80189B619524141EB0101A3F101038E
:102BF000BDE801894FEA14454FEA114724EA05462A
:102C000021EA074C05FB07F406FB07F70CFB06F16E
:102C100005FB0CFC11EB074144EB17444FEA12474C
:102C200011EB0C4144EB1C4422EA074C05FB07F274
:102C300006FB07F70CFB06F605FB0CFC16EB07463C
:102C400042EB174216EB0C4642EB1C456A1854F156
:102C5000000148BF7047B619524141EB0101A3F191
:102C60000103704795F0000F37D04FEA11424FEA49
:102C7000144721EA024624EA074C02FB07F106FB4F
:102C800007F70CFB06F402FB0CFC14EB074441EBCA
:102C900017414FEA154714EB0C4441EB1C4125EA60
:102CA000074C02FB07F506FB07F70CFB06F602FBD9
:102CB0000CFC16EB074645EB174516EB0C4645EBAF
:102CC0001C42121951F1000148BF7047B619524118
:102CD00041EB0101A3F1010370474FEA14454FEAAC
:102CE000114724EA054621EA074C05FB07F106FBDC
:102CF00007F70CFB06F24FF0000605FB0CFC12EB8D
:102D0000074241EB174112EB0C4251EB1C4148BF0B
:102D10007047921841EB0101A3F1010370470000D5
:102D20004A494A6822F440324A604A6843681A4372
:102D30004A6001684A6822F480724A6001684A6801
:102D4000036942EA03224A6001684A6822F040723D
:102D50004A6001684A6883681A434A6001688A6861
:102D600022F400628A6001688A68C3681A438A6034
:102D7000816A6FF07062D14214D001688A6822F0D3
:102D800070628A6001688A68836A1A438A6001688F
:102D90008A6822F040528A6001688A68C36A1A43CE
:102DA0008A6009E001688A6822F070628A600168BE
:102DB0008A6822F040528A6001688A6822F0020222
:102DC0008A6001688A68037E42EA43028A6090F85A
:102DD000201089B101684A6842F400624A600168C3
:102DE0004A6822F460424A6001684A68436A5B1E8E
:102DF00042EA43324A6004E001684A6822F4006211
:102E00004A600168CA6A22F47002CA620168CA6A2A
:102E1000838B5B1E42EA0352CA6201688A6822F40D
:102E200000728A6001688A6890F8303042EA432272
:102E30008A6001688A6822F480628A6001688A6810
:102E4000406942EA8020886070470000002301400A
:102E50000BF04CB90BF044BCFDF7E4BAF0EE400ABD
:102E6000F5EEC00AF1EE10FA02DDB0EE600A70472E
:102E7000B1EE600AFBE70000002803D09FED020AD4
:102E800080ED000A7047000000000000002803D019
:102E9000B3EE060A80ED000A7047000070B52DED14
:102EA0000C8B84B006460C4615469FED990AF0EE51
:102EB000408A9FED970AB0EE409A9FED950AF0EE9A
:102EC00040BA9FED930AF0EE409A9FED910AB0EE62
:102ED00040AA0EB104B11DB904B0BDEC0C8B70BD9D
:102EE0008C48FFF7C9FF8C48FFF7D0FF8A48D0ED28
:102EF000000A9FED8A1A60EE810AB0EE600A00F0C7
:102F000025F9F0EE408A28EEA80AF0EE408A8248C1
:102F1000D0ED000AB0EE001A60EE810A9FED7F1A34
:102F200060EE810AB0EE600A00F010F9B0EE409A4F
:102F300029EE090AB0EE409ADFED790AB7EE000AF1
:102F400000EEA80ADFED770A00EEC90ADFED760A87
:102F500020EE200A754880ED000A6E4890ED000AC8
:102F6000DFED730A80EE201AB7EE000A31EE000A98
:102F700020EE000A6D48D0ED000A80EE801A6D4800
:102F800080ED001A94ED000AB5EEC00AF1EE10FAD9
:102F90000DD194ED010AB5EEC00AF1EE10FA06D19A
:102FA00094ED020AB5EEC00AF1EE10FA46D09FED9C
:102FB000580AB0EE408A0020019002900390D4EDB0
:102FC000000A60EEA00A94ED011AD4ED011A41EE58
:102FD000210A94ED021AD4ED021A41EE210AB0EE54
:102FE000600A00F0A9F8B0EE408A94ED000A20EEE5
:102FF000080A8DED010A94ED010A20EE080A8DED14
:10300000020A94ED020A20EE080A8DED030ADDEDB6
:10301000010AF1EE600AB0EE600AFFF719FFF0EE68
:10302000409A9DED031AF0EE410A9DED021AB0EEB2
:10303000410AFFF70FFFB0EE40AA07E09FED340A08
:10304000F0EE409A9FED320AB0EE40AA95ED000AEC
:10305000B5EEC00AF1EE10FA0DD195ED010AB5EE0C
:10306000C00AF1EE10FA06D195ED020AB5EEC00ADB
:10307000F1EE10FA3CD0B0EE690A00F067F8B0EE5D
:10308000408AB0EE690AFFF7E7FEB0EE40DAB0EE34
:103090004A0A00F05BF8F0EE40AAB0EE4A0AFFF7E9
:1030A000DBFEB0EE40BA28EE2A0AD5ED010A20EE8A
:1030B000200AD5ED000A0DEE200A68EE0B0A95ED08
:1030C000021A00EE810AB0EE40CA95ED010A20EE28
:1030D0000B0AD5ED020A0AEEE00AF0EE40CAF0EE65
:1030E0006C0AB0EE4C0AFFF7B5FEF0EE40BA03E012
:1030F0009FED070AF0EE40BAB0EE4A1AF0EE690A08
:10310000B0EE6B0A30460CF067FB00BFE4E600004F
:10311000000000000C0800201008002035FA8E3C4A
:10312000C1BFAD3B9DF8C5362F7C1C411408002063
:10313000506CC24A1808002010B50BF00AFDB7EE1B
:10314000001AC1EE000AB0EE600A10BDFDF7A6B984
:103150002DE9F0412DED028B9AB00546B0EE408A84
:103160000E46174698460020179018901990149014
:10317000159016904DB146B13FB1B8F1000F04D093
:10318000B5EEC08AF1EE10FA05D100201AB0BDEC00
:10319000028BBDE8F08196ED000A8DED170A96EDE1
:1031A000010A8DED180A96ED020A8DED190A97EDC8
:1031B000000A8DED140A97ED010A8DED150A97EDC1
:1031C000020A8DED160A17AA14A928460CF038F940
:1031D000402104A8FEF708F800200090019002901A
:1031E0000390002417A904A80FF020FF00BF30E0CF
:1031F00004A800EB041090ED000AD5ED000A20EEC3
:10320000200A04A800EB0410D0ED010A95ED011A84
:1032100000EE810A04A800EB0410D0ED020A95ED3F
:10322000021A00EE810A04A800EB0410D0ED030A94
:1032300095ED031A00EE810A20EE080AF0EE000A6E
:1032400080EE201A684600EB840080ED001A601CB6
:10325000C4B2042CCCDB002410E005EB840090ED1C
:10326000000A684600EB8400D0ED000A30EE200A28
:1032700005EB840080ED000A601CC4B2042CECDB7A
:1032800028460FF009FC012080E7000001221021F0
:10329000014803F085BD000000000240002210211B
:1032A000014803F07DBD00000000024070470000AF
:1032B00001221146014803F073BD000000040240E2
:1032C00000220121014803F06BBD00000004024010
:1032D00030B5437804781B021BB2234300EE103A4A
:1032E0001B4CB8EEC00AD4ED000A20EE200A81ED96
:1032F000000AC37885781B021BB22B4300EE103AFC
:10330000F8EEC00A94ED000A60EE800AC1ED010AF1
:10331000437904791B021BB2234300EE903AF8EE86
:10332000E00A20EE800A81ED020A017AC3790904DD
:10333000807941EA0321014300EE101ADFED050A0E
:10334000B8EE400A20EE200A82ED000A30BD0000EF
:103350007003002000401C4270470EF04BBE0DF081
:1033600029BF000010B542780378120212B21A4346
:1033700000EE102A124BB8EEC00AD3ED010A20EE7F
:10338000200A81ED000AC2788478120212B2224328
:1033900000EE102AF8EEC00A93ED010A60EE800AF2
:1033A000C1ED010A42790079120212B2024300EE25
:1033B000902AF8EEE00A20EE800A81ED020A10BDA4
:1033C0007003002010B5FFF771FFFFF7C5FF0CF089
:1033D00065FB08B1802402E00CF0D2FA04460CF040
:1033E00023FD10B144F0400010BD0CF0AFFC2043B1
:1033F00010BD00002DE9FC4104460D461646002094
:1034000000900190FFF74AFF922000F0BFF80622DB
:103410006946122000F09CF8FFF738FF9DF8010084
:103420009DF80010000200B2084300EE100A474F5A
:10343000B8EEC00AD7ED000A20EE200A85ED000A9A
:103440009DF803009DF80210000200B2084300EE50
:10345000100AF8EEC00A97ED000A60EE800AC5ED8A
:10346000010A9DF805009DF80410000200B208430F
:1034700000EE900AF8EEE00A20EE800A85ED020ADE
:10348000FFF71EFF08226946002000F061F8FFF7F1
:103490000FFF9DF800000F2830D19DF803009DF824
:1034A0000210000200B2084300EE100AD7ED010A34
:1034B000B8EEC00A20EE200A84ED000A9DF805004F
:1034C0009DF80410000200B2084300EE100AF8EE66
:1034D000C00A97ED010A60EE800AC4ED010A9DF86A
:1034E00007009DF80610000200B2084300EE900AA3
:1034F000F8EEE00A20EE800A84ED020AFFF7CEFE25
:10350000A22000F043F802226946222000F020F8B1
:10351000FFF7BCFE9DF800009DF80110C00040EAD6
:103520005110B0F5806F02DBA0F5006000B200EE34
:10353000100AB4EE001AF8EEC00AB3EE070A00EE65
:10354000810A86ED000ABDE8FC81000070030020BE
:1035500070B50D46144640F0800000F017F806E004
:10356000552000F013F805F8010B641EE4B2002C9E
:10357000F6D170BD10B50C4640F0800000F006F8A2
:10358000552000F003F8207010BD000001B582B096
:103590004FF47A700090012301AA02A9024804F0B6
:1035A00095FE9DF804000EBDC01000200278407802
:1035B000D20042EA5010B0F5806F02DBA0F5006047
:1035C00000B200EE100AB4EE001AF8EEC00AB3EE34
:1035D000070A00EE810A81ED000A704710B50C461B
:1035E000FFF7D4FF2046BDE81040FFF7CFBFFEE74E
:1035F000014802F0FEBB0000540F0020014802F019
:10360000F8BB00007C0F002008B5012300930F4B8E
:10361000186000209860D860082018610C48006885
:10362000826852010AD48268120102D502200090F9
:1036300004E08068C00001D5042000900A466B4673
:103640000249034802F00EFA08BD000024200020C1
:10365000540F00202DE9F04781462DED068B84B0F4
:1036600001270397DFED468A4FF0000810EE100A9D
:1036700044499FED459ADFED459A884202D3B0EE6A
:10368000498A09E010EE100A4149884202DBB0EE97
:10369000698A01E0B0EE408A10209FED3E1ADFED0E
:1036A0003E0AB0EE680A0DF046FE04460C209FED7F
:1036B0003B1ADFED3B0AB0EE680A0DF03CFE054612
:1036C000B0EE68AA0C209FED371AF0EE4A0AB0EE71
:1036D000680A0DF030FE06460C20B1EE041AF0EE3A
:1036E0004A0AB0EE680A0DF026FE82460C20B0EEC3
:1036F000691AF0EE490AB0EE480A0DF01CFE210AE4
:103700008DF804108DF8054029098DF8061029015F
:1037100041EA16218DF807108DF808604FEA1A115A
:103720008DF809104FEA0A1141EA10218DF80A10AC
:103730008DF80B001C48C0F80090C0F80880C0F855
:103740000C8008210161194800688168490101D590
:1037500003970AE08168090102D50220039004E082
:103760008068C00001D50420039003AB01AA0E4974
:103770000E4802F077F904B0BDEC068BBDE8F08787
:103780000000000000000CC200000CC200000C424F
:1037900000000C420000BF420000BFC200003442E3
:1037A000000034C20000FA4324200020540F0020FF
:1037B0000FB581B014484FF4207101600021816081
:1037C000C1600821016111489DF8041001709DF845
:1037D000051041709DF8081081709DF80910C170A6
:1037E0009DF80C1001719DF80D1041719DF810109D
:1037F00081719DF81110C17102466B46024904485F
:1038000002F030F905B000BD242000202F02002076
:103810007C0F002008B50A494FF404720A600022A8
:103820008A60CA6002220A610649020A0A70487068
:103830000A466B460249044802F014F908BD00002C
:10384000242000202F020020540F002038B50E4CF9
:1038500040F2FF1525600025A560E560082525617B
:103860000A4C050A25706070080AA070E170100A01
:1038700020716271180AA071E3716B4622460249F9
:10388000034802F0EFF838BD0C200020270200208A
:103890007C0F00202DE9F04104462DED028B01261E
:1038A000A0780025032838D12079062835D0206C4F
:1038B00011F0CEFF41EC100B0BF09EF89FED621B58
:1038C00051EC100B53EC112B11F063FB01D8A674D3
:1038D00023E0D4F83C0111F0BBFF41EC100B0BF0DE
:1038E0008BF89FED5B1B51EC100B53EC112B11F07F
:1038F00075F912D2206C11F0ABFF41EC100B0BF0FC
:103900007BF89FED551B51EC100B53EC112B11F074
:1039100065F902D2A07C00B1A574204609F0EAFC4A
:10392000207A03281AD021794D48032919D094ED23
:10393000780A4C4A4C4BB5EEC00AF1EE10FA03D8A7
:10394000D4F8A410814207DCD4F8A410914220DB03
:1039500010EE101A99421CDCE6731BE0E5736573E8
:103960002EE04249D4F8E0218A4205DCD4F8A420B4
:10397000824201DDE67300E06573D4F8DC218A42FF
:1039800005DCD4F89C10814201DD667318E0E57314
:1039900016E06573D4ED770AF5EEC00AF1EE10FA81
:1039A00003D8D4F89C10814207DCD4F89C009042E4
:1039B00005DD10EE100A984201DC667300E0E57345
:1039C000A07C012809D1A17B09B1217C29B9617BA7
:1039D000012936D0E17B012933D0012800D065745C
:1039E000607C234F08B1E5736573386A11F030FFCE
:1039F00041EC180BD4F83C0111F02AFF41EC100BFC
:103A00000AF0FAFF53EC182B51EC100B11F0C1FA2D
:103A100013D2786A11F01CFF41EC180B206D11F0E5
:103A200017FF41EC100B0AF0E7FF53EC182B51EC99
:103A3000100B11F0AEFA00D2E675BDEC028BBDE8BA
:103A4000F0816674CCE70000000000000000D03F69
:103A5000000000000000E03F000000A09999B93F7D
:103A6000B81E053EC3F5A83E0000A0410000A040DE
:103A70003000002070B504462DED0A8B204606F07C
:103A8000C9FCE07BFD4E9FEDFE9A01281CD0617BB6
:103A9000012919D0A17AB9B1D6ED0A0A94ED110A1B
:103AA00006F1E801B1EE601AB4EEC10AF1EE10FAC7
:103AB0000FD2D4ED200A30EEC00AD1ED000A20EE7C
:103AC000200A86ED1F0A16E084ED639A84ED629A5F
:103AD00043E0B4EEE00AF1EE10FA0ADDD4ED200A7C
:103AE00030EEC00AD1ED000A20EE200A86ED1F0A52
:103AF00001E086ED1F9AD6ED0B0A94ED160ADF4A17
:103B0000B1EE601A8032B4EEC10AF1EE10FA08D2BA
:103B1000D1ED010AB1EE400A20EE800A82ED000AE2
:103B20000FE0B4EEE00AF1EE10FA08DDD1ED010A83
:103B3000B1EE400A20EE800A82ED000A01E082ED3B
:103B4000009A96ED1F0AD2ED000A30EE200A84EDAD
:103B5000630AB1EE400A84ED620A217A04297CD01E
:103B60000529FCD0C54A2179B032022976D0B3EEBE
:103B7000028A012873D0637B012BFBD0A078042834
:103B80006ED0D4ED250A94ED270A04F58B6007F07A
:103B9000C9FC04F58060054690ED1E0A30EE080A67
:103BA00084ED690AD4ED260A94ED290AA03007F0C5
:103BB000B9FC95ED300A30EE080A84ED6A0A207AE5
:103BC000B04D05287ED0207906287CD0A07A002828
:103BD0007AD0A0780428FBD094ED380AD4ED360AC8
:103BE00094ED3E1A30EE600AD5ED180A20EE200A58
:103BF000D5ED190A00EE810AD4ED1F0A94ED101AD2
:103C000070EEC11AD5ED1C0A94ED151A00EEE10A0A
:103C1000D4ED220A30EEC12AD5ED1D0A00EEC20A0B
:103C200084ED5A0A94ED4C0AD4ED4B0A94ED0F1A28
:103C300030EE603A95ED140AD4ED4F0A63EE003A87
:103C400094ED500A30EE600AD5ED150A40EE803A48
:103C5000D4ED1E0A70EEC12A03E02FE155E175E1B3
:103C6000CBE1D5ED160A94ED141AD5ED174A40EEC6
:103C7000A23AD4ED210A30EEC14A44EE843AC4EDB2
:103C80005C3AD4ED3C3A94ED3A4AD4ED3F4A73EEB7
:103C9000C43A95ED244A63EE843A95ED254A44EE04
:103CA000243A95ED264A44EE613AD5ED271A51EEB5
:103CB000823AC4ED5B3AD5ED1E1A95ED1F2A63EEEC
:103CC000211A02E0BAE1D8E1E0E142EE001A95EDF6
:103CD000200A40EE221A31EE600AD5ED210A50EE9C
:103CE000801AC4ED5D1A20799FED678B06287DD080
:103CF000F83495ED050AD4ED000A14ED081A14ED18
:103D00001CAAF1EE600A54ED29AA20EE200A54ED17
:103D1000060A70EEC10A95ED041A01EE600A54ED30
:103D20001F0A14ED2E1A70EEC19AD5ED080A95ED12
:103D3000091A00EEE90A7AEE6A0A01EE200A10EE8C
:103D4000100A11F085FD53EC182B10F083FF10F0D2
:103D50001DFAA06594ED0E0AD4ED0D0A94ED111A2A
:103D600030EE60BA95ED000AD4ED120AB1EE400AC9
:103D700070EEC1BA2BEE000AD5ED010A14ED2F1A30
:103D800000EEEB0A54ED200A30EEC1CAD5ED020A6E
:103D900014ED2A1A00EECC0A54ED1D0A70EEC1CAC9
:103DA000D5ED030A00EEEC0A10EE100A11F050FDFA
:103DB00053EC182B10F04EFF10F0E8F92066D4ED0C
:103DC000010A95ED110A14ED041AF1EE600A20EED5
:103DD000200A54ED020A70EEC10A95ED101A01EEA8
:103DE000600AD5ED120A00EEE90A00E057E17AEE2A
:103DF000CA0A95ED131A11EE200A10EE100A11F0FE
:103E000027FD53EC182B10F025FF10F0BFF9E065EB
:103E100095ED0A0AD5ED0B0AB1EE400A2BEE000A29
:103E200000EEEB0AD5ED0C0A00EECC0AD5ED0D0A3A
:103E300010EEAC0A10EE100A11F00AFD53EC182B2C
:103E400010F008FF10F0A2F96066F83C94ED4B0A00
:103E5000D4ED4C0A30EE600A86ED160AD4ED500A15
:103E600094ED4F1A70EEC10AC6ED170A94ED0F1AC1
:103E7000D4ED1E1A31EE611A0AE000003000002075
:103E80000000000040390020D1915CFE434A5340BD
:103E900086ED181AD4ED141A94ED212A71EEC21A87
:103EA000C6ED191A86ED1A0AC6ED1B0A86ED1C1A14
:103EB000C6ED1D1AE07B012878D04BE194ED250A70
:103EC000D4ED270ACE4894ED2B1A30EE600AD0EDDF
:103ED000000A20EE200AD0ED010A00EEC10A84EDAE
:103EE000690A94ED260AD4ED290A083094ED2C1ABB
:103EF00030EE600AD0ED000A20EE200AD0ED010A73
:103F000000EEC10A84ED6A0A59E694ED250AD4ED63
:103F1000270AD4ED2B1A30EE600AD2ED000A20EE0B
:103F2000201A92ED010A00EE611A84ED691A94EDEF
:103F3000261AD4ED291A31EE611A61EE200A94EDA9
:103F40002C1A40EE410AC4ED6A0A38E60329DBD098
:103F5000AB49637B5431012B29D094ED250AD4ED74
:103F6000270A91ED001A70EE600AB0EE480A01EEE1
:103F7000200AD1ED020A94ED2B1A00EEC10A84ED5D
:103F8000690A012826D094ED260AD4ED290A30EEDC
:103F9000600AD1ED000A00EE808A91ED020AD4EDAC
:103FA0002C0A00EE608A84ED6A8A08E6BAE094ED95
:103FB000250AD4ED270A94ED2B1A30EE600AD2EDD3
:103FC000000A20EE200AD2ED010A00EEC10A84EDBB
:103FD000690AD6E794ED260AD4ED290A94ED2C1A45
:103FE00030EE600AD2ED000A20EE200AD2ED010A7E
:103FF00000EEC10A84ED6A0AE1E594ED250AD4EDEC
:10400000270AD4ED2B1A70EE600A92ED000A20EE1A
:10401000801AD2ED010A00EEE11A84ED691A94EDDE
:10402000261AD4ED291A31EE611A21EE000A94ED18
:104030002C1A00EEC10A84ED6A0AC0E57048D4ED7E
:10404000360A1830D4ED3E1A90ED000A20EE201A00
:10405000D0ED010A00EEA11A84ED5A1A94ED3A1A35
:1040600020EE010A94ED3F1A00EE810A84ED5B0A0E
:1040700084ED5C9A84ED5D9A35E684ED5D9A84ED7D
:104080005B9A84ED5C9A84ED5A9A2CE684ED5D9AF5
:1040900084ED5B9A84ED5C9A84ED5A9A23E684ED74
:1040A000549A84ED559A94ED4C0AD4ED4F0A96ED4E
:1040B00003AA94ED0F1A70EE609AD4ED500AB1EE97
:1040C0004A0A96ED04BA29EE800A70EEC1AAD4ED30
:1040D00014BA96ED05CA0BEE6A0A0CEE2B0ABDEE79
:1040E000C00A10EE100A10F041FD53EC182B10F02E
:1040F000B1FD10F04BF8C4F858012AEE8B0A0AEE15
:10410000690A1CEE2B0ABDEEC00A10EE100A10F070
:104110002DFD53EC182B10F09DFD10F037F8C4F86E
:104120005C0193E694ED380AD4ED360A94ED3E1A1C
:1041300030EE600AD5ED180A20EE200AD5ED190AF6
:1041400000EE810A84ED5A0A84ED5D9A84ED559A59
:1041500084ED579A607B012817D194ED380AD4ED8D
:10416000360A94ED3E1A30EE600AD5ED180A20EEBC
:10417000200AD5ED190A00EE810A84ED5A0A84ED71
:104180005C9A84ED549A84ED569A1E49D4F85801ED
:104190009FED1D0A1D4ADFED1E0A884202DD84EDF7
:1041A000560A03E0904201D9C4ED560AD4F85C01E6
:1041B000884202DD84ED570A03E0904201D9C4ED44
:1041C000570A144AD4F870011349B3EE040AFBEEFF
:1041D000040A904202DD84ED5C0A03E0884201D9C2
:1041E000C4ED5C0AD4F87401904204DD84ED5D0AEC
:1041F000BDEC0A8B70BD8842FAD9C4ED5D0AF7E7C1
:10420000D000002000204B4600204B4600204BC62B
:1042100000204BC60000A0410000A0C170B50446BC
:104220002DED0A8B01212046D4ED360A94ED270AA4
:104230000DF06EF984ED7B0AD4ED360A94ED270A71
:10424000032120460DF064F984ED7C0AD4ED360A92
:1042500094ED270A022120460DF05AF984ED7D0ADB
:10426000D4ED360A94ED270A042120460DF050F9CA
:1042700084ED7E0AD4ED3A0A94ED290A0121204604
:104280000DF046F984ED7F0AD4ED3A0A94ED290A3F
:10429000032120460DF03CF984ED800AD4ED3A0A62
:1042A00094ED290A022120460DF032F984ED810AAD
:1042B000D4ED3A0A94ED290A042120460DF028F99C
:1042C00084ED820AD4ED540A94ED561A70EE810AF8
:1042D000C4ED580A94ED551AD4ED571A31EE211A4F
:1042E00084ED591A04F58065C5EDAA0A85EDB61A64
:1042F00010EE900AFD4A9FEDFE2AFE49DFEDFE1A00
:10430000904202DD85EDAA2A05E010EE900A88426F
:1043100001D9C5EDAA1A11EE100A904202DD85ED11
:10432000B62A05E011EE100A884201D9C5EDB61A89
:10433000D4ED5A0A94ED5C1A30EE812A84ED602A9D
:10434000D4ED5B0A94ED5D1A30EE811A84ED611AAA
:10435000D4ED690AD4ED621A70EEA11AC4ED6D1A9B
:10436000D4ED6A0AD4ED632A30EEA24A84ED6E4A97
:10437000D4ED7D0AF1EE600A62EE200AC4ED660A11
:10438000D4ED7E2A62EE222AC4ED672A94ED812ABA
:10439000B1EE422A21EE023A84ED643A61EE003A2F
:1043A000C4ED653A94ED7B0A21EE801A84ED731A10
:1043B00094ED7C0AB1EE400A61EE801AC4ED741AE5
:1043C00094ED7F0AB1EE400A24EE002A84ED712AB2
:1043D00094ED800A24EE000A84ED720A9FEDC78AEC
:1043E000DFEDC78AF4EEC80AF1EE10FA04DDF0EE54
:1043F000480AC4ED660A06E0F4EEE80AF1EE10FAA7
:1044000001D2C4ED668AF0EE480AF4EEE02AF1EE3D
:1044100010FA04DDF0EE480AC4ED670A06E0F4EE97
:10442000E82AF1EE10FA01D2C4ED678AF0EE480AEC
:10443000B4EEE03AF1EE10FA04DDF0EE480AC4ED15
:10444000640A06E0B4EEE83AF1EE10FA01D2C4EDE7
:10445000648AF0EE480AF4EEE03AF1EE10FA04DD78
:10446000F0EE480AC4ED650A06E0F4EEE83AF1EE33
:1044700010FA01D2C4ED658A11EE102AA149A248B2
:10448000F2EE0E0AFAEE0E2A8A4202DDC4ED730A3B
:1044900005E011EE102A824201D9C4ED732A11EE13
:1044A000902A8A4202DDC4ED740A05E011EE902ADA
:1044B000824201D9C4ED742A12EE102A8A4202DD2A
:1044C000C4ED710A05E012EE102A824201D9C4ED52
:1044D000712A10EE102A9FED8DAB9FED8EBBF9EE89
:1044E00004CA9FED8E9BB1EE04CA8A4202DDC4ED80
:1044F000720A05E010EE101A814201D9C4ED722A49
:1045000094ED660AD4ED730A30EE200A85ED7F0A39
:1045100094ED670AD4ED740A30EE200A85ED890A1D
:1045200094ED640AD4ED710A30EE200A85ED930A09
:1045300094ED650AD4ED720A30EE200A85ED9D0AED
:10454000D4F8E405406811F083F941EC100B0AF04F
:1045500053FA53EC1A2B51EC100B10F01AFD04D83F
:1045600085ED81CAC5ED828A1AE0D4F8E405406879
:1045700011F06EF941EC100B0AF03EFA9FED691B49
:1045800051EC100B53EC112B10F028FB04D885EDE7
:10459000818AC5ED82CA03E085ED818AC5ED828AF4
:1045A000D4F83406406811F053F941EC100B0AF0CE
:1045B00023FA53EC1B2B51EC100B10F00FFB04D81B
:1045C00085ED958AC5ED968A18E0D4F834064068E2
:1045D00011F03EF941EC100B0AF00EFA53EC192BD6
:1045E00051EC100B10F0D5FC04D885ED95CAC5ED43
:1045F000968A03E085ED958AC5ED968AD4F80C0677
:10460000406811F025F941EC100B0AF0F5F953EC74
:104610001B2B51EC100B10F0E1FA04D885ED8B8ABE
:10462000C5ED8CCA18E0D4F80C06406811F010F9FA
:1046300041EC100B0AF0E0F953EC192B51EC100B84
:1046400010F0A7FC04D885ED8BCAC5ED8C8A03E079
:1046500085ED8B8AC5ED8C8AD4F85C06406811F034
:10466000F7F841EC100B0AF0C7F953EC1A2B51EC98
:10467000100B10F08EFC04D885ED9FCAC5EDA08A02
:1046800018E0D4F85C06406811F0E2F841EC100B39
:104690000AF0B2F953EC192B51EC100B10F079FC25
:1046A00004D885ED9F8AC5EDA0CA03E085ED9F8AF9
:1046B000C5EDA08AD5ED7F0A95ED820AF4EEC00A19
:1046C000F1EE10FA02D285ED7F0A08E095ED810A3D
:1046D000F4EEC00AF1EE10FA01DD85ED7F0A95EDEA
:1046E000890AD5ED8C0AB4EEE00A1FE000FC7F4693
:1046F00000FC7F4600FC7FC600FC7FC60000FA4439
:104700000000FAC400007041000070C10000000009
:1047100000003E400000000000003EC0000000001D
:104720000000514000000000000051C0F1EE10FAFE
:1047300002D2C5ED890A08E0D5ED8B0AB4EEE00A95
:10474000F1EE10FA01DDC5ED890A95ED930AD5ED7C
:10475000960AB4EEE00AF1EE10FA02D2C5ED930A21
:1047600008E0D5ED950AB4EEE00AF1EE10FA01DDAD
:10477000C5ED930A95ED9D0AD5EDA00AB4EEE00AC9
:10478000F1EE10FA04D2C5ED9D0ABDEC0A8B70BDA6
:10479000D5ED9F0AB4EEE00AF1EE10FAF5DDC5EDB5
:1047A0009D0AF2E770B504462DED088B9FED638BF3
:1047B0009FED64BA9FED649B9FED65AB664D002C49
:1047C00027D094ED270A30EE4B0A10EE100A11F0B4
:1047D0003FF841EC100B0AF00FF953EC182B51EC99
:1047E000100B10F0FBF918D294ED290A30EE4B0AA9
:1047F00010EE100A11F02CF841EC100B0AF0FCF846
:1048000053EC182B51EC100B10F0E8F905D20120F5
:1048100004E00020BDEC088B70BD0020E8709FED27
:104820004F8A94ED360A30EE480A10EE100A11F065
:104830000FF841EC100B0AF0DFF853EC192B51EC98
:10484000100B10F0CBF914D294ED3A0A30EE480A6E
:1048500010EE100A10F0FCFF41EC100B0AF0CCF83F
:1048600053EC192B51EC100B10F0B8F901D20120C8
:1048700000E000202871D4F8F80010F0E9FF41ECC6
:10488000100B0AF0B9F853EC1A2B51EC100B10F086
:10489000A5F910D2D4F8FC0010F0DAFF41EC100BAF
:1048A0000AF0AAF853EC1A2B51EC100B10F096F901
:1048B00001D2012000E0002068719FED298B206C5F
:1048C00010F0C6FF41EC100B0AF096F853EC182BD1
:1048D00051EC100B10F082F901D2012000E0002011
:1048E000A871607B08B9E07BA0B10020E8719FED62
:1048F0001E8BD4F83C0110F0ABFF41EC100B0AF01A
:104900007BF853EC182B51EC100B10F067F903D225
:10491000012002E00120E9E700202872E97851B186
:10492000297941B1697931B1A97921B1E97911B117
:1049300008B1012000E0002068726BE70000004031
:10494000E17AA43F8FC2F53D0000002085EB913F46
:10495000000000000000E03F300000201283403DD6
:1049600000000000BADAC23F000000A09999E93FB8
:1049700010B5124A506800011FD5114B114C4FF071
:104980000061586B0068A04203D90E484C380160A2
:104990000EE00A4CB834A04203D90A4850380160EE
:1049A00006E0064C5834A04201D9D16000E0916085
:1049B0001868016841F40071016010BD0060024098
:1049C000F80F002058640240014801F00FBF0000BA
:1049D000201500202DE9F05FFA48FB4AFA4DC06C23
:1049E000FA4EF94F0068DFF8E4C3DFF8DC83DFF844
:1049F000DC93DFF8D4A3DFF8D4B3DFF8CCE3F34CD7
:104A0000483D60361837D1140CF1180CA8F1300865
:104A100009F178090AF1300A0BF1300BAEF1180EEA
:104A200090423ED9E84A543A1368A04201D120226C
:104A300035E0A84201D1202231E0B04201D120224C
:104A40002DE0B84201D1202229E0604501D10A467B
:104A500025E0404501D10A4621E0484501D10A46FA
:104A60001DE0504501D10A4619E0584502D14FF4E6
:104A7000001214E0704502D14FF400120FE0D34A47
:104A80009032904202D14FF4001208E0CE4A4832F0
:104A9000904202D14FF4001201E04FF00062134047
:104AA000C3E0CA4AA83290423ED9C74A583A13686E
:104AB000A04201D1202235E0A84201D1202231E0DC
:104AC000B04201D120222DE0B84201D1202229E0BC
:104AD000604501D10A4625E0404501D10A4621E062
:104AE000484501D10A461DE0504501D10A4619E06A
:104AF000584502D14FF4001214E0704502D14FF432
:104B000000120FE0B14A9032904202D14FF40012ED
:104B100008E0AD4A4832904202D14FF4001201E061
:104B20004FF00062134080E0A84A483290423ED9DC
:104B3000A64A103A5368A04201D1202235E0A8428B
:104B400001D1202231E0B04201D120222DE0B84233
:104B500001D1202229E0604501D10A4625E04045E7
:104B600001D10A4621E0484501D10A461DE05045E1
:104B700001D10A4619E0584502D14FF4001214E061
:104B8000704502D14FF400120FE0904A90329042EB
:104B900002D14FF4001208E08B4A4832904202D111
:104BA0004FF4001201E04FF0006213403DE0874AED
:104BB000103A1368A04201D1202235E0A84201D169
:104BC000202231E0B04201D120222DE0B84201D1B3
:104BD000202229E0604501D10A4625E0404501D167
:104BE0000A4621E0484501D10A461DE0504501D161
:104BF0000A4619E0584502D14FF4001214E07045FE
:104C000002D14FF400120FE0704A9032904202D16C
:104C10004FF4001208E06C4A4832904202D14FF43F
:104C2000001201E04FF000621340002B72D0664A80
:104C3000904235D9A04201D120212DE0A84201D1D6
:104C4000202129E0B04201D1202125E0B84201D144
:104C5000202121E060451FD040451DD048451BD094
:104C6000504519D0584502D14FF4001114E0704559
:104C700002D14FF400110FE054499031884202D123
:104C80004FF4001108E050494831884202D14FF4F6
:104C9000001101E04FF000614B484C380160ADE07D
:104CA0004A4AA832904236D9A04201D120212DE0B3
:104CB000A84201D1202129E0B04201D1202125E0E4
:104CC000B84201D1202121E060451FD040451DD0D0
:104CD00048451BD0504519D0584502D14FF400111A
:104CE00014E0704502D14FF400110FE037499031C4
:104CF000884202D14FF4001108E03349483188421C
:104D000002D14FF4001101E04FF000612E485038FD
:104D1000016073E0B6E02D4A4832904235D9A04296
:104D200001D120212DE0A84201D1202129E0B0426B
:104D300001D1202125E0B84201D1202121E06045A8
:104D40001FD040451DD048451BD0504519D058456F
:104D500002D14FF4001114E0704502D14FF400115C
:104D60000FE01A499031884202D14FF4001108E057
:104D700015494831884202D14FF4001101E04FF04B
:104D8000006112481038C16038E0A04201D12021F2
:104D900031E0A84201D120212DE0B04201D12021F3
:104DA00029E0B84201D1202125E0604523D04045CB
:104DB00021D048451FD050451DD0584508D14FF44B
:104DC000001118E0C010002058640240106002403A
:104DD000704502D14FF400110DE02B49884202D1F9
:104DE0004FF4001107E02949884202D14FF4001125
:104DF00001E04FF000612448A0388160244C207805
:104E000080070CD5207820F002002070207840F038
:104E100004002070012211461E4801F0C1FF607895
:104E20001D4D80070CD5607820F00200607060781E
:104E300040F00400607001221021284601F0B0FF0C
:104E4000A07880070CD5A07820F00200A070A07890
:104E500040F00400A07001221021284601F0A0FFBC
:104E60000CF018FD207840070CD5207820F00400C5
:104E70002070207840F0080020700848016841F058
:104E800001010160BDE8F09FA0600240A064024003
:104E90005C0100200004024000000240103C014080
:104EA000014801F0A3BC000080150020014801F07A
:104EB0009DBC00006014002001680A4BCAB2103A81
:104EC000A3FB02321209084B9B5CC365032A04D979
:104ED0006FF30901091D816502E06FF30901816526
:104EE000806D7047ABAAAAAAD666010801460020C9
:104EF0008A6A8B69002B0FD0B3F5005F1DD08AB38F
:104F0000012A30D0022A2ED0032A04D1C96A11F016
:104F1000807F00D0012070471AB1012A07D0022AF1
:104F2000F9D1C96A11F0807FF5D001207047C96AB4
:104F3000B1F1C07FFAD1012070475AB1012A0BD0DC
:104F4000022A07D0032AF7D1C96AB1F1C07FF3D191
:104F50000120704701207047C96A11F0807FFAD0A4
:104F600001207047FFE7012070477047012001F0E2
:104F7000F5BD082001F0F2BD102001F0EFBD2020AA
:104F800001F0ECBD704700002DE9F0412DED048BE0
:104F900000285BD001231A4602212E4804F066FE49
:104FA0002C4900259C3101F88D5C2B4CC86D04F117
:104FB0002402CCCACCC0486ED4E90F37D4E90D62C4
:104FC000C0E90237C0E9006204F14402886FCCCA2C
:104FD000CCC0086FD4E903230CC0C86F22680260FC
:104FE000C86E9FED1E9A80ED009AC86E9FED1C8AD8
:104FF00080ED018ADFED1B8AC1ED268A01231A4666
:105000000221194804F032FE17499C3101F88D5CE9
:1050100004F12402C86D6CCA6CC004F13402486EFD
:105020006CCA6CC004F14402886F6CCA6CC0086F13
:10503000D4E903230CC0C86F22680260C86E80EDFB
:10504000009AC86E80ED018AC1ED268ABDEC048B02
:10505000BDE8F081D82D0020BC0200208D979A3544
:10506000FFF7163A00000000102F002070B505462B
:105070002DED028B002D37D0234E29789FED238A0A
:10508000706805F58064012931D094EDA80A80ED9F
:10509000000AB06894EDAC0A80ED000A1A4805F0E9
:1050A000CBF818B190ED000A86ED4D0A96ED4D0A49
:1050B00084EDA90A2878164D01281ED0686894ED61
:1050C000B40A80ED000AA86894EDB80A80ED000AE1
:1050D0000F4805F0B1F818B190ED000A85ED4D0AC2
:1050E00095ED4D0A84EDB50ABDEC028B70BD80EDE7
:1050F000008AB06880ED008AD0E7686880ED008A99
:10510000A86880ED008AE3E7D82D002000000000A9
:10511000102F00202DE9F34104462DED040B0F461E
:105120002DED108BF0EE60FADFEDFE0A70EE201A26
:105130009FEDFD0A61EE801AC1EEA08A30EEC11A21
:1051400021EE000A80EE208A18EE900A10F080FB13
:1051500041EC100B09F0ECFB51EC100B0FF016F8C2
:105160000CEE900A18EE900A10F072FB41EC100B56
:1051700009F04EFC51EC100B0FF008F80DEE900A00
:1051800018EE100A10F064FB41EC100B09F0D0FB94
:1051900051EC100B0EF0FAFF0DEE100A18EE100A8B
:1051A00010F056FB41EC100B09F032FC51EC100BE7
:1051B0000EF0ECFF0EEE900A9FEDDCBA9FEDDCEAFC
:1051C0000CEE8BEADFEDDBBA4DEE4BBA2DEE8BCA5F
:1051D0002EEE8BFA3BEECE0A7FEE4C0A20EE001A42
:1051E00000EEA01ADFEDD41A60EE219A20EEA1AAFB
:1051F0009FEDD20A71EE000A30EEC09A39EE890AAC
:1052000010EE100A10F024FB29EEA90A41EC180B4D
:105210000AEE0A0A09EE490A10EE100A10F018FB0D
:1052200041EC100B09F058FCB0EE409AF0EE609A99
:105230001AEE100A10F00CFB53EC192B0FF008F9C2
:1052400053EC182B0FF036FA41EC100B08F0E4FF8A
:105250009FEDBB1B51EC100B53EC112B0FF0FAFC24
:105260000EF094FF08EE100A18EE100A10F0F0FA93
:1052700041EC100B09F05CFB9FEDB39B51EC100B64
:1052800053EC192B0FF0E6FC41EC1A0B1EEE100A42
:1052900010F0DEFA53EC1A2B0FF0DAF80EF076FF6E
:1052A00008EE900A18EE100A10F0D2FA41EC100B3A
:1052B00009F0AEFB53EC192B51EC100B0FF0CAFCAC
:1052C00041EC1A0B1CEE100A10F0C2FA53EC1A2B28
:1052D0000FF0BEF80EF05AFF0CEE100A28EEA80AE6
:1052E0000CEE0C0A10EE100A10F0B2FA41EC100BA2
:1052F00009F0F2FB51EC100B0EF048FF05461CEED6
:10530000100A10F0A5FA41EC1A0B18EE900A10F0F2
:105310009FFA41EC100BB0EE4A1AF0EE6A1A09F04F
:10532000E7F851EC100B0EF031FF0AEE100A9FED7A
:10533000880A6FEE800A60EEADAA6FEE8B0A60EE0F
:10534000ACCADDED130A20EE800A20EE2EEA9DEDB8
:10535000130A20EE0B0A20EE0DDA7CEE4F0A38EE2F
:10536000EB1A80EE810A10EE100A10F071FA41EC8F
:10537000100B08F051FF51EC100B0EF007FF0CEE74
:10538000100A7CEE488A18EE900A10F061FA41EC9F
:10539000100B09F03DFB53EC192B51EC100B0FF0E7
:1053A00059FC41EC190B1CEE100A10F051FA41ECBB
:1053B000100B09F02DFBB0EE40BA3DEE6C0AF0EE9A
:1053C00060BA10EE100A10F043FA53EC1B2B0FF0EA
:1053D00041FC41EC1B0B1CEE100A10F039FA41ECB9
:1053E000100B09F0A5FAB0EE40DA3EEE6A0AF0EED4
:1053F00060DA10EE100A10F02BFA53EC1D2B0FF0B0
:1054000029FC53EC1B2B0FF023F853EC192B0FF056
:1054100051F90EF0BBFE0BEE100A18EE900A10F0D8
:1054200017FA41EC100B09F0F3FA18EE100A10F01D
:105430000FFA41EC100B09F0EBFA18EE100A10F01D
:1054400007FA41EC100B09F073FA18EE100A10F08D
:10545000FFF941EC100B09F0DBFAB0EE409A9FED3A
:105460003D0AF0EE609A2BEE00BA1BEE100A10F027
:10547000EFF953EC192B0FF0EDFB41EC190B1AEE81
:10548000900A10F0E5F953EC192B0FF0DFFE0EF047
:105490007DFE064618EE100A10F0DAF941EC100B0A
:1054A00009F046FAB0EE408AF0EE608A1BEE100A70
:1054B00010F0CEF953EC182B0FF0CCFB41EC180B8D
:1054C0001CEE900A10F0C4F953EC182B0EF0C0FF3C
:1054D0000EF05CFE10F0BCF941EC180B1AEE100A4D
:1054E00010F0B6F941EC100B09F022FA53EC182B2E
:1054F00051EC100B0FF0AEFB41EC180B304610F0E6
:10550000A7F941EC190B1AEE100A10F0A1F941ECC1
:10551000100B09F071FA09F07BFA51EC100B0EF048
:1055200029FE19E000003443DB0F49409A99193EE7
:105530009A9999BD9A99993D713D0A3F994C953D2B
:10554000000000000000004000000020AE47D13FF6
:105550009A9919BE713D8A3E53EC192B0FF07AFBD4
:1055600053EC182B0FF072FE9FED211B53EC112B07
:105570000FF070FB0EF00AFE00EE100A9FED1E2ADF
:10558000DFED1E2ADFED1E1AC7B1C4F89C5084ED72
:1055900036AA84ED3E0AD4ED400A30EE603A83EE3E
:1055A000021A21EE221A00EEA11A84ED421A84EDAD
:1055B000400ABDEC108B06B0BDE8F081C4F8A450E1
:1055C000F1EE4A0AC4ED3A0AB1EE400A84ED3F0A10
:1055D000D4ED410A30EE603A83EE021A21EE221A2F
:1055E00000EEA11A84ED431A84ED410AE1E70000C0
:1055F00000000000000008406F12033BCDCCCC3E01
:105600009A99193F38B44FF0000CCDF800C090F8CB
:105610003C20012A1BD0012280F83C200A68072484
:10562000092A17D90368DD680A3A02EB420204FA34
:1056300002F225EA0202DA600A788B680A3A02EB83
:10564000420293400268D4682343D36014E038BC1C
:105650000220704703681D6902EB420204FA02F25D
:1056600025EA02021A610A788B6802EB4202934033
:1056700002681469234313614A681F24072A15D25C
:1056800003685D6B521E02EB820204FA02F225EA05
:1056900002025A630A8893B20A79521E02EB82020E
:1056A00093400268546B234353632CE00D2A15D2B8
:1056B00003681D6BD21F02EB820204FA02F225EA94
:1056C00002021A630A8893B20A79D21F02EB82029D
:1056D00093400268146B2343136314E00368DD6A8C
:1056E0000D3A02EB820204FA02F225EA0202DA62C1
:1056F0000A8893B20A790D3A02EB8202934002685B
:10570000D46A2343D362184A184B04689C4206D1DA
:105710000C68122C03D1546844F48004546004686B
:105720009C421CD10B68102B01D0112B17D1536850
:1057300043F4000353600968102910D10C490D4A45
:105740000968B1FBF2F101EB810149000091009978
:1057500029B10099491E009100990029F9D180F8DA
:105760003CC038BC002070470023014000200140AD
:105770008007002040420F000068C06C704770B581
:1057800004460025002C03D0206C002610B107E051
:10579000012070BD204600F01DF8666484F83C606E
:1057A000206C10F0100F04D0012584F83C602846CE
:1057B00070BD206C20F4885040F002002064204628
:1057C000FDF7AEFA6664206C20F0020040F00100A4
:1057D0002064EAE710B586B00446142101A8FBF75F
:1057E00003FD174B206800221649984209D108682A
:1057F00040F480700860086800F48070009006B083
:1058000010BD114B9842FAD1086840F480600860DE
:10581000086800F4806000900A481438016841F07C
:1058200020010160006800F0200000901815019030
:1058300003200290039201A9044801F09BF9DEE7DE
:105840000020014044380240002201400014024080
:105850002DE9F04104460D46206881684FF00007AD
:1058600011F4806F0CD0806810F4807F08D0206C19
:1058700040F02000206484F83C700120BDE8F081F5
:1058800001F096FA06462068006810F0020F12D167
:10589000B5F1FF3F0AD025B101F08AFA801BA8427A
:1058A00004D92068006810F0020F12D02068006848
:1058B00010F0020FECD021686FF012000860206C2D
:1058C00040F4007020642068816811F0405F09D0C6
:1058D0001EE0206C40F00400206484F83C7003203B
:1058E000BDE8F081217E99B9C16A11F4700F03D02F
:1058F000806810F4806F0BD1206C20F480702064DD
:10590000206C10F4805F03D1206C40F00100206413
:105910000020BDE8F081000081B00022009290F8E4
:105920003C10012908D0012180F83C1001688B68E7
:1059300013F0010F03D016E0022001B070478B680E
:1059400043F001038B603949394B0968B1FBF3F12E
:1059500001EB41010091009929B10099491E009184
:1059600000990029F9D101688B6813F0010F52D01A
:10597000036C23F0010323F4C06343F480730364D6
:105980004B6813F4806F05D0036C23F4005343F489
:1059900080530364036C13F4805F04D0436C23F0E2
:1059A0000603436400E0426480F83C20214A6FF023
:1059B00022030B60516811F01F0F1F4907D00068C8
:1059C000884230D1816811F0405F1FD02BE0006821
:1059D000884212D0194A904204D1D1F8042312F01F
:1059E0001F0F0AD0A0F18042B2F591321BD1D1F83D
:1059F000041301F01F01102915D2816811F0405FD6
:105A000011D1816841F0804181600CE0816841F0F2
:105A10008041816007E0016C41F010010164416C3C
:105A200041F001014164002001B07047800700206F
:105A300040420F00002301400020014000210140AE
:105A400090F82020012A07D0022A05D0416A41F4AB
:105A50008021416201207047006842691143416121
:105A60000020704770B490F82040D0F800C0DCF8F7
:105A700008C0012C08D0022C06D0416A41F48021D4
:105A8000416270BC012070470CF080640CF000652E
:105A90002C4302D11CF0805F55D0CCF3016C012463
:105AA00004FA0CF41C608B684FF4C0749BB1CD6891
:105AB00004EB0C162B434D6843EAC5030568AB5154
:105AC0004FF4C273066803EB0C130D69F550097DA2
:105AD000012909D00DE00D88CB6804EB0C1643EAD0
:105AE00045530568AB51EBE70168CD5845F4807527
:105AF000CD501179D379557941EA036193791B042B
:105B000043EA052319434FF4C675036805EB0C15EA
:105B100059511178D37841EA0361937852781B0484
:105B200043EA022211434FF4C473026803EB0C13DF
:105B3000D150016804EB0C100A5842F001020A50DF
:105B400070BC00207047416A41F40011416270BC92
:105B50000120704790F82020012A07D0022A05D0A2
:105B6000416A41F480214162012070474248D0F8E7
:105B7000002242F00102C0F80022D0F8002222F4F4
:105B80007C52C0F80022D0F800224B6A42EA03227D
:105B9000C0F800220A7D012302F01F0203FA02F27C
:105BA000D0F81C329343C0F81C32CB69D3B9D0F87B
:105BB0000C329343C0F80C32B1F80CC04B686CF354
:105BC0001F43D1F814C000EBCC0CCCF84032B1F834
:105BD00008C00B686CF31F43D1F814C000EBCC0C69
:105BE000CCF84432CB69012B1AD1D0F80C321343D4
:105BF000C0F80C32B1F800C04B686CF31F43D1F809
:105C000014C000EBCC0CCCF84032B1F808C0CB6823
:105C10006CF31F43D1F814C000EBCC0CCCF8443229
:105C20008B697BB1D0F804321343C0F804320B699E
:105C300073B1D0F814321343C0F81432096A012941
:105C40000CD010E0D0F804329343C0F80432EEE7F1
:105C5000D0F814329343C0F81432EFE7D0F81C1296
:105C60001143C0F81C12D0F8001221F00101C0F855
:105C7000001200207047000000640040704730B4FC
:105C800090F820C0BCF1010F09D0BCF1020F06D082
:105C9000416A41F48021416230BC0120704739B132
:105CA000D0F800C0DCF810C01CF0030F33D006E0C1
:105CB000D0F800C0DCF80CC01CF0030F24D04FF467
:105CC000D87C04680CEB011C54F80C4004F004046C
:105CD00094603CB3046854F80C40E40854600468D1
:105CE00054F80CC00CF0020CC2F80CC04FF4DA7C73
:105CF00004680CEB011C54F80C5005F00F05082D3E
:105D000016D30824146118E0416A41F4001141627D
:105D100030BC01207047416A41F40011416230BC3F
:105D200001207047046854F80C40640D1460D6E7F5
:105D300054F80C4004F00F041461046854F80C404B
:105D4000C4F307249461046854F80CC04FEA1C4C57
:105D5000C2F814C04FF4DC72D0F800C002EB01129C
:105D60005CF802C083F800C0D0F800C05CF802C044
:105D70004FEA1C2C83F801C0D0F800C05CF802C0C8
:105D80004FEA1C4C83F802C0D0F800C05CF8022037
:105D9000120EDA704FF4DE72D0F800C002EB01127E
:105DA0005CF802C083F804C0D0F800C05CF802C000
:105DB0004FEA1C2C83F805C0D0F800C05CF802C084
:105DC0004FEA1C4C83F806C0D0F800C05CF80220F3
:105DD000120EDA7139B10068016941F020010161E8
:105DE00030BC002070470068C16841F02001C160EC
:105DF000F6E72DE9F05F0546002428684669D0F8EB
:105E000004908768D0F80CA0D0F810B0D0F81880B3
:105E100016F0010F54D017F0010F17D00121816047
:105E200017F0020F03D0284600F076FC0EE017F0C2
:105E3000040F02D04FF4006408E017F0080F02D0FE
:105E40004FF4805402E0284600F065FC17F4807F90
:105E500019D029684FF48070886017F4007F03D050
:105E6000284600F05BFC0EE017F4806F02D044F48B
:105E7000005408E017F4006F02D044F4804402E0BC
:105E8000284600F04AFC17F4803F19D029684FF4E7
:105E90008030886017F4003F03D0284600F040FCB3
:105EA0000EE017F4802F02D044F4004408E017F409
:105EB000002F02D044F4803402E0284600F02FFC8A
:105EC00016F0080F07D01AF0100F04D044F4007435
:105ED00029681020C86016F0040F4FF0080707D09B
:105EE0001AF0080F04D02868C760284600F0D0F9DF
:105EF00016F0020F07D02868C06810F0030F02D018
:105F0000284600F0C7F916F0400F07D01BF0100F1D
:105F100004D044F4806429681020086116F0200F32
:105F200007D01BF0080F04D028680761284600F04E
:105F3000BDFB16F0100F07D02868006910F0030FA2
:105F400002D0284600F0B3FB16F4003F08D019F049
:105F5000100F05D0296810204860284600F0A8FBE3
:105F600016F4803F07D019F0080F04D02868476066
:105F7000284600F0D6FB16F4004F4AD019F0040F63
:105F800044D016F4807F04D018F0010F01D044F003
:105F9000010416F4007F04D018F0020F01D044F081
:105FA000020416F4806F04D018F0040F01D044F0FE
:105FB000040416F4006F29D018F0700F26D008F0F2
:105FC0007000402815D006DC102809D020280AD0FF
:105FD000302816D10AE050280ED0602811D10EE0EA
:105FE00044F008040DE044F010040AE044F02004FA
:105FF00007E044F0400404E044F0800401E044F48D
:1060000080742868816921F0700181612968042009
:106010004860002C05D0686A204368622846FFF774
:106020002DFEBDE8F09F70B50446002C03D094F817
:10603000200010B104E0012070BD204600F0A8F857
:106040002068016841F00101016000F0B1FE0546E1
:10605000206840684FF0050610F0010F11D100F0E4
:10606000A7FE401B0A2807D9606A40F4003060622E
:1060700084F82060012070BD2068406810F0010F96
:10608000EDD02068016821F00201016000F090FE6F
:1060900005462068406810F0020F11D000F088FE1D
:1060A000401B0A2807D9606A40F40030606284F817
:1060B0002060012070BD2068406810F0020FEDD113
:1060C000207E01283FD02068016821F08001016016
:1060D000607E01283DD02068016821F04001016008
:1060E000A07E01283BD02068016821F020010160DA
:1060F000E07E012839D02068016841F0100101607C
:10610000207F012837D02068016821F00801016054
:10611000607F012835D02068016821F0040101600A
:10612000E168A06862690843216911430843616816
:10613000491E08432168C86100206062012084F87C
:106140002000002070BD2068016841F080010160DE
:10615000BEE72068016841F040010160C0E72068A7
:10616000016841F020010160C2E72068016821F068
:1061700010010160C4E72068016841F00801016076
:10618000C6E72068016841F004010160C8E700002B
:106190002DE9F04186B00446142101A8FBF724F84C
:1061A000364B374ADFF8D08018682168344C032614
:1061B0000227401C103200254FF0090C414527D121
:1061C0001860012807D1106840F000701060106856
:1061D00000F000700090206840F008002060206807
:1061E00000F0080000900196029703950496CDF800
:1061F00014C001A9234800F0BDFC00220621142090
:1062000001F090FA142001F07FFA06B0BDE8F081A9
:10621000DFF874804145F8D1116841F08061116068
:10622000116801F0806100911860012807D11068A1
:1062300040F000701060106800F00070009020685E
:1062400040F002002060206800F002000090602012
:106250000190029703950496CDF814C001A90B484C
:1062600000F088FC00220621402001F05BFA40206B
:1062700001F04AFAC9E70000006400402000002055
:1062800030380240000C0240006800400004024028
:10629000704700002DE9F0412DED028B8AB0F549E1
:1062A0009FEDF58A4FF480556E42F44FF44C8842CE
:1062B0007BD101AB03AA0021FFF7E1FC9DF80400AC
:1062C000012805D0022803D0032801D004285DD17D
:1062D000401EC0B23870DFF8A88308F1AC0808EBA4
:1062E000001090ED010A80ED000A9DF806009DF86F
:1062F000051040EA01201021DFEDE20A9FEDE20ADD
:106300000CF04CFEDFEDE10A387820EE200A08EBB5
:10631000001080ED010A10EE101ADD4A914203DDF3
:1063200030EE480A80ED010A90ED010AD94A10EEDC
:10633000101A914203D930EE080A80ED010A9DF847
:1063400007009DF80810000140EA11100C21DFED54
:10635000D20A9FEDD20A0CF021FE387808EB00102B
:1063600080ED020A9DF808109DF8090001F00F0168
:1063700040EA01200C21F3EE020ABBEE020A0CF007
:106380000DFE387808EB001080ED030A039840F208
:106390000322A0F2032190423DD007DCA0F500705B
:1063A000013838D0012831D135E07CE0012932D0E4
:1063B0000E292BD1BDF8040000EE100AF8EE400AB9
:1063C0009FEDB70AAE4880EE801AEC3080ED001ADF
:1063D000BDF8061000EE901AF8EE600A80EE801A02
:1063E00080ED011ABDF8081000EE901AF8EE600A70
:1063F00080EE801A80ED021ABDF80A1000EE901AA5
:10640000F8EE600A80EE801A80ED031A0AB0BDEC47
:10641000028BBDE8F0810398401EC2B27A7002EB95
:10642000820104EB810034F8213003819DF80530AE
:106430009DF8047043EA072324F821309DF80730C3
:106440009DF8067043EA072343809DF809309DF8C4
:10645000087043EA072383809DF80A30837134F87B
:106460002130B0F90870DB1BAB4203DD03695B1E12
:10647000036104E0B34202DA03695B1C0361036950
:106480004FF4B47534F821106B43694303EB513179
:1064900000EE101AB8EEC00A80ED030A521CD0B20A
:1064A0000AF0A4FEB2E77F498842AFD101AB03AA4C
:1064B0000021FFF7E4FB03987149A0F58070413893
:1064C00001F18C01DFED780A06D0012828D0C4281C
:1064D0004AD0C6289AD185E09DF8050008709DF83D
:1064E00006009DF8072040EA022048809DF8080039
:1064F0009DF8092040EA022088809DF80A009DF856
:106500000B2040EA0220C880088100EE100AB8EE95
:10651000400A20EE200A20EE080A81ED030A75E702
:106520009DF8050008749DF806009DF8072040EAD4
:10653000022048829DF808009DF8092040EA0220C8
:1065400088829DF80A009DF80B2040EA0220C8824C
:10655000088300EE100AB8EE400A20EE200A20EE72
:10656000080A81ED070A51E70420B8704449B4F9DC
:10657000502001F15000A1F858209DF805109DF819
:10658000043041EA0321A4F850109DF807309DF82B
:1065900006C043EA0C2343809DF809309DF808C0EB
:1065A00043EA0C2383809DF80A3083718A1AAA4239
:1065B00004DD334A126E521E026105E0B24203DA74
:1065C0002F4A126E521C02612D4A4FF4B473126EA0
:1065D0005A43594302EB513100EE101AB8EEC00A8B
:1065E00080ED030A0398401EC2B2FA7002EB8201EA
:1065F00004EB810034F8213003819DF805309DF8CB
:10660000047043EA072324F821309DF807309DF8F1
:10661000067043EA072343809DF809309DF808700F
:1066200043EA072383809DF80A30837134F82130D0
:10663000B0F90870DB1BAB4203DD03695B1E03612D
:1066400004E0B34202DA03695B1C036103694FF49F
:10665000B47534F821106B43694303EB513100EEFC
:10666000101AB8EEC00A80ED030A521CD0B20AF02C
:10667000BDFDCBE6540F00200000B44322020020F1
:10668000542000200000BF420000BFC20000704242
:1066900000003443000034C300003442000034C220
:1066A0000000C8427C0F0020000080377047704710
:1066B000704770B5044694F82000012805D0606A40
:1066C00040F400206062012070BD022084F82000A8
:1066D0002068016821F00101016000F069FB0546B6
:1066E0002068406810F0010F12D000F061FB401BE1
:1066F0000A2808D9606A40F400306062052084F8F6
:106700002000012070BD2068406810F0010FECD11E
:106710000020606270BD70477047704770477047D7
:10672000704770472DE9F0410446A66D00F040FB2C
:10673000054694F835000027022806D080206065C1
:1067400084F834700120BDE8F0812068016821F0F0
:10675000160101602068416921F080014161206CCF
:1067600008B9A06C20B12068016821F0080101601F
:106770002068016821F0010101602068006810F0C4
:10678000010F12D000F014FB401B052808D920206F
:106790006065032084F8350084F83470BDE8F0812A
:1067A0002068006810F0010FECD194F85C003F21E4
:1067B00001FA00F0B060012084F8350084F83470EC
:1067C0000020BDE8F08190F83510022903D0802127
:1067D000416501207047052180F835100068016887
:1067E00021F0010101600020704700002DE9F8430D
:1067F00004464FF00008CDF8008076484FF416515B
:106800000068B0FBF1F7A56D2E6894F85C000821D4
:1068100001FA00F0304211D02068026812F0040F33
:106820000CD0026822F00402026094F85C0001FAC5
:1068300000F0A860606D40F00100606594F85C00B5
:106840004FF0010909FA00F0304209D02168496986
:1068500011F0800F04D0A860606D40F00200606508
:1068600094F85C1004208840304209D021680968FF
:1068700011F0020F04D0A860606D40F00400606564
:1068800094F85C1010208840304224D021680968B8
:1068900011F0080F1FD0A8602068016811F4802F44
:1068A0000DD0006810F4002F04D0A16C99B12046DF
:1068B000884710E0216C71B1204688470BE00168E1
:1068C00011F4807F03D1016821F008010160216C7F
:1068D00009B12046884794F85C1020208840304257
:1068E00051D02168096811F0100F4CD0A86094F8BD
:1068F000350005280DD02068016811F4802F32D0B2
:10690000006810F4002F29D0E16B59B32046884766
:1069100039E02068016821F01601016020684169B2
:1069200021F080014161206C08B9A06C20B1206881
:10693000016821F00801016094F85C003F2101FA30
:1069400000F0A86084F8359084F83480216D002927
:106950003ED001B02046BDE8F0430847616C09B164
:10696000204688470FE0016811F4807F07D1016855
:1069700021F01001016084F8359084F83480E16BD7
:1069800009B120468847606D002821D0606D10F065
:10699000010F15D0052084F835002068016821F02A
:1069A000010101600098401C0090B84204D82068A2
:1069B000006810F0010FF5D184F8359084F8348028
:1069C000E16C002904D001B02046BDE8F04308473F
:1069D000BDE8F883800700202DE9F041044600F06F
:1069E000E7F90546DCB1022084F83500002684F87A
:1069F00034602068016821F00101016020680068AE
:106A000010F0010F13D000F0D3F9401B052809D96D
:106A100020206065032084F83500BDE8F081012066
:106A2000BDE8F0812068006810F0010FEBD121680B
:106A30000868234A1040A3686268D4F810C01A435B
:106A4000E36843EA0C031A4363691A43A3691A43D0
:106A5000E3691A43236A1A431043626A042A03D182
:106A6000236BE26A1A43104308602068406920F0F3
:106A70000701606A40EA0105012704280ED1A06AD7
:106A80000543E06A50B12046FEF730FA30B14020AD
:106A9000606584F835700120BDE8F08120684561AB
:106AA0002046FEF709FA94F85C103F2202FA01F141
:106AB0008160666584F835700020BDE8F0810000D3
:106AC0003F8010F010B5234C10281AD020282AD06F
:106AD000082836D0012813D10DF044F901280FD031
:106AE00004F10C0120690CF05BFCE068002807D081
:106AF00019494FF080500860BFF34F8FBFF36F8F7D
:106B000010BD09200AF072FB607840F0010060704F
:106B1000A07840F00100A07020790028F0D0BDE8F6
:106B200010400AF0B7BE08200AF060FB207840F061
:106B30000100207020790028E2D0BDE810400AF062
:106B4000A9BE0A200AF052FBE07840F00100E07094
:106B500010BD00005C01002004ED00E010B5044908
:106B60000A68024202D00860FFF7ACFF10BD0000C7
:106B7000143C01402DE9F84F0022DFF818A2DFF89D
:106B800010924FF0010E03274FF00F08AAF1040BEB
:106B90000EFA02FC0B6803EA0C0363457DD10C7905
:106BA00004F00304012C01D0022C14D18568540098
:106BB00007FA04F6B543CE6806FA04F42C43846061
:106BC000446824EA0C0C0C79C4F30014944044EAA1
:106BD0000C0CC0F804C0D1F804C037EA0C0C0CD07F
:106BE000C4684FEA420C07FA0CF5AC438D6805FA0D
:106BF0000CFC4CEA040CC0F80CC091F804C00CF07A
:106C0000030CBCF1020F12D14FEAD20C00EB8C0442
:106C1000256A4FEA427C4FEADC6C08FA0CF6B54371
:106C20000E6906FA0CFC4CEA050CC4F820C0046896
:106C30004FEA420C07FA0CF5AC430D7905F0030559
:106C400005FA0CFC4CEA040CC0F800C0D1F804C0F2
:106C50001CF4403F7DD0D9F800C04CF4804CC9F8FA
:106C600000C0D9F800C00CF4804CCDF800C022F070
:106C7000030C0CF1804505F59835D5F808C8940744
:106C8000240F08FA04F62CEA0606A0F1804CBCF5A5
:106C9000003C64D0A0F1804C00E05AE0BCF5013C1F
:106CA00060D0A0F1804CBCF5023C5ED0A0F1804CDD
:106CB000BCF5033C5CD0A0F1804CBCF5043C5AD040
:106CC000A0F1804CBCF5053C58D0A0F1804CBCF53F
:106CD000063C56D0A0F1804CBCF5073C54D04FF098
:106CE000080C0CFA04FC4CEA060CC5F808C8DAF8E3
:106CF00000C02CEA030C4C6814F4801F01D04CEA4D
:106D0000030CCAF800C0244CD4F800C02CEA030CD1
:106D10004D6815F4001F01D04CEA030CC4F800C004
:106D2000DBF800C02CEA030C4C6814F4003F01D0DF
:106D30004CEA030CCBF800C0184CD4F800C02CEA85
:106D4000030C4D6815F4803F01D04CEA030CC4F8E5
:106D500000C0521C102AFFF41BAFBDE8F88F4FF0A3
:106D6000000CBEE74FF0010CBBE74FF0020CB8E798
:106D70004FF0030CB5E74FF0040CB2E74FF0050CF1
:106D8000AFE74FF0060CACE74FF0070CA9E70000A7
:106D900044380240083C01400C3C0140003C0140AA
:106DA000002A01D0816170470904816170470000A9
:106DB00001488068704700008407002070B50446D1
:106DC000002C04D094F83D00002510B106E001200D
:106DD00070BD84F83C50204600F09AFB242084F8D3
:106DE0003D002068016821F0010101602068016810
:106DF00041F4004101602068016821F40041016014
:106E000000F058FE544B6168994203D853498842B8
:106E100003D304E05249884201D2012070BD514998
:106E2000B0FBF1F12268D2F804C02CF03F0C4CEA20
:106E3000010CC2F804C062689A4201D84A1C07E0FB
:106E40004FF4967251434FF47A72B1FBF2F14A1C3F
:106E50002168D1F820C02CF03F0C42EA0C020A62F3
:106E60006168994210D84900401EB0FBF1F2521CF3
:106E7000C2F30B02042A01D2042026E0B0FBF1F099
:106E8000401CC0F30B0020E0A268002A50D001EBA8
:106E9000C10303EB0113A0F1010CBCFBF3F35B1C7A
:106EA00043F480431B051B0D4AD0002A4AD001EB56
:106EB000C10202EB0111401EB0FBF1F0401CC0F317
:106EC0000B0040F4804040F400402168CA6922F081
:106ED000FF0222F44F421043C861216AE069014376
:106EE0002068026822F0C00211430160E168206955
:106EF00001432068826822F0FF0222F4034211431A
:106F00008160A169606901432068C26822F0FF02C4
:106F10001143C1602068016841F0010101602564EE
:106F2000202084F83D00256384F83E50002070BD89
:106F300001EB4103A0F1010CBCFBF3F35B1CB1E7D7
:106F40000120C2E701EB4101401EB0FBF1F0401C03
:106F5000C0F30B00B7E70000A086010080841E008C
:106F600000093D0040420F002DE9F84F04468A46D3
:106F7000904699460A9FFFF71BFF064694F83D008E
:106F8000202802D00220BDE8F88F192301224C49A5
:106F90002046009602F05DFB10B10220BDE8F88F9C
:106FA00094F83C00012808D0012084F83C002068B7
:106FB000016811F0010F03D006E00220BDE8F88F50
:106FC000016841F0010101602068016821F400615D
:106FD0000160212084F83D00102084F83E00002547
:106FE0002564C4F82480A4F82A90608D2085354853
:106FF000E06233463A465146204602F08BF910B122
:107000000120BDE8F88F2068416980690090208DDB
:10701000002846D032463946204602F048FC50B19E
:10702000206C042804D12068016841F400710160DB
:107030000120BDE8F88F606A216800780861606A05
:1070400000F1010CC4F824C0608D401E6085208DC5
:10705000401E80B220852268516911F0040F0CD0C7
:1070600058B19CF800001061606A401C6062608D3D
:10707000401E6085208D401E2085324639462046C0
:1070800002F0B4FA50B1206C042804D120680168E1
:1070900041F4007101600120BDE8F88F208D0028C7
:1070A000B8D12068016841F400710160202084F8A3
:1070B0003D0084F83E5084F83C500020BDE8F88F35
:1070C000020010000000FFFF2DE9FF4F83B00446CF
:1070D0008A469346DDF84490DDF84080129EFFF723
:1070E00067FE054694F83D00202803D007B0022033
:1070F000BDE8F08F19230122A5492046009502F032
:10710000A8FA18B107B00220BDE8F08F94F83C004F
:10711000012808D0012084F83C002068016811F0A3
:10712000010F04D007E007B00220BDE8F08F01682E
:1071300041F0010101602068016821F400610160F3
:10714000222084F83D00402084F83E000027276478
:10715000C4F82480A4F82A90608D20858D48E062D0
:10716000019500965A4651462046069B02F02CF99E
:1071700018B107B00120BDE8F08F208D10B30128B1
:1071800029D0022835D02068416980690290208D7D
:10719000002800F0F180DFF80082208D032800F243
:1071A000B780012834D002284AD033460022414615
:1071B0002046009502F04DFA00286CD007B001205F
:1071C000BDE8F08F2068416981690291016841F44E
:1071D00000710160DBE72068016821F480610160D3
:1071E0002068416981690291016841F40071016080
:1071F000CDE72068016821F48061016020680168A2
:1072000041F4006101602068416980690290BEE735
:107210002A463146204602F007FB18B107B001208C
:10722000BDE8F08F20680069616A0870606A401CE0
:107230006062208D401E2085608D401E608597E035
:107240003346002241462046009502F002FA18B16A
:1072500007B00120BDE8F08F2068016841F400719B
:10726000016020680069616A0870606A401C6062A1
:10727000218D491E2185618D491E6185216809691D
:107280000170606A401C6062208D401E2085608D08
:10729000401E60856CE02068016821F48061016017
:1072A00020680069616A0870606A401C6062208D15
:1072B000401E2085608D401E608533460022414679
:1072C0002046009502F0C5F918B107B00120BDE8CD
:1072D000F08F2068016841F4007101602068006946
:1072E000616A0870606A401C6062218D491E2185B8
:1072F000618D491E6185216809690170606A401CC1
:107300006062208D401E2085608D401E60852FE0CC
:107310002A463146204602F087FA18B107B001200C
:10732000BDE8F08F20680069616A0870606A401CDF
:107330006062208D401E82B22285608D401E608575
:107340002068416911F0040F12D0032A03D10168AB
:1073500021F48061016020680069616A0870606AD8
:10736000401C6062208D401E2085608D401E60851F
:10737000208D00287FF411AF202084F83D0084F890
:107380003E7084F83C7007B00020BDE8F08F00002C
:10739000020010000000FFFF040001002DE9FF4F74
:1073A00083B004468A469346DDF84490DDF8408079
:1073B000129EFFF7FDFC054694F83D00202803D0FF
:1073C00007B00220BDE8F08F192301224E49204664
:1073D000009502F03EF918B107B00220BDE8F08F29
:1073E00094F83C00012808D0012084F83C00206873
:1073F000016811F0010F04D007E007B00220BDE8DA
:10740000F08F016841F0010101602068016821F4FA
:1074100000610160212084F83D00402084F83E0096
:1074200000272764C4F82480A4F82A90608D208562
:107430003648E062019500965A4651462046069B22
:1074400002F06CF818B107B00120BDE8F08F208D74
:10745000002836D02A463146204602F028FA58B194
:10746000206C042804D12068016841F40071016097
:1074700007B00120BDE8F08F606A216800780861DC
:10748000606A00F1010CC4F824C0208D401E80B257
:107490002085618D491E61852368596911F0040FAB
:1074A0000CD058B19CF800001861606A401C606202
:1074B000208D401E2085608D401E6085208D002817
:1074C000C8D12A463146204602F090F858B1206CC7
:1074D000042804D12068016841F40071016007B0FC
:1074E0000120BDE8F08F2068016841F4007101605F
:1074F000202084F83D0084F83E7084F83C7007B08A
:107500000020BDE8F08F0000020010000000FFFF27
:107510002DE9F04186B00446142101A8F9F764FE74
:107520002168414C3F4B00223F4812260325042787
:10753000103499421CD1016841F0020101600068D9
:1075400000F0020000902802019002960392049538
:10755000059701A93548FFF70DFB206840F400109E
:107560002060206800F40010009006B0BDE8F081B3
:107570002F4A4FF00108914220D1016841F02001CB
:107580000160006800F02000009001950296CDF89F
:107590000C800495059701A92648FFF7EBFA2068AF
:1075A00040F480002060206800F4800000902248B1
:1075B0000068416841F400614160D6E71F4A91428A
:1075C000D3D1016841F004010160016801F00401B8
:1075D0000091016841F001010160006800F00100C4
:1075E0000090501501900296CDF80C8004950597F7
:1075F00001A91348FFF7BEFA4FF48070019002967C
:10760000CDF80C800495059701A90E48FFF7B2FA52
:10761000206840F400002060206800F40000009022
:10762000A3E700000054004030380240000402404C
:107630000058004000140240F80F0020005C004099
:1076400000080240000002400248816802781144AC
:10765000816070478407002010B50B48016841F431
:1076600000710160016841F480610160016841F4CA
:1076700080710160032000F089F80F2000F006F807
:1076800000F026F8002010BD003C024070B5044612
:107690000D4D4FF47A712878B1FBF0F00B49096871
:1076A000B1FBF0F000F01EFF08B1012070BD102CFE
:1076B00007D200222146501E00F034F86C600020F2
:1076C00070BD012070BD00008407002080070020ED
:1076D00082B00C48016841F480410160006800F408
:1076E000804001900748001F016841F0805101600F
:1076F000006800F08050019000220F21901E02B01F
:1077000000F010B84438024000280ADB00F01F01E6
:10771000012202FA01F14009800000F1E020C0F8E6
:107720000011704710B4184B1B68C3F30223C3F158
:10773000070CBCF1040F01D94FF0040C1C1D072CE1
:1077400001D2002300E0DB1E012404FA0CFCACF1A2
:10775000010C0CEA0101994004FA03F35B1E1A4084
:107760001143002806DB00F1E020090180F8001435
:1077700010BC704700F00F0000F1E020090180F814
:10778000141D10BC704700000CED00E000F0070075
:10779000064A11684FF6FF03194041EA002040F005
:1077A000FD7040F080601060704700000CED00E05C
:1077B0002DE9F84304464FF0010820784FF0000708
:1077C00010F0050F33D0DFF84491C9F86870FFF767
:1077D000EFFA06464E4D286810F0006F0BD0FFF709
:1077E000E7FA801B022802D90320BDE8F883286845
:1077F00010F0006FF3D16068217A800140EA0170D7
:1078000044490860C9F86880FFF7D2FA064628683C
:1078100010F0006F0BD1FFF7CBFA801B022802D9C2
:107820000320BDE8F883286810F0006FF3D02078BB
:1078300010F0020F5CD03848016841F080510160BF
:10784000006800F080500090344D286840F480704B
:107850002860FFF7ADFA0646286810F4807F0BD148
:10786000FFF7A6FA801B022802D90320BDE8F8839F
:10787000286810F4807FF3D0294D286800F4407008
:1078800028B3A18901F44071814220D0286820F4F6
:1078900040702449C1F800800F602860286810F00B
:1078A000010F14D0FFF784FA0646286810F0020F83
:1078B0000DD141F28837FFF77BFA801BB84202D91D
:1078C0000320BDE8F883286810F0020FF3D0E068C9
:1078D0004FF4407131EA000213490CD0086820F4DB
:1078E000F81008602868A189C1F30B0108432860DB
:1078F0000020BDE8F8830A6820F4407022F4F812F2
:1079000020F0704010430860ECE7000000004742A0
:107910000038024084380240403802400070004085
:1079200070380240400E4742083802402DE9F047C7
:1079300004460D46002C13D0DFF85491D9F800000E
:10794000EFB200F00700A8420DD289F80070D9F814
:10795000000000F00700A84205D00120BDE8F08734
:107960000120BDE8F08720684A4E10F0020F14D0C5
:1079700010F0040F03D0306840F4E05030602078FD
:1079800010F0080F03D0306840F460403060306879
:10799000A16820F0F00008433060207810F0010F5B
:1079A0003ED060683C49012808D002280DD0032849
:1079B0000BD0096811F0020F28D00AE0096811F411
:1079C000003F06D10120BDE8F087096811F0007F73
:1079D00019D0316821F0030108433060FFF7E8F95E
:1079E00080463068616800F00C00B0EB810F17D062
:1079F00041F2883AFFF7DCF9A0EB0800504508D9BE
:107A00000320BDE8F0870120BDE8F0870120BDE834
:107A1000F0873068616800F00C00B0EB810FE9D1AD
:107A2000D9F8000000F00700A8420AD989F80070D0
:107A3000D9F8000000F00700A84202D00120BDE8FC
:107A4000F087207810F0040F05D03068E16820F44A
:107A5000E05008433060207810F0080F06D03068FE
:107A6000216920F4604040EAC100306000F042F833
:107A700031680A4AC1F30311515CC84008490860E3
:107A800008480068FFF702FE0020BDE8F08700000C
:107A9000003C02400838024000380240BE6601083F
:107AA0008007002088070020014800687047000018
:107AB0008007002000B5FFF7F7FF04490968044A72
:107AC000C1F38221515CC84000BD0000083802406B
:107AD000CE66010800B5FFF7E7FF04490968044ACC
:107AE000C1F34231515CC84000BD0000083802407B
:107AF000CE66010810B51748006810F00C01164852
:107B000016D0164B042912D0082911D1144C216823
:107B100001F03F02216811F4800F0AD02068C0F301
:107B20008810A0FB03010023F9F714FA09E01846B6
:107B300010BD21680023C1F38811A1FB0001F9F7F2
:107B400009FA2168C1F30141491C4900B0FBF1F079
:107B500010BD0000083802400024F400001BB700EC
:107B6000043802402DE9F84F0446002C12D020784A
:107B7000FB4E10F0010FA6F1040563D0301D016823
:107B800001F00C0104290CD0006800F00C0008285A
:107B900003D010E00120BDE8F88F306810F4800FAA
:107BA00009D0286810F4003F4CD06068002849D103
:107BB0000120BDE8F88F6068B0F5803F14D0B0F5C3
:107BC000A02F16D0286820F480302860286820F480
:107BD00080202860606810B3FFF7EAF8074628683D
:107BE00010F4003F0ED02DE0286840F4803028606B
:107BF000F0E7286840F480202860286840F480304E
:107C00002860E7E7FFF7D4F8C01B642802D90320F7
:107C1000BDE8F88F286810F4003FF3D012E0FFF7BA
:107C2000C7F80746286810F4003F0BD0FFF7C0F8EC
:107C3000C01B642802D90320BDE8F88F286810F41F
:107C4000003FF3D12078C74F10F0020F4FF000092A
:107C500057D0C548016811F00C0F14D0006800F02F
:107C60000C00082803D1306810F4800F0BD0E068B6
:107C700080B301203860FFF79BF88046286810F039
:107C8000020F12D01EE0286810F0020F05D0E06845
:107C9000012802D00120BDE8F88F2868216920F072
:107CA000F80040EAC10028602BE0FFF781F8A0EB64
:107CB0000800022802D90320BDE8F88F286810F0D8
:107CC000020FF2D02868216920F0F80040EAC100D4
:107CD000286016E0FFE7C7F80090FFF769F88046D4
:107CE000286810F0020F0CD0FFF762F8A0EB080034
:107CF000022802D90320BDE8F88F286810F0020F8F
:107D0000F2D1207810F0080F35D09848DFF860A243
:107D10006169C1B101210160FFF74AF88046DAF8D4
:107D2000000010F0020F26D1FFF742F8A0EB080088
:107D3000022802D90320BDE8F88FDAF8000010F01D
:107D4000020FF1D017E0C0F80090FFF731F880463D
:107D5000DAF8000010F0020F0DD0FFF729F8A0EBC1
:107D60000800022802D90320BDE8F88FDAF80000E5
:107D700010F0020FF1D1207810F0040F71D04FF005
:107D800000087C48006810F0805F0AD179480168DB
:107D900041F080510160006800F0805000904FF089
:107DA0000108DFF8D4B1DBF8000010F4807F1BD1AC
:107DB000DBF8000040F48070CBF80000FEF7F8FF1D
:107DC0008246DBF8000010F4807F0DD1FEF7F0FF53
:107DD000A0EB0A00022802D90320BDE8F88FDBF8E7
:107DE000000010F4807FF1D0A068DFF890B1012886
:107DF00018D005281DD0DBF8000020F00100CBF8DA
:107E00000000DBF8000020F00400CBF80000A068C0
:107E100040B3FEF7CDFF8246DBF8000010F0020F02
:107E200014D03EE0DBF8000040F00100CBF8000089
:107E3000EDE7DBF8000040F00400CBF80000DBF8D1
:107E4000000040F00100CBF80000E0E7FEF7B0FFD3
:107E5000A0EB0A0141F28830814204D90320BDE839
:107E6000F88F26E005E0DBF8000010F0020FEDD0FF
:107E700017E0FEF79DFF8246DBF8000010F0020FCE
:107E80000FD0FEF795FFA0EB0A0141F28830814246
:107E900002D90320BDE8F88FDBF8000010F0020FD4
:107EA000EFD1B8F1010F04D13248016821F08051BF
:107EB0000160A069F0B32C4909684FF0FF3801F068
:107EC0000C01082966D0022810D0C7F86090FEF790
:107ED0006FFF0446286810F0007F2BD0FEF768FF84
:107EE000001B022851D90320BDE8F88FC7F8609025
:107EF000FEF75EFF8146286810F0007F0CD0FEF789
:107F000057FFA0EB0900022802D90320BDE8F88F33
:107F1000286810F0007FF2D1216AE069A26A084364
:107F2000616A08EB5202890141EA0241084394F870
:107F30002C1000E055E040EA016030600120386616
:107F4000FEF736FF0446286810F0007F49D1FEF79F
:107F50002FFF001B022813D90320BDE8F88F000073
:107F6000043802400000474208380240800E474271
:107F700074380240403802400070004070380240BF
:107F8000286810F0007FE2D02BE0286810F0007F16
:107F9000A4D126E0012822D03068E26900F48001F3
:107FA00091421AD1226A00F03F01914215D147F661
:107FB000C071626A0140B1EB821F0ED1A26A00F467
:107FC000403108EB5202B1EB024F06D194F82C106D
:107FD00000F07060B0EB016F03D00120BDE701201D
:107FE000BBE70020B9E710B50446002C02D0607F43
:107FF00010B106E0012010BD00202077204600F0DF
:1080000041F8022060772068C16811F0100F05D098
:1080100000200028EFD10121617710BDCA21416203
:10802000216853204862204603F0B8FBD8B9206885
:10803000816821F0400121F4E001816020688168BD
:1080400062686369114322691A43114381602168A0
:10805000E068086120680169228941EA0241016102
:10806000204603F0BFFB48B921680A6C22F4802245
:108070000A6421680A6CA3691A430A642268FF2112
:108080005162C6E71FB50021009101910291039151
:108090000068084988420CD10220009006480390ED
:1080A0006846FFF785FB08B1FCF76CFF0349012028
:1080B00008601FBD0028004000031E003C0E474220
:1080C00070B504460C482168C860FEF771FE05468D
:1080D0002068C06810F0200F0CD1FEF769FE401B2D
:1080E000B0F57A7F01D9032070BD2068C06810F018
:1080F000200FF2D0002070BD5F7F010070B50446F4
:10810000002C09D0606A002540B125616561A56237
:1081100094F8510040B10CE0012070BD6068B0F5EA
:10812000827FF4D0E561F2E784F85050204600F0F9
:1081300045F8022084F851002068016821F04001D0
:108140000160A088218900F4827001F40441084391
:10815000A18901F400610843217C01F00201084378
:10816000217D01F001010843218B01F400710843D6
:10817000217F01F03801084394F8201001F08001BC
:108180000843218D01F40051084321680860A1696A
:10819000042000EA114094F8241001F0100101437A
:1081A000206841602068C16921F40061C161656592
:1081B000012084F85100002070BD00002DE9F0433B
:1081C00087B00546142102A8F9F70EF83949286846
:1081D00088426CD100263848016841F48051016022
:1081E000006800F48050019033481438016841F071
:1081F00002010160016801F002010191016841F092
:1082000001010160006800F0010001901820029057
:108210004FF00208CDF80C804FF00109CDF8109016
:10822000032405940527069702A92448FEF7A2FC1B
:1082300080200290CDF80C80CDF810900594069720
:1082400002A91F48FEF796FC1F4C1E4820604FF005
:10825000C068C4F80480A660E660071527616661FF
:10826000A661E6614FF44030206266622046FEF768
:10827000B3FB08B1FCF786FEEC64A5631148124C11
:10828000183060342060C4F804804020A060E660AC
:1082900027616661A661E661C002206266622046CF
:1082A000FEF79AFB08B1FCF76DFEAC64A56307B05E
:1082B000BDE8F08300300140443802400004024031
:1082C0000000024040640240181100202DE9F84FE0
:1082D00004460A9E8A4693461F460125FEF768FD1E
:1082E000804694F851006168012809D0B1F5827F79
:1082F00003D1A16809B9042802D00220BDE8F88F93
:10830000BAF1000F28D0BBF1000F25D0380023D0E0
:1083100094F85000012822D0012084F8500094F8ED
:108320005100042802D0052084F851004FF00009C4
:10833000C4F85490C4F838B0E787A787C4F830A0D1
:10834000E786A786C4F84090C4F844902068016886
:1083500011F0400F06D009E00120BDE8F88F02209F
:10836000BDE8F88F016841F040010160E068B0F5B8
:10837000006F05D0606800284DD0012F4BD083E0FE
:10838000606808B1012F3FD1206B21680088C86068
:10839000206B801C2063E08E401EE08634E0206865
:1083A000816811F0020F0DD0E18E59B1012D09D174
:1083B000216B0988C160206B801C2063E08E401E09
:1083C000E08600252068816811F0010F0BD0E18F55
:1083D00049B1C068A16B0880A06B801CA063E08FCE
:1083E000401EE0870125FEF7E3FCA0EB0800B04249
:1083F0000AD3B6F1FF3F07D0012084F8510084F87A
:1084000050900320BDE8F88FE08E0028C7D1E08FA0
:108410000028C4D13EE0206B216800780873206BEF
:10842000401C2063E08E401EE0862DE020688168BD
:1084300011F0020F0DD0E18E59B1012D09D1216B40
:1084400009780173206B401C2063E08E401EE0869B
:1084500000252068816811F0010F0BD0E18F49B130
:10846000C068A16B0870A06B401CA063E08F401E29
:10847000E0870125FEF79CFCA0EB0800B04202D388
:10848000B6F1FF3F13D196B1E08E0028CED1E08F38
:108490000028CBD142463146204604F07DFE70B123
:1084A0002020606584F850900120BDE8F88F0120FD
:1084B00084F8510084F850900320BDE8F88FA0683C
:1084C00018B92068C16880680090012084F85100C4
:1084D00084F85090606D10B10120BDE8F88F002045
:1084E000BDE8F88F401EB0F1807F01D301207047B6
:1084F0004FF0E0214861044AF020107000208861AC
:10850000072008610020704723ED00E030B490F8A8
:108510003C20012A44D0012480F83C40022280F80B
:108520003D200268D2F804C093682CF0700C0D68EE
:1085300045EA0C0CC2F804C00268A2F1804CBCF5FC
:10854000803C20D0B2F1804F1DD0A2F1804CBCF510
:10855000806C18D0A2F1804CBCF5006C13D0A2F155
:10856000804CBCF5406C0ED0A2F1804CBCF5823C36
:1085700009D0A2F1804CBCF5A03C04D0A2F1804C03
:10858000BCF5C05C04D123F08003496819439160B5
:1085900080F83D40002180F83C1030BC002070473E
:1085A00030BC0220704710B50446002C03D094F86C
:1085B0003D0010B107E0012010BD002084F83C0010
:1085C000204600F01FF8022084F83D00211D20689D
:1085D00004F0B4FF012084F8460084F83E0084F8DB
:1085E0003F0084F8400084F8410084F8420084F899
:1085F000430084F8440084F8450084F83D000020DE
:1086000010BD000008B500682549264A884208D1F7
:10861000106840F001001060106800F00100009048
:1086200008BD2049204B091F984208D1086840F036
:1086300002000860086800F00200009008BD1B4BB3
:10864000984208D1086840F004000860086800F00B
:108650000400009008BD164B984208D1086840F00D
:1086600008000860086800F00800009008BD114983
:10867000884208D1106840F002001060106800F0D5
:108680000200009008BD0C498842FBD1106840F4FC
:1086900000301060106800F40030009008BD000049
:1086A000000001404438024000040040000800403F
:1086B000000C0040000401400044014090F83D10CF
:1086C000012901D001207047022180F83D10006887
:1086D000A0F18041B1F5803126D0B0F1804F23D098
:1086E000A0F18041B1F580611ED0A0F18041B1F5CB
:1086F000006119D0A0F18041B1F5406114D0A0F122
:108700008041B1F582310FD0A0F18041B1F5A031A7
:108710000AD0A0F18041B1F5C05105D0016841F007
:108720000101016000207047816801F007010629FE
:10873000F8D0016841F001010160F3E770B504462B
:10874000002594F83C00012818D0012684F83C60EC
:10875000022084F83D002068826822F0770222F42B
:108760007F4282600868502839D00EDC202854D01F
:1087700006DC002851D0102811D14EE0022070BD37
:1087800030284AD040280AD13DE0602831D07028F6
:108790000DD0B0F5805F03D0B0F5005F13D0012598
:1087A00084F83D60002084F83C00284670BDCB680A
:1087B0004A688968206804F042FF2068816841F0B7
:1087C00077018160ECE7CB684A688968206804F02B
:1087D00036FF2068816841F480418160E0E7CA6823
:1087E0004968206805F01AF85021206804F032FF2B
:1087F000D6E7CA684968206805F023F86021206838
:1088000004F028FFCCE7CA684968206805F006F83C
:108810004021206804F01EFFC2E72268014610468E
:1088200004F018FFBCE7000010B586B00446142120
:1088300001A8F8F7D9FC2068434C444902220123DF
:10884000A0421AD1086840F004000860086800F0EF
:1088500004000090881501900292039304920592FF
:1088600001A93B48FEF786F93A48FFF727FF0821A0
:10887000384800F01BF906B010BD374CA0421BD1A0
:10888000086840F008000860086800F008000090E0
:1088900020140190029203930492059201A92F489B
:1088A000FEF768F92B484830FFF708FF29480821F0
:1088B000483000F0FBF8DEE7294CA04226D10868DA
:1088C00040F080000860086800F0800000904FF4DD
:1088D000E0500190029203930492059201A921486D
:1088E000FEF748F91B489030FFF7E8FE19480021D1
:1088F000903000F0DBF817480421903000F0D6F8F3
:1089000014480821903000F0D1F8B4E7164CA0428A
:10891000B1D1086840F020000860086800F020002D
:10892000009040200190029203930492032005904E
:1089300001A90E48FEF71EF90D48FFF7BFFE002102
:108940000B4800F0B3F896E70004004030380240CE
:10895000000802402012002000080040000C0240E5
:10896000000C0040001C0240004401400014024082
:108970004013002070B504460D46002694F83C00D4
:1089800001280FD0012084F83C006AB1042A1FD0CE
:10899000082A32D00C2A44D00126002084F83C005A
:1089A000304670BD022070BD2946206804F05AFE92
:1089B0002068816941F0080181612068816921F0A6
:1089C00004018161206881692A6911438161E4E7BA
:1089D0002946206804F07EFE2068816941F4006128
:1089E00081612068816921F48061816120688169E9
:1089F0002A6941EA02218161CFE72946206804F013
:108A0000A5FE2068C16941F00801C1612068C16903
:108A100021F00401C1612068C1692A691143C16163
:108A2000BBE72946206804F0CDFE2068C16941F407
:108A30000061C1612068C16921F48061C161206861
:108A4000C1692A6941EA0221C161A6E710B504465D
:108A5000002C03D094F83D0010B107E0012010BDB8
:108A6000002084F83C00204600F01EF8022084F824
:108A70003D00211D206804F061FD012084F84600BE
:108A800084F83E0084F83F0084F8400084F84100F8
:108A900084F8420084F8430084F8440084F84500D8
:108AA00084F83D00002010BD7047000010B504465A
:108AB000002909D004290AD008290BD094F84100D4
:108AC00001280AD0012010BD94F83E00F8E794F880
:108AD0003F00F5E794F84000F2E70220D9B30429FB
:108AE00047D0082948D084F841000122206804F0CA
:108AF00097FD234A20682349904201D0884203D140
:108B0000436C43F4004343642068904224D0B0F1A6
:108B1000804F21D0A0F18042B2F580621CD0A0F13C
:108B20008042B2F5006217D0A0F18042B2F54062F7
:108B300012D0884210D0A0F18041B1F5A0310BD005
:108B4000A0F18041B1F5C05106D0016841F00101AA
:108B50000160002010BD09E0816801F007010629CD
:108B6000F7D0016841F001010160F2E784F83E00AE
:108B7000BBE784F83F00B8E784F84000B5E70000A1
:108B8000000001400004014070477047F8B50446FA
:108B900022681068D168536900F00F0CBCF1000F17
:108BA0000AD110F0200F07D011F0200F04D020467A
:108BB000BDE8F84005F06EB80025BCF1000F75D097
:108BC00003F0010C01F490765CEA06066ED010F01A
:108BD000010F06D011F4807F03D0626C42F00102D5
:108BE000626410F0040F06D013F0010F03D0626C22
:108BF00042F00202626410F0020F06D013F0010F7F
:108C000003D0626C42F00402626410F0080F08D0D6
:108C100001F0200252EA0C0203D0626C42F008021A
:108C20006264626C002A35D010F0200F05D011F07C
:108C3000200F02D0204605F02DF820684069C0F3CF
:108C40008010616C11F0080F00D148B3204604F089
:108C5000EDFF2068406910F0400F1CD020681430F0
:108C600050E8001F21F0400140E80012002AF5D131
:108C7000E06B60B15E490165E06BFDF7A4FD002883
:108C800008D0E06B016D01B0BDE8F0400847204618
:108C9000FFF77BFFF8BD2046FFF777FFF8BD05E043
:108CA000FFE72046FFF771FF6564F8BD236B012BDA
:108CB0007ED110F0100F7BD011F0100F78D010681B
:108CC0005068009050694FF0200310F0400F4FF0B3
:108CD000020644D0E16B0868406880B20028E4D006
:108CE000A28D8242E1D9E085C869B0F5807F2DD0A0
:108CF00020680C3050E8001F21F4807140E8001219
:108D0000002AF5D12068143050E8001F21F001013D
:108D100040E80012002AF5D12068143050E8001F06
:108D200021F0400140E80012002AF5D184F84230D9
:108D3000256320680C3050E8001F21F0100140E846
:108D40000012002AF5D1E06BFDF7ECFC6663A08D04
:108D5000E18D401A81B22046FFF716FFF8BDA08DC5
:108D6000E18D401A81B2E08D0028F7D00029F5D0BE
:108D700020680C3050E8002F22F4907240E8002C5C
:108D8000BCF1000FF4D12068143050E8002F22F01D
:108D9000010240E8002CBCF1000FF4D184F842300D
:108DA000256320680C3050E8002F22F0100200E00C
:108DB00008E040E80023002BF3D166632046FFF76C
:108DC000E3FEF8BD10F0800F07D011F0800F04D043
:108DD0002046BDE8F84005F05DB810F0400FF0D037
:108DE00011F0400FEDD02046BDE8F84004F045BF3B
:108DF0001DDC000870B50446002C04D094F8410036
:108E0000002510B106E0012070BD84F840502046D6
:108E100000F024F8242084F841002068C16821F47F
:108E20000051C160204604F09BFF2068016921F4D5
:108E3000904101612068416921F02A014161206867
:108E4000C16841F40051C1606564202084F841008C
:108E500084F842006563002070BD00002DE9F04FEA
:108E600087B00446142102A8F8F7BEF98249DFF85A
:108E700004C214392368804A0227072000250E15F2
:108E80004FF003084FF000694FF0400A634551D19D
:108E9000136843F010031360126802F0100201928D
:108EA0000A6842F002020A600A6802F002020192B5
:108EB0000A6842F001020A60096801F001010191AB
:108EC0008021029103970495CDF814808346069083
:108ED00002A96A48FDF74EFE7010029003970495B0
:108EE000CDF81480CDF818B002A96548FDF742FE10
:108EF000654F64483860C7F80490C7F808A0FD6063
:108F00003E617D61BD61FD61B00138627D623846C0
:108F1000FDF762FD08B1FCF735F8A763BC630022DA
:108F200005212520FEF7FEFB2520FEF7EDFB07B00F
:108F3000BDE8F08FDFF854C14FF4003B63453DD1ED
:108F40004D4A121F136843F480231360126802F421
:108F5000802201920A6842F004020A60096801F066
:108F6000040101914FF44061029103970495CDF8FB
:108F70001480069002A94648FDF7FCFD424F454883
:108F800060373860C7F80490BD60FD603E617D6168
:108F9000BD61FD61C7F820B07D623846FDF71CFD5C
:108FA00008B1FBF7EFFFE763BC6300220421272031
:108FB000FEF7B8FB2720FEF7A7FBB8E73648834249
:108FC000B5D1106840F020001060106800F020005B
:108FD0000190086840F040000860086800F0400018
:108FE00001904FF48440029003970495CDF81480CB
:108FF0000820069002A92948FDF7BCFD2148224F10
:109000009038C03738604FF02068C7F80480BD60E2
:10901000FD603E617D61BD61FD61C7F820B07D628C
:109020003846FDF7D9FC08B1FBF7ACFFE763BC633A
:1090300014481B4F18383860C7F80480C7F808A0D8
:10904000FD603E617D61BD61FD614FF4803038623D
:109050007D623846FDF7C0FC08B1FBF793FFA763BC
:10906000BC63002205214720FEF75CFB4720FEF78A
:109070004BFB5CE700100140443802400004024012
:1090800000000240B8640240601400200048004024
:10909000000802402860024000140140001802400D
:1090A0008015002090F84230202B01D0022070471C
:1090B00021B11AB10023036304F0D0BE0120704730
:1090C00070B500681E49884238D11E4800781D4C92
:1090D0001D4B641E0025217821B101290DD00229E4
:1090E00017D024E0AA2801D0658020E061884A1CBE
:1090F000628058540120207019E061884A1C628007
:109100005854FF2802D06580257010E0022020709E
:109110000DE061884A1C92B2628058542C2A06D114
:10912000094901F12C00F8F703F865802570BDE8C6
:109130007040012203490548FFF7B4BF70BD00002D
:10914000001001401F020020B41F002088130020DF
:1091500070471CB500206A46FF211154401C0728A7
:10916000FBDBFC208DF8070069460120FAF74CFA7A
:1091700032200AF0DFF869460220FAF745FA322079
:109180000AF0D8F869460320FAF73EFA32200AF0CE
:10919000D1F869460420FAF737FA32200AF0CAF803
:1091A00000F02CFDFE208DF8070069460120FAF73B
:1091B0002BFA32200AF0BEF869460220FAF724FAA8
:1091C00032200AF0B7F869460320FAF71DFA322078
:1091D0000AF0B0F869460420FAF716FA32200AF0CD
:1091E000A9F81CBD70B50446002020743B4DA27B3D
:1091F000616828884243D4F8F400F7F799FFA17B0F
:10920000288841436068F7F7EFFFA07B10FB00F16F
:1092100028884143D4F81801F7F7E6FF207BA17BAB
:1092200010FB01F128884143D4F80C01F7F7DCFF6B
:10923000002029E0D4F8F41001EB800292ED000A3E
:10924000B5EEC00AF1EE10FA1CD0227C01EB8201CF
:1092500081ED000A227C616A8854A169227B01EBBE
:109260008001237C91ED000A6169095C12FB031106
:10927000D4F80C21491E02EB810181ED000A217C0A
:10928000491C2174401CC0B2A17B8142D2D800206D
:1092900010E0636AE26900FB01011B5C02EB8302E0
:1092A00092ED000AD4F8182102EB810181ED000A49
:1092B000401CC0B2217C8142EBD85C3414F84C0CC9
:1092C000A08314F8500CE083A084E184A186E18699
:1092D000A087E18724F8141C70BD000068070020F7
:1092E000FEE701684A6912F4806F11D06FF4806262
:1092F0004A6100210163202280F83D2080F83E1061
:10930000026C42F00402026480F83C1001207047B5
:1093100000207047F8B504460D4617461E46E06A21
:10932000082808D0012806D010F5803F03D0206B14
:10933000122806D00AE02068016841F480710160BB
:1093400004E02068016841F4807101603B4600221E
:109350004FF001112046009600F07BF948B12068DB
:10936000006810F4807F02D04FF400702064032066
:10937000F8BD2069B0F5804F0FD005F44070F021A2
:1093800041EAD0102168086133463A460C4920462C
:1093900000F0D4F930B10120F8BD216805F0FE00DD
:1093A000086102E02168E8B2086133463A4605499F
:1093B000204600F0C3F908B10120F8BD0020F8BD37
:1093C00008000100020001002DE9F84F0446DDF815
:1093D00028A00B9D0F4690461E462068016841F468
:1093E000806101602068016841F48071016053462A
:1093F00000224FF001112046009500F02AF94FF4A9
:10940000007948B12068006810F4807F01D0C4F86A
:1094100040900320BDE8F88F216807F0FE00086146
:10942000DFF8F4B02B4652465946204600F086F944
:1094300010B10120BDE8F88F206841698069009073
:109440002A465146204600F032FA50B1206C0428DA
:1094500004D12068016841F4007101600120BDE879
:10946000F88F304608F0FF0601280DD021684FEA3A
:10947000182008612A465146204600F018FA70B1BB
:10948000206C042803D007E02068066109E020680A
:10949000016841F4007101600120BDE8F88F206887
:1094A00006612A465146204600F001FA50B1206C70
:1094B000042804D12068016841F400710160012092
:1094C000BDE8F88F2068016841F48071016053465F
:1094D00000224FF001112046009500F0BAF848B183
:1094E0002068006810F4807F01D0C4F84090032009
:1094F000BDE8F88F2168F8B240F0010008612B4602
:1095000052465946204600F019F910B10120BDE835
:10951000F88F0020BDE8F88F020001002DE9F84324
:109520000446DDF82090099F0D46164698462068AF
:10953000016841F4807101604B4600224FF0011137
:109540002046009700F085F850B12068006810F4BC
:10955000807F02D04FF4007020640320BDE8F883C0
:10956000216805F0FE0008613B464A461E49204638
:1095700000F0E4F810B10120BDE8F88320684169EB
:10958000806900903A464946204600F090F950B173
:10959000206C042804D12068016841F40071016046
:1095A0000120BDE8F883F5B2B8F1010F0CD02168B5
:1095B000300A08613A464946204600F078F970B111
:1095C000206C042803D007E02068056109E02068CA
:1095D000016841F4007101600120BDE8F883206852
:1095E00005610020BDE8F8830200010070B5044663
:1095F0000D4616462068406910F0040F18D1204629
:10960000FFF76FFE08B1012070BDB5F1FF3F0AD032
:10961000FDF7CEFB801BA84200D825B92068406921
:1096200010F0040F06D02068406910F0040FE6D057
:10963000002070BD00202063202184F83D1084F8B4
:109640003E00216C41F02001216484F83C0001209F
:1096500070BD2DE9F0470446DDF820900D46174611
:109660001E46C5F307482068B8F1010F13D0806982
:1096700025EA00000004000C17D00020B8424DD1AC
:10968000B6F1FF3F3DD0FDF793FBA0EB0900B042E0
:109690000DD866B135E0406925EA00000004000CF1
:1096A00001D00020EAE70120E8E70120E6E7B8F171
:1096B000010F19D02068806925EA00000004000C21
:1096C0001DD00020B8421CD100202063202184F846
:1096D0003D1084F83E00216C41F02001216484F8A3
:1096E0003C000120BDE8F0872068406925EA0000C1
:1096F0000004000C01D00020E4E70120E2E7012093
:10970000E0E7B8F1010F0CD02068806925EA00007D
:109710000004000C10D00020B842B1D00020BDE8F9
:10972000F0872068406925EA00000004000C01D0A1
:109730000020F1E70120EFE70120EDE72DE9F047F8
:1097400004460D4616469846C5F307472068012F84
:1097500026D0806925EA00000004000C59D04FF0A3
:1097600000094FF0200A2068406910F4806F1ED075
:109770002068016841F40071016021686FF4806025
:109780004861C4F8309084F83DA084F83E90206C85
:1097900040F00400206484F83C900120BDE8F0878C
:1097A000406925EA00000004000C32D0D7E7B6F18A
:1097B000FF3F25D0FDF7FCFAA0EB0800B04200D82F
:1097C000F6B9012F15D02068806925EA0000000451
:1097D000000C15D0C4F8309084F83DA084F83E9079
:1097E000206C40F02000206484F83C900120BDE80B
:1097F000F0872068406925EA00000004000CE9D1E8
:10980000012F09D02068806925EA00000004000CBF
:10981000A9D10020BDE8F0872068406925EA000052
:109820000004000C9FD1F4E72DE9F04104460D46F9
:1098300016462068406910F0400F27D100274FF0EE
:1098400020082068406910F0100F0FD020686FF0DA
:1098500010014161276384F83D8084F83E70206CDC
:10986000206484F83C700120BDE8F081FDF7A0FA87
:10987000801BA84200D825B92068406910F0400F2D
:1098800007D02068406910F0400FDAD00020BDE812
:10989000F081276384F83D8084F83E70206C40F0AE
:1098A0002000206484F83C700120BDE8F08170B590
:1098B00004460D4616462068406910F0800F18D106
:1098C0002046FFF70EFD08B1012070BDB5F1FF3F46
:1098D0000AD0FDF76DFA801BA84200D825B9206890
:1098E000406910F0800F06D02068406910F0800FAA
:1098F000E6D0002070BD00202063202184F83D10B8
:1099000084F83E00216C41F02001216484F83C0081
:10991000012070BD30B503460C461088154D002857
:109920000DD105F10C0090ED000A85ED000A90EDD7
:10993000010A85ED010A90ED020A85ED020A0D4942
:109940000C48703907F00AFF95ED000A84ED000A13
:1099500095ED010A84ED010A95ED020A84ED020AF3
:10996000B7EE000A83ED000A83ED010A83ED020AD7
:1099700030BD0000241E00200A4891ED000A80ED51
:10998000000AD1ED010AC0ED010A91ED021A80ED45
:10999000021A0C3880ED000AC0ED010A80ED021AAF
:1099A00070470000301E00200EB5072008F022FB93
:1099B00002E0642008F01EFBF9F704FD0028F8D14E
:1099C00002E0642008F016FB08F0B6F80028F8D191
:1099D000804A101DCDE90102A2F11005291DF9F7F9
:1099E00009FD05F1480A0AF1040008F0E3F82B46E6
:1099F000A3F13402A2F10C01A1F10C00CDF800A0FA
:109A000007F0D2FEDFED740A9FED740A744A00215C
:109A100005F1640001F036FEA5F13402A2F10C015B
:109A200001F11800F9F73AFAA5F14008A5F1580636
:109A300098ED000AA5F1640786ED000AA5F170090A
:109A400087ED000A89ED000A98ED010A86ED010A0A
:109A500087ED010A89ED010A98ED020A86ED020AF6
:109A600087ED020A89ED020A002008F0FFFA0AF0E9
:109A700033F95C4C20615C491020C8610846FEF750
:109A80003DFB08B1FBF77EFA564908222031A1F1CF
:109A9000080003F0FBFA012020714FF0FF3B59460C
:109AA000012009F08FFA0128F9D12078000708D5A4
:109AB000207820F0080020704A4801992130F9F7F9
:109AC00051FC607840070AD5607820F0040060708F
:109AD000404A291D1032A2F12A00F9F7F9FBA078BB
:109AE00040070CD5A07820F00400A0703D480299F2
:109AF0001630F9F75BFD95ED040A07F063FF354B6F
:109B0000CDF800A0103BA3F13402A2F10C01A1F1A9
:109B10000C0007F049FE97ED000A89ED000AD6ED2A
:109B2000000AC7ED000A9FED311ADFED311A9FEDF3
:109B3000312A60EE810A40EE210A98ED000A40EEDB
:109B4000020AC6ED000A97ED010A89ED010AD6ED79
:109B5000010AC7ED010A60EE810A40EE210A98ED84
:109B6000010A40EE020AC6ED010A97ED020A89EDEC
:109B7000020AD6ED020AC7ED020A60EE810A40EE43
:109B8000210A98ED020A40EE020AC6ED020A114BC4
:109B90009FED190A443BA3F1240202F10C0101F1EB
:109BA0002400F9F7D5FA0B4B203B1A1F111FA1F126
:109BB000100007F0FFFBE07810F00100E0703FF4C8
:109BC0006EAFE07820F00100E070E07840F0020035
:109BD000E07064E7101E00200080894500A08C45DD
:109BE000905D01085C010020C01000205AF8F63F8B
:109BF0005D896EBFD5A9183B6F12833A10B52DED64
:109C0000028B174C9FED178ADFED178A22E0B0EE2A
:109C1000480A0120F9F71EFD022009F08BFBB0EE87
:109C2000680A0220F9F716FD022009F083FBB0EE66
:109C3000680A0320F9F70EFD022009F07BFBB0EE65
:109C4000480A0420F9F706FD022009F073FB206D95
:109C5000401C2065206DC828D9DBBDEC028B10BDEF
:109C600030000020CDCC4C3FCDCC4CBF2DE9F0478F
:109C700004460D4617461E46DFF8E4830420A8F884
:109C800000000820A8F8020025736773A6734FF040
:109C9000000984F810903046F7F706F96061314604
:109CA000F7F780FAB8F800007043F7F7FDF8A06105
:109CB000B8F800107143F7F797FAB8F8000070434E
:109CC000F7F7F2F8E061B8F800107143F7F78CFA93
:109CD000B8F800006843F7F7E7F82062B8F800101A
:109CE0006943F7F781FA3046F7F7DEF860623146EC
:109CF000F7F758FAB8F800006843F7F7D5F820608E
:109D0000B8F800106943F7F76FFAB8F8000070432D
:109D1000F7F7CAF86060B8F800107143F7F764FA13
:109D2000B8F800007843F7F7BFF8A060B8F8001063
:109D30007943F7F759FAB8F800006843F7F7B4F831
:109D4000C4F8E800B8F800106943F7F74DFA217B32
:109D5000012204F13000D4F8E830F6F75DFCB8F8E1
:109D600000006843F7F7A0F8C4F8EC00B8F800105A
:109D70006943F7F739FA217B012204F13800D4F85E
:109D8000EC30F6F749FC9FB1B8F800007843F7F7DC
:109D90008BF8C4F8F000B8F800107943F7F724FA0C
:109DA000617B012204F14000D4F8F030F6F734FC76
:109DB000B8F800007043F7F777F8C4F8F400B8F883
:109DC00000107143F7F710FAA17B012204F148005B
:109DD000D4F8F430F6F720FCB8F800006843684384
:109DE000F7F762F8C4F8F800B8F80010694369435F
:109DF000F7F7FAF9217B04F150000A46D4F8F8305D
:109E0000F6F70AFCB8F8000068436843F7F74CF827
:109E1000C4F8FC00B8F8001069436943F7F7E4F9A7
:109E2000217B04F158000A46D4F8FC30F6F7F4FB25
:109E3000B8F8000068436843F7F736F88834A0673D
:109E4000B8F8000068436843F7F72EF8E067B8F801
:109E50000010A06F69436943F7F7C6F9B8F800101E
:109E6000E06F69436943F7F7BFF914F87C1CA36FEF
:109E7000883C0A4604F16000F6F7CEFB217B04F132
:109E800068000A46D4F80431F6F7C6FBAFB1B8F85B
:109E9000000068437843F7F707F8C4F80801B8F8FA
:109EA000001069437943F7F79FF9627B217B04F146
:109EB0007000D4F80831F6F7AFFBB8F80000704333
:109EC0006843F6F7F1FF9434A067B8F800006843E0
:109ED0007043F6F7E9FFE067B8F80010A06F714330
:109EE0006943F7F781F9B8F80010E06F69437143EF
:109EF000F7F77AF914F8882C14F8861CA36F943CB1
:109F000004F17800F6F788FBA27B217B04F1800046
:109F1000D4F81031F6F780FBB8F8000068436843C6
:109F2000F6F7C2FFC4F81401B8F80010694369439A
:109F3000F7F75AF9217B04F188000A46D4F8143166
:109F4000F6F76AFBB8F8000070437043F6F7ACFF11
:109F5000C4F81801B8F8001071437143F7F744F9D9
:109F6000A17B04F190000A46D4F81831F6F754FBAF
:109F7000B8F8000068437043F6F796FFC4F81C0178
:109F8000B8F8001069437143F7F72EF9A27B217BE3
:109F900004F19800D4F81C31F6F73EFB207B10FB4F
:109FA00000F0B8F800104843F6F77EFFC4F820012F
:109FB000207B10FB00F0B8F800104843F6F774FF60
:109FC000C4F82401207B10FB00F0B8F800104843CF
:109FD000F6F76AFFC4F82801207BB8F80010484360
:109FE000F6F762FFC4F82C01207BB8F80010484354
:109FF000F6F75AFFC4F83001217B04F1A0000A46AD
:10A00000D4F82031F6F708FB217B04F1A8000A46BA
:10A01000D4F82431F6F700FB217B04F1B0000A46A6
:10A02000D4F82831F6F7F8FA217B012204F1B800C0
:10A03000D4F82C31F6F7F0FA217B012204F1C000AC
:10A04000D4F83031F6F7E8FA84F8289084F82990AB
:10A0500084F82A9084F82B9084F82C90BDE8F0873F
:10A060006807002070B504460F4DE07B002803D040
:10A070002046FFF7B7F80DE0A27B288861684243CD
:10A08000D4F8F400F7F754F8A17B288841436068BE
:10A09000F7F7AAF8627B2888A1684243D4F8F00059
:10A0A000BDE87040F7F744B8680700202DE9F0419B
:10A0B000044694F82C00002827D17434A08CA08684
:10A0C000E188E186A08734F81A0CE087743C04F13B
:10A0D000A802154604F1780104F19800F6F738FD5E
:10A0E00084F8C80004F1B00204F1580116460F4686
:10A0F0002846F6F72DFD84F8C80004F150023146D9
:10A100003846F6F7C3FD84F8C800BDE8F0812DE9B4
:10A11000F041044694F8290000282CD104F168018C
:10A1200004F160000D460746F6F734FE84F8C800D7
:10A1300004F15802164604F150013846F6F708FDBE
:10A1400084F8C800B4F85800A4F8A800B4F86A006D
:10A15000A4F8AA0004F1A802174629463046F6F7EB
:10A16000F7FC84F8C800324604F188013846F6F757
:10A17000CFF984F8C800BDE8F0812DE9F047044626
:10A1800094F82A00002855D104F1800104F17800E8
:10A190000D460746F6F7FEFD6C3484F85C00A08996
:10A1A000A08734F8120CE0876C3C04F1A80204F19B
:10A1B0005801164688463846F6F7CAFC823484F8B9
:10A1C0004600E08CE08520882086823C04F1B002C5
:10A1D000174629463046F6F7BBFC903484F8380021
:10A1E0002088208260886082903C04F1A002914621
:10A1F00004F190013846F6F78BF9AA34A077394676
:10A200004846F6F70DFAA07734F8520C24F8020C01
:10A2100034F8280C2080324629464046F6F798FC50
:10A22000A077AA3C04F1980239463046F6F790FC34
:10A2300084F8C800BDE8F08770B504462046FFF7F3
:10A2400011FFD4F8CC1009B120468847204600F011
:10A2500067F8D4F8D01009B1204688472046FFF7A8
:10A2600056FFD4F8D41009B120468847207C2B4DE6
:10A27000C0B9E07BB0B1227B28884243D4E93A01DF
:10A28000F6F756FF207B10FB00F228884243D4E902
:10A290003E01F6F74DFFD4F8E01009B1204688479B
:10A2A000002029E02046FFF768FFD4F8D81009B154
:10A2B00020468847204600F06DF8D4F8DC1009B13C
:10A2C000204688472046FFF7F1FEE4E700FB010146
:10A2D000D4F8F82002EB8101226AD1ED000A02EBEA
:10A2E000800292ED000AF4EEC00AF1EE10FA01D2FB
:10A2F00081ED000A401CC0B2217B8142E6D8227B5E
:10A300002888D4F8E81042432068F6F711FFD4F803
:10A31000E41009B120468847206870BD6807002016
:10A320002DE9F041044694F8280000282AD1627BE8
:10A3300004F1300104F1600004F1380522B3227BFE
:10A34000A4F8B8200126A4F8BA6004F1B8021746B0
:10A35000F6F7FEFB84F8C800207BA4F8C000A4F840
:10A36000C26004F1C002164604F1400104F170001D
:10A37000F6F7EEFB04F8C80F2A4631463846F6F7E2
:10A38000C7F82070BDE8F0812A46F6F7E1FB84F8B3
:10A39000C800F7E72DE9F041044694F82B000028A7
:10A3A00036D1B4F87800A4F8B8000125A4F8BA5062
:10A3B00004F1B80204F1380116460F4604F17800A2
:10A3C000F6F7C6FBAA34A07734F8620CE082258346
:10A3D000AA3C04F1C0029046314604F14800F6F769
:10A3E00055FC983484F83000208820846584983C9B
:10A3F0003246414604F19800F6F7AAFB84F8C800FB
:10A4000004F1300231463846F6F782F884F8C80085
:10A41000BDE8F0812DE9F041234B4FF0000C83F8AB
:10A4200000C0DFF888801F1D83F801C01E7806EB8E
:10A43000860508EBC5045A7802EB4501C9B299704C
:10A4400001EB410107EBC10190ED270A91ED001AE4
:10A45000D1ED010AD1ED021A91ED032A00EE801A26
:10A46000D0ED290A01EEA01A60EE001A20EE200AB3
:10A4700002EE211AD1ED041A01EE801A20EEA00A94
:10A48000D1ED050A04EB820100EE801A81ED001A7D
:10A49000521CD1B259700A29CDD3761CF1B2197071
:10A4A0000429C1D3BDE8F081A40300204039002075
:10A4B0002DE9F0412DED048B002862D001231A46CE
:10A4C00002213248FFF7D2FB304900259C3101F8C8
:10A4D0008D5C2F4CC86D221DCCCACCC0486ED4E90F
:10A4E0000737D4E90562C0E90237C0E9006204F128
:10A4F0002402886FCCCACCC0A4F18006086FD6E9CC
:10A5000007230CC0C86FB2680260C86E9FED219A25
:10A5100080ED009AC86E9FED208A80ED018ADFED04
:10A520001F8AC1ED268A01231A4602211C48FFF723
:10A530009DFB1B499C3101F88D5C221DC86DACCA86
:10A54000ACC0486ED4E90737D4E90552C0E90237F8
:10A55000C0E90052D4E90A35886F626A246B80E84A
:10A560002C00C460086FD6E907230CC0C86FB2681E
:10A570000260C86E80ED009AC86E80ED018AC1ED60
:10A58000268ABDEC048BBDE8F0810000B8320020C3
:10A590003C0300208D979A35FFF7163A0000000023
:10A5A000F03300202DE9F0412DED048B00285AD026
:10A5B00001231A4602212E48FFF758FB2D4800259B
:10A5C000C5732D4C00F55A7104F150020868CCCACD
:10A5D000CCC08868D4E91A37D4E91862C0E90237D8
:10A5E000C0E9006204F17002C869CCCACCC04869F5
:10A5F000D4E904230CC0086A2268026008699FED50
:10A600001F8A80ED008A0869DFED1D8AC0ED018A8E
:10A610009FED1C9A81ED0F9A01231A4602211A48D8
:10A62000FFF724FB1849CD739C3104F15002C86D2B
:10A630006CCA6CC004F16002486E6CCA6CC004F154
:10A640007002886F6CCA6CC0086FD4E904230CC018
:10A65000C86F22680260C86E80ED008AC86EC0EDC7
:10A66000018A81ED269ABDEC048BBDE8F0810000E3
:10A6700048300020D82D0020C00200208D979A3548
:10A68000FFF7163A000000008031002070B5044644
:10A690002DED028B002C35D0224D21789FED228AA2
:10A6A0006868012931D094ED2B0A80ED000AA86872
:10A6B00094ED6B0A80ED000A1A48FFF7BDFD18B152
:10A6C00090ED000A85ED4D0A95ED4D0A84ED2F0AB7
:10A6D0002078164D01281ED0686894ED2C0A80ED74
:10A6E000000AA86894ED6C0A80ED000A0F48FFF795
:10A6F000A3FD18B190ED000A85ED4D0A95ED4D0AC8
:10A7000084ED300ABDEC028B70BD80ED008AA86834
:10A7100080ED008AD0E7686880ED008AA86880ED47
:10A72000008AE3E74830002000000000803100206C
:10A730007FB50024009401940294039413481249B5
:10A7400001604FF48031416084600461047680F8D8
:10A750002040C4620E498162C4600125C56180F851
:10A7600030404561FBF70BF808B1FAF70BFC1020FD
:10A7700000900195029469460448FAF743FF0028C7
:10A7800001D0FAF7FFFB7FBD00200140C40E00207E
:10A790000100000F7FB500240094019402940394FB
:10A7A0001348124901604FF48031416084600461B4
:10A7B000047680F82040C4620E498162C46001259D
:10A7C000C56180F830404561FAF7D9FF08B1FAF762
:10A7D000D9FB082000900195029469460448FAF7D5
:10A7E00011FF002801D0FAF7CDFB7FBD0022014008
:10A7F0000C0F00200100000F10B50F480D4901603B
:10A800000321416000218160C1604FF41022026188
:10A810004FF400124261017641768176C17601776C
:10A820004177FBF700FC002803D0BDE81040FAF7A1
:10A83000A9BB10BD00640040540F002010B50F48A4
:10A840000D4901600321416000218160C1604FF426
:10A85000102202614FF40012426101764176817646
:10A86000C17601774177FBF7DEFB002803D0BDE816
:10A870001040FAF787BB10BD006800407C0F002035
:10A8800008B52148016841F480010160016801F4C4
:10A8900080010091016841F400110160006800F43A
:10A8A00000100090002205210C20FCF73BFF0C203B
:10A8B000FCF72AFF002205213920FCF733FF39205D
:10A8C000FCF722FF002205213A20FCF72BFF3A205B
:10A8D000FCF71AFF002205213B20FCF723FF3B2059
:10A8E000FCF712FF002205214520FCF71BFF452045
:10A8F000FCF70AFF002205214620FCF713FFBDE804
:10A9000008404620FCF700BF3038024010B5C0B008
:10A910001C22324939A8F6F70BFC002139A807F0B0
:10A9200076FB2F4CE0611C222C491C3132A8F6F733
:10A93000FFFB002132A807F06AFB20601C22274998
:10A9400038312BA8F6F7F4FB00212BA807F05FFBAA
:10A95000E0601C222149543124A8F6F7E9FB0021CC
:10A9600024A807F054FB60601C221C4970311DA80C
:10A97000F6F7DEFB00211DA807F049FBA0601C22B2
:10A9800016498C3116A8F6F7D3FB002116A807F05C
:10A990003EFB20611C221149A8310FA8F6F7C8FB25
:10A9A00000210FA807F033FB60611C220B49C43162
:10A9B00008A8F6F7BDFB002108A807F028FBA06156
:10A9C0001C220649E03101A8F6F7B2FB002101A8DC
:10A9D00007F01DFBA06140B010BD0000645C0108E1
:10A9E000000000202DE9F04186B0142101A8F6F7FF
:10A9F000FBFB4E48016841F002010160016801F073
:10AA000002010091016841F040010160016801F01C
:10AA100040010091016841F001010160016801F00D
:10AA200001010091016841F008010160016801F035
:10AA300008010091016841F004010160016801F022
:10AA400004010091016841F020010160016801F0FA
:10AA500020010091016841F080010160006800F070
:10AA600080000090324E012240213046FCF798F9D8
:10AA7000304F012210213846FCF792F9DFF8B880F8
:10AA8000012211464046FCF78BF940200190012439
:10AA900002940394049401A93046FCF76BF8092052
:10AAA00001904FF404150295039401A93046FCF778
:10AAB00061F810200190029403940226049601A9E3
:10AAC0003846FCF757F8302001900295039401A90D
:10AAD0001A48FCF74FF8019402940394049601A9D4
:10AAE0004046FCF747F8062100220846FCF71AFE0C
:10AAF0000620FCF709FE002205210920FCF712FEC2
:10AB00000920FCF701FE002205210A20FCF70AFEBD
:10AB10000A20FCF7F9FD002205211720FCF702FEB0
:10AB20001720FCF7F1FD06B0BDE8F0813038024097
:10AB300000180240000002400004024000080240E9
:10AB400010B50D480B4901600C494160002181603E
:10AB5000C1604FF48042026141618161C161016263
:10AB6000FCF72CF9002803D0BDE81040FAF70ABA28
:10AB700010BD000000540040A40F0020801A060001
:10AB800010B50D480B4901600C49416000218160FE
:10AB9000C1604FF48042026141618161C161016223
:10ABA000FCF70CF9002803D0BDE81040FAF7EAB929
:10ABB00010BD000000580040F80F0020801A060069
:10ABC00010B50D480B4901600C49416000218160BE
:10ABD000C1604FF48042026141618161C1610162E3
:10ABE000FCF7ECF8002803D0BDE81040FAF7CAB92A
:10ABF00010BD0000005C00404C100020801A0600D0
:10AC000010B50C480A490160002141607C22826035
:10AC100040F67F42C260016141618161FDF7E3F965
:10AC2000002803D0BDE81040FAF7ACB910BD000011
:10AC300000280040A010002010B510480E49016007
:10AC40004FF48271416000218160C1600222026183
:10AC500001224261520282613822C2610162416274
:10AC600081620A21C162FDF749FA002803D0BDE8DC
:10AC70001040FAF787B910BD00300140C010002025
:10AC800010B588B01C2101A8F6F7AEFA1448134994
:10AC9000016000244460846041F28731C160046136
:10ACA0008461FDF780FC08B1FAF76CF90C48FDF7F8
:10ACB000CDFE08B1FAF766F9602001900294039482
:10ACC0000594002201A90648FDF754FE08B1FAF7E1
:10ACD00059F90348FDF7A8FD08B010BD0044014034
:10ACE0004013002010B586B000240294039404940D
:10ACF00005940094019414481249016044608460F2
:10AD00004FF6FF71C160046144618461FDF74BFC43
:10AD100008B1FAF737F94FF48050029002A90A48B7
:10AD2000FDF70CFD08B1FAF72DF90094019469467E
:10AD30000548FDF7EBFB002801D0FAF723F906B030
:10AD400010BD000000000140D811002010B58EB0E9
:10AD500000240A940B940C940D94089409941C21DB
:10AD600001A8F6F741FA1E481C490160446084605E
:10AD700042F2CF01C16004618461FDF714FC08B1A7
:10AD8000FAF700F94FF480500A900AA91448FDF729
:10AD9000D5FC08B1FAF7F6F81148FDF757FE08B1EF
:10ADA000FAF7F0F80894099408A90D48FDF7AEFBEE
:10ADB00008B1FAF7E7F86020019002940394059433
:10ADC000082201A90648FDF7D5FD08B1FAF7DAF81F
:10ADD0000348FDF729FD0EB010BD0000000400403F
:10ADE0002012002010B58EB000240A940B940C940D
:10ADF0000D94089409941C2101A8F6F7F5F91E4852
:10AE00001C490160A721416084604FF6FF71C16059
:10AE100004618461FDF7C7FB08B1FAF7B3F84FF49A
:10AE200080500A900AA91448FDF788FC08B1FAF787
:10AE3000A9F81148FDF70AFE08B1FAF7A3F808943B
:10AE4000099408A90C48FDF761FB08B1FAF79AF8D4
:10AE500060200190029403940594082201A90648F9
:10AE6000FDF788FD08B1FAF78DF80348FDF7DCFC23
:10AE70000EB010BD000800406812002010B58EB062
:10AE800000240A940B940C940D94089409941C21AA
:10AE900001A8F6F7A9F926482449016044608460B6
:10AEA0004FF6FF71C16004618461FDF77CFB08B15E
:10AEB000FAF768F84FF480500A900AA91C48FDF789
:10AEC0003DFC08B1FAF75EF81948FDF7BFFD08B17F
:10AED000FAF758F80894099408A91548FDF716FBE5
:10AEE00008B1FAF74FF8602001900294039405949A
:10AEF000002201A90E48FDF73DFD08B1FAF742F81E
:10AF0000042201A90A48FDF735FD08B1FAF73AF81D
:10AF1000082201A90648FDF72DFD08B1FAF732F81D
:10AF20000348FDF781FC0EB010BD0000000C00408E
:10AF3000B012002010B586B000240294039404944B
:10AF4000059400940194144812490160A7214160BE
:10AF5000846044F61F61C160046144618461FDF74F
:10AF600022FB08B1FAF70EF84FF48050029002A9C4
:10AF70000948FDF7E3FB08B1FAF704F800940194DF
:10AF800069460548FDF7C2FA002801D0F9F7FAFF33
:10AF900006B010BD00040140F812002010B50C48A6
:10AFA0000A4901604FF4E131416000218160C160D4
:10AFB00001610C2242618161C161FDF71BFF002824
:10AFC00003D0BDE81040F9F7DDBF10BD001001400F
:10AFD0008813002010B50D480B4901600C494160F1
:10AFE00000218160C1604FF4806202610C224261E5
:10AFF0008161C161FDF7FEFE002803D0BDE810406D
:10B00000F9F7C0BF10BD000000480040D013002079
:10B01000A086010010B50C480A4901604FF4E131E7
:10B02000416000218160C16001610C224261816147
:10B03000C161FDF7DFFE002803D0BDE81040F9F73D
:10B04000A1BF10BD0014014018140020FEE700004D
:10B0500070B505462DED028B284600F0D9FB284639
:10B0600000F0E3FB95F8E8059FED368A05F580646E
:10B0700001284BD0B0EE480A0120F8F7EBFA012086
:10B0800008F058F995F83806012845D0B0EE480A7E
:10B090000320F8F7DFFA012008F04CF995F8B8061C
:10B0A000012801D084EDB68A95F88806012801D0E0
:10B0B00084EDAA8A94EDB60A00231A46B1EE400A3E
:10B0C000BDEEC00A10EE100A94EDAA0A01B2B1EE6C
:10B0D000400ABDEEC00A10EE100A00B2F8F768FB95
:10B0E00095F8100601281DD0B0EE480A0220F8F7A6
:10B0F000B1FA95F8600601281AD0B0EE480ABDEC06
:10B10000028B0420BDE87040F8F7A4BA94ED7F0AE2
:10B110000120F8F79FFAB2E794ED930A0320F8F7BD
:10B1200099FAB8E794ED890A0220F8F793FAE0E774
:10B1300094ED9D0A0420BDEC028BBDE87040F8F749
:10B1400089BA00000000000010B52DED028B01202F
:10B150009FED128AB0EE480AF8F77CFA012008F059
:10B16000E9F8B0EE480A0220F8F774FA012008F076
:10B17000E1F8B0EE480A0320F8F76CFA012008F075
:10B18000D9F8B0EE480A0420F8F764FABDEC028B57
:10B190000120BDE8104008F0CDB80000000000001C
:10B1A0007047000010B54FF4806204490448F5F779
:10B1B0007AFFBDE8104000F0EFB800004A5E0108D9
:10B1C0003F3500207821014804F094BE005800402B
:10B1D00030B57F2811D83F290FD8CD080B4C01235B
:10B1E00001F0070104EBC5148B402044012A05D06F
:10B1F000022A07D041789943417030BD4178194304
:10B20000417030BD41785940417030BD3E3500201D
:10B2100010B50021AE2006F0D9FE0021402006F036
:10B22000D5FE0021812006F0D1FE0021FF2006F08E
:10B23000CDFE0021A42006F0C9FE0021A62006F0C4
:10B24000C5FE0021202006F0C1FE0021084606F0C0
:10B25000BDFE0021212006F0B9FE0021084606F0BF
:10B26000B5FE00217F2006F0B1FE0021222006F06D
:10B27000ADFE0021084606F0A9FE0021072006F0D9
:10B28000A5FE00213F2006F0A1FE0021C82006F007
:10B290009DFE0021A12006F099FE0021A82006F0C5
:10B2A00095FE0021084606F091FE0021D32006F00D
:10B2B0008DFE0021084606F089FE0021D52006F00B
:10B2C00085FE0021F02006F081FE0021D92006F045
:10B2D0007DFE0021222006F079FE0021DA2006F012
:10B2E00075FE0021122006F071FE0021DB2006F021
:10B2F0006DFE0021202006F069FE00218D2006F061
:10B3000065FE0021142006F061FE0021BDE810401A
:10B31000AF2006F05BBE0000F0B500230F4F002108
:10B32000FF25002607EBC312012810D090B1541856
:10B3300094F801C0CCF1FF0C84F801C0491CC9B2DB
:10B340008029F1D35B1CDBB2082BE8D3F0BD541885
:10B350006570F3E754186670F0E700003E35002092
:10B360000FB470B505460E46094C07AA226009487D
:10B370000699F5F767FE82B20023236005488354DF
:10B3800002463146284600F0B6F870BC5DF814FB62
:10B39000A00300202835002008B50021084600F051
:10B3A00013F80749402008704FF47A700A4600905D
:10B3B00040F2014378210348FBF7D6FD08BD0000A9
:10B3C0003E350020F80F002070B500F07F0401F03A
:10B3D00007050021212006F0F9FD0021204606F096
:10B3E000F5FD00217F2006F0F1FD0021222006F06E
:10B3F000EDFD0021284606F0E9FDBDE87040002182
:10B40000072006F0E3BD00002DE9F04781460C4619
:10B41000A046203AD0B20027164900EB400001EBCD
:10B42000800A1AF807600025300605D5012221465A
:10B430004846FFF7CDFE04E0002221464846FFF7CC
:10B44000C7FE7006060E641CE4B2A4EB08000C28CC
:10B4500009D06D1CEDB2082DE6D37F1CFFB20C2F76
:10B46000DFD3BDE8F087444609F1010909F0FF097F
:10B47000F3E700004A6201082DE9F74F8B461746B3
:10B480004FF0000AD14631E0002428E0786810F837
:10B490000A600AF1010A1FFA8AFA0025009800EBF7
:10B4A0000908300608D50BEB0400C1B208F0FF0014
:10B4B0000122FFF78DFE07E00BEB0400C1B208F09C
:10B4C000FF000022FFF784FE7006060E641CE4B243
:10B4D0007888A04203D06D1CEDB2082DE1D37888A6
:10B4E000A042D3D809F1010909F0FF09388848457D
:10B4F000CAD8BDE8FE8FF0B504460E4617460025B3
:10B500000CE031462046FFF77FFFA41DE4B27A2C01
:10B5100002D900240C36F6B26D1CEDB27A5D002A19
:10B52000EFD1F0BD002814D0D0ED101AC0ED111AE3
:10B5300090ED0F1A80ED101AC0ED060A80ED070A93
:10B5400030EEC00A80ED0F0A017829B1012952D0EE
:10B5500092E09FED4B0A7047D0ED010A60EE801A31
:10B56000C0ED091AD0ED0A0A90ED022A42EE000A57
:10B57000C0ED0A0A90ED0D2A80ED0E2A90ED0C2AFE
:10B5800080ED0D2A30EE410A80ED0C0A90ED031A91
:10B5900021EE001A80ED0B1A90ED050AF4EEC00AB8
:10B5A000F1EE10FA02DD80ED0A0A08E0B1EE400A81
:10B5B000F4EEC00AF1EE10FA01D280ED0A0A90ED25
:10B5C0000A0A31EE800A30EE010A80ED080AD0ED59
:10B5D000040AB4EEE00AF1EE10FA02DDC0ED080A4A
:10B5E0004AE0F1EE600AB4EEE00AF1EE10FA43D25E
:10B5F000C0ED080A40E070EE410A90ED012A60EECD
:10B60000820AC0ED090A90ED022A22EE002A80ED9E
:10B610000A2AD0ED0D2AC0ED0E2AD0ED0C2AC0ED7D
:10B620000D2AF0EE002A01EE620A30EE210A80EDCA
:10B630000C0A90ED031A21EE000A80ED0B0A70EE61
:10B64000820A30EE800AD0ED080A30EE200A80ED42
:10B65000080AD0ED040AB4EEE00AF1EE10FA02DDB9
:10B66000C0ED080A08E0F1EE600AB4EEE00AF1EE7F
:10B6700010FA01D2C0ED080A90ED080A70470000E8
:10B6800000000000002828D0002A26D0017092ED8A
:10B69000001A80ED011A92ED011A80ED021A92ED66
:10B6A000021A80ED031A80ED040AC0ED050A9FED31
:10B6B0000B0A80ED0E0A80ED0D0A80ED0C0A80ED7C
:10B6C000080A80ED0B0A80ED0A0A80ED090A80ED78
:10B6D000110A80ED100A80ED0F0A7047000000008B
:10B6E00030B5174C23685D6945F040055D612368FE
:10B6F000DC6844F01004DC60124C23681D6825F0FF
:10B7000001051D6003E01D6825F001051D6023682B
:10B710001D68ED07F7D125680B4BAB602368D86037
:10B7200020680161206842602068016841F480213E
:10B7300001602068016841F00101016030BD000036
:10B74000D0130020C01400200448004010B50C4B5A
:10B750001968CA6822F40052CA600A4A11680C6863
:10B7600024F001040C60116848601068016841F021
:10B77000010101601868C16841F40051C16010BD49
:10B78000D0130020C014002003480068C16821F4D1
:10B790000051C16070470000D01300202DE9F04136
:10B7A000044600252068C16811F0400F17D1C16818
:10B7B00041F08001C160FBF7FBFA0646042707E071
:10B7C000FBF7F6FA801BB0F57A7F01D96777012580
:10B7D0002068C06810F0400F01D1012DF0D128463B
:10B7E000BDE8F08170B5044600252068C16821F0ED
:10B7F0008001C1602068806810F0200F06D12046CB
:10B80000FCF75EFC10B1042060770125284670BD6E
:10B81000002809D000F5806090EDAA0A80EDAC0AFE
:10B8200090EDB60A80EDB80A7047002807D090ED79
:10B83000690A80ED6B0A90ED6A0A80ED6C0A704728
:10B840002DE9F74F82B0F7490868026822F001023B
:10B850000260F54A1068036823F00103036003E007
:10B86000016821F001010160EE4800680168C90724
:10B87000F6D103E0016821F001010160EA480068A7
:10B880000168C907F6D1E948E94AEA4BC06C019062
:10B89000E74CE84DE64EE74F0068DFF894B3DFF879
:10B8A00090C3E449483A603318341835303E78374D
:10B8B0004FF400680CF1300C58454CD9884201D146
:10B8C000202041E0904201D120203DE0984201D16A
:10B8D000202039E0A04201D1202035E0A84201D14A
:10B8E000404631E0B04201D140462DE0B84201D19E
:10B8F000404629E0604501D1404625E0DFF8349319
:10B9000009F13009484502D14FF400101CE0DFF87E
:10B910002093A9F11809484502D14FF4001013E013
:10B92000DFF8109309F19009484502D14FF4001057
:10B930000AE0DFF8FC9209F14809484502D14FF4CA
:10B94000001001E04FF00060DFF8E492A9F14C092B
:10B95000C9F80000F1E0DFF8DC9209F1A8094845D8
:10B960004CD9884201D1202041E0904201D12020D1
:10B970003DE0984201D1202039E0A04201D12020B1
:10B9800035E0A84201D1404631E0B04201D1404605
:10B990002DE0B84201D1404629E0604501D1404642
:10B9A00025E0DFF8909209F13009484502D14FF4C3
:10B9B00000101CE0DFF87892A9F11809484502D17F
:10B9C0004FF4001013E0DFF86C9209F1900948453C
:10B9D00002D14FF400100AE0DFF8549209F148094F
:10B9E000484502D14FF4001001E04FF00060DFF84D
:10B9F0004092A9F15009C9F800009EE0DFF83492A6
:10BA000009F1480948454CD9884201D1202041E03C
:10BA1000904201D120203DE0984201D1202039E020
:10BA2000A04201D1202035E0A84201D1404631E0BA
:10BA3000B04201D140462DE0B84201D1404629E054
:10BA4000604501D1404625E0DFF8E89109F1300971
:10BA5000484502D14FF400101CE0DFF8D491A9F161
:10BA60001809484502D14FF4001013E0DFF8C491E3
:10BA700009F19009484502D14FF400100AE0DFF8BF
:10BA8000B09109F14809484502D14FF4001001E096
:10BA90004FF00060DFF89C91A9F11009C9F80C0083
:10BAA0004BE0884201D1202041E0904201D120208A
:10BAB0003DE0984201D1202039E0A04201D1202070
:10BAC00035E0A84201D1404631E0B04201D14046C4
:10BAD0002DE0B84201D1404629E0604501D1404601
:10BAE00025E0DFF8509109F13009484502D14FF4C3
:10BAF00000101CE0DFF83891A9F11809484502D17F
:10BB00004FF4001013E0DFF82C9109F1900948453B
:10BB100002D14FF400100AE0DFF8149109F148094E
:10BB2000484502D14FF4001001E04FF00060DFF80B
:10BB30000491A9F11009C9F8080001984FF480692F
:10BB4000006858454CD9884201D1102041E090420C
:10BB500001D110203DE0984201D1102039E0A042EF
:10BB600001D1102035E0A84201D1484631E0B04271
:10BB700001D148462DE0B84201D1484629E0604550
:10BB800001D1484625E0DFF8ACE00EF1300E7045FB
:10BB900002D14FF480101CE0DFF894E0AEF1180EF3
:10BBA000704502D14FF4801013E0DFF888E00EF109
:10BBB000900E704502D14FF480100AE0DFF870E07B
:10BBC0000EF1480E704502D14FF4801001E04FF0A5
:10BBD0008060DFF85CE0AEF14C0ECEF80000EFE0E4
:10BBE000DFF850E00EF1A80E704552D9884201D11D
:10BBF000102047E0904201D1102043E0984201D14B
:10BC000010203FE0A04201D110203BE0A84201D12A
:10BC1000484637E0B04201D1484633E0B8420BD144
:10BC200048462FE01811002078110020C010002095
:10BC30005864024010600240604501D1484621E04E
:10BC4000DFF8A4EC704502D14FF480101AE0DFF861
:10BC50009CEC704502D14FF4801013E0DFF888ECC3
:10BC60000EF1600E704502D14FF480100AE0DFF84B
:10BC70007CEC0EF1600E704502D14FF4801001E0B3
:10BC80004FF08060DFF864ECAEF1380ECEF80000C3
:10BC900096E0DFF854EC0EF1180E704548D9884252
:10BCA00001D110203DE0904201D1102039E09842AE
:10BCB00001D1102035E0A04201D1102031E0A8428E
:10BCC00001D148462DE0B04201D1484629E0B842B2
:10BCD00001D1484625E0604501D1484621E0DFF822
:10BCE00008EC704502D14FF480101AE0DFF8FCEB4D
:10BCF000704502D14FF4801013E0DFF8ECEB0EF149
:10BD0000600E704502D14FF480100AE0DFF8DCEBE2
:10BD10000EF1600E704502D14FF4801001E04FF03B
:10BD20008060DFF8C4EBAEF1400ECEF80C0047E0C7
:10BD3000884201D110203DE0904201D1102039E02D
:10BD4000984201D1102035E0A04201D1102031E00D
:10BD5000A84201D148462DE0B04201D1484629E031
:10BD6000B84201D1484625E0604501D1484621E06E
:10BD7000DFF874EB704502D14FF480101AE0DFF861
:10BD80006CEB704502D14FF4801013E0DFF858EBF4
:10BD90000EF1600E704502D14FF480100AE0DFF81A
:10BDA0004CEB0EF1600E704502D14FF4801001E0B3
:10BDB0004FF08060DFF830EBAEF1400ECEF80800B7
:10BDC00001984FF4007A0068584548D9884201D15B
:10BDD00008203DE0904201D1082039E0984201D18D
:10BDE000082035E0A04201D1082031E0A84201D16D
:10BDF00050462DE0B04201D1504629E0B84201D171
:10BE0000504625E0604501D1504621E0DFF8D8EAF0
:10BE1000704502D14FF400201AE0DFF8D0EA7045F7
:10BE200002D14FF4002013E0DFF8BCEA0EF1600EFF
:10BE3000704502D14FF400200AE0DFF8B0EA0EF1BD
:10BE4000600E704502D14FF4002001E04FF0007009
:10BE5000DFF898EAAEF1340ECEF80000E5E0DFF846
:10BE600088EA0EF1780E704548D9884201D1082041
:10BE70003DE0904201D1082039E0984201D10820EC
:10BE800035E0A04201D1082031E0A84201D150465E
:10BE90002DE0B04201D1504629E0B84201D15046D0
:10BEA00025E0604501D1504621E0DFF83CEA7045CD
:10BEB00002D14FF400201AE0DFF830EA704502D1D9
:10BEC0004FF4002013E0DFF820EA0EF1600E704519
:10BED00002D14FF400200AE0DFF810EA0EF1600E04
:10BEE000704502D14FF4002001E04FF00070DFF800
:10BEF000FCE9AEF1380ECEF8000096E0DFF8E8E994
:10BF00000EF1180E704548D9884201D108203DE055
:10BF1000904201D1082039E0984201D1082035E053
:10BF2000A04201D1082031E0A84201D150462DE0C5
:10BF3000B04201D1504629E0B84201D1504625E037
:10BF4000604501D1504621E0DFF89CE9704502D1FF
:10BF50004FF400201AE0DFF894E9704502D14FF465
:10BF6000002013E0DFF880E90EF1600E704502D189
:10BF70004FF400200AE0DFF874E90EF1600E70451E
:10BF800002D14FF4002001E04FF00070DFF858E9D3
:10BF9000AEF1400ECEF80C0047E0884201D10820F7
:10BFA0003DE0904201D1082039E0984201D10820BB
:10BFB00035E0A04201D1082031E0A84201D150462D
:10BFC0002DE0B04201D1504629E0B84201D150469F
:10BFD00025E0604501D1504621E0DFF80CE97045CD
:10BFE00002D14FF400201AE0DFF800E9704502D1D9
:10BFF0004FF4002013E0DFF8F0E80EF1600E70451A
:10C0000002D14FF400200AE0DFF8E0E80EF1600E04
:10C01000704502D14FF4002001E04FF00070DFF8CE
:10C02000C8E8AEF1400ECEF808000198DFF8BCE891
:10C030004FF4802B00680EF1180E704548D98842E5
:10C0400001D104203DE0904201D1042039E0984222
:10C0500001D1042035E0A04201D1042031E0A84202
:10C0600002D14FF480702CE0B04202D14FF48070C6
:10C0700027E0B84202D14FF4807022E0604502D13F
:10C080004FF480701DE0DFF860E8704501D158463C
:10C0900017E0DFF858E8704501D1584611E0DFF8A5
:10C0A00048E80EF1600E704501D1584609E0DFF80E
:10C0B0003CE80EF1600E704501D1584601E04FF0AA
:10C0C0008070DFF828E8AEF1340ECEF80000E5E02D
:10C0D000DFF814E80EF1780E704548D9884201D196
:10C0E00004203DE0904201D1042039E0984201D182
:10C0F000042035E0A04201D1042031E0A84202D161
:10C100004FF480702CE0B04202D14FF4807027E0F1
:10C11000B84202D14FF4807022E0604502D14FF462
:10C1200080701DE0DFF8C0E7704501D1584617E088
:10C13000DFF8B8E7704501D1584611E0DFF8A8E70D
:10C140000EF1600E704501D1584609E0DFF89CE71A
:10C150000EF1600E704501D1584601E04FF080703D
:10C16000DFF888E7AEF1380ECEF8000096E0DFF891
:10C1700078E70EF1180E704548D9884201D10420A5
:10C180003DE0904201D1042039E0984201D10420E1
:10C1900035E0A04201D1042031E0A84202D14FF4A1
:10C1A00080702CE0B04202D14FF4807027E0B8429A
:10C1B00002D14FF4807022E0604502D14FF48070CC
:10C1C0001DE0DFF824E7704501D1584617E0DFF89D
:10C1D0001CE7704501D1584611E0DFF80CE70EF17D
:10C1E000600E704501D1584609E0DFF800E70EF116
:10C1F000600E704501D1584601E04FF08070DFF8C5
:10C20000E8E6AEF1400ECEF80C0047E0884201D1DE
:10C2100004203DE0904201D1042039E0984201D150
:10C22000042035E0A04201D1042031E0A84202D12F
:10C230004FF480702CE0B04202D14FF4807027E0C0
:10C24000B84202D14FF4807022E0604502D14FF431
:10C2500080701DE0DFF890E6704501D1584617E088
:10C26000DFF888E6704501D1584611E0DFF878E63E
:10C270000EF1600E704501D1584609E0DFF86CE61A
:10C280000EF1600E704501D1584601E04FF080700C
:10C29000DFF854E6AEF1400ECEF808000198DFF862
:10C2A0004CE600680EF1180E704548D9884201D15D
:10C2B00001203DE0904201D1012039E0984201D1B6
:10C2C000012035E0A04201D1012031E0A84201D196
:10C2D00040202DE0B04201D1402029E0B84201D1F8
:10C2E000402025E0604501D1402021E0DFF8F8E55D
:10C2F000704502D14FF480301AE0DFF8F0E5704568
:10C3000002D14FF4803013E0DFF8DCE50EF1600E6F
:10C31000704502D14FF480300AE0DFF8D0E50EF12D
:10C32000600E704502D14FF4803001E04FF4800080
:10C33000DFF8B8E5AEF1340ECEF80000E5E0DFF846
:10C34000A8E50EF1780E704548D9884201D1012048
:10C350003DE0904201D1012039E0984201D1012015
:10C3600035E0A04201D1012031E0A84201D14020B6
:10C370002DE0B04201D1402029E0B84201D1402057
:10C3800025E0604501D1402021E0DFF85CE5704503
:10C3900002D14FF480301AE0DFF850E5704502D149
:10C3A0004FF4803013E0DFF840E50EF1600E704589
:10C3B00002D14FF480300AE0DFF830E50EF1600E74
:10C3C000704502D14FF4803001E04FF48000DFF877
:10C3D0001CE5AEF1380ECEF8000096E0DFF808E577
:10C3E0000EF1180E704548D9884201D101203DE078
:10C3F000904201D1012039E0984201D1012035E07D
:10C40000A04201D1012031E0A84201D140202DE01D
:10C41000B04201D1402029E0B84201D1402025E0BE
:10C42000604501D1402021E0DFF8BCE4704502D135
:10C430004FF480301AE0DFF8B4E4704502D14FF4D5
:10C44000803013E0DFF8A0E40EF1600E704502D1F9
:10C450004FF480300AE0DFF894E40EF1600E70458E
:10C4600002D14FF4803001E04FF48000DFF878E42F
:10C47000AEF1400ECEF80C0047E0884201D1012019
:10C480003DE0904201D1012039E0984201D10120E4
:10C4900035E0A04201D1012031E0A84201D1402085
:10C4A0002DE0B04201D1402029E0B84201D1402026
:10C4B00025E0604501D1402021E0DFF82CE4704503
:10C4C00002D14FF480301AE0DFF820E4704502D149
:10C4D0004FF4803013E0DFF810E40EF1600E704589
:10C4E00002D14FF480300AE0DFF800E40EF1600E74
:10C4F000704502D14FF4803001E04FF48000DFF846
:10C50000E8E3AEF1400ECEF80800F948DFF8DCE3CE
:10C51000806C00900EF1180E0068704542D9884278
:10C5200002D14FF0200838E0904202D14FF02008AD
:10C5300033E0984202D14FF020082EE0A04202D111
:10C540004FF0200829E0A84227D0B04225D0B842B9
:10C5500023D0604521D0DFF89083404502D14FF4CD
:10C5600000181AE0DFF88483404502D14FF4001828
:10C5700013E0DFF8748308F16008404502D14FF4FE
:10C5800000180AE0DFF8648308F16008404502D132
:10C590004FF4001801E04FF00068D4483438C0F878
:10C5A0000080D3E0DFF840E30EF1780E704542D909
:10C5B000884202D14FF0200838E0904202D14FF07B
:10C5C000200833E0984202D14FF020082EE0A0422C
:10C5D00002D14FF0200829E0A84227D0B04225D050
:10C5E000B84223D0604521D0DFF8FC82404502D11B
:10C5F0004FF400181AE0DFF8F482404502D14FF4FE
:10C60000001813E0DFF8E08208F16008404502D12D
:10C610004FF400180AE0DFF8D48208F160084045C2
:10C6200002D14FF4001801E04FF00068AF483838ED
:10C63000C0F800808AE0DFF8B0E20EF1180E704515
:10C6400042D9884202D14FF0200838E0904202D10E
:10C650004FF0200833E0984202D14FF020082EE03E
:10C66000A04202D14FF0200829E0A84227D0B042D2
:10C6700025D0B84223D0604521D0DFF86C824045F8
:10C6800002D14FF400181AE0DFF86082404502D171
:10C690004FF4001813E0DFF8508208F160084045BD
:10C6A00002D14FF400180AE0DFF8408208F1600878
:10C6B000404502D14FF4001801E04FF000688A486D
:10C6C0004038C0F80C8041E0884202D14FF0200889
:10C6D00038E0904202D14FF0200833E0984202D176
:10C6E0004FF020082EE0A04202D14FF0200829E0B0
:10C6F000A84227D0B04225D0B84223D0604521D0EF
:10C70000DFF8E481404502D14FF400181AE0DFF869
:10C71000DC81404502D14FF4001813E0DFF8C881F6
:10C7200008F16008404502D14FF400180AE0DFF834
:10C73000BC8108F16008404502D14FF4001801E0C7
:10C740004FF0006868484038C0F808800098DFF86B
:10C750009C81006808F11808404542D9884202D1FE
:10C760004FF0100938E0904202D14FF0100933E049
:10C77000984202D14FF010092EE0A04202D14FF0B2
:10C78000100929E0A84227D0B04225D0B84223D0D2
:10C79000604521D0DFF85091484502D14FF480190F
:10C7A0001AE0DFF84891484502D14FF4801913E0B0
:10C7B000DFF8349109F16009484502D14FF480193E
:10C7C0000AE0DFF8289109F16009484502D14FF4E9
:10C7D000801901E04FF0806944483438C0F8009077
:10C7E000D8E0DFF804E10EF1780E704542D98842B6
:10C7F00002D14FF0100938E0904202D14FF01009F9
:10C8000033E0984202D14FF010092EE0A04202D14D
:10C810004FF0100929E0A84227D0B04225D0B842F5
:10C8200023D0604521D0DFF8C090484502D14FF4B5
:10C8300080191AE0DFF8B490484502D14FF480190E
:10C8400013E0DFF8A49009F16009484502D14FF4E4
:10C8500080190AE0DFF8949009F16009484502D197
:10C860004FF4801901E04FF0806920483838C0F853
:10C8700000908FE0DFF870E00EF1180E704546D999
:10C88000884202D14FF010093DE0904202D14FF0B2
:10C89000100938E0984202D14FF0100933E0A0426D
:10C8A00002D14FF010092EE0A8422CD0B0422AD07D
:10C8B000B84228D0604526D0DFF82C90484502D1F8
:10C8C0004FF480191FE0DFF82490484502D14FF45F
:10C8D000801918E0DFF8109009F16009484509D186
:10C8E0004FF480190FE000004060024040640240B5
:10C8F000C0100020DFF80494484502D14FF480199D
:10C9000001E04FF08069FE48C0F80C9042E0884298
:10C9100002D14FF010093AE0904202D14FF01009D5
:10C9200035E0984202D14FF0100930E0A04202D128
:10C930004FF010092BE0A84229D0B04227D0B842CE
:10C9400025D0604523D0DFF8B89309F14009484568
:10C9500002D14FF480191AE0DFF8A093A9F1600921
:10C96000484502D14FF4801911E0DFF8949309F1A2
:10C97000A009484502D14FF4801908E0DFF87C9304
:10C98000484502D14FF4801901E04FF08069DC483E
:10C99000C0F8089000980068404544D9884202D108
:10C9A0004FF0080A3AE0904202D14FF0080A35E011
:10C9B000984202D14FF0080A30E0A04202D14FF075
:10C9C000080A2BE0A84229D0B04227D0B84225D08F
:10C9D000604523D0DFF8289309F14009484502D18A
:10C9E0004FF4002A1AE0DFF81493A9F160094845D2
:10C9F00002D14FF4002A11E0DFF8049309F1A009F5
:10CA0000484502D14FF4002A08E0DFF8F09248458B
:10CA100002D14FF4002A01E04FF0007AB748943871
:10CA2000C0F800A0D7E0DFF8D89209F1B80948456E
:10CA300044D9884202D14FF0080A3AE0904202D12C
:10CA40004FF0080A35E0984202D14FF0080A30E072
:10CA5000A04202D14FF0080A2BE0A84229D0B042F0
:10CA600027D0B84225D0604523D0DFF8949209F151
:10CA70004009484502D14FF4002A1AE0DFF87C92C1
:10CA8000A9F16009484502D14FF4002A11E0DFF80E
:10CA9000709209F1A009484502D14FF4002A08E03C
:10CAA000DFF85892484502D14FF4002A01E04FF0D8
:10CAB000007A92489838C0F800A08CE0DFF84092E5
:10CAC00009F15809484543D9884202D14FF0080A74
:10CAD0003AE0904202D14FF0080A35E0984202D184
:10CAE0004FF0080A30E0A04202D14FF0080A2BE0D4
:10CAF000A84229D0B04227D0B84225D0604523D0E3
:10CB0000DFF8FC9109F14009484502D14FF4002AB1
:10CB10001AE0DFF8E891A9F16009484502D14FF425
:10CB2000002A11E0DFF8D89109F1A009484502D1A7
:10CB30004FF4002A08E0DFF8C491484502D14FF4D1
:10CB4000002A01E04FF0007A6D48C0F80CA042E0E6
:10CB5000884202D14FF0080A3AE0904202D14FF0E9
:10CB6000080A35E0984202D14FF0080A30E0A042AE
:10CB700002D14FF0080A2BE0A84229D0B04227D0BA
:10CB8000B84225D0604523D0DFF8749109F14009FF
:10CB9000484502D14FF4002A1AE0DFF86091A9F16C
:10CBA0006009484502D14FF4002A11E0DFF85091A6
:10CBB00009F1A009484502D14FF4002A08E0DFF846
:10CBC0003C91484502D14FF4002A01E04FF0007A31
:10CBD0004B48C0F808A000980068404544D98842F6
:10CBE00002D14FF0040B3AE0904202D14FF0040B17
:10CBF00035E0984202D14FF0040B30E0A04202D160
:10CC00004FF0040B2BE0A84202D14FF4807B26E0CA
:10CC1000B04202D14FF4807B21E0B84202D14FF400
:10CC2000807B1CE0604502D14FF4807B17E0DFF889
:10CC3000D09009F14009484511D0DFF8C090A9F122
:10CC4000600948450BD0DFF8B89009F1A0094845C4
:10CC500005D0DFF8A890484501D04FF0807B2748E9
:10CC60009438C0F800B0DDE0DFF8949009F1B8091D
:10CC700048454AD9884202D14FF0040B3AE090422D
:10CC800002D14FF0040B35E0984202D14FF0040B73
:10CC900030E0A04202D14FF0040B2BE0A84202D1B9
:10CCA0004FF4807B26E0B04202D14FF4807B21E03C
:10CCB000B84202D14FF4807B1CE0604502D14FF4B2
:10CCC000807B17E0DFF8389009F14009484511D022
:10CCD000DFF82890A9F1600948450BD0DFF82090D3
:10CCE00009F1A009484505D0DFF81090484501D06A
:10CCF0004FF0807B0148983804E00000A0640240B7
:10CD000000600240C0F800B08CE0DFF87093484546
:10CD100044D9884202D14FF0040B3AE0904202D14C
:10CD20004FF0040B35E0984202D14FF0040B30E095
:10CD3000A04202D14FF0040B2BE0A84202D14FF4E5
:10CD4000807B26E0B04202D14FF4807B21E0B842E4
:10CD500002D14FF4807B1CE0604502D14FF4807B10
:10CD600017E0DFF81893A9F11809484511D0DFF84A
:10CD7000109348450DD0DFF8049309F14809484560
:10CD800007D0DFF8FC9209F16009484501D04FF067
:10CD9000807BBA485838C0F80CB043E0884202D1D2
:10CDA0004FF0040B3AE0904202D14FF0040B35E013
:10CDB000984202D14FF0040B30E0A04202D14FF074
:10CDC000040B2BE0A84202D14FF4807B26E0B04256
:10CDD00002D14FF4807B21E0B84202D14FF4807B36
:10CDE0001CE0604502D14FF4807B17E0DFF88C92A5
:10CDF000A9F11809484511D0DFF8849248450DD0B3
:10CE0000DFF8789209F14809484507D0DFF87092B9
:10CE100009F16009484501D04FF0807B97485838A8
:10CE2000C0F808B000980068404540D9884201D158
:10CE3000012038E0904201D1012034E0984201D134
:10CE4000012030E0A04201D101202CE0A84201D114
:10CE5000402028E0B04201D1402024E0B84201D176
:10CE6000402020E0604501D140201CE08349183972
:10CE7000884202D14FF4803015E08149884202D1C6
:10CE80004FF480300FE07D494831884202D14FF4A1
:10CE9000803008E07A496031884202D14FF4803016
:10CEA00001E04FF48000764934390860CBE0DFF8C8
:10CEB000CC8108F16008404540D9884201D1012069
:10CEC00038E0904201D1012034E0984201D10120A4
:10CED00030E0A04201D101202CE0A84201D1402045
:10CEE00028E0B04201D1402024E0B84201D14020E6
:10CEF00020E0604501D140201CE06049183988429B
:10CF000002D14FF4803015E05D49884202D14FF4E0
:10CF100080300FE059494831884202D14FF48030C7
:10CF200008E057496031884202D14FF4803001E077
:10CF30004FF4800052493839086084E0DFF83C81C2
:10CF4000404540D9884201D1012038E0904201D1CA
:10CF5000012034E0984201D1012030E0A04201D10B
:10CF600001202CE0A84201D1402028E0B04201D1AC
:10CF7000402024E0B84201D1402020E0604501D1AA
:10CF800040201CE03D491839884202D14FF48030DE
:10CF900015E03B49884202D14FF480300FE0374919
:10CFA0004831884202D14FF4803008E03449603182
:10CFB000884202D14FF4803001E04FF480002F49C5
:10CFC0005839C8603FE0884201D1012038E09042E2
:10CFD00001D1012034E0984201D1012030E0A0428B
:10CFE00001D101202CE0A84201D1402028E0B0422C
:10CFF00001D1402024E0B84201D1402020E060452A
:10D0000001D140201CE01D491839884202D14FF45B
:10D01000803015E01A49884202D14FF480300FE089
:10D0200016494831884202D14FF4803008E0144953
:10D030006031884202D14FF4803001E04FF480002B
:10D040000E49583988600F4803990268D1600E492B
:10D05000029A0B68DA600368049A5A600B68049AB3
:10D060005A600068026842F00102026008680168C4
:10D0700041F00101016005B0BDE8F08F5860024049
:10D080004064024018110020781100202DE9F04F73
:10D090003B4C23685D6845F002055D6023685D6870
:10D0A00045F001055D6023681C6844F040041C6085
:10D0B000344C23681D6825F001051D6003E01D68E0
:10D0C00025F001051D6023681D68ED07F7D12E4F7F
:10D0D0002E4D2D4E4C3FDFF8B490D4F800B0DFF861
:10D0E000ACC0B83D4FF4001AA7F10408A9F16009DB
:10D0F000B34502D9C7F800A00BE0634502D9C8F8D0
:10D1000000A006E04B4502D9C5F80CA001E0C5F827
:10D1100008A0DFF87CA0C3F808A02368D9602168C4
:10D120004A6021680B6843F010030B60194B1968C3
:10D130000C6824F001040C6003E00C6824F0010486
:10D140000C6019680C68E407F7D1D3F800B04FF011
:10D150000064B34501D93C6009E0614502D9C8F8D3
:10D16000004004E0494501D9EC6000E0AC60C1F842
:10D1700008A01968C86018684260BDE8F08F000018
:10D18000C01000201811002058640240B86002400E
:10D190000C3001407811002070B582B004460E4674
:10D1A00015463346012202212046009500F036F84C
:10D1B00030B1606D40F02000606502B0032070BDAA
:10D1C000144815490068B0FBF1F04FF47A714843F8
:10D1D00001906068B0F5827F0ED133460022802135
:10D1E0002046009500F01AF880B1606D40F02000F4
:10D1F000606502B0032070BD019838B10198401EEF
:10D2000001902068806810F0800FF5D102B00020F6
:10D2100070BD00008007002000366E012DE9F84344
:10D2200004460F4690469946089DF9F7C1FD401BFC
:10D23000A9EB0005F9F7BCFD06462D480068C0F3D0
:10D24000CB30684300902068806837EA00000ED039
:10D250000020404546D0B9F1FF3F3BD0F9F7A8FD8B
:10D26000801BA84205D225B1009870B32FE00120A1
:10D27000EFE72068416821F0E00141606068B0F5A7
:10D28000827F0BD1A068B0F5004F02D0B0F5806F5F
:10D2900004D12068016821F040010160A06AB0F566
:10D2A000005F09D12068016821F400510160206805
:10D2B000016841F400510160012084F85100002010
:10D2C00084F850000320BDE8F883FFE700250098AC
:10D2D000401E00902068806837EA000005D00020DA
:10D2E0004045B8D10020BDE8F8830120F8E70000F0
:10D2F0008007002010B504462DED048B54F8D80F9C
:10D3000008F0A6FA41EC100B01F082FBB0EE408A67
:10D31000F0EE608AD4F8A80008F09AFA53EC182BC3
:10D3200007F098FC41EC100B01F066FBB0EE408A70
:10D33000F0EE608A206808F08BFA41EC100B01F0E7
:10D34000F7FAB0EE409AF0EE609AD4F8DC0008F0FC
:10D350007FFA53EC192B07F07DFC53EC182B07F0E8
:10D3600077F806F013FFC4F8FC00206908F070FAA3
:10D3700041EC100B01F04CFBB0EE408AF0EE608AFD
:10D38000D4F8AC0008F064FA53EC182B07F062FCF8
:10D3900041EC100B01F030FBB0EE408AF0EE608AF9
:10D3A000206908F055FA41EC100B01F0C1FAB0EE1B
:10D3B000409AF0EE609AD4F8E00008F049FA53EC95
:10D3C000192B07F047FC53EC182B07F041F806F037
:10D3D000DDFEC4F80001D83C204602F08DFE94ED3D
:10D3E000750A9FED0C1AD4ED521A70EE010A9FEDEA
:10D3F0000A0A41EE800AC4ED770AD4ED760A70EE8F
:10D40000810A94ED531A41EE000AC4ED780ABDEC8E
:10D41000048B10BD8E973A41EC51983F10B50B49E3
:10D420000868401C0860B0F57A7F04D90848006895
:10D43000486001208860FAF707F906F093FC01289C
:10D4400003D0BDE8104006F043B910BD2400002011
:10D450003802002030B593B0302107A8F3F7C4FE9E
:10D46000142102A8F3F7C0FE00251D48016841F011
:10D4700080510160006800F08050019019480168F7
:10D4800041F480410160006800F480400190012077
:10D4900007900004089002240D9480010E9006204D
:10D4A0000F90A820109011940720129007A8FAF767
:10D4B00059FB08B1F7F766FD0F200290039404951D
:10D4C0004FF4A05005904FF480500690052102A81B
:10D4D000FAF72CFA002801D0F7F754FD13B030BD4D
:10D4E00040380240007000401048016841F470016B
:10D4F00001600F48016841F0010101600C4A002100
:10D500000832116002680B4B1A400260031D0A4A80
:10D510001A60026822F48022026005480C30016023
:10D5200002495806803908607047000088ED00E025
:10D5300000380240FFFFF6FE10300024F0B402680D
:10D54000324BDFF8CCC0334D334E344C98420AD0C6
:10D55000B0F1804F07D0604505D0A84203D0B0425B
:10D5600001D0A04203D122F070024F683A439842A2
:10D5700028D0B0F1804F25D0604523D0A84221D0DB
:10D58000B0421FD0A0421DD0A0F1804CBCF5A03C01
:10D5900018D0A0F1804CBCF5A23C13D0A0F1804C77
:10D5A000BCF5A43C0ED0A0F1804CBCF5C05C09D009
:10D5B000A0F1804CBCF5E05C04D0A0F1804CBCF53F
:10D5C000005C05D122F44072D1F80CC04CEA020292
:10D5D000D1F814C022F0800242EA0C0202608A688C
:10D5E000C2620A688262984201D0A04201D10969F0
:10D5F000016301214161016911F0010F03D001694B
:10D6000021F001010161F0BC704700000000014001
:10D610000004004000080040000C004000040140ED
:10D6200001F01F0101238B40D0F820C02CEA030336
:10D630000362036A02FA01F1194301627047D0F8EC
:10D6400008C02CF47F4C42EA0322114341EA0C014A
:10D6500081607047826822F07002114341F0070137
:10D660008160704770B4026A036A23F001030362A9
:10D670004368D0F818C02CF0700C2CF0030C0C6828
:10D6800044EA0C0C22F002028C6822430F4C104D2D
:10D69000A04201D0A84205D122F00802CE68324350
:10D6A00022F00402A04201D0A84207D123F48073E3
:10D6B00023F400734C6923438C6923434360C0F80F
:10D6C00018C049684163026270BC704700000140A5
:10D6D0000004014070B4026A036A23F0100303627D
:10D6E0004368D0F818C02CF4E04C2CF4407C0C6853
:10D6F0004CEA042C22F020028C6842EA0412114CFD
:10D70000114DA04201D0A84206D122F08002CE687D
:10D7100042EA061222F04002A04201D0A84209D1FA
:10D7200023F4806323F400634C6943EA84038C6927
:10D7300043EA84034360C0F818C049688163026209
:10D7400070BC7047000001400004014070B4026AE0
:10D75000036A23F4807303624368D0F81CC02CF082
:10D76000700C2CF0030C0C6844EA0C0C22F40072D0
:10D770008C6842EA0422114C114DA04201D0A8420B
:10D7800006D122F40062CE6842EA062222F48062C8
:10D79000A04201D0A84209D123F4805323F40053BE
:10D7A0004C6943EA04138C6943EA04134360C0F8EC
:10D7B0001CC04968C163026270BC70470000014030
:10D7C0000004014010B4036A026A22F4805202622B
:10D7D0004268D0F81CC02CF4E04C2CF4407C0C685F
:10D7E0004CEA042C23F400538C6843EA0433A0F180
:10D7F0008044B4F5803404D0A0F18044B4F5823480
:10D8000004D122F480424C6942EA84124260C0F89A
:10D810001CC049680164036210BC7047036AD0F8F9
:10D8200020C02CF0010CC0F820C0D0F818C02CF09B
:10D83000F00C4CEA021223F00A03194382610162E0
:10D840007047036AD0F820C02CF0100CC0F820C03C
:10D85000D0F818C02CF4704C4CEA023223F0A0032C
:10D8600043EA011182610162704700002DE9F04135
:10D8700004462DED028BE07DDB4D01280CD195EDAA
:10D880000D0ADA4A10EE101A914205DADFEDD80AD5
:10D8900030EE200A85ED0D0A9FEDD68A08B985ED98
:10D8A0000D8ADFF8448320790127002608F18008DB
:10D8B00018B1607B08B9E07BA8B184ED508AD4F838
:10D8C000400107F0C5FF41EC100B01F095F89FED0A
:10D8D000CA1B51EC100B53EC112B07F0A9F811D017
:10D8E000A4F8246110E098ED050AD5ED0C0A20EEAD
:10D8F000200A9FEDC31ADFEDC30A03F031FD84ED6A
:10D90000500ADCE7A4F82471B4F82401012813D0EC
:10D91000A4F8266101281AD0A078E8B12079062859
:10D920001AD001281DD0022820D0E07B012822D067
:10D93000607B01281FD022E0B4F826110029E9D12C
:10D94000A4F8267194ED4B0A84ED4D0AE2E794EDBC
:10D950004D0A84ED4C0A12E094ED4B0A84ED4C0A1A
:10D960000DE094ED4B0A84ED4C0A08E094ED4B0A6F
:10D9700084ED4C0A03E094ED4B0A84ED4C0A2179C6
:10D9800019B1607B08B9E07B10B394ED0D0A84ED0A
:10D990001E0A94ED140A84ED210A84ED208A207A6F
:10D9A00002284ED084ED388A84ED3C8A02294FD07B
:10D9B00006294DD0A278012A4CD0022A4CD0042A44
:10D9C0004CD0D4F89C2292F82330B3B3A67257E01F
:10D9D000207810B96278012A18D00028DDD160784B
:10D9E0000028DAD1D4F89C0290ED020A10EE100A59
:10D9F000DFED850AB0F13F4F11D994ED1E1A00EE0C
:10DA0000201A84ED1E1A84ED218AC6E794ED0F0AD0
:10DA100084ED1E0A94ED140A84ED210ABDE710EE90
:10DA2000100AB0F17C5F09DD94ED1E1A00EE201A99
:10DA300084ED1E1A84ED218AAFE712E084ED218A7D
:10DA4000ABE795ED070A84ED380A84ED3C0AADE7B3
:10DA5000A67215E0A67213E0A77211E00422A2726A
:10DA60000EE092F8243002220BB1A27208E00328E3
:10DA70000FD004280FD005280FD001280FD0A7728F
:10DA8000A27A72B1012A11D0022A1AD0042A25D012
:10DA900037E0A672F4E7A272F2E7A672F0E7A67288
:10DAA000EEE795ED0F0A84ED240A2AE0D4F89C22D3
:10DAB000D5ED100A92ED030A30EE200A84ED240A17
:10DAC0001FE095ED0E0AD5ED110A30EE200AD5EDD6
:10DAD0000D0A30EE600A84ED240A12E098ED070A80
:10DAE000D5ED130A20EE200A88ED070AD4ED240AAA
:10DAF000F4EEC00AF1EE10FA01DCB0EE600A84ED3B
:10DB0000240A032905D0022967D0607B01282CD084
:10DB10002EE0012822D002289FED3C0A0DD00428D7
:10DB200010D0052815D094ED240A84ED250A84ED43
:10DB3000260ABDEC028BBDE8F08184ED250A84ED58
:10DB4000260AF6E79FED320A84ED250A84ED260ABF
:10DB5000EFE784ED250A84ED260AEAE79FED2D0A1A
:10DB600084ED250A84ED260AE3E7E07B012834D022
:10DB700094ED240AD5ED0F0AB4EE600AF1EE10FA26
:10DB80002BD0A078042828D094ED110A84ED350A12
:10DB9000F2F784FC9FED208A60EE088A94ED350A46
:10DBA000F2F740FCC8EE800A94ED240A30EE800AB9
:10DBB00084ED250A94ED350AF2F770FC20EE088A10
:10DBC00094ED350AF2F72EFCC8EE000A94ED240A13
:10DBD00030EE600A84ED260AABE794ED240A84ED6A
:10DBE000250A84ED260AA4E730000020CDCC4C3E67
:10DBF0006F12833A000000000000000000000000E7
:10DC00006666E63F6666E6BF6F12033B8FC2F53D70
:10DC10009A99193F9A99193E8FC2753E10B5806B3B
:10DC20000021C185C184FAF7B0FF10BD01680C3135
:10DC300051E8002F22F4907241E80023002BF5D127
:10DC40000168143151E8002F22F0010241E800235D
:10DC5000002BF5D1016B012909D101680C3151E884
:10DC6000002F22F0100241E80023002BF5D12021E3
:10DC700080F8421000210163704710B50168CA683E
:10DC800022F04002CA60202180F84110FBF760FAC0
:10DC9000002010BD08B590F84210222901D00220C2
:10DCA00008BD8268B2F5805F01D1016929B1816A3E
:10DCB000B2F5805F1DD052B10BE0816A02685268F4
:10DCC000C2F308020A80816A891C816209E0026944
:10DCD0007AB10268526802F07F020A70816A491CB8
:10DCE0008162C18D491E0904090CC18505D000203F
:10DCF00008BD026852680A70F0E70168CA6822F03D
:10DD00002002CA600168CA6822F48072CA60016891
:10DD10004A6922F001024A61202180F84210002164
:10DD20004163026B012A03D0FBF7CAF9002008BD4A
:10DD3000016301680C3151E8002F22F0100241E824
:10DD40000023002BF5D101680A6812F0100F02D0F1
:10DD50000A6849680091818DFAF716FFE6E700002E
:10DD60002DE9F041044620680169E26821F4405140
:10DD7000114301612169A068E269084361691143A7
:10DD800001432068C26822F4037222F41442114352
:10DD9000C16020684169A26921F440711143416169
:10DDA0002068A0F18041B1F588312ED0A0F18041EA
:10DDB000B1F58A3129D0F9F77DFE8446E16900206A
:10DDC0001927254D3226B1F5004F22D06068830F08
:10DDD0008200ACFB0701F3F7BDF80146A5FB00206C
:10DDE00040097A42424301EB820106EB0111A5FB97
:10DDF0000121490901F0F00202EB001001F00F01CE
:10DE0000084421688860BDE8F081F9F763FE844624
:10DE1000D4E761684A1840EB0003ACFB0701F3F755
:10DE200099F80346A5FB0010410918460A016FF056
:10DE30001803594300EB810006EBC000A5FB00105E
:10DE4000400900F0F80102EB410100F0070008442E
:10DE500021688860BDE8F0811F85EB518162828571
:10DE6000C28500214164222180F842100169002905
:10DE700004D00168CA6842F48072CA6001684A69C5
:10DE800042F001024A610068C16841F02001C160AE
:10DE90000020704790F84110212901D002207047DE
:10DEA0008168B1F5805F01D1016961B1016A4A1CE5
:10DEB0000262026809785160C18C491E0904090C8C
:10DEC000C1840AD013E0016A02680988C1F308011D
:10DED0005160016A891C0162EEE70168CA6822F09C
:10DEE0008002CA600068C16841F04001C160002042
:10DEF000704700000148FAF749BE0000881300206F
:10DF000038B52D4800680168890603D50168406866
:10DF1000009038BD29490968C906FAD501684068EA
:10DF20000090274A10680168264B09034FF024042B
:10DF300020D4016821F00101016011684868C0F136
:10DF4000240080B218804C6011680B6843F40023F1
:10DF50000B6011680A6842F001020A601228D8D1E9
:10DF6000194901F1160004F0E1FDBDE83840002038
:10DF700003F03CB9016821F00101016011684868B3
:10DF8000C0F1240080B218804C6010498B6A23F4E1
:10DF900000238B6211680A6842F001020A601228AD
:10DFA000B7D1094901F13A0004F0C0FDBDE838409D
:10DFB000002003F01BB90000D013002000480040EF
:10DFC000C014002090020020812400200060024044
:10DFD00038B52B480068C00650D52A490868026841
:10DFE00040680090C86B00680268274B12034FF42A
:10DFF000007421D4026822F001020260C86B00683C
:10E000004268C2F5007292B21A804460C86B006820
:10E01000036843F400230360C86B0068016841F0A3
:10E0200001010160194901F5806003F03CF9BDE888
:10E0300038400B2003F0DAB8026822F001020260D7
:10E04000C86B00684268C2F5007292B21A804460E0
:10E05000C86B0068036823F400230360C86B006882
:10E06000016841F001010160094901F5007003F008
:10E070001AF9BDE838400B2003F0B8B838BD0000ED
:10E0800000140140181400209802002034250020BC
:10E0900034270020FEE703B401984100009850EABD
:10E0A000C12018BF04204A0D18BF40F0010040F203
:10E0B000FF72B2EB515F08BF40F00200012808BFB9
:10E0C000052002B070474100080218BF04200A0E64
:10E0D00018BF40F001004FF07F4232EA010108BF53
:10E0E00040F00200012808BF0520704710B54FF02E
:10E0F0000E402DED028BB0EE408A18EE104A00EB78
:10E100004400B0F1506F4AD84FF0FC40B0EB440FE0
:10E1100022D2B0EEC80AF7EE000A30EEC00AF6EEE0
:10E12000000A60EE208A18EE900A04F0F5FE01EE77
:10E13000100A14F0004F1DBFDFED2D0A9FED2D0AD0
:10E14000B1EE411ADFED2C0A08BF9FED2C0AF8EE64
:10E15000001A21EE218A05E0DFED290A68EE088A1F
:10E16000B0EE600A9FED271ADFED271A30EE080A9D
:10E1700048EE811A9FED251A08EEA11ADFED241A48
:10E1800048EE811A9FED231A08EEA11A68EE281AAC
:10E19000BDEC028B01EE810A30EE200A10BD4FF07B
:10E1A000E440B0EB440F0CD918EE100AFFF78BFFD8
:10E1B000042808BF01F016F9B0EE480ABDEC028B46
:10E1C00010BD4FF07F40B0EB440F07D2B0EE480ACD
:10E1D000BDEC028BBDE8104001F0F6B80120F3F76A
:10E1E00084F8BDEC028BBDE8104001F0F3B80000EC
:10E1F0000000C9BF22AAFDB90000C93F22AAFD390B
:10E200000000000024FE1C3DC78AD83C1E67383D34
:10E210001B93993DAFAA2A3E70B59B482DED020B8A
:10E220002DED068B079D25F00044A04218DC974891
:10E23000844202DC0AD1069840B19DED060BBDEC8C
:10E24000068B02B0BDE8704001F08AB8002DCCBF4B
:10E250009FED8F0B9FED900BBDEC068B02B070BD58
:10E260008F48A04215DD8F48A042D8BF4FF0FF3441
:10E2700058DD9DED060B51EC100BFFF70CFF042849
:10E2800008BF01F091F89DED060BBDEC068B02B0C6
:10E2900070BD9DED060B51EC100B02F0F8FFCDE9BF
:10E2A000060181489FED828BA0423CDD8248A0425E
:10E2B0001FDD00249FED82AB9DED060B53EC1A2B66
:10E2C00051EC100B06F0C4F89DED060B41EC190B58
:10E2D00053EC1A2B51EC100B06F0BCFC53EC182B32
:10E2E00006F0B4FF53EC192B06F0E4F9CDE9060172
:10E2F00049E09DED060B012453EC182B51EC100B5B
:10E3000006F0A6F89DED060B41EC190B53EC182B0B
:10E3100051EC100B06F09AFF53EC192B06F0CAF9DA
:10E32000CDE906012FE06848A0421FDD02249FEDE1
:10E33000689B9DED060B53EC192B51EC100B06F06E
:10E3400089FC53EC182B06F083F89DED060B41EC8D
:10E35000180B53EC192B51EC100B06F077FF53EC14
:10E36000182B06F0A7F9CDE906010CE09DED060B90
:10E37000032453EC102B9FED580B51EC100B06F0BF
:10E3800099F9CDE906019DED060B53EC102B51ECEC
:10E39000100B06F05FFC41EC180B53EC182B06F049
:10E3A00059FC41EC190B4E480621B0EE490AF0EE3B
:10E3B000690A784400F0C0FE53EC182B51EC100BA6
:10E3C00006F048FC41EC180B4648B0EE490AF0EE66
:10E3D000690A0521784400F0AFFE53EC192B51EC8B
:10E3E000100B06F037FC41EC100B51EC180B53EC02
:10E3F000102B002C0EDA06F02BF89DED061B53ECCB
:10E40000112B06F027FC9DED061B53EC112B06F09B
:10E41000F1FD35E006F01CF89DED061B53EC112BC9
:10E4200006F018FC41EC100B2F48784400EBC400B8
:10E4300090ED001B51EC100B53EC112B06F006FF76
:10E440009DED061B53EC112B06F000FF41EC100B69
:10E450002648784400EBC40090ED001B51EC100BF3
:10E4600053EC112B06F0C6FD41EC100B002DA2BFA2
:10E47000BDEC068B02B070BD51EC100B05F07AFEBE
:10E4800041EC100B01E70000000010440000F07F99
:10E49000182D4454FB21F93F182D4454FB21F9BF9A
:10E4A0000000DC3F0000203E0000F33F00000000C1
:10E4B000000000000000F03F0000E63F0000000008
:10E4C0000000000000000040008003400000000049
:10E4D000000000000000F83F000000000000F0BF56
:10E4E000BA8B0000708B0000FA8A0000B28A00002C
:10E4F00070B56B4E2DED040B2DED028B82B0DDF867
:10E500001CC0DDE905235C422CF000411C4341EABC
:10E51000D474049D22F00040B44205D86C422C43D0
:10E5200040EAD474B4420BD99DED061B9DED040B5B
:10E5300002B0BDEC028B04B0BDE8704000F01ABF21
:10E54000ACF14054A4F17F641C430BD0022404EAD4
:10E55000AC7444EAD27405439FED538B9FED542B6A
:10E5600007D015E09DED040B51EC100B01F0EAF91A
:10E5700042E0002C11BF012C9DED040B02B0BDEC5C
:10E58000028B04BF04B070BD022C38D0032C3BD0EA
:10E590000B439FED491B9FED4A0B0AD0B14218D1A6
:10E5A000B04209D121F0804120F0804007910590D0
:10E5B0000FE0002A15DA10E0434B7B44002C08BF23
:10E5C00093ED000B0DD0012C10D0022C17D0032C92
:10E5D0001AD0B0421DD1002A03DAB0EE410AF0EEA3
:10E5E000610A02B0BDEC028B04B070BD93ED000B6C
:10E5F00051EC100B05F0BEFD41EC100BF1E7B0EE55
:10E60000480AF0EE680AECE7B0EE420AF0EE620A61
:10E61000E7E7401A00153C28C8BF8DED000B19DC58
:10E62000BCF1000FBEBF10F13C0F9FED290B8DED2B
:10E63000000B0FDB9DED060B53EC102B9DED040B37
:10E6400051EC100B06F036F802F021FE01F07AF9D9
:10E65000CDE90001002C08BF9DED000BC1D0012CBD
:10E6600010D0022C9FED1C0B53EC102B9DED000BDA
:10E6700051EC100B0DD006F0E9FD53EC182B06F011
:10E68000E5FDB9E7019880F0004001909DED000B99
:10E69000A7E706F0DBFD53EC182B06F0ABFCABE76D
:10E6A0000000F07F00000000182D4454FB210940B9
:10E6B000182D4454FB2109C0182D4454FB21F9BFE7
:10E6C000182D4454FB21F93F5A8A00000000000035
:10E6D0000000000000000000075C143326A6A13CE7
:10E6E00010EE100A10B510EE901A4FF0684202EBCF
:10E6F00040032DED028BB3F1654F3CBF02EB4102AD
:10E70000B2F1654F7CD200BFC0F3C753C1F3C7520B
:10E710009A1A1B2A09DD10F0004F14BF9FED6E0AF4
:10E720009FED6E0ABDEC028B10BD12F11A0F1BDAC1
:10E7300011F0004F09D010F0004F0CBF9FED680A98
:10E740009FED680ABDEC028B10BD80EE208A18EEAA
:10E75000100AFFF7B8FC042808BF00F043FEB0EE33
:10E76000480ABDEC028B10BD4200B2EB410F37D915
:10E7700010F0004F19BFDFED5C1A9FED5C1ADFED62
:10E780005C1A9FED5C1AB0EE602A0A46F1EE400A70
:10E7900080F00041B0EE420A10460A1A5200B2F16F
:10E7A000807F34D2484010F0004FDFED532A9FEDB8
:10E7B000533A1DBFBEEE002A71EEE21A31EE431A43
:10E7C000B6EE002A04BF71EEA21A31EE031AF0EE83
:10E7D000402A42EE602A40EE020A82EEA02A18E0A9
:10E7E00011F0004F04BF9FED461AF0EE411AD4D04D
:10E7F00010F0004F1CBFDFED431A9FED431A00E0FD
:10E8000026E004BFDFED411A9FED411AC5E780EE17
:10E81000202A22EE020ADFED3F0ADFED3F2ABDEC9F
:10E82000028B40EE202ADFED3D0A40EE220ADFEDAA
:10E830003C2A40EE202ADFED3B0A40EE220A22EE7F
:10E84000000A00EE201A31EE020A30EE210A10BD55
:10E850004FF07F42B2EB400F28BFB2EB410F05D221
:10E86000BDEC028BBDE8104000F0B1BD40EA0103F1
:10E870005B0008BF41F0FF410BD0B2EB400F08BF77
:10E88000B2EB410F08D120F0804000EE100A21F0D9
:10E89000804100EE901A37E7B2EB400F12BF5FEAFB
:10E8A000410240F0FF4001F000413FF42DAF4A002B
:10E8B00092EA40033FF528AF002AACBF9FED1A1A39
:10E8C0009FED1A1A20EE010A60EE810A10EE100A7E
:10E8D00010EE901A18E70000DB0FC9BFDB0FC93F2D
:10E8E000DB0F4940DB0F49C00000C9BF22AAFDB9B8
:10E8F0000000C93F22AAFD390060ED3EC30ACE37B1
:10E9000000000000000049C022AA7DBA0000494072
:10E9100022AA7D3A2DAD65BD8FB8D53D0FB511BE8C
:10E9200061C84C3EA8AAAABE0000804F0000802FFC
:10E9300010B52F499FED2C1B2DED020B84B00598CF
:10E9400020F000408842D8BF9DED040B2DDD294901
:10E95000884209D1049840B94FF00100F2F7C5FC94
:10E9600000F012FD06B010BD05DB9DED040B00F0BC
:10E97000F7FC06B010BD68469DED040B00F008F9E9
:10E9800010F0030004BF9DED021B9DED000B0CD0A9
:10E9900001280ED09DED021B9DED000B022817D023
:10E9A000012000F045FC06B010BD00F00DFB06B0E4
:10E9B00010BD9DED021B9DED000B012000F038FC09
:10E9C00051EC100B05F0D6FB06B041EC100B10BD5E
:10E9D00000F0FAFA51EC100B05F0CCFB06B041EC5C
:10E9E000100B10BD0000000000000000000000003F
:10E9F000FB21E93F0000F07F2DED020B019820F094
:10EA0000004001909DED000B02B070470000000037
:10EA100010B52F499FED2C1B2DED020B84B00598EE
:10EA200020F000408842DCBF00209DED040B32DD69
:10EA30002849884209D1049840B94FF00100F2F703
:10EA400054FC00F0A1FC06B010BD05DB9DED040BED
:10EA500000F086FC06B010BD68469DED040B00F08A
:10EA600097F810F0030011D0012818D09DED021B7B
:10EA70009DED000B02281AD000F0A6FA51EC100B05
:10EA800005F078FB06B041EC100B10BD9DED021BAC
:10EA90009DED000B012000F0CBFB06B010BD9DEDFD
:10EAA000021B9DED000B00F08FFA06B010BD012097
:10EAB00000F0BEFB51EC100B05F05CFB06B041EC26
:10EAC000100B10BD0000000000000000000000005E
:10EAD000FB21E93F0000F07F00B52DED048BB0EE87
:10EAE000409AF0EE609A83B051EC190B06F0AAFA46
:10EAF00041EC180B18EE100A18EE901A8DED008BF1
:10EB0000002818BF0120084320F00040C0F17F60BA
:10EB100000F1E040C00F14D019EE101A19EE900A5F
:10EB20008DED009B002918BF0121084320F0004013
:10EB3000C0F17F6000F1E040C00F04BF0120F2F798
:10EB4000D4FBB0EE480A03B0F0EE680ABDEC048BCB
:10EB500000BD10B52DED028BB1EEC08A18EE100A83
:10EB600020F00040C0F1FF40C00F0AD010EE100AA4
:10EB700020F00040C0F1FF40C00F04BF0120F2F7B9
:10EB8000B4FBB0EE480ABDEC028B10BD00000000E3
:10EB90002DE9F14F04462DED020B2DED088B8AB0C7
:10EBA0009FEDE70B80ED020B139EE74826F0004532
:10EBB00085420ADC9DED120B002084ED000B0AB0AB
:10EBC000BDEC088B03B0BDE8F08FE0489FEDE0ABF3
:10EBD0009FEDE1BBA84247DDE14F9FEDE39B9FED39
:10EBE000E48B9DED120B53EC1A2B51EC100B002E05
:10EBF0001CDD06F02BFB41EC100BBD4208D053ECA2
:10EC00001B2B51EC100B06F021FBC4E900010BE0BB
:10EC100053EC192B51EC100B06F018FB53EC182B8E
:10EC200006F014FBC4E900010120C8E705F010FC60
:10EC300041EC100BBD4208D053EC1B2B51EC100BD8
:10EC400005F006FCC4E900010BE053EC192B51EC74
:10EC5000100B05F0FDFB53EC182B05F0F9FBC4E994
:10EC600000014FF0FF30AAE7C348A84279DB9DEDD1
:10EC7000120B51EC100B02F00AFB41EC180B9FED4C
:10EC8000C00B53EC102B05F0E5FF9FEDBF1B53ECC1
:10EC9000112B05F0DDFB05F005FF074605F066FFCB
:10ECA00041EC190B53EC1A2B05F0D4FF53EC182B45
:10ECB00006F0A0F941EC180B53EC1B2B51EC190B8F
:10ECC00005F0C8FFDFF8C8A241EC100B4FEA155859
:10ECD0000125FA4453EC102B51EC180B06F0B6FA50
:10ECE000032DC4E900013DD0C1F30A5005EB4511E5
:10ECF000A8EB00001139814234DA0AEB051BB0EEB3
:10ED000048AA9BED000BF0EE68AA53EC102B51ECD7
:10ED1000190B05F09FFF41EC1B0B51EC1A0B53EC48
:10ED20001B2B06F093FA41EC180B51EC1A0B53EC29
:10ED3000182B06F08BFA53EC1B2B06F087FA9BED91
:10ED4000020B41EC1A0B53EC102B51EC190B05F094
:10ED500081FF53EC1A2B06F079FA41EC100B6D1C75
:10ED6000B8E70EE0002EA8BF3846BFF628AF94EDF6
:10ED7000000B51EC100B05F0FDF9C4E900017842DD
:10ED80001DE7C6F3130040F4801EC6F30A50A0F23C
:10ED9000F530471100F01F05C5F12000DDF848B03F
:10EDA00008900020069007900520EC467949002D38
:10EDB00007EB0002794408BF51F8221009D051F83E
:10EDC000223001EB8201AB404A68089922FA01F136
:10EDD0001943A1FB0E26A1FB0B131A449A4234BF20
:10EDE0000123002303EB06080CEB8003D3E901A603
:10EDF0000E448E4234BF0121002192448A4411B155
:10EE0000924502D903E0924501D2012100E00021A0
:10EE1000C3E901A641444CF82010011EA0F10100F5
:10EE2000C4DC029800F10050850F0298DDE9036709
:10EE30008000DDF8148005F099FE41EC1A0B304695
:10EE400005F0B8FE9FED541B53EC112B05F002FFAB
:10EE500041EC1B0B384605F0ADFE9FED511B53EC0A
:10EE6000112B05F0F7FE41EC180B404605F0A2FE11
:10EE70009FED4D1B53EC112B05F0ECFE41EC190BF3
:10EE800051EC180B53EC192B05F0E2FA53EC1B2B49
:10EE900005F0DEFA53EC1A2B05F0DAFACDE9080199
:10EEA000002008909DED080B53EC1A2B51EC100B31
:10EEB00006F0CCF953EC1B2B06F0C8F953EC182BD9
:10EEC00006F0C4F953EC192B06F094F89FED381BAB
:10EED00053EC112B05F0BEFE9FED370B41EC180BE8
:10EEE00053EC102B9DED080B51EC100B05F0B2FE0E
:10EEF00053EC182B05F0ACFA9FED310B41EC180BDD
:10EF000053EC102B9DED080B51EC100B05F0A2FEFD
:10EF100053EC182B05F09CFA41EC100B139810F0F1
:10EF2000004F06D06D4251EC100B05F023F941EC77
:10EF3000100B284684ED000B41E6000000000000A5
:10EF40000000000000000000FB21E93F7CD90240E6
:10EF500000004054FB21F93F3163621A61B4D03D97
:10EF6000FB21F93F000000000000601A61B4D03DB1
:10EF70007370032E8A19A33BFB2139410000000066
:10EF800083C8C96D305FE43F000000000000E03F2F
:10EF90004A83000098820000000000000000103E3C
:10EFA000000000000000103C000000000000103ACB
:10EFB000182D4454FB21F93D3326A611460B113C74
:10EFC00000000054FB21F93D10B52DED040B2DED93
:10EFD000088B82B0B0EE419AF0EE619A0B9820F067
:10EFE00000449FED4BABB4F1795F11DA9DED0A0B54
:10EFF00051EC100B05F056FD002801BFB0EE4A0A97
:10F00000F0EE6A0A02B0BDEC088B04BF04B010BD7C
:10F010009DED0A0B53EC102B51EC100B05F01AFE72
:10F0200041EC180B3C480621B0EE480AF0EE680AA5
:10F03000784400F081F853EC182B51EC100B05F0DC
:10F0400009FE9DED0A0B41EC1B0B53EC192B51EC07
:10F05000100B05F0FFFD41EC190B53EC1B2B51EC91
:10F06000180B05F0F7FD53EC192B06F0EFF89FEDA8
:10F070002C0B41EC190B53EC102B51EC180B05F039
:10F08000E9FD41EC100B2848844210DA53EC192BAF
:10F0900051EC100B06F0DAF853EC1A2B05F0AAFF2E
:10F0A00041EC100B02B0BDEC088B04B010BD1F4842
:10F0B000A042BCBF9FED1E1B8DED001B06DBA4F51F
:10F0C00000100190002000909DED001B51EC100BF2
:10F0D00053EC112B06F0BAF89DED000B41EC180B28
:10F0E00053EC102B51EC1A0B06F0B0F841EC1A0B54
:10F0F00053EC192B51EC180B06F0A8F853EC1A2B13
:10F1000005F078FF41EC100BCCE700000000000098
:10F11000000000000000F03FB47F0000000000008D
:10F12000000000000000E03F3333D33F0000E93F20
:10F13000000000000000D23F70B504462DED028BA8
:10F140004D1E00EBC500B0EE408AF0EE608A90EDF7
:10F15000000B35F0060017D053EC182B51EC100BB8
:10F1600005F078FD41EC100B6D1E04EBC50090ED31
:10F17000001B51EC100B53EC112B05F069F941EC1D
:10F18000100B35F00600E7D1022D36D0042D1CD02F
:10F19000062D1CBFBDEC028B70BD53EC182B51EC3F
:10F1A000100B05F057FD94ED0A1B53EC112B05F0E5
:10F1B0004FF953EC182B05F04DFD94ED081B53EC63
:10F1C000112B05F045F941EC100B53EC182B51ECC9
:10F1D000100B05F03FFD94ED061B53EC112B05F0D1
:10F1E00037F953EC182B05F035FD94ED040B53EC77
:10F1F000102B05F02DF941EC100B53EC182B51ECB2
:10F20000100B05F027FD94ED021B53EC112B05F0BC
:10F210001FF953EC182B05F01DFD94ED001B53EC6A
:10F22000112B05F015F9BDEC028B41EC100B70BDF4
:10F2300031B504462DED040B2DED0A8BB0EE41BA2D
:10F24000F0EE61BA0B989DED0A0B20F00040B0F192
:10F25000795F0DDA51EC100BFEF71DFF042808BF93
:10F2600000F0A2F89DED0A0BBDEC0A8B05B030BD95
:10F2700053EC102B51EC100B05F0ECFC41EC180B8F
:10F280009DED0A0B53EC182B51EC100B05F0E2FC32
:10F2900041EC190B2C48B0EE480AF0EE680A052143
:10F2A0007844FFF749FF9FED2ACBB0EE40AAF0EE7D
:10F2B00060AA9CB353EC1C2B51EC190B05F0CAFC53
:10F2C00041EC1C0B53EC1A2B51EC190B05F0C2FC52
:10F2D0009FED210B41EC190B53EC102B51EC1B0B48
:10F2E00005F0B8FC53EC192B05F0B0FF53EC182BCC
:10F2F00005F0B0FC53EC1B2B05F0A8FF53EC1C2BC6
:10F3000005F0A4FF9DED0A1B53EC112B05F072FED6
:10F31000BDEC0A8B05B041EC100B30BDFFE753ECA0
:10F320001A2B51EC180B05F095FC53EC1C2B05F037
:10F330008FF853EC192B05F08DFC9DED0A1B53EC57
:10F34000112B05F085F8E3E7447E00000000000083
:10F35000495555555555C5BF000000000000E03F18
:10F3600010B553EC102B51EC100B05F071F841EC7B
:10F37000100B10BD10B553EC112B51EC100B05F018
:10F3800067F841EC100B10BD9FED050B10B553EC69
:10F39000102B51EC100B05F08DF941EC100B10BD4A
:10F3A00000000000000000009FED050B10B553ECBD
:10F3B000102B51EC100B05F04DFC41EC100B10BD67
:10F3C000000000000000001030EE000A704730EE30
:10F3D000200A7047DFED020A80EEA00A70470000A5
:10F3E000000000009FED020A20EE000A70470000B6
:10F3F0000000001030380A2801D201207047002098
:10F400007047000010B50C4C010E2170C0F307428C
:10F4100012FB01F26280C0F3072313FB01F3A38008
:10F42000C0B210FB01F0E08004490C68606308681A
:10F4300083630868C26310BD74070020B012002007
:10F4400070B52DED028B8AB005460C4616460DB1FF
:10F4500004B11EB90AB0BDEC028B70BD94ED000A78
:10F46000B5EEC00AF1EE10FA0DD194ED010AB5EE39
:10F47000C00AF1EE10FA06D194ED020AB5EEC00A08
:10F48000F1EE10FA7DD09FED600AB0EE408A0020C8
:10F490000790089009900490059006905B4A07CA6F
:10F4A00001AB07C395ED010AD5ED030A20EE200A52
:10F4B000D5ED000A95ED021A00EEC10AF0EE000A41
:10F4C00020EE200A8DED070A95ED000AD5ED010A20
:10F4D00020EE200AD5ED020A95ED031A00EE810A0E
:10F4E000F0EE000A20EE200A8DED080A95ED000AE4
:10F4F00020EE000AD5ED030A95ED031A00EE810A0D
:10F50000F7EE000AB0EE001A51EE000ACDED090A3E
:10F5100001AB22463146284600F07AF8D4ED000AC5
:10F5200060EEA00A94ED011AD4ED011A41EE210A11
:10F5300094ED021AD4ED021A41EE210AB0EE600AEF
:10F54000F3F7FAFDB0EE408A94ED000A20EE080AC7
:10F5500084ED000A94ED010A20EE080A84ED010A08
:10F5600094ED020A20EE080A84ED020A94ED010AE5
:10F57000DDED090A20EE200AD4ED020A9DED081AFD
:10F5800000E03EE000EEC10A8DED040A94ED020AAF
:10F59000DDED070A20EE200AD4ED000A9DED091AE0
:10F5A00000EEC10A8DED050A94ED000ADDED080AB2
:10F5B00020EE200AD4ED010A9DED071A00EEC10AE3
:10F5C0008DED060A96ED000ADDED010A9DED041AA7
:10F5D00000EE810A86ED000A96ED010ADDED020AD1
:10F5E0009DED051A00EE810A86ED010A96ED020AEC
:10F5F000DDED030A9DED061A00EE810A86ED020A92
:10F6000000BF00BF26E7000000000000F866010808
:10F610002DE9F0412DED048B07460D4614461E469C
:10F620009FED580AB0EE409A9FED560AB0EE408A20
:10F630009FED540AF0EE408AD4ED000A60EEA00A75
:10F6400094ED011AD4ED011A41EE210A94ED021A4B
:10F65000D4ED021A41EE210AB0EE600AF3F76CFD18
:10F66000F7EE000A80EE801AB0EE419AD5ED000A5E
:10F67000B0EE600AF3F7F2FBF0EE409AD5ED010A26
:10F68000B0EE600AF3F7EAFB79EE809AD5ED020A54
:10F69000B0EE600AF3F7E2FB39EE800AF0EE408A42
:10F6A0003948D0ED000A79EE600AB0EE600AF3F74F
:10F6B000D5FBB0EE408A9FED350AB4EEC08AF1EE7C
:10F6C00010FA06DC9FED320AF4EEC08AF1EE10FA71
:10F6D00053DD9FED2C2AB0EE420A9FED2A2AF0EE70
:10F6E000421AB7EE002AF0EE420A9FED262AB0EE4B
:10F6F000421AB5EEC08AF1EE10FA05DD9FED232A1D
:10F70000C2EE082AB0EE620A9FED222AB4EEC20AC7
:10F71000F1EE10FA03D29FED1B2AB0EE420AF5EE8D
:10F72000C08AF1EE10FA05DD9FED192AC2EE282AF3
:10F73000F0EE621AB7EE002AB4EEC20AF1EE10FA49
:10F7400003D220EE802AF0EE420AB7EE002AF4EE51
:10F75000C21AF1EE10FA03D220EEA12AF0EE420A0C
:10F760009FED0D2A20EE822AB0EE421A86ED001A95
:10F7700086ED011A86ED021A00BFBDEC048BBDE8D0
:10F78000F08100000000000018080020CDCCCC3D26
:10F790008FC2F53D9A99993ECDCC4C3E10B50446AA
:10F7A0000C48016001214160002181600146204632
:10F7B000F5F728FF08B1F5F7E5FB2046F6F7ACF8BA
:10F7C0000A212046F6F744F82046F5F7D5FF80B227
:10F7D00010BD0000E039002010B52DED048B86B07F
:10F7E0000446B0EE408AF0EE608AB0EE419A002006
:10F7F000039004900590009001900290B0EE000AF2
:10F80000C8EE000AF0EE609AB0EE690AF3F724FB46
:10F810008DED030AB0EE000AC8EE800AF0EE609AA1
:10F82000B0EE690AF3F718FB8DED040AB0EE000A9A
:10F83000C9EE000AF0EE609AB0EE690AF3F70CFB2D
:10F840008DED050AB0EE000AC8EE000AF0EE609AEF
:10F85000B0EE690AF3F77AFC8DED000AB0EE000A0B
:10F86000C8EE800AF0EE609AB0EE690AF3F76EFC1B
:10F870008DED010AB0EE000AC9EE000AF0EE609AC2
:10F88000B0EE690AF3F762FC8DED020A9DED050A00
:10F89000DDED040A20EE200ADDED030A20EE200A49
:10F8A000DDED020A9DED011A60EE810A9DED001A60
:10F8B00000EE810A84ED000A9DED020ADDED040AE6
:10F8C00020EE200ADDED030A20EE200ADDED050A18
:10F8D0009DED011A60EE810A9DED001A00EEC10A4D
:10F8E00084ED010A9DED050ADDED010A20EE200AF6
:10F8F000DDED030A20EE200ADDED020A9DED041A7B
:10F9000060EE810A9DED001A00EE810A84ED020A84
:10F910009DED050ADDED040A20EE200ADDED000A6A
:10F9200020EE200ADDED020A9DED011A60EE810A4B
:10F930009DED031A00EEC10A84ED030A06B0BDEC8A
:10F94000048B10BD10B541EC100BFEF765FC51ECBB
:10F95000100B10BD4FF47A7002F04CFB02F086F8E9
:10F96000064C01F0ADFD84ED000A00F05FFB84ED74
:10F97000010A642002F03EFBF3E700009C02002035
:10F98000F8B5002000900024F3F788FC8020F3F7FE
:10F99000FDFD5520F3F7FAFD5520F3F7F7FD009034
:10F9A000F3F774FC9620F3F7DAFCF3F777FC80208A
:10F9B000F3F7ECFD5520F3F7E9FD5520F3F7E6FDED
:10F9C0000090F3F763FC9620F3F7C9FCF3F766FCAD
:10F9D000B6217E20F3F702FEF3F758FC5020F3F730
:10F9E000BCFCF3F75BFC8020F3F7D0FD5520F3F768
:10F9F000CDFD5520F3F7CAFD0090F3F747FC9620A4
:10FA0000F3F7ADFCF3F74AFC8020F3F7BFFD552078
:10FA1000F3F7BCFD5520F3F7B9FD0090F3F736FC82
:10FA20009620F3F79CFC9DF800001E2801D0FF20D3
:10FA3000F8BD194FF3F732FC04EB4405EE19785D7D
:10FA40007178F3F7CBFDF3F721FC9620F3F787FCF1
:10FA5000F3F724FC785D40F08000F3F797FD552024
:10FA6000F3F794FD5520F3F791FD0090F3F70EFCAA
:10FA70009620F3F774FC70789DF80010884204D04B
:10FA800004EB440038448078F8BD641CE4B2062CD2
:10FA9000D0D30020F8BD000078030020F0B587B077
:10FAA00000200290039001900024F3F7F7FB8020E0
:10FAB000F3F76CFD5520F3F769FD5520F3F766FD6C
:10FAC0000190F3F7E3FB9620F3F749FCF3F7E6FB2D
:10FAD0008020F3F75BFD5520F3F758FD5520F3F731
:10FAE00055FD0190F3F7D2FB9620F3F738FCF3F7BE
:10FAF000D5FBB6217E20F3F771FDF3F7C7FB50204D
:10FB0000F3F72BFCF3F7CAFB8020F3F73FFD5520FA
:10FB1000F3F73CFD5520F3F739FD0190F3F7B6FB01
:10FB20009620F3F71CFCF3F7B9FB8020F3F72EFDCA
:10FB30005520F3F72BFD5520F3F728FD0190F3F73F
:10FB4000A5FB9620F3F70BFC9DF804001E2802D0BD
:10FB5000FF2007B0F0BD7C4FF3F7A0FB04EB44059A
:10FB6000EE19785D7178F3F739FDF3F78FFB962086
:10FB7000F3F7F5FBF3F792FB785D40F08000F3F7C5
:10FB800005FD5520F3F702FD5520F3F7FFFC01902A
:10FB9000F3F77CFB9620F3F7E2FB70789DF80410F6
:10FBA000884204D004EB440038448078D1E75020E8
:10FBB000F3F7D3FB641CE4B2042CCDD30024F3F799
:10FBC0006DFB201D00EB4005EE19785D7178F3F7B1
:10FBD00005FDF3F75BFB9620F3F7C1FBF3F75EFB44
:10FBE000785D40F08000F3F7D1FC5520F3F7CEFCB0
:10FBF0005520F3F7CBFC0190F3F748FB9620F3F781
:10FC0000AEFB70789DF80410884205D0241D04EBEB
:10FC10004400384480789CE75020F3F79EFBF3F7CC
:10FC20003DFB9220F3F7B2FC062202A91220F3F763
:10FC30008FFCF3F72BFB9DF8090004AA01029DF845
:10FC40000800014304EB440022F810109DF80B104B
:10FC50009DF80A3002EB400043EA012141809DF803
:10FC60000D109DF80C2042EA01218180641CE4B251
:10FC7000022CA4D3F3F712FB00216D20F3F7AEFCA6
:10FC8000F3F704FB9620F3F76AFBF3F707FBED208D
:10FC9000F3F77CFC5520F3F779FC5520F3F776FC5D
:10FCA0000190F3F7F3FA9620F3F759FB9DF804005F
:10FCB00008B104204DE7F3F7F1FAB6217E20F3F7FF
:10FCC0008DFCF3F7E3FA5020F3F747FBBDF9100082
:10FCD000BDF91610411A40F2555081420EDBBDF9B4
:10FCE0001210BDF91820891A814207DBBDF91400F2
:10FCF000BDF91A10401AB0F52A7F01DA802028E7F2
:10FD0000F3F7CCFA8020F3F741FC5520F3F73EFCE3
:10FD10005520F3F73BFC0190F3F7B8FA9620F3F780
:10FD20001EFBF3F7BBFA8020F3F730FC5520F3F706
:10FD30002DFC5520F3F72AFC0190F3F7A7FA962043
:10FD4000F3F70DFB002004E72C5E0108F8B5002452
:10FD500000200090F3F7B4FA69460020F3F70AFC9C
:10FD6000F3F7A6FA9620F3F7FAFAF3F7A9FA694639
:10FD70000020F3F7FFFBF3F79BFA9620F3F7EFFA77
:10FD8000F3F79EFAB6211420F3F728FCF3F790FA64
:10FD90005020F3F7E2FAF3F793FA69460020F3F7FD
:10FDA000E9FBF3F785FA9620F3F7D9FAF3F788FA27
:10FDB00069460020F3F7DEFBF3F77AFA9620F3F7B3
:10FDC000CEFA9DF800000F2801D0FF20F8BD154F96
:10FDD000F3F776FA04EB4405EE19785D7178F3F7E2
:10FDE000FDFBF3F765FA9620F3F7B9FAF3F768FA33
:10FDF000785D6946F3F7BEFBF3F75AFA9620F3F7FE
:10FE0000AEFA70789DF80010884204D004EB4400EC
:10FE100038448078F8BD641CE4B2062CD8D30020A6
:10FE2000F8BD00008A03002038B5002000900024AF
:10FE3000F3F746FA69460020F3F79CFBF3F738FA2C
:10FE40009620F3F78CFAF3F73BFA69460020F3F7B4
:10FE500091FBF3F72DFA9620F3F781FAF3F730FAD6
:10FE6000B6211420F3F7BAFBF3F722FA5020F3F788
:10FE700074FAF3F725FA69460020F3F77BFBF3F7F2
:10FE800017FA9620F3F76BFAF3F71AFA694600208F
:10FE9000F3F770FBF3F70CFA9620F3F760FAF3F739
:10FEA0000FFA01213C20F3F799FBF3F701FA5020F8
:10FEB000F3F753FAF3F704FA69463C20F3F75AFBD9
:10FEC000F3F7F6F99620F3F74AFA641CE4B29DF8CA
:10FED0000000800701D40A2CECD30A2C05D09DF831
:10FEE0000000400703D5402038BD402038BD002029
:10FEF00038BD000018B5374B984201D1364A03E0AF
:10FF0000364B984200D1364A106843681B050BD522
:10FF1000536B13B11B685B6823B9936B23B11B68E8
:10FF20005B680BB1012018BD002309E05B1C9BB28C
:10FF3000642B05D9016841F400710160002018BDEF
:10FF40008469A407F2D4036823F400630360106893
:10FF5000036843F4807303600020136809E0401CC9
:10FF600080B2642805D9186840F400701860002039
:10FF700018BD5C69E407F2D001F0FE0018610021B1
:10FF80004FF4FA73106809E0491C89B2994205D907
:10FF9000016841F400710160002018BD42699207B8
:10FFA000F2D5416981690091002109E0491C89B2BB
:10FFB000994205D9016841F400710160002018BD23
:10FFC00042691206F2D5016841F400710160012016
:10FFD00018BD000000540040A40F0020005800404D
:10FFE000F80F002038B5084D6424A84204D1074812
:10FFF0000094F6F7B9FF38BD054DA842FBD105487E
:020000040801F1
:100000000094F6F7B1FF38BD00540040A40F002063
:1000100000580040F80F0020024900200968C8631A
:1000200070470000681200207047000060EE000A70
:1000300020EE801A10EE100A23499FED242AF7EED5
:10004000002A884202DAB0EE420A2DE010EE100AD1
:100050001F49884210DADFED1F1A21EE211ADFED69
:100060001E1A00EEE11ADFED1D0A00EE201A9FEDC8
:100070001C0A31EE400A17E010EE100A19498842B6
:1000800010DADFED191A21EE211ADFED181A00EE51
:10009000E11ADFED170A00EE201A9FED160A31EE85
:1000A000400A01E0B0EE620AB5EEC00AF1EE10FAC5
:1000B00002D2B0EE420A704710EE100AB0F17E5F35
:1000C000F9DDB0EE620A704700009C4100000000BC
:1000D0003333AF411399B93BFB5CAD3EE17AD84075
:1000E00014AE34420000CC4161E0B93C46B6D33F87
:1000F000295C21423333A44310B504462DED028B15
:10010000D03454F8900C05F0A3FB41EC100BFEF733
:100110000FFC9FED401B51EC100B53EC112B04F026
:1001200099FD41EC180B54F85C0C05F091FB53EC75
:10013000182B05F08BF804F029F86067A06805F02B
:1001400087FB41EC100BFEF7F3FBB0EE408AF0EEBC
:10015000608A54F80C0C05F07BFB53EC182B04F070
:1001600079FD41EC180B606F05F072FB53EC182B16
:1001700005F06CF804F00AF8A067A06805F068FBC9
:1001800041EC100BFEF744FCA06805F061FB41EC6C
:10019000100BFEF73DFCA06805F05AFB41EC100B7C
:1001A000FEF7C6FBA06905F053FB41EC100BFEF710
:1001B000BFFBB0EE408AF0EE608A54F8080C05F000
:1001C00047FB53EC182B04F045FD41EC180B606F16
:1001D00005F03EFB53EC182B05F038F803F0D6FF82
:1001E000E067A06905F034FB41EC100BFEF710FC52
:1001F000A06905F02DFB41EC100BFEF709FCA0698E
:1002000005F026FBBDEC028B41EC100BBDE8104065
:10021000FEF78EBB000000A0999923402DE9F8431A
:1002200000250026DFF87890DFF8788005EB850060
:1002300000EBC50707EB08042079D4F8051000F09F
:100240007F0206EB090001F070F8207900F07F00D2
:1002500006EB800086B20122694606EB090001F038
:1002600064F89DF8000008F807009DF80100607030
:100270009DF80200A0709DF80300E070361DB6B234
:10028000552806D0D4F8090018B1207940F0800034
:1002900020716D1CEDB2052DC8D3BDE8F8830000B8
:1002A00000000A08242200200120704710B50A46E9
:1002B00001460C30002A03D0012A05D0002010BDD1
:1002C000F9F75AFB002010BD0D4AF9F723FB0C4843
:1002D00044F6206208380189914208D90021018141
:1002E000FFF79AFE2420FBF731FA012010BDFBF73F
:1002F0004BFA42F210715F20FFF796FE002010BD0E
:100300004402002000290BD0002101702821C17077
:1003100043F23901A0F80110024941600120704701
:10032000012070470000B0412DE9F04100201A4B38
:100330001A4D03F1240403F1100600EB800101EBD8
:10034000C00129441F5C0A7967F306020A7156F856
:100350002020C1F8052054F82020C1F80920401CB5
:10036000C0B20528E9D3FFF759FF002404EB84004D
:1003700000EBC4002844C178552906D1D0F80920E3
:100380001AB156F8240000219047641CE4B2052CF1
:10039000ECD3BDE8F08100005802002024220020A8
:1003A00000B58BB0012109910020079008910190C0
:1003B0000290039004900690059001A90C48F5F76F
:1003C000C9FB0B48F6F775F902210948F5F738FB28
:1003D0000E200A90069001A90648F5F7BBFB0548D8
:1003E000F6F767F902210348F5F72AFB0BB000BDC9
:1003F000540F00207C0F00202DE9F04104462DED24
:10040000088B002C7ED020786070A078E070207976
:100410006071A079E071207A6072A07AE072607DEC
:10042000A075E07D2076607BA073E07B207494F85B
:10043000E80584F8E90594F8100684F8110694F8A4
:10044000380684F8390694F8600684F8610694F852
:10045000880684F8890694F8B80684F8B906D4F8B2
:10046000E40504F5806590ED010AD5ED7D0A70EE96
:10047000600AB3EE0E0A70EE800AC5ED7B0AD4F86E
:100480000C1695ED871AD1ED010A70EEC10A70EED7
:10049000C00AC5ED850AD4F8342695ED911AD2ED3F
:1004A000010A70EEC10A70EEC00AC5ED8F0AD4F8D9
:1004B0005C3695ED9B1AD3ED010A70EEC10A30EE61
:1004C000800A85ED990A90ED020A85ED7E0A91ED8C
:1004D000020A85ED880A92ED020A85ED920A93EDF3
:1004E000020A85ED9C0AD5ED800A9FEDFE0AD0ED4B
:1004F000031A20EE801ADFEDFC0A01EEA01A85ED4A
:10050000801A00E0A5E295ED8A1AD1ED031A21EEDA
:10051000001A01EEA01A85ED8A1A95ED941AD2ED13
:10052000031A21EE001A01EEA01A85ED941A95ED3A
:100530009E1A21EE000A93ED031A01EE200A85EDC2
:100540009E0A95EDA60A85EDA50AD5EDB20AC5ED80
:10055000B10AD4F8846696ED03AA85EDA6AAD4F86C
:10056000B476D7ED038AC5EDB28A207BB7EE008A58
:1005700001282FD030EE4A0ADC48DD4910EE102A5F
:10058000824206DD95EDA70A30EE080A85EDA70A3E
:1005900009E010EE102A8A4205D995EDA70A30EE3F
:1005A000480A85EDA70A30EEE80A10EE102A8242CA
:1005B00006DD95EDB30A30EE480A85EDB30A09E091
:1005C00010EE100A884205D995EDB30A30EE080AFC
:1005D00085EDB30AD5F8900205F03AF941EC190B14
:1005E0009FEDC4BAD5EDA70A8AEE0B0A30EE200AB9
:1005F00010EE100A05F02CF99FEDBFAB53EC1A2B4F
:1006000004F028FB53EC192B04F020FE03F0BEFD90
:100610000BEE900AC5EDA3BAD5F8C00205F018F9A3
:100620003BEE680A41EC190BC0EE0B0A95EDB30ADC
:1006300030EE800A10EE100A05F00AF953EC1A2B7E
:1006400004F008FB53EC192B04F000FE03F09EFDB0
:1006500000EE100A85EDAF0A3BEE800AF6EE008A46
:1006600020EE280A84ED4A0AB6F9040000EE100ACA
:10067000B8EEC00A9FEDA29A20EE090ADFEDA10AAA
:10068000F2EE041A20EE200A80EE212A9FED9E1A37
:1006900082EE010A85EDA80AB7F90400404202EE95
:1006A000100AB8EEC22A22EE092A62EE200A80EE73
:1006B000A12AC2EE010AC5EDB40A30EE200A20EEEE
:1006C000280A84ED4E0A2046F4F7D0FC95EDA90ADD
:1006D000D5EDB50A30EE200A20EE280A84ED4F0A47
:1006E00094ED4A0A84ED4B0AD5ED881A95ED851AEA
:1006F000D5ED7E0A95ED7B0A01212046F4F70AFD2F
:10070000D5ED921A95ED8F1AD5ED9C0A95ED990AC3
:1007100000212046F4F7FEFCD4F8940290ED020A82
:1007200084ED140A90ED010A84ED150A90ED000A9B
:1007300084ED160AD4F8980290ED000A84ED1B0AA5
:1007400090ED010A84ED1C0A90ED020A84ED1D0A69
:10075000D4F8900290ED000ADFED6C8AB0EE681AD2
:10076000DFED6B9AF0EE690A01F0EAFA84ED0D0A0A
:10077000D4ED0E0A674E70EE601AC6ED1E1A11EE29
:10078000900A6549884206D9D4ED130A70EE880AAA
:10079000C4ED130A0AE011EE900A6049884205DDB3
:1007A000D4ED130A70EEC80AC4ED130A94ED131ABF
:1007B000F0EE400A41EE090AC4ED0F0A84ED0E0A7C
:1007C000D4F89002B0EE681AF0EE690A90ED010AD2
:1007D00001F0B6FA84ED100AD4F89002D0ED020AC6
:1007E000C4ED110AD4ED360A70EEC00AC4ED360A23
:1007F000D4ED3A0A30EEC00A84ED3A0A94ED270AA5
:10080000D4ED280A30EE600A9FED459AC0EE090A41
:10081000C4ED2B0A94ED290AD4ED2A0A30EE600AC1
:10082000C0EE090AC4ED2C0A2046F9F72FFFD4EDDB
:100830002B1A94ED2D0A31EEC00A80EE092A96EDAE
:10084000060A94ED331A78EE400A20EE811A00EE83
:10085000021A84ED311A94ED2C2AD4ED2E2A32EEB0
:10086000623AC3EE092A94ED343A60EE830A40EE10
:10087000220AC4ED320A94ED360A84ED370A94ED6B
:100880003A0A84ED3B0A94ED270A84ED280A94ED98
:10089000290A84ED2A0AC4ED2D1A84ED2E2A84ED4E
:1008A000331AC4ED340AD4F8200590ED030A85ED1F
:1008B000710A184D803585ED068AD4F89C0290EDBA
:1008C000000A85ED030A90ED018A85ED048AB5EEF4
:1008D000C00AF1EE10FA39D1B5EEC08AF1EE10FA85
:1008E00025DD1FE03333733FCDCC4C3D0000324358
:1008F000000032C30000B443FA28232E008DDC3FF1
:10090000DB0FC9407368913D00007042DB0F494026
:10091000DB0F49C030000020DB0F49C0DB0F49402E
:100920006F12033B9FED4D0A85ED020A25E0B5EEFF
:10093000C08AF1EE10FA04D29FED490A85ED020A51
:100940001BE09FED480A85ED020A16E010EE100A42
:1009500004F07EFF41EC190B18EE100A04F078FF4A
:1009600041EC100BB0EE491AF0EE691AFDF7C0FD2C
:1009700051EC100B03F00AFCA86095ED030AB5EEEC
:10098000C00AF1EE10FA1CDB60EE000A95ED040AD5
:1009900040EE000A10EE900A04F05AFF41EC100BF2
:1009A000FEF79AF851EC100B03F0F0FB00EE100A82
:1009B000B2EE041AFAEE040A00F0D2FC85ED050A44
:1009C0001DE060EE000A95ED040A40EE000A10EE0C
:1009D000900A04F03DFF41EC100BFEF77DF851EC5E
:1009E000100B03F0D3FB00EE100AB2EE041AFAEE7D
:1009F000040A00F0B5FCB1EE400A85ED050A95ED5C
:100A0000050AD5ED060A20EE200A85ED050A1648EE
:100A100003E030EE680A85ED020A95ED020A10EE59
:100A2000101A8142F5DC114903E030EE280A85ED09
:100A3000020A95ED020A10EE100A8842F5D895EDEB
:100A4000020ADFED0B0A20EE200AC0EE280AC5EDEF
:100A5000010ABDEC088BBDE8F0810000DB0FC93F47
:100A6000DB0FC9BF00000000DB0FC93FDB0FC9BFB0
:100A7000000034432DE9F04104462DED048B002C99
:100A80007DD04FF4FA6002F055FCF8F762FBFAF7FC
:100A90005BFB012002F04EFC002000F071FCC4F86A
:100AA000E405012000F06CFCC4F80C06022000F004
:100AB00067FCC4F83406032000F062FCC4F85C064E
:100AC000002000F067FCC4F88406012000F062FCFE
:100AD000C4F8B40600F05AFCC4F8900200F014FD0B
:100AE000C4F8940200F062FCC4F8980200F05AFCCA
:100AF000C4F89C020127677027700026E670A67074
:100B00006771277184F8E96584F8E86584F81166EF
:100B100084F8106684F8396684F8386684F861666B
:100B200084F8606684F8896684F8886684F8B96613
:100B300084F8B866D4F8E40504F5806590ED010A00
:100B400085ED7D0AD4F80C16D1ED010AC5ED870AB2
:100B5000D4F8342692ED011A85ED911AD4F85C365A
:100B6000D3ED011AC5ED9B1A90ED012A32EE402A11
:100B7000B3EE0E0A32EE002A85ED7B2A00E0C1E0DA
:100B800091ED012A72EE600A70EEC00AC5ED850A89
:100B9000D2ED010A70EEC10A70EE800AC5ED8F0A2F
:100BA000D3ED010A70EEE10A30EEC00A85ED990A34
:100BB000D5EDA60A9FED559A80EE890A10EE100A2F
:100BC00004F046FE9FED528B53EC182B04F042F8D4
:100BD00003F0DCFAC5F8900295EDB20A79EE400A0E
:100BE00080EE890A10EE100A04F032FE53EC182B46
:100BF00004F030F803F0CAFAC5F8C0029FED460AC7
:100C000084ED8B0ADFED450AC4ED8C0A9FED441A92
:100C100084ED8D1ADFED431AC4ED8E1A9FED422A42
:100C200084ED8F2A9FED412A84ED902ADFED402A42
:100C3000C4ED912ADFED3F2AC4ED922ADFED3E2A72
:100C4000C4ED932A9FED3D3A84ED943A9FED3C3AF2
:100C500084ED953ADFED3B3AC4ED963A84ED970A80
:100C6000C4ED980A84ED991AC4ED9A1A9FED360ADC
:100C700084ED9B0A84ED9C2A9FED340A84ED9D0A45
:100C80009FED330A84ED9E0AC4ED9F2A9FED310A41
:100C900084EDA00A84EDA13A9FED2F0A84EDA20A0B
:100CA000F6EE000AB1EE080A2C4A002104F5826033
:100CB000FAF7E8FC9FED2A8ADFED2A8A274AF0EE50
:100CC000480AB0EE680A0C32002104F58B60FAF78E
:100CD000D9FC224AF0EE480AB0EE680A0C32002134
:100CE00004F59460FAF7CEFC2046F4F74DF920465F
:100CF000F9F758FC2046F9F7DBFB27732046FFF78E
:100D00007BFB2673BDEC048BBDE8F0810000B4438F
:100D1000FA28232E008DDC3FB515FB3DD578E9BFC1
:100D200017D4B7BD3333634024B97CBE33C4313DDF
:100D3000ED64703DA2451E400F0B25BF068199C092
:100D400031081C40BDE053BB24B97C3EED6470BD4E
:100D5000A2451EC006819940BDE0533B605D01087D
:100D60008FC2F53C000020422DE9F05F04462DEDD6
:100D7000028B002C7ED02078012538B960780128BC
:100D800004D1A57094ED0F0A84ED1E0AA078002608
:100D9000984F4FF0020A4FF003094FF00408012862
:100DA00012D1206C04F054FD41EC100BFDF724FE31
:100DB0009FED911B51EC100B53EC112B03F00EFF28
:100DC00002D284F802A04CE0A078022802D00328C6
:100DD00003D005E084F8029043E02178012904D093
:100DE0009FED878B042810D03BE0387850B994ED04
:100DF000240AD7ED120A7F4830EE200A803080EDB9
:100E0000070A3D7084F802802BE094ED270AD7EDA5
:100E10000F0A30EE600A10EE100A04F019FD41ECE2
:100E2000100BFDF7E9FD53EC182B51EC100B03F000
:100E3000D5FE14D394ED290AD7ED0F0A30EE600ADF
:100E400010EE100A04F004FD41EC100BFDF7D4FD88
:100E500053EC182B51EC100B03F0C0FE01D2A6701E
:100E60003E7020794FF0060B032808D161790329E1
:100E700005D000E026E0A5712672667604E003281E
:100E800002D0A67184F808B0A07905215E4A022834
:100E90001CD001284AD084F808B0E07D012811D187
:100EA000786B5A4988420DDBD7ED090AB6EE001A75
:100EB00094ED140A70EEC10AB4EEE00AF1EE10FAF5
:100EC00000D8E675BDEC028BBDE8F09F207A10B12A
:100ED000032803D00BE084F80890DEE7DFF830C188
:100EE000D4F89C30634502DC84F80880D5E70428F8
:100EF00007D1DFF820C1D4F89C30634501DB2172B3
:100F0000CBE7052805D1D4F89C10914201DC25726D
:100F1000C3E7012803D1E17B09B9617B19B1062838
:100F2000BBD12672B9E784F808B0B6E7207A072863
:100F3000B3D2DFE800F0054A0B04223B5B00ACE7CC
:100F400084F808A002F01CFFE061A6E72046F3F752
:100F500029FC30B1657684F8088002F011FF206228
:100F60009BE702F00DFFE169401A40F6B831884274
:100F700093D984F808B025718FE72748D4F89C20CE
:100F8000824208DBD4F8A420824204DB217202F002
:100F9000F7FE606281E702F0F3FE216A401AB0F5C5
:100FA000FA7F9AD984F808B0257176E7D4F89C00C6
:100FB000904201DC257270E702F0E2FE616A401A9D
:100FC000B0F5967F89D9257267E7E07B08B9607B29
:100FD00048B102F0D5FE616A401AB0F5FA6F85D9C2
:100FE00084F808B059E784F808B056E726722571EE
:100FF000667652E730000020000000A09999C93FB2
:10100000000000E04D62503FB81E053ECDCC4C3E86
:101010009A99193E9A99993EEC51B83E70B50028BC
:101020007ED0D0F89C12012400250A7FFAB1057009
:101030000278F2B18278042A28D080F8E85580F846
:10104000105680F8385680F8605680F8885680F838
:10105000B8568278032A26D00571344EC27C72704D
:10106000097F042944D00021C17492B350E0047078
:10107000DEE780F8E84580F8104680F8384680F8CA
:10108000604680F8884680F8B846E2E780F8E84590
:1010900080F8104680F8384680F8604680F8885618
:1010A00080F8B856D5E7CA7F12B106220271D4E79C
:1010B000827C12B102220271CFE703790322032B53
:1010C00002D1037A062BC8D191F8203013B10271F6
:1010D000C3E70FE091F8212012B104220271BCE7AE
:1010E00091F8222012B105220271B6E70471B4E72B
:1010F0000121B9E761B100210D4B03EB810292EDB3
:10110000000AB1EE400A82ED000A491C0B29F4DB0B
:10111000D0F89C02007F022805D0012802D100E00F
:1011200000E0B57070BDB47070BD000030000020EC
:101130003001002040F2651002F0FCF81148FFF782
:1011400099FC114C0F48FFF757F90E48F2F7A2FB34
:101150000C48FFF763FF0B48FFF706FE0948FCF752
:1011600085FB0848F2F786FC0648F3F757F8054870
:10117000F9F76EFF022002F0DDF8002001F0A6FF73
:101180006065DFE7E01500203000002006480749D1
:101190000068B0FBF1F206490A704FF47A72B0FBB6
:1011A000F2F04860704700008007002040420F00C6
:1011B0006C07002070B500214FF0E0256C690A4AE9
:1011C00012785043AB69AA699A42FCD003D2A3EBD0
:1011D0000203194403E0A4EB020633441944134606
:1011E0008142F0D370BD00006C07002010B500EB09
:1011F000C001144800EB81042068606002F0C0FD6B
:101200002060E17C4A0603D521F04001E174E060F2
:10121000A06990B1804758B1E07C40F0200040F0D8
:101220008000E074206A002806D0BDE81040004726
:10123000E07C20F08000E07410BDE07C20F08000B5
:10124000E07410BD652200200FB42DED020B9DED62
:10125000021ADDED031A01EE801ADDED041A01EE2B
:10126000A01ADDED051A61EE801A01EE801ADDED9F
:10127000061A21EE800A00EE201A9DED070A60EEA4
:10128000201AB0EE410A01EEA00A06B0704782B003
:10129000CDE9000121F0004001909DED000B02B06E
:1012A00051EC100B70472DE9F04704468846EFF3E8
:1012B000108772B6B8F1000F32D0A5687DB36168AF
:1012C0006069884201D920686061954200DD154659
:1012D00060690E1A761CAE4207DB2A464146EFF7DC
:1012E000E2FE6069284460610EE0A5EB0609324623
:1012F0004146EFF7D8FE08EB06014A462068EFF7B3
:10130000D2FE206848446061A068401BA060E0688D
:101310002844E060284687F31088BDE8F087FFE79F
:1013200087F310884FF0FF30F7E703460846920036
:101330001946EFF7B8BE31EE601A0121814070EE18
:10134000600A491E00EE101AB8EEC00A20EE800AAC
:10135000C0EE010ABCEEE00A10EE100A80B270473F
:10136000B4EEE00AF1EE10FA02D2B0EE600A704775
:10137000B4EEC10AF1EE10FAF9DDB0EE410A7047A1
:10138000014901EB00107047002100200048704720
:10139000E81D0020024900F0010001EB0010704739
:1013A000E020002000487047E41F002000487047FC
:1013B000C01D00202DE9F04104460D4616461F468B
:1013C00014B10DB106B10FB9BDE8F081D4ED010A39
:1013D00094ED031A60EE810A94ED001AD4ED021A1E
:1013E00041EE610AB8EE001A60EE810AB0EE600AC2
:1013F000F1F72EFD86ED000A94ED001A21EE011A98
:10140000D4ED011A94ED012A01EE821AF7EE001ACA
:10141000B0EE002A52EE011AF0EE610A94ED001AC5
:10142000D4ED031A21EE211AD4ED011A94ED022A0B
:1014300001EE821AF0EE001A21EE211AB0EE410AF6
:10144000F1F708FD85ED000A94ED001A21EE011A6E
:10145000D4ED031A94ED032A01EE821AF7EE001A76
:10146000B0EE002A52EE011AF0EE610A94ED001A75
:10147000D4ED011A21EE211AD4ED021A94ED032ABB
:1014800001EE821AF0EE001A21EE211AB0EE410AA6
:10149000F1F7E0FC87ED000A00BF95E70648DFEDB5
:1014A000070A90ED010A20EE200ABCEEC00A10EEF9
:1014B000100A80B2704700009C0200200000C84261
:1014C00010B508210848FEF769F900EE100A074830
:1014D000B8EE400AD0ED000A20EE200ADFED040A43
:1014E00020EE200A10BD00000C0F00207C07002019
:1014F0005D742141014890F9030070475D020020AE
:10150000004870476522002000487047B41D002045
:101510000CB5012908D0022910D0032918D00429BC
:1015200020D09FED150A0CBD00F50B70D0E9041218
:10153000CDE900120FC8FFF787FE0CBD00F5117052
:10154000D0E90412CDE900120FC8FFF77DFE0CBDF3
:1015500000F51770D0E90412CDE900120FC8FFF7AB
:1015600073FE0CBD00F51D70D0E90412CDE9001228
:101570000FC8FFF769FE0CBD000000000249897B1F
:10158000C1F3800101707047FB24002000487047C0
:10159000CC20002000487047A420002010B586B061
:1015A00004461B4890E80E000391CDE90423D0E9DE
:1015B00003124069CDE900120290FFF7F3FE2060AC
:1015C000FFF7E8FF606094ED270A84ED280A9FED9D
:1015D000111ADFED110A00F0B3FB84ED290A002097
:1015E00084F89800F6EE000AB0EE080A03AA00217B
:1015F00004F10800FAF746F8DFED080A9FED080A43
:101600006A46002104F15000FAF73CF806B010BD1C
:10161000785D0108DB0F4940DB0F49C000409C4565
:101620000060EA4670B5044694F89810002918D076
:1016300004F1080004F15005012913D0022910D14A
:10164000D4ED280A94ED270AF9F76CFFD4ED0A0AC5
:1016500094ED2C0A2846F9F765FF94ED1C0A84EDF9
:10166000300A70BDD4ED280A94ED270AF9F75AFF25
:10167000D4ED0A0A94ED2C0A2846F9F753FF94EDAD
:101680001C0A84ED300A70BD016891ED050A80EDF9
:10169000270A91ED060A80ED2C0A416891ED030AB4
:1016A00080ED2A0A704790F89810002907D0012988
:1016B00004D1016891ED040A80ED280A704790ED8D
:1016C000270A80ED280A70470268117F002904D09C
:1016D000012906D0022904D006E0002180F89810E4
:1016E00002E0012180F89810117F032901D180F8D0
:1016F000981070471848FFF751FF01F04DFB164C4A
:101700001548FFF7E1FF1448FFF7BEFF1248FFF747
:10171000CAFF1148FFF786FF01F074FAC4F8C80049
:1017200094F8981081B194ED300AB0F9F8200023B4
:10173000BDEEC00A194610EE100A00B2F2F786F8A4
:10174000022001F0F7FDDBE700231A461946184690
:10175000F2F77CF8F4E70000C41C0020002820D039
:1017600000291ED0002A1CD0D0ED000A91ED001AED
:101770009FED0C0A41EE400AC0ED000AD0ED010ACF
:1017800091ED011A41EE400AC0ED010AD0ED020AC6
:1017900091ED021A41EE400AC0ED020A1088401C89
:1017A0001080704752499D392DE9F04F099D002462
:1017B000DFF8D8C0DFF8D8A00CF124080AF1180B24
:1017C00008F124090AF1340E04EB44060CEB8607F9
:1017D00093ED050AD7ED000A97ED011A20EE200AD5
:1017E000D3ED060A00EE810AD3ED070A97ED021A3F
:1017F0000AEB840700EE810AD7ED000A00EB8407AC
:1018000030EE200A87ED000A08EB860793ED010A07
:10181000D7ED000A97ED011A20EE200AD3ED020A57
:1018200000EE810AD3ED030A97ED021A0BEB840751
:1018300000EE810AD7ED000A01EB840730EE200AA2
:1018400087ED000A09EB860695ED010AD6ED000A40
:1018500096ED011A20EE200AD5ED020A00EE810A6B
:10186000D5ED030A96ED021A0EEB840600EE810A0E
:10187000D6ED000A02EB840630EE200A86ED000A5F
:10188000641CE4B2032C9FD3BDE8F08F90010020CC
:10189000241E002070B55020EFF3118480F31188CE
:1018A000BFF34F8FBFF36F8F3E4B1878C5073E488D
:1018B000D0E9121224D008680068C00720D110684F
:1018C0000068C0071CD15878800719D49878800721
:1018D00016D4187820F001001870187840F0020033
:1018E0001870002201213148F5F75AFA2D490822D3
:1018F0002031A1F10800F9F7A3FF84F3118870BD2E
:101900005878C5072A4822D00D682D68ED071ED1EA
:1019100015682D68ED071AD11D78AD0717D49D788D
:10192000AD0714D4597821F001015970597841F06C
:101930000201597000221021F5F732FA19480922E4
:101940001C492830F9F77CFF84F3118870BD9D781D
:10195000ED0723D009680968C9071FD11168096814
:10196000C9071BD11978890718D45978890715D464
:10197000997821F001019970997841F002019970EC
:1019800000221021F5F70CFA064904221431A1F1C6
:101990000D00F9F755FF84F3118870BD84F31188A9
:1019A00070BD00005C010020C01000200004024057
:1019B00000000240F41D0020014909684863704797
:1019C0004013002070B52DED028BB0EE408A234D00
:1019D000234CA879002822D0FFF78CFD00EE100AD6
:1019E0002046F8EEC00AB0EE480AF9F79BFD94EDE8
:1019F000080AB5EEC00AF1EE10FA03D29FED190AFB
:101A000084ED080A94ED080ABCEEC00A10EE100A34
:101A100080B2BDEC028BBDE87040FFF7CDBFFFF791
:101A200069FD00EE100AB8EEC00AB4EEC80AF1EE85
:101A300010FA0BD26879401CC0B26871C82805D969
:101A40000120A8719FED080A84ED0A0A41F287304F
:101A5000BDEC028BBDE87040FFF7AEBF5C0100201B
:101A6000641E00200000000000401C4570B50024EA
:101A7000002511210948FDF791FE0544641CE4B2DC
:101A8000C82CF6D300EE105ADFED050A0548B8EE73
:101A9000400A80EE801A80ED001A70BDC40E00204E
:101AA000010070437C070020704700000EB56423DE
:101AB0008DE80E00024601231C210248F5F704FBC5
:101AC0000EBD00004C1000201FB5012303AC6421A3
:101AD000CDE90043024602911C210348F5F7F4FAD0
:101AE0009DF80C0004B010BD4C10002013B584B05C
:101AF000012305AC6421CDE90043024602911C217B
:101B00000248F5F74BFC06B010BD00004C10002059
:101B1000012240210148F5F743B9000000180240B6
:101B2000002240210148F5F73BB9000000180240AF
:101B3000704700F05FBA00002DE9F0410024FFF784
:101B4000B3FFFFF7F5FFFFF7EBFF3220FFF7F1FFE1
:101B5000FFF7DEFF3220FFF7ECFF0020FFF7B4FFB6
:101B6000102802D04020BDE8F0810120FFF7E1FFFE
:101B70000F4F04EB4405EE19785D7178FFF7B6FF5F
:101B80000120FFF7D6FF785DFFF79EFF0546012095
:101B9000FFF7CFFF7078A84204D004EB440038442C
:101BA0008078E0E7641CE4B2042CE2D30020DAE79A
:101BB0003E5E01081CB50446062269460320FFF775
:101BC00075FF9DF800009DF8011040EA012000B269
:101BD00000EE100AF8EEC00A9FED120A60EE800ACD
:101BE000C4ED000A9DF802009DF8031040EA0120B0
:101BF00000B200EE900AF8EEE00A60EE800AC4ED52
:101C0000010A9DF804009DF8051040EA012000B289
:101C100000EE900AF8EEE00A20EE800A84ED020A57
:101C20001CBD00009A99993E2DED0A8B424E9FED06
:101C300043AA4FF47A777CE056F82500020E00EEB6
:101C4000102AB8EE408AC0F3074100EE101AF8EEF1
:101C5000408AC0F3072300EE103AB8EE409AC4B2AF
:101C600000EE104AF8EE409A6D1C56F825004FEA37
:101C7000106C00EE10CAF8EE400A00EE102AB8EE22
:101C8000400A70EEC01AC0F3074200EE102AF8EEC8
:101C9000400A00EE101AB8EE400A30EEC01AC0F347
:101CA000072100EE101AF8EE400A00EE103AB8EEE6
:101CB000400A70EEC00AC0B200EE100AB8EE402A28
:101CC00000EE104AB8EE400A32EE400AC1EE8AAA8F
:101CD00081EE0ABAC0EE8ABA80EE0ACA002438EE53
:101CE0002A8A78EE8B8A39EE2B9A79EE8C9ABCEEA2
:101CF000C80A10EE100ABCEEE80A010610EE100A3F
:101D0000BCEEC90A41EA004110EE100ABCEEE90A35
:101D100041EA002010EE101A0843FDF773FB012082
:101D200000F068F9641CA4B2BC42D8D3ADB2062D51
:101D300082D3002580E70000FC01002000007A44E7
:101D4000B4EEE01AF1EE10FA0ED371EE601AB4EEB2
:101D5000C10AF1EE10FA02DC07E030EE610AB4EEDF
:101D6000C10AF1EE10FAF8DC7047B4EEE00AF1EEC9
:101D700010FA02D3704730EE210AB4EEE00AF1EE19
:101D800010FAF8D37047F5F767FCFBF763FBF8F739
:101D900029FEF8F775FDF8F72FFDF8F74FFDF8F776
:101DA0004BFFF9F71FF8F9F769F8F9F713F9F9F7A5
:101DB000C1F8F8F705FFF8F723FFF8F7C7FFF8F7C2
:101DC0005FFFF9F7EBF8F9F725F9F8F7B1FCF8F749
:101DD000E1FCF8F7D5FEF8F7B3FEF8F783FFFEF75E
:101DE000DFFAFFF7D3F9FEF79FFA00F097FEF8F756
:101DF0008DFD00F007F9FEE70021842800D0C11C0A
:101E000008467047FFF77CFB6B4F7860F9F700FAE4
:101E1000F9F7C8F9642408E0F9F7D4F910B10D20F6
:101E2000FFF7E4F90A2000F0E5F8641EE4B2F3D20B
:101E3000DFF888814FF01209B7E00D20FFF7D6F9DF
:101E40000D2001F091F878703978012902D108B994
:101E5000F9F7DEF9787800287ED1B878401CC0B256
:101E6000B8700A2878D90020B870F9F755FA534AA3
:101E70000121083A0020F9F7FFFAFFF70FFB0A28C3
:101E800008D2FFF70BFB03464DA202210920F9F708
:101E900067FA14E0FFF702FB642808D2FFF7FEFAA6
:101EA000034647A202210620F9F75AFA07E0FFF796
:101EB000F5FA034642A202210320F9F751FA41A2A2
:101EC0001E215A20F9F717FB78681E21C07CC0F349
:101ED000401008EBC0027320F9F7CEFA0124601E0F
:101EE0004001C11700EB516121F07F01401AC5B2DA
:101EF000601EC11700EB9170801000EB400009EBF1
:101F00008000C6B24D2231462846F9F77DFA04F129
:101F10003000C2B2A81DC0B23146F9F775FA79682F
:101F200004EBC40001EB80000C35C07C3146C0F3EB
:101F3000401008EBC002E8B2F9F79EFA641CE4B264
:101F4000082CCCD30824DFF870B04FF07F0A0BF1D7
:101F5000080B0AEA441500E022E0A00800EB40006C
:101F600009EB8000C6B2A4F108000BEB80023146F9
:101F70002846F9F7C0FA796804EBC40001EB800049
:101F80003146C07CC0F3401008EBC00205F11200DE
:101F9000F9F772FA641CE4B20C2CDAD3F9F7FCF905
:101FA000787838700A2000F025F8F9F70BF9002846
:101FB0003FF446AF41E70000A4020020EC5D0108B9
:101FC000256400004442555300000000074A0029E0
:101FD00008D04021117050700223044A782104482F
:101FE000FEF700B800211170F5E700009E03002005
:101FF0000058004010B5002800D1012001F09AF9E6
:10200000002010BD10B501F061FA002010BD30B500
:1020100085B004460D466169B4F90800002910D066
:10202000A16971B1FFF7E8FE6269A16901920291AD
:1020300000902B4622692168606801F01DFE049023
:1020400010E0FFF7D9FE04A901910090208A2B46E9
:1020500082B22168606801F0D9FD012802D005B084
:10206000002030BD049805B030BD0000002801D12B
:102070000648006808B134307047502080F311885A
:10208000BFF34F8FBFF36F8FFEE700009007002074
:102090002DE9F04104460F461B4EF56831680020DB
:1020A00081F852003068001D00F0FDFF48B930682B
:1020B000012190F82C0001FA00F0316921EA0000BA
:1020C0003061B4F1FF3F07D137B13068BDE8F0416E
:1020D000011D0E4801F043B82C4430684460AC4206
:1020E00006D23068011DB06BBDE8F04101F01CB8AC
:1020F0003068011D706B01F017F8B06A844200D29D
:10210000B462BDE8F0810000900700200C3B002085
:1021100070B5044601F030F81C4DA868401CA8605A
:10212000286810B1686938B10CE02C60A8680128F3
:1021300008D100F08FF905E02868E16AC06A88429A
:1021400000D82C60686A401C6862E06A01212A6934
:102150008140114329610E4900EB800001EB8000B2
:10216000211D00F0FCFF01F027F8686900280CD061
:102170002868E16AC06A884207D206494FF0805059
:102180000860BFF34F8FBFF36F8F70BD90070020C3
:10219000303A002004ED00E038B500F0EDFF0F4CC0
:1021A0002068B8B90E4800F0B1FF0E4800F0AEFF4D
:1021B0000B48E0601430206100200B4B009003F1CD
:1021C000480210210A2001F099FA206010B107A1FD
:1021D00001F076F8BDE8384000F0EEBFCC070020F3
:1021E000083C00201C3C0020203B0020546D725114
:1021F0000000000070B50D4C6068002815D00C4E32
:1022000000F0BAFFF068C568281D00F04CFFA06818
:10221000401EA0606068401E606000F0CDFF284650
:1022200000F051F860680028EAD170BD90070020E6
:10223000F83A00200B46026C002A0CD0C168114409
:10224000C160D0F808C0614501D30168C160C168B0
:102250001846EEF728BF70472DE9F04104461646B0
:102260000027A56B226C002A10D0C6B1E068EEF7FB
:102270001AFFE168206C091AE1602268914202D2DB
:10228000A168081AE060022E16D017E02068A8B9ED
:10229000A06801F0E5FD07460020A0600EE0606840
:1022A000EEF701FF216C606808446060A168884215
:1022B00004D32068606001E005B16D1E681CA06356
:1022C0003846BDE8F08110B5044694F85110002955
:1022D0000BD0012911D0022914D0502080F311888D
:1022E000BFF34F8FBFF36F8FFEE7206B00F07AFFD5
:1022F0002046BDE8104000F075BF2046BDE8104004
:1023000000F070BF10BD00000749CA6811680029BD
:1023100004D00021016019B1002070470121F9E7C4
:10232000D068006870470000CC0700204FF4C0411F
:10233000104810F0070F06D0C01D20F007000D490F
:10234000411AC1F5C0410C4A10600023536001449A
:10235000083921F00701183A11604B600B600B1A25
:10236000436001604068906050604FF000405061F1
:1023700070470000303C0020F8070020074E4FF067
:102380008054074DFFF736FF30680128FAD92C60DA
:10239000BFF34F8FBFF36F8FF4E70000303A002098
:1023A00004ED00E003460098002905D00260C363F5
:1023B0000164012101F0DAB90060F8E72DE9F05F6E
:1023C00082460B9F0A9D0C9C0E4690469B464FEA08
:1023D0008801A522206BEEF7DDFE206BA8F101013C
:1023E00000EB810020F007094FF0000866B10020E3
:1023F0002218315C82F83410315C11B1401C102875
:10240000F6D384F8438001E084F83480072D00D3AC
:102410000625E5626564C4F84880201D00F081FE51
:1024200004F1180000F07DFE2461C5F10700A061F1
:102430006462C4F84C8084F8508084F852805A4614
:102440005146484600F012FB2060002F00D03C604F
:10245000BDE8F09F70B500240F4D04EB840005EB40
:10246000800000F053FE641C072CF6D30B4800F0EC
:102470004DFE0B4800F04AFE0A4800F047FE0A48AD
:1024800000F044FE094800F041FE09480349416359
:102490001431816370BD0000303A0020BC3A002046
:1024A000D03A0020E43A0020F83A00200C3B00200B
:1024B0009007002010B4144900E011460A688242D7
:1024C000FBD34B6803EB010C844503D140681844EF
:1024D000486008460C68D0F804C00CEB0003A34227
:1024E0000CD10A4B1B689A4206D052686244426083
:1024F0000A681268026002E0036000E00260814244
:1025000000D0086010BC7047F8070020E0070020EA
:1025100010B5002441600061DFF838C091420BD84B
:10252000D11A8269914201D3012410E0011DDCF827
:10253000100000F0F9FD0AE09A4203D2994201D35B
:10254000012404E0011DDCF80C0000F0EDFD204644
:1025500010BD0000CC07002010B5044600F00CFEB2
:10256000A06B20B1002400F027FE204610BD0124FE
:10257000F9E710B5044600F0FFFDA06BE16B88425F
:1025800001D1012400E0002400F016FE204610BD19
:10259000F8B505460E461748C068C068C468201DD7
:1025A00000F081FD94F8240010F0040F18D0A06909
:1025B0002B46411932462046FFF7AAFFA0B1002062
:1025C0000346014600902A46204601F06DFD58B9A9
:1025D000502080F31188BFF34F8FBFF36F8FFEE75A
:1025E00020F0010084F82400216A01B02046BDE8F3
:1025F000F0400847CC07002030B587B0414D00229D
:1026000002A9286801F012FA002875D00298002863
:1026100003DA039A0599049890470298002864DB2E
:10262000049C606910B1201D00F03DFD01A800F080
:10263000B3F8024602980A2857D2DFE800F00505F1
:10264000052F364D05052F3694F8240040F0010083
:1026500084F824000398A169034601442046FFF74B
:1026600057FF002841D0216A2046884794F824006B
:1026700010F0040F39D0002000900398A1690023C6
:1026800042181946204601F00FFD70BB502080F320
:102690001188BFF34F8FBFF36F8FFEE794F82400CC
:1026A00020F0010084F824001FE094F8240040F09A
:1026B000010084F824000398A06128B18118134612
:1026C0002046FFF725FF10E0502080F31188BFF36C
:1026D0004F8FBFF36F8FFEE794F8240010F0020FC6
:1026E0000CD020F0010084F82400002202A9286800
:1026F00001F09CF9002889D107B030BD204600F0D8
:1027000071FDF2E7CC070020F8B505460C4600F055
:1027100025FF684600F040F80646009810B101F029
:1027200029FCF8BD44B9B54206D801F023FC314676
:102730002846FFF72DFFF8BD0C481CB10169096858
:1027400091B10024A91B2246006800F0CDFD01F0E4
:1027500011FC0028EFD106494FF080500860BFF30C
:102760004F8FBFF36F8FF8BD0124EBE7CC0700203C
:1027700004ED00E00749486B0068002805D0486B6D
:10278000C068C0684068886270474FF0FF30886258
:10279000704700009007002070B5044601F0F0FA81
:1027A0000546074EB068854204D200F043F8012088
:1027B000206001E000202060B560284670BD000068
:1027C000CC0700202DE9F0010446002520680028F0
:1027D0002BD060684068606004F10807B84201D1FE
:1027E000426862606068C668606840686060B8425D
:1027F00001D1426862606068C0680023002200EB7B
:10280000020C9CF834C011F80280E04501D001238D
:1028100004E0BCF1000F01D10546012313B9521C9D
:10282000102AECD30DB9B042DED12846BDE8F00144
:1028300070470000F8B51C4EF0680068002826D0EC
:102840000027F068C0680568C468201D00F02BFCF4
:10285000216A2046884794F8240010F0040F12D013
:10286000A0692844A84206D960602461211DF0684F
:1028700000F05AFC07E000232A461946204600973C
:1028800001F012FC40B1F06800680028D9D1F0686E
:102890003169F1603061F8BD502080F31188BFF3D9
:1028A0004F8FBFF36F8FFEE7CC0700200021027827
:1028B000A52A04D1401C491C0278A52AFAD0880810
:1028C00080B270470A484068B0F1FF3F07D05020FF
:1028D00080F31188BFF34F8FBFF36F8FFEE7502057
:1028E00080F31188BFF34F8FBFF36F8FFEE70000B7
:1028F0000008002082B001A8FFF706FD0199FFF74C
:1029000003FFFFF779FEF6E770B5044600F034FCEC
:1029100094F94550002D0CDD606A50B104F124009B
:1029200001F0ECFA08B100F035FD681E45B2002D4B
:10293000F2DC4FF0FF3684F8456000F03DFC00F01B
:102940001BFC94F94450002D0CDD206950B104F1BA
:10295000100001F0D3FA08B100F01CFD681E45B26A
:10296000002DF2DC84F84460BDE8704000F024BC27
:1029700003489FED020A80ED3B0A704700C0DA452C
:10298000AC1E00202DE9F0410546002600F0E6FDD2
:10299000344F386808B9FFF7C9FC7869054251D14E
:1029A0009DB1083515F0070F0FD005F00700C0F1F5
:1029B0000800054415F0070F07D0502080F3118858
:1029C000BFF34F8FBFF36F8FFEE7002D3AD07868CB
:1029D000854237D824490846046801E02146044668
:1029E0006068A84202D220680028F7D13868844283
:1029F00028D0086800F10806206808606068411B5C
:102A000010290FD9601910F0070F07D0502080F35C
:102A10001188BFF34F8FBFF36F8FFEE74160656092
:102A2000FFF748FD61687868401A7860BA6890429C
:102A300000D2B86078690843606000202060F868C0
:102A4000401CF86001F096FA16F0070F07D05020EE
:102A500080F31188BFF34F8FBFF36F8FFEE73046CF
:102A6000BDE8F081E0070020F8070020001F4FF0CC
:102A700080730360001F21F001010160001F054900
:102A8000016014380260001F6FF0020101602038FD
:102A900070470000C528010810B52DED028B0446D3
:102AA0009FED1D0AB0EE408AD4ED000A60EEA00A48
:102AB00094ED011AD4ED011A41EE210A94ED021AA7
:102AC000D4ED021A41EE210A94ED031AD4ED031A53
:102AD00041EE210AB0EE600AF0F72EFBB0EE408A1C
:102AE00094ED000A20EE080A84ED000A94ED010A34
:102AF00020EE080A84ED010A94ED020A20EE080A8D
:102B000084ED020A94ED030A20EE080A84ED030A1C
:102B1000BDEC028B10BD0000000000000249242221
:102B2000A1F12400F8F7DCBDBB240020F0B500289B
:102B300055D0002953D00278437842EA0322C2F3E9
:102B40000A050D8042788378D20842EA4312C2F324
:102B50000A034B808278C478920942EA840204799D
:102B600042EA8422C2F30A028A8004794679640820
:102B700044EAC614C4F30A04CC804679C6F30116AD
:102B80008E724679B609CE728679C77946EA0726EB
:102B90008E81067A477A46EA0726CE81867AC77AF8
:102BA00046EA07260E82067B8E74467BCE74867BB1
:102BB000C77B46EA07268E82067C407C46EA0020D8
:102BC000A5F580650D80A3F580634B80A2F580623A
:102BD0008A80A4F58064CC80A0F580600881F0BD77
:102BE00041F2707501F0CCF804462846F0F712FE69
:102BF00001F0C6F8001B6428F4D2C0F1640000F0B4
:102C000099FBEFE710B500F0A1F800F013F900F020
:102C100005F8014810BD0000AC1E00202DE9F04170
:102C20002DED028B0026464D464C4FF003082978C7
:102C3000A088032903D1617809B9032802D00128AB
:102C400003D00DE00120A0800AE000F00BF9C0B233
:102C5000A070012804D1A670A5F8F860A4F804803B
:102C6000374F28785437042802D1A088032803D08E
:102C7000A088022803D01EE00220A0801BE0FFF7FE
:102C800077FE66706868D5ED3B0AB0F9020000EE89
:102C9000100A3846B8EEC00AF8F744FC95ED1D0A54
:102CA000BDEEC00A10EE100AA5F8F8002878042836
:102CB00001D0A4F8048029789FED238A04291BD031
:102CC000032919D0A088032816D185ED3B8A6868AE
:102CD000F0EE480AB0F9020000EE100A3846B8EEED
:102CE000C00AF8F71FFC95ED1D0ABDEEC00A10EEF4
:102CF000100AA5F8F8006670287803281BD1A08870
:102D0000032818D16078012815D185ED3B8AF0EEB3
:102D1000480A6868B0F9020000EE100A3846B8EEBA
:102D2000C00AF8F7FFFB95ED1D0ABDEEC00A10EED4
:102D3000100AA5F8F800BDEC028BBDE8F081000098
:102D4000AC1E002018020020000000000F4841685F
:102D5000B1F9022000EE102AB8EEC00A80ED3A0A5E
:102D600091ED030A80ED3C0A90F8011180F8001102
:102D700081684A7FC2F3001280F80121487F04492C
:102D800000F00F00C8700348FEF7F8BBAC1E00202F
:102D900018020020AF1F002010B52DED028BFEF7AA
:102DA000F5FB1D4C6060FEF7FDFAA0609FED1B8AED
:102DB000DFED1B8A1B4AF0EE480AB0EE680A0021DC
:102DC00004F10C00F8F75EFCF0EE480AB0EE680A79
:102DD000144A002104F15400F8F754FC114AF0EEB3
:102DE000480A9FED110A0C32002104F19C00F8F70B
:102DF00049FC606890ED030A84ED3C0A84ED3D0ACD
:102E00009FED0A0A84ED3B0A84ED3A0A0849032043
:102E10008880BDEC028B10BDAC1E002000A00C46CB
:102E200000007A469C5D010800803B4600000000DF
:102E30001802002009480A4990F90300032807D026
:102E4000042808D008B1012801D10020087070477B
:102E50000320087070470420087070471802002093
:102E6000AC1E002070B5274D274C0126287894ED24
:102E70003C0A002803D001280AD0002070BDDFEDF5
:102E8000230A30EE200A84ED3D0A2E70002070BD2A
:102E9000D4ED3D0A30EEC00A10EE100A02F0D8FC64
:102EA00041EC100BFBF7A8FD9FED191B51EC100B2B
:102EB00053EC112B02F06DF81ED21348D4ED3D0AED
:102EC00094ED3C0A9C30F8F72DFB6068D4ED2F0A96
:102ED000B0F9020000EE100A0B48B8EEC00A0C3040
:102EE000F8F720FB94ED0B0ABDEEC00A10EE100AB5
:102EF000A4F8F800002070BD002028706E7001203A
:102F000070BD000018020020AC1E002000006145CA
:102F1000000000000000F03F10B500EE100A2DED9B
:102F2000028BB1EEC08A18EE100A20F00040C0F10A
:102F3000FF40C00F0AD010EE100A20F00040C0F190
:102F4000FF40C00F04BF0120EEF7CFF918EE100AC2
:102F5000BDEC028B10BD0000FEF7D2FA01490860FB
:102F6000FEE7000094020020044900EBC00001EBE2
:102F70008000C07CC0F34010704700006522002034
:102F8000012204490448F6F78DF80320FFF732F8D0
:102F9000FBE700001F0200208813002070EEC00A2B
:102FA00001EE100A01208840B8EEC11A401E21EE41
:102FB000201A00EE900AF8EEE01AC1EE210A30EE77
:102FC000800A704770B506460C4600F0D5F8154DDE
:102FD0002868C06C80B92A68012082F850005CB172
:102FE00001212046FFF754F80F494FF08050086048
:102FF000BFF34F8FBFF36F8F00F0DEF800F0BCF827
:103000002868C46C002034B116B12968C86402E095
:103010002A68611ED164296881F8500000F0CCF85C
:10302000204670BD9007002004ED00E091ED000AFD
:10303000B1EE400A80ED010A91ED010AB1EE400ABD
:1030400080ED020A91ED020AB1EE400A80ED030A1A
:1030500091ED000A80ED040A91ED020A80ED060A66
:1030600091ED010AB1EE400A80ED070A91ED010AE7
:1030700080ED080A91ED020AB1EE400A80ED090ADE
:1030800091ED000A80ED0B0A91ED020A80ED0C0A29
:1030900091ED010A80ED0D0A91ED000AB1EE400AB2
:1030A00080ED0E0A70470169436882689A60836800
:1030B00042685A604A68824201D182684A600022AE
:1030C00002610868401E086008687047002801D146
:1030D00002480068006BFFF7E9BB00009007002082
:1030E000034B036003F154000860802010607047B8
:1030F0001C080020044B036003F1540008604FF4E7
:103100008070106070470000700A002000F1080114
:1031100041604FF0FF328260C160016100210160B7
:10312000704700210161704710B4D1F800C0BCF1B4
:10313000FF3F02D000F1080202E0026904E01A46F3
:1031400053681C686445FAD953684B6099608A607B
:10315000516008610168491C016010BC70474268F9
:103160004A6093688B609368596091600861016858
:10317000491C016070470000502080F31188BFF3A4
:103180004F8FBFF36F8F0A494868401C4860012881
:103190000CD10848006810F0FF0F07D0502080F3D2
:1031A0001188BFF34F8FBFF36F8FFEE770470000AA
:1031B0000008002004ED00E009494868002806D016
:1031C000401E4860002801D180F3118870475020CC
:1031D00080F31188BFF34F8FBFF36F8FFEE70000BE
:1031E0000008002070B500282AD0A0F10804154D71
:1031F00060686969084207D1502080F31188BFF3E5
:103200004F8FBFF36F8FFEE722683AB1502080F3F3
:103210001188BFF34F8FBFF36F8FFEE78843606065
:1032200000F09CF960686968084468602046FFF710
:1032300041F92869401C2861BDE8704000F09ABE41
:1032400070BD0000E00700204FF0E0200021016188
:10325000816105494FF47A720968B1FBF2F1491EA8
:1032600041610721016170478007002010B5EDF72B
:10327000B5F8114910280ED300F1E02090F8F003C2
:103280000A78904207D2502080F31188BFF34F8F05
:10329000BFF36F8FFEE709480068896800F4E060BB
:1032A000884207D9502080F31188BFF34F8FBFF3B6
:1032B0006F8FFEE710BD0000000800200CED00E05D
:1032C0000022084B53F832C0BCF1000F03D0521C4F
:1032D000082AF7D3704743F8321003EBC201486065
:1032E00070470000F039002070B504460D461646C0
:1032F000FFF742FF94F94400B0F1FF3F4FF00000A8
:1033000001D184F8440094F94510B1F1FF3F01D197
:1033100084F84500FFF750FFA06B28B932462946D4
:1033200004F1240000F0B4F82046BDE87040FFF737
:10333000EBBA000010B502460020002A12D00F4858
:10334000006B38B1502080F31188BFF34F8FBFF36B
:103350006F8FFEE700F002F900211046FEF798FE9D
:1033600000F008FE002807D105494FF080500860A2
:10337000BFF34F8FBFF36F8F10BD00009007002089
:1033800004ED00E002490A6A0260C96841607047C2
:103390009007002001490120C86170479007002074
:1033A0002DE9F04104460D46002C15D0FFF75EFFD5
:1033B0005020EFF3118680F31188BFF34F8FBFF3D6
:1033C0006F8F94F85000022184F85010E16C491C72
:1033D000E164012808D025E0502080F31188BFF374
:1033E0004F8FBFF36F8FFEE7A06A38B1502080F394
:1033F0001188BFF34F8FBFF36F8FFEE7144F386B09
:103400004FF0010890B104F118011248FFF7A7FE30
:10341000E06A3968C96A884204D90DB1C5F80080EC
:10342000C7F81C8086F31188BDE8F081201DFFF7E6
:103430003AFEE06A3A6908FA00F111433961064937
:1034400000EB800001EB8000211DFFF788FEDFE725
:1034500090070020E43A0020303A002010B50C46D6
:1034600000280BD0094A126802F11801FFF75CFE30
:103470002046BDE810400121FEF70ABE502080F32F
:103480001188BFF34F8FBFF36F8FFEE790070020C7
:1034900070B50D46144600280DD00B490968183147
:1034A000FFF75DFE0CB14FF0FF3521462846BDE821
:1034B0007040FEF7EDBD502080F31188BFF34F8FB1
:1034C000BFF36F8FFEE700009007002030B587B094
:1034D00000250695059504AA05A906A8FFF700FE94
:1034E00006980599019102900023009517A11948AB
:1034F000049A00F0C1FB184CE06208B1012000E022
:103500000020012801D100F09BFD01280AD0B0F174
:10351000FF3F19D1502080F31188BFF34F8FBFF3C5
:103520006F8FFEE7502080F31188BFF34F8FBFF3FA
:103530006F8F4FF0FF30A06201206061E56007B03F
:10354000BDE8304000F042B807B030BD49444C45BA
:10355000000000007D230108900700200248016B55
:10356000491C01637047000090070020154A106B4A
:10357000002802D00120D06170470020D06110697E
:10358000B0FA80F0C0F11F000F4900EB800051F845
:10359000203073B101EB800041684968416000F15F
:1035A0000803994201D1496841604068C0681060D1
:1035B0007047502080F31188BFF34F8FBFF36F8F98
:1035C000FEE7000090070020303A002010B582B0DE
:1035D00038480168384A914207D1502080F3118859
:1035E000BFF34F8FBFF36F8FFEE700683349884208
:1035F00007D1502080F31188BFF34F8FBFF36F8F37
:10360000FEE72F4908780190FF20087008780090A5
:103610009DF800009DF8002000F0F000904207D0D7
:10362000502080F31188BFF34F8FBFF36F8FFEE7F9
:103630009DF80000234C00F0500020700720A0608F
:103640009DF8000010F0800F0BD0A068401EA06015
:103650009DF80000400000909DF8000010F0800FE1
:10366000F3D1A068032807D0502080F31188BFF35E
:103670004F8FBFF36F8FFEE74FF44070A06001984B
:1036800008701148016841F470010160016841F05F
:1036900070410160FFF7D8FD00206060ECF766FE26
:1036A0000A48016841F040410160ECF74BFE02B06E
:1036B000002010BD00ED00E071C20F4170C20F414B
:1036C00000E400E00008002020ED00E034EF00E01E
:1036D00010B5502080F31188BFF34F8FBFF36F8F69
:1036E00000F054FB18B104494FF0805008600020EE
:1036F00080F3118810BD000004ED00E038B5049D92
:10370000002804D05BB102B189B1C2B120E05020E1
:1037100080F31188BFF34F8FBFF36F8FFEE7502008
:1037200080F31188BFF34F8FBFF36F8FFEE75020F8
:1037300080F31188BFF34F8FBFF36F8FFEE739B16E
:10374000502080F31188BFF34F8FBFF36F8FFEE7D8
:103750004FF0480CCDF800C01C46012384F84630D9
:103760002B460094FEF71EFE204638BD70B5044679
:103770000D46002C25D0FFF7FFFC226CE16B206882
:1037800001FB0200A0600020A06320686060E16B84
:10379000226C2068491E01FB0200E0604FF0FF3000
:1037A00084F8440084F845009DB104F11000FFF74F
:1037B000ADFC04F12400FFF7A9FCFFF7FDFC01209C
:1037C00070BD502080F31188BFF34F8FBFF36F8F10
:1037D000FEE720690028F0D004F1100000F08EFB15
:1037E0000028EAD004494FF080500860BFF34F8FA3
:1037F000BFF36F8FE1E7000004ED00E02DE9FF4724
:1038000082B004468A461F460025002C03D0BAF138
:10381000000F08D011E0502080F31188BFF34F8FC4
:10382000BFF36F8FFEE7206C38B1502080F3118812
:10383000BFF34F8FBFF36F8FFEE7022F0AD1E06B0C
:10384000012807D0502080F31188BFF34F8FBFF3BA
:103850006F8FFEE700F086FA48B9049838B150201F
:1038600080F31188BFF34F8FBFF36F8FFEE7002601
:103870004FF08058DFF8F090FFF77EFCA06BE16B13
:10388000884205D3022F03D0049808B335B329E04A
:103890003A4651462046FEF7DFFC616A59B104F111
:1038A000240000F02BFB68B1C9F80080BFF34F8FF4
:1038B000BFF36F8F06E028B1C9F80080BFF34F8FC8
:1038C000BFF36F8FFFF778FC06B00120BDE8F087EB
:1038D000FFF772FC06B00020BDE8F0876846FFF7EE
:1038E00051FD0125FFF768FCFFF738FEFFF744FCA8
:1038F00094F94400B0F1FF3F01D184F8446094F999
:103900004500B0F1FF3F01D184F84560FFF754FC5A
:1039100004A9684600F02EF940B12046FEF7F4FFF6
:1039200000F028FB06B00020BDE8F0872046FEF737
:1039300020FE90B104F110000499FFF78FFD20469E
:10394000FEF7E2FF00F016FB002895D1C9F80080D1
:10395000BFF34F8FBFF36F8F8EE72046FEF7D4FF84
:1039600000F008FB88E7000004ED00E02DE9F047D7
:103970000446894617461E46002C03D0B9F1000FB5
:1039800008D011E0502080F31188BFF34F8FBFF3B0
:103990006F8FFEE7206C38B1502080F31188BFF3A1
:1039A0004F8FBFF36F8FFEE7022E0AD1E06B012825
:1039B00007D0502080F31188BFF34F8FBFF36F8F74
:1039C000FEE7FFF753FC5020EFF3118880F31188D6
:1039D000BFF34F8FBFF36F8FA06BE16B884206D3AD
:1039E000022E04D0002088F31188BDE8F08794F9F6
:1039F0004550A06B324649462046FEF72DFCB5F1F6
:103A0000FF3F04D0681C84F845000120EBE7606AA2
:103A10000028FAD004F1240000F070FA0028F4D055
:103A2000002FF2D001203860EFE700002DE9F747C2
:103A300083B004468A460025002C03D0BAF1000F5B
:103A400008D011E0502080F31188BFF34F8FBFF3EF
:103A50006F8FFEE7206C38B1502080F31188BFF3E0
:103A60004F8FBFF36F8FFEE700F07CF948B90598E0
:103A700038B1502080F31188BFF34F8FBFF36F8FA1
:103A8000FEE700274FF08058DFF8E490FFF774FB63
:103A9000A66BC6B151462046FEF7CCFB701EA06354
:103AA000206950B104F1100000F028FA28B1C9F8DB
:103AB0000080BFF34F8FBFF36F8FFFF77DFB06B022
:103AC0000120BDE8F087059808B135B109E0FFF79E
:103AD00073FB06B00020BDE8F0876846FFF752FC94
:103AE0000125FFF769FBFFF739FDFFF745FB94F967
:103AF0004400B0F1FF3F01D184F8447094F94500CF
:103B0000B0F1FF3F01D184F84570FFF755FB05A9DF
:103B1000684600F02FF868B12046FEF7F5FE00F089
:103B200029FA2046FEF718FD0028AFD006B0002085
:103B3000BDE8F0872046FEF70FFD90B104F12400A8
:103B40000599FFF78BFC2046FEF7DEFE00F012FA27
:103B500000289BD1C9F80080BFF34F8FBFF36F8F50
:103B600094E72046FEF7D0FE00F004FA8EE700004E
:103B700004ED00E02DE9F04105460C46002D14D07F
:103B8000DCB1FFF7F9FADFF880C0DCF80C006B68F5
:103B9000C11ADCF80020002692F85220AAB1DCF805
:103BA000000080F85260012429E0502080F3118841
:103BB000BFF34F8FBFF36F8FFEE7502080F3118864
:103BC000BFF34F8FBFF36F8FFEE72268B2F1FF3F65
:103BD00008D02F68DCF820C0674505D0834203D8A1
:103BE00001240CE000240AE08A4206D9501A206021
:103BF0002846FFF7C7FB002401E026600124FFF7F9
:103C0000DBFA2046BDE8F081900700202DE9F04F57
:103C100085B081460F9F0E9E8A4690469B464FEA8E
:103C20008800FEF7AFFE054628000AD05420FEF7B4
:103C3000A9FE04460CB1256304E02846FFF7D2FA3A
:103C400000E000249CB1002084F8510003905B4602
:103C5000424651460197009602944846FEF7AEFB55
:103C60002046FEF755FA05B00120BDE8F08F05B0FB
:103C70004FF0FF30BDE8F08F70B586B00646DDF836
:103C800028C00C9C0B98002816D0ECB15425049544
:103C90002063022084F85100002005AD0390CDF888
:103CA00000C0019502943046FEF788FB2046FEF7DF
:103CB0002FFA059806B070BD502080F31188BFF32D
:103CC0004F8FBFF36F8FFEE7502080F31188BFF353
:103CD0004F8FBFF36F8FFEE72DE9F04107460724B2
:103CE0003846EDF7C1F9102807D3502080F311882A
:103CF000BFF34F8FBFF36F8FFEE7FFF72FFC154E1B
:103D0000641E04EB840006EB80003946FEF75AFD82
:103D100005460DB9002CF3D10F4C25B93946606B1F
:103D2000FEF750FD054625B93946A06BFEF74AFD62
:103D3000054625B939460948FEF744FD054625B92B
:103D400039460748FEF73EFD054600F013F92846C0
:103D5000BDE8F081303A0020900700200C3B0020A5
:103D6000F83A002005484169002903D0006B18B1DA
:103D70000020704701207047022070479007002004
:103D80000148C06870470000900700202DE9F04707
:103D90000026314F386B002805D0B869401CB86147
:103DA0003046BDE8F087F868451CFD609DB9786B2A
:103DB000006838B1502080F31188BFF34F8FBFF3F4
:103DC0006F8FFEE7786BB96B7963B863386A401C14
:103DD0003862FEF7CFFCB86ADFF8808085420FD3E7
:103DE0004FF00109786B006838B1786BC068C4681F
:103DF0006068854212D2B86202E04FF0FF30B862CC
:103E00003868C06A00EB800058F82000012800D90B
:103E10000126F8690028C3D00126C1E7201DFFF75D
:103E200042F9A06A18B104F11800FFF73CF9E16A01
:103E30003A6909FA01F01043386101EB810008EB9F
:103E40008000211DFFF78BF9E06A3968C96A884252
:103E5000C8D30126C6E7000090070020303A0020B2
:103E600070B504460021002841D0224D28688442C4
:103E700007D0502080F31188BFF34F8FBFF36F8FAF
:103E8000FEE7A06C38B1401EA064636CE26A9A42FF
:103E90002DD040B12BE0502080F31188BFF34F8F1D
:103EA000BFF36F8FFEE7201DFFF7FDF812490122D7
:103EB00058B9E06A00EB800351F823302BB92B6925
:103EC00002FA00F023EA00002861606CE062C0F1B1
:103ED0000700A061E06A2B6982401A432A6100EB67
:103EE000800001EB8000211DFFF739F90121084610
:103EF00070BD000090070020303A002070B5C06807
:103F0000C468002C14D004F11800FFF7CCF8164D4B
:103F1000286B0126A0B104F118011448FFF71FF91E
:103F2000E06A2968C96A88421CD90120EE6170BD27
:103F3000502080F31188BFF34F8FBFF36F8FFEE7E0
:103F4000201DFFF7B0F8E06A2A6906FA00F1114374
:103F50002961074900EB800001EB8000211DFFF77C
:103F6000FEF8DDE7002070BD90070020E43A002055
:103F7000303A00202DE9F0470024A0462D4D286B53
:103F8000002807D0FFF7F8F8286B401E2863286B3D
:103F900040B149E0502080F31188BFF34F8FBFF349
:103FA0006F8FFEE7A86800283ED0234F38680126AF
:103FB00000B3A7F1B409F868C46804F11800FFF76A
:103FC00072F8201DFFF76FF8E06A2A6906FA00F11F
:103FD0001143296100EB800009EB8000211DFFF7F0
:103FE000BEF8E06A2968C96A884200D3EE61386881
:103FF0000028E0D10CB1FEF7BDFBAC6944B1FFF77E
:10400000C5FE00B1EE61641E002CF8D10020A8614D
:10401000E86948B14FF0010808494FF08050086046
:10402000BFF34F8FBFF36F8FFFF7C6F84046BDE871
:10403000F087000090070020E43A002004ED00E043
:1040400030B587B00024FEF7A7F8134D2868B0B14B
:1040500000200690059004AA05A906A8FFF74AF8D3
:1040600005990698022200920191029000230BA16B
:104070000C48049AFFF700FE686000B1012414B1F7
:1040800007B0204630BD502080F31188BFF34F8F1A
:10409000BFF36F8FFEE70000CC070020546D722045
:1040A00053766300F5280108F0B585B084460A9D73
:1040B00016461F460022BCF1000F14D0164C206893
:1040C00000B300910196CDF808C006291BDAFFF76E
:1040D00049FE02280FD000231A4669462068FFF7E0
:1040E0008DFB024615E0502080F31188BFF34F8FFF
:1040F000BFF36F8FFEE700232A4669462068FFF76B
:104100007DFB024605E000233A466946FFF72EFC98
:10411000024605B01046F0BDCC07002010B50029BE
:104120000AD00878002807D005487844EEF7E8F967
:10413000002801D0002010BD0248784410BD0000C6
:10414000223100001A31000010B500290AD0087889
:10415000002807D005487844EEF7D2F9002801D0AE
:10416000002010BD0248784410BD0000123100004C
:104170000A31000081F00041704780F00040704734
:1041800021F00041704720F00040704721F00042CC
:10419000A2F16052B2F5801F01F0004328BFD2F1B6
:1041A0007E6C51D9F1EE10CA1CF4400F14D15FEAB5
:1041B000C00C43EAC20202EB507008BF70475FEACE
:1041C0004C0C40F10000DFF880C241F04B8228BF68
:1041D00020F0010001F046BAC30001F0004343EAB9
:1041E000C20202EB507008BF70471B4248BF4FEA43
:1041F0004C0C1CF4000F08BF401CDFF84CC201F04F
:1042000031BAC30001F0004343EAC20202EB50722C
:1042100004BF104670471B4248BF4FEA4C0C1CF4C9
:10422000000FDFF824C218BF104641F01B8208BF00
:10423000521C12F4000F08BF104601F0138221F047
:10424000004201F0004330E050EA410C04BF084650
:1042500070475FEA125CBCF1FE0F1ED1F1EE10CA8E
:104260001CF4400FCDD15FEAC00C9BD05FEA001C6C
:104270004FEAC20C4CEB507C04BFC2002CEAD27C4B
:104280001CF4000F04BF4CEA0300DFF8BCC101F0CE
:10429000E98121F00042A2F16052B2F5801F4FEA9D
:1042A000410C2ADB1CF5001F16D2F1EE10CA1CF4DB
:1042B000806F06D02CF0005C4CF0805CA1F1406176
:1042C0002AE04FF07F40DFF884C143EA500001F05C
:1042D000C9B9084601F077BB70B500F09BFD00BF7F
:1042E000000000B988000004FFF7F3BF21F070421E
:1042F00043EA507040EAC2007047F1EE10CA2CF059
:10430000805C4CF0005C1CF4006F25D04B00B3F5D2
:10431000001F51D301F140611CF4400F40F07E803A
:104320000CF0405CC3004CF0880C11D05CF0404CA9
:1043300010F0805F0CD0034610F1005041F10001F5
:10434000020108BF20F00050834218BF2CF0004C3F
:1043500000F0604001F047BC1CF4400F1AD01B4233
:1043600048BF4FEA4C0C1CF4000F13D112F140620D
:1043700048BF22F07F424FEAC00CBCF1010F43EA74
:10438000C20242EB50704FF0880228BF42F08042D8
:1043900001F01EBB12F1406248BF22F07F425FEA8B
:1043A000C00C43EAC20242EA50704FF0880218BFC4
:1043B00042F0404201F00CBB01F0004321F000410B
:1043C000094214D0B1FA81FCACF10B0CCCF1200203
:1043D00001FA0CF120FA02F241EA02014FEA0C5212
:1043E00000FA0CF0A1EB020181EA03010FE0B0FA40
:1043F00080F200FA02F002F115024FEAD0214FEAF2
:104400000252A1EB02014FEA405081EA0301F1EEB2
:1044100010CA2CF0805C4CF0005C7BE762460CF02C
:10442000405CC3004CF0880C92D05CF0404C0942D8
:1044300048BF520012F4000F8AD110F1005041F130
:1044400000012CF0004C83D188000040880000104F
:1044500010B5DFF840E211F5801C13F580141EEA58
:104460004C0F18BF1EEA440F00F0C88091EA030FFA
:1044700048BF83F0004300F1FE86841A71EB030C01
:1044800005D2121943EB0C03001B61EB0C014FEA40
:104490001154A4EB135C23EA6E0321EA045143F4A4
:1044A0008013DCF1200E53D322FA0CFE10EB0E0029
:1044B00023FA0CFE41EB0E01CCF1200E03FA0EFEA6
:1044C00010EB0E0051F10001B1F5801FCCF1200E70
:1044D00053D201EB045112FA0EF2BDE8104008BFAE
:1044E0007047F1EE10CA1CF4400F1ED14FF0110CB2
:1044F00092F0000F4CF0804C41F1B480401C38BF6A
:104500005FEA420241F0AE80002814BF20F00100B3
:1045100041F100014FEA410313F5001F24BF4CF0A5
:10452000805CA1F1C04101F09DB811F0004F54BF73
:104530001CF4000F1CF4800F4FF0110C4CF0804C59
:1045400041F09080401CC1F08D8041F10001E1E715
:10455000012A43EB0302ACF1200CDCF11F0E32BF49
:104560004FF0000E23FA0CF310EB030041EB045163
:10457000B4EB115FAFD0A1EB045101F580114908F4
:104580005FEA300002FA0EF242EA420201EB045105
:104590005FEA320213D0BDE81040F1EE10CA1CF4FD
:1045A000400F1AD14FF0110C92F0000F4CF0804CDC
:1045B000B0D5401C38BF5FEA4202ABD1A4E7BDE8EA
:1045C00010404FEA410313F5001F38BF7047DFF872
:1045D000C8C0A1F1C04101F045B811F0004F54BF6F
:1045E0001CF4000F1CF4800F4FF0110C4CF0804CA9
:1045F00090D1401C8ED341F100018BE74EF4001E98
:104600003EEA410418BF3EEA430439D091EA030F61
:1046100048BF83F0004300F12987841A71EB030C33
:1046200005D2121943EB0C03001B61EB0C0152EA9B
:10463000430E4FEA1154A4EB135C13D05FEA445EBF
:1046400021EA04511CBF23F00043ACF1010C7FF4BC
:1046500028AFBDE810404FF0110C801841EB03016A
:1046600000F0EBBE5FEA445EBDE8104018BF704743
:1046700050EA410C08BF70474FF0110C00F0DDBE4E
:10468000BDE8104070B500F0C5FB00BF64FBBE3E46
:10469000110000040000C0FF11000010491058BFB5
:1046A000C1F140415B1058BFC3F140438B42EFF36F
:1046B000008070472DE9C04130B4DFF864C33CEAA4
:1046C000111418BF3CEA131400F04B8181EA030572
:1046D0001CEA111444EAD57418BF1CEA131500F043
:1046E0001D81A4EB05044FF0004545EAC12145EAD0
:1046F000C32341EA505143EA525304F17F74994273
:1047000004F500344FEAC0204FEAC22208BF9042AD
:1047100000F0D0804FEA13650FF20426765D4FEA71
:10472000134506FB05F7C7F1807706FB07F74FEA4D
:10473000D737A7FB03687642C8F58038A7FB06CEBB
:1047400038BFA8F1010807FB08E64FF0000EA6FBF2
:10475000028CE6FB03CEDCF1000CCEF1004E38BF3C
:10476000AEF1010EA6FB0C584FF000074FF000050C
:10477000E6FB0E87A1FB08C6A0FB07CE16EB0E06D4
:1047800045F10005E1FB076515F1E04E7EBFA4F59C
:1047900080345FEA46066D4116F18007F1EE10CADB
:1047A00045F100054FEA172747EA05671CF4400F5B
:1047B0004FEA152536D14FEA4666A6F15E46B6F1B8
:1047C000085F2FD9B4F1FE6F2CD8384624F0010CC5
:1047D00005EBC471BCF1FE6F01EB0C11DFF844C2B4
:1047E00002D8F0BCBDE8004140F23C8724425CBFE7
:1047F00001F5801E9EEAC47F02D4F0BCBDE80041F2
:1048000040F13087244277D4DFF81CC256EA080E04
:10481000A1F1C04118BF4CF0804CF0BCBDE8004194
:1048200000F020BF4FEAD22242EA43524FEAD3239C
:10483000A7FB02864FEAD02040EA415007FB0366FF
:104840001EEA0E0F4FEAD12105FB026658BFA6EB08
:104850000056B6EB00564FEA520E4EEAC37E18EBF6
:104860000E0E56EB530E05D518EB02085E417F1C69
:1048700055F1000556EA080E24D01CF4400FA4D0D0
:1048800014F0010F18BF4FEA4C0C1CF4000F08D0B5
:1048900036429AD4B8EB02089E417F1E75F100059E
:1048A00093E7364291D518EB02085E417F1C55F123
:1048B00000058AE74FF480154FF000074FF000061F
:1048C0004FF0000824F0010C384605EBC471BCF130
:1048D000FE6F01EB0C1102D8F0BCBDE800811CEAB0
:1048E0000C0F5CBF01F5801E9EEAC47F02D4F0BCB1
:1048F000BDE80081244287D556EA080C01F1C04189
:104900001CBF06F0004C4CF0804C4CF0005CF0BC3E
:104910004CF0140CBDE8004100F0E6BD50EA410E39
:104920000CEA13150BD052EA430E13D000F0F3FA41
:10493000641B86EA4606240444EAD674D3E652EAA7
:10494000430E00F02680F0BC81EA030101F0004133
:10495000BDE80081F0BCBDE80041DFF8D0C000F048
:1049600081BEF0BCBDE8004170B500F053FA00BF55
:10497000097EFC3E1400000400F007B881EA030140
:104980004FF0000001F00041704781EA030100F0A0
:10499000FABAF0BCBDE800415FF828C000F062BE82
:1049A000FFFDFBF9F7F5F4F2F0EEEDEBE9E8E6E4F4
:1049B000E3E1E0DEDDDBDAD8D7D5D4D3D1D0CFCD7B
:1049C000CCCBCAC8C7C6C5C4C2C1C0BFBEBDBCBBB4
:1049D000BAB9B8B7B6B5B4B3B2B1B0AFAEADACABAF
:1049E000AAA9A8A8A7A6A5A4A3A3A2A1A09F9F9E89
:1049F0009D9C9C9B9A99999897979695959493933B
:104A0000929191908F8F8E8E8D8C8C8B8B8A8989D1
:104A10008888878786858584848383828281818054
:104A20000000FF07140000401400001014000008EC
:104A300051EA030C11D41CF5801F00F10680994245
:104A400018BF704708BF9042704711F5801F58BFCC
:104A500013F5801F18D4994270471CF5801F09D5A3
:104A600050EA410C0EBF52EA430C8B42704708BF1C
:104A7000824270474FF4001C1CEB410F38BF1CEB07
:104A8000430F01D28B42704770B500F0C3F900BFED
:104A900092244938190012044FF000514FF080530E
:104AA000FFF7FCBD4FEA410380B54FEA5353A3F52E
:104AB0008063D3F11E03C8BFD3F1210C1FDD4FF07B
:104AC000004242EAC12242EA505232FA03FC62FA40
:104AD00003F787EA0C0757EAC0270BD032FA03FC2A
:104AE0008CEAE17CACEBE170BDE88040DFF874C09B
:104AF00000F0B8BD8CEAE17CACEBE17080BD50EA1F
:104B0000410C00D180BD102B07DD4FF00000BDE847
:104B10008040DFF850C000F0A5BD03F5787CBCF103
:104B2000FF3F14D0002B02BF7FEA210C5FEA013C5B
:104B30005FEA505C05D100284FF00040D4D100D18D
:104B400080BDBDE88040DFF820C000F08BBDBDE82F
:104B5000804070B500F05EF9000000BFC80003049B
:104B600080B5DFE7C8000240C800020410F0004230
:104B700048BF4042B0FA80F310FA03F10AD0C3F103
:104B80001D0303F580634FEA415002EB035202EB31
:104B9000D12170474FF000007047B1FA81F201FA5D
:104BA00002F1C2F11D024FEA415003EB025303EB45
:104BB000D1217047B0FA80F310FA03F10AD0C3F1A3
:104BC0001D0303F580634FEA41504FEA035202EBA5
:104BD000D12170474FF000007047000051EA030CEC
:104BE00011D41CF5801F00F10680994218BF704750
:104BF00008BF9042704711F5801F58BF13F5801F02
:104C000018D4994270471CF5801F09D550EA410C11
:104C10000EBF52EA430C8B42704708BF8242704776
:104C20004FF4001C1CEB410F38BF1CEB430F01D2AB
:104C30008B42704770B500F0EDF800BF0000003FF8
:104C400019001604FFF72ABD4FF000514FF08053B2
:104C5000FFF724BDDFF8B4C170B51CEA111E1EBFFA
:104C60001CEA13159EEA0C0F95EA0C0F00F09480D5
:104C700081EA030421EA4C114EEAD47E23EA4C1364
:104C8000AE4441F4801143F48013A1FB024CA0FB1D
:104C90000365AEF17F7E361955EB0C05A1FB034C85
:104CA0004CF10003A0FB021C16EB0C06654153F10E
:104CB0000003094218BF46F0010613F4007F0BD130
:104CC0004FEA03314FEA0530340341EA155140EA17
:104CD00016506FF003020AE04FEAC3214FEAC520E5
:104CE000F40241EA555140EA56506FF0020226465E
:104CF00002EB2E4201EB025585EACE7127D0F1EE90
:104D000010CA05461CF4400C14D15FEA440C18BFCD
:104D100024F0004450F1000041F1000120EAD47079
:104D200040F2FD7C624517D2BDE87040DFF8E0C07C
:104D300000F098BC5FEACE7454BF1CF4000F1CF462
:104D4000800F08BF10F1010041F10001E8E740F2D7
:104D5000FE7C624504D270BD08BF11F4801FE3D011
:104D6000A84214BF4FF080444FF04044002E08BFCB
:104D70000024BEF1806FD8BF01F1C041A8BFA1F1EE
:104D8000C04144F0130CA8BF4CF0805CBDE87040FB
:104D900040F3AA8300F066BC9EEA0C0F0CEA1315E0
:104DA00018BF95EA0C0F19D091EA030F48BF4EF0D7
:104DB000010E50EA410418BF52EA430409D000F042
:104DC000AAF8641986EA46064FEA044E4EEAD67EF1
:104DD0005BE74FEACE714FF0000070BD00F01AF8AB
:104DE0008900013E1300000400F005B800F007B888
:104DF00052EA430C06D081EA030100F0C4B850EA3D
:104E0000410CF8D15FF824C000F02CBC0000FF0773
:104E1000130000400EF1020E2EF0030E01285EF882
:104E2000086B41EB010414F5001418BFB4F5801FA2
:104E300023D3364208D4012A43EB030515F50015A8
:104E400018BFB5F5801F18D301EB010C1CF5801FAE
:104E500016D2364204D403EB030C1CF5801F0FD28C
:104E6000002C10D14FEAD17C002D0CEB4C0C0CF136
:104E7000020C08BF4CEBD37C07E04FF0090C04E0B8
:104E80004FF0080C01E04FEAD37C0CEB4C0526FAFE
:104E900005F606F00706B6F1040C06D20EEB860CFA
:104EA000BDE870404CF0010C6047DFE80CF02224B4
:104EB00013025EF804CC1B2D08D1002C88BFB4F57A
:104EC000801F34BF4CF4804C4CF4004CBDE8704063
:104ED00000F0C8BB002C88BFB4F5001F24BF1946E2
:104EE000104670BD4FF000004FF00041A1F50021C9
:104EF00070BD19461046012851EB010418BFD4F5C6
:104F0000001484BF5EF804CC2CF0806CBDE87040C7
:104F100000F28783704780B54FF003065C004FEACC
:104F200003334FEA3606640D4FEA133318BF43F4D8
:104F300080131CD153EA125E04F1010402BF134630
:104F40000022203C1B4202BF130B1205143CB3FA93
:104F500083FEAEF10B0ECEF1200C03FA0EF322FA13
:104F60000CFC02FA0EF2A4EB0E0443EA0C030FB49D
:104F700016F0010F0CBC03BC18BF2546CED180BD76
:104F800080B50126F3E70808A0F500114FEA3101CA
:104F9000704753EA010C11D41CF5801F00F1068004
:104FA0008B4218BF704708BF8242704713F5801FBD
:104FB00058BF11F5801F18D48B4270471CF5801F15
:104FC00009D552EA430C0EBF50EA410C9942704792
:104FD00008BF904270474FF4001C1CEB430F38BFD2
:104FE0001CEB410F01D2994270470FB40CBC03BCBB
:104FF000FFF720BE10B5DFF848E011F5801C13F56F
:1050000080141EEA4C0F18BF1EEA440F09D091EA23
:10501000030F81F000413FF530AA83F0004300F018
:105020002AB981EA030180EA020083EA010382EAE5
:10503000000281EA030180EA020000F008BA00BF22
:105040000000C0FF2DE9F04101F5801CBCF5001FF8
:10505000C0F2DC804FEA115C21EA0C5141F480116E
:105060000CF1FD0C5FEA5C0C0CF5C07C01D3400038
:10507000494135A4890241EA905187028E0E0A0CFB
:10508000A45D04FB04F602FB06F6C6F14046A4FB51
:105090000662F60D46EA422606FB06F4A4FB01234F
:1050A0005242C3F1404338BF5B1EA6FB02420024BC
:1050B000E6FB0324D20B42EA4446A6FB0623A1FBEF
:1050C00002E2A3FB07E4E3FB61426442C2F1404E0B
:1050D00038BFAEF1010EA6FB04234FF00002E6FB41
:1050E0000E32A2FB03463400E2FB6264A1FB06E63B
:1050F000A4FB07E8E4FB61687642C8F1405838BF7A
:10510000A8F10108A2FB06E4A3FB08E5E2FB685452
:10511000A1FB05E6A7FB04E8E1FB648618F1200586
:10512000F1EE104A56F10006A809B10914F4400F37
:1051300040EA866028D1A8F11B0808F01F08B8F1E2
:105140000A0F21D9BDE8F04101EB0C514FF0170CCB
:105150004CF0804C00F086BAFCF5EEE8E2DDD8D3E6
:10516000CFCBC7C3C0BDB9B6B4B1AEACA9A7A5A3D8
:10517000A19F9D9B9A9896959392908F8D8C8B89E9
:105180008887868584838281A0FB006800FB01F20A
:1051900008EB4208B8EB872858EA060215D014F449
:1051A000400F16D118EA080F07D5341858EB010440
:1051B000C8D5401C51F10001C4E7341A78EB010452
:1051C000C0D4401E71F10001BCE701EB0C51BDE8F9
:1051D000F08114F4000F0CD118EA080FB2D536187C
:1051E00058EB0108401C51F10001361858EB01083A
:1051F000F2E718EA080FA5D4361A78EB0108401E2A
:1052000071F10001361A78EB0108F2E75FEA4C0C05
:105210005FEA9C5C14D10AD350EA013C01D1BDE89D
:10522000F08109420CD4FFF7ABFEA44618E7BDE8B5
:10523000F04170B5FFF7EEFD6DDBFFBE1700000417
:10524000BDE8F0415FF80CC000F00CBA10B5DFF813
:1052500094E211F5801C13F580141EEA4C0F18BF60
:105260001EEA440F00F0F38091EA030F48BF83F079
:1052700000433FF502A9841A71EB030C07D21219FF
:105280008CF0004C43EB0C03001B61EB0C01524211
:105290004FEA1154A4EB135C23EAAE0321EA045154
:1052A000C3EBAE0338BF5B1EDCF1200E48D322FAFD
:1052B0000CFE10EB0E0043FA0CFE41EB0E01CCF19C
:1052C000200E03FA0EFE10EB0E0051F10001CCF19E
:1052D000200E4CD412FA0EF201EB0451BDE810403E
:1052E00008BF7047F1EE10CA1CF4400F14D14FF004
:1052F000120C92F0000F4CF0804C40F1B381401C36
:1053000018BFB2F1004F40F0AD8100280CBF491C1E
:1053100020F0010000F0A6B911F0004F54BF1CF4BA
:10532000000F1CF4800F4FF0120C4CF0804C40F03A
:105330009981401C40F0968141F1000100F092B942
:1053400012EB020E43EB030218BF4FF0010E4EEAC0
:105350004202ACF1200CDCF11E0E4BD943FA0CFEDC
:1053600010EB0E0051F1FF31CCF11E0EB2D50EF153
:10537000010E12FA0EFE404141EB010101EB445CCB
:105380005FEA5C5C06D95FEA0E0201EB0451BDE8FE
:105390001040A5E73BD24FEAD42C11F5001124F4BC
:1053A00000641AD0B1FA81F20B3AA41AA41ED2F109
:1053B0002003914030FA03F31943904001EBCC7184
:1053C000002C01EB0451BDE81040A8BF704701F16B
:1053D000C0414FF0120C00F087B8B0FA80F310FA19
:1053E00003F101D1BDE8104019D0E41A173C48057B
:1053F000C90AE3E701EB0451BDE81040401E61F12A
:1054000000015FF0FF326BE701EB045110BD491062
:1054100001EB0451BDE810404FEA30000BE0F1EE23
:1054200010CA4FF000010CF4400CBCF5000F08BF8F
:105430004FF0004170474FF0120C4A0008BF004285
:10544000EDD0B2F5001F28BF704700F0EAB84EF467
:10545000001E3EEA410418BF3EEA430434D091EAFC
:10546000030F48BF83F000433FF5D7A8841A71EBC0
:10547000030C07D212198CF0004C43EB0C03001BF9
:1054800061EB0C0152EA033E4FEA1154A4EB135CAA
:1054900014D05FEA445E21EA045109D023F00043AE
:1054A0005242ACF1010CC3F1000338BF5B1EFBE6B6
:1054B000BDE81040801A61EB0301BCE7BDE8104075
:1054C00050EA410CB7D1AAE7BDE8104070B5FFF72C
:1054D000A1FC00BF40DFF63E1100000483F0004154
:1054E000104670470000C0FFF1EE103A13F0807FC5
:1054F0001EBF01F000410020704713F4006F40F020
:10550000AA80094248BF4CF4803C4FF4C0634FEA84
:10551000115203F1010321EA025122F400629A1AA6
:1055200048BF6FF0FE0241F48011352A3CD830D0DC
:10553000152A1ED3203A0CD90028C2F1200321FAE3
:1055400002F001FA03F218BF42F001024FF000012D
:1055500030E0C2F1000302F1200201FA03F120FA67
:1055600002F241EA020100FA03F208464FF000019C
:1055700020E0C2F1200310B400FA03F401FA03F3AF
:1055800020FA02F021FA02F1224610BC43EA0000A0
:1055900010E050EA01324FF000004FF000014FF0F0
:1055A000004218BF521C05E04FF001024FF000010D
:1055B0004FF000001CF4803F2CF4803C18BF41F0F9
:1055C000004112421ED0F1EE103A13F4400F20D1E8
:1055D000520003D30CD0401C41F10001F1EE103A0F
:1055E0004CF0804C43F00803E1EE103A00F03AB87A
:1055F0005FEAAC72EFD4F1D1401C41F1000120F020
:105600000100EBE71CF0804F08BF70472CF0004C06
:10561000E4E7094254BF13F4000F13F4800FDDD107
:10562000D9E7F1EE103A13F0807F1EBF01F0004180
:105630000020704713F4006F08BF70472DE9F05049
:10564000FFF79EFC04F5C064A4F10104314301EBB3
:105650000451BDE8F0504CF0005C4CF0800C00F0C0
:10566000C2BA00001CF0700F08BF0A460FB4F1EE7A
:10567000101A0CF0405030EA814318BF4CF0804CB7
:105680004FEA4C0310EA814F4FEAD36323EA112318
:1056900018BF23F0100341EA030101F0E073E1EECB
:1056A000101A4CEA030C0CF00F030A2B1DBF082B39
:1056B0000CF070034CEAC30C4FF4003304BF33EA20
:1056C0000C034CF4400C1CF0005F14D11CF0805F04
:1056D0000BD11CF0804F31D11CF0006F12D111F4AE
:1056E000807F0FBC62D000F07EBA11F4806F0FBCD7
:1056F0002BD000F078BA11F4006F0FBC08BF7047D0
:1057000000F071BA11F4007F0FBC40F06C821CF005
:10571000400F1EBF4FF0004040F0010070471CF0EA
:10572000100F14BF81EA030242400CF00F000A2858
:1057300008BF4FF0FF324FF0000326E011F4805F06
:105740000FBC08BF704700F04EBAF1EE103A2CF0D3
:10575000805C1CF0800F14BF01F0004200F000429A
:1057600012420CBF12EA336F12EAF35F0DD31CF042
:10577000100F1DBF30A003C81143314808BF1043AC
:1057800013F4805F40F02F8270471CF0100F02F07E
:1057900000421DBF0FF2940003C81143254808BF03
:1057A000104313F4805F40F01E8270471CF0400FDE
:1057B00040F028801CF4404F1BD01CF4004F1CBF4D
:1057C000194610460CF4807218BF8CEA520C1CF07B
:1057D000800F0CBF40F4800041F400218CEADC0310
:1057E00013F0100F1CBF2CF00F0C4CF0080C00F045
:1057F000A1B91CF0100F1ABF12A393E803001348BD
:1058000000F098B91CF0800F14BF01F0004200F0C6
:1058100000421CF0100F1BBF0AA393E803000B48C3
:10582000114308BF104300F085B900BF000000001D
:105830000000F07F0000807FFFFFFFFFFFFFEF7F92
:10584000FFFF7F7F000000000000F87F0000C07FA6
:1058500043004FEAD30C4FEA3C0C43401FBF4007C4
:105860000CF1605113F0FE4F70471CF0006F14D123
:1058700033F0004004BF1946704783EA830383EA8C
:10588000430303F0070343EACC010CF0004303F1A8
:105890005A5303F54013FFF780B90CF0004343EA75
:1058A000507010B540EACC0000F00FF8000000BACC
:1058B000180000044FEA0001FFF765BB4FEAE00261
:1058C0004FEA407042F0E04170470EF1020E2EF0B8
:1058D000030E4FEA40025EF8084B12F1807218BFC7
:1058E000B2F5000F22D3244207D44FEA410313F14B
:1058F000807318BFB3F5000F18D34FEA400C1CF5A6
:10590000000F16D2244204D44FEA410C1CF5000FBC
:105910000FD2002A10D14FEAD07C002B0CEB4C0C9C
:105920000CF1020C08BF4CEBD17C07E04FF0090CE6
:1059300004E04FF0080C01E04FEAD17C0CEB4C0383
:1059400024FA03F404F00704B4F1040C06D20EEBBD
:10595000840CBDE810404CF0010C6047DFE80CF00F
:105960001F2013025EF804CC1B2B08D1002A88BF2D
:10597000B2F5000F34BF4CF4804C4CF4004CBDE841
:105980001040FFF76FBE002A88BFB2F1807F28BFAA
:10599000084610BD4FF00040A0F5800010BD08463D
:1059A000420018BFD2F1807284BF5EF8042C22F04E
:1059B0008062BDE8104000F28A8070474FF000001E
:1059C000E1EE100A7047FF2141EAD050C005704750
:1059D000F1EE101A11F0807F1CBF00F000407047FC
:1059E00011F4006F40F08E8000F0004343EAD05382
:1059F00023F48073C3F1C10323F00041172941D878
:105A0000C3F1200310FA03F1C3F1200320F07F401B
:105A100040F4000020FA03F003F0004340EA0300E2
:105A200019D00B46F1EE101A41F00801E1EE101A00
:105A300011F4400F1CD1590009D318BF401C06D1E6
:105A40007FEAE27398BF401C38BF20F0010042F0AB
:105A5000804CFFF707BE12F0804F08BF7047F1EE91
:105A6000101A944641F00801E1EE101AFFF7FABD52
:105A700010F0004F14BF5FEAF1535FEA316338BFA3
:105A8000401CE4E7182903EB912318BF6FF0004195
:105A90000131F1EE101A41F00801E1EE101A11F493
:105AA000400F18BF03F00040E2D168BF03F0004090
:105AB00009D6400203F0004000F1010004BF12F0DB
:105AC000004F20F001004FF0804CFFF7CBBDF1EE0E
:105AD000101A11F0807F1CBF00F00040704711F4D5
:105AE000006F08BF704700F0004120F00040B0FA9E
:105AF00080F3A3F1080341F0C04100FA03F0A1EBE9
:105B0000C351084442F0005C00F06DB8064A21EA37
:105B1000020120EA0202F1EE100A20EA020282EA01
:105B20000102E1EE102A704760603FF6ECF748B8DA
:105B3000ECF77CB90CF00F03092B08BF082000F02C
:105B400064800A2B32D0082B18BF704708BF1CF0A6
:105B5000400F31D01CF4803F23D11CF0200F11D115
:105B60001CF0100F0BBF02460A466FF000406FF0AA
:105B7000004118BF4FF0FF3012F0004F1CBFC04370
:105B8000C94370471CF0100F0CBF02460A4612F0C2
:105B9000004F4FF0FF304FF0FF311CBFC043C943EF
:105BA00070474FF000004FF0000170471CF0400FAD
:105BB00018BF4FF0004070471CF0100F08D020F0C5
:105BC000704300F07F4242EAD3014FEA43707047CE
:105BD00000F0604021F07F4242EA000201F07F4085
:105BE00040EA727070472DE900502DE90050EBF744
:105BF0009DFEBDE80050BDE800500CF00F0393F08F
:105C0000090F18BF7047AFF300801CF4801F24D029
:105C10001CF4E02F09D010F0080F02D1D0F10200DF
:105C200070476FEACC31490070474FF0604111EA8C
:105C3000407028BF40F04050F1EE103A23F070431E
:105C400043EA0003E1EE103AEFF3008222F07042E3
:105C500042EA000282F3008870471CEA004018BF45
:105C60000120704724720108592F0108000000002C
:105C700000000000800000000000000000000000A4
:105C80001072010835110108010000000000000039
:105C90000002000000000000000000000472010883
:105CA000F5160108020000000000000000020000DC
:105CB00000000000000000001C720108A999000803
:105CC00003000000000000000004000000000000CD
:105CD0000000000000720108291C010800000000FB
:105CE00000000000000100000000000000000000B3
:105CF000D471010855F90008000000000000000000
:105D0000800000000000000000000000CC710108CD
:105D1000051E010800000000000000000001000056
:105D20000000000000000000F4710108E12B0108F0
:105D300000000000000000008000000000000000E3
:105D400000000000E4710108812F0108000000003C
:105D500000000000800000000000000000000000C3
:105D6000CDCC4C3E0000003FCDCCCC3D0000C34329
:105D70009A99993F00007A4300000040CDCC4C3EF8
:105D80000000A04000803B450000A0400000000053
:105D90000000C844CDCC4C3E000000000000C841CB
:105DA0009A99193E00004040000080400000000029
:105DB0000000003F00007FE04020432041A040E081
:105DC00043A04F205C2070207FE0000000007FE0B7
:105DD00040204020402040204020402040204020C3
:105DE0007FE0000018000E00FC5D01080C000C00B4
:105DF000B45D01080C000C00CC5D0108FFFC8004C0
:105E00008004800480048004800480048004800472
:105E10008004800480048004800480048004800462
:105E20008004800480048004FFFC078040AC037D74
:105E300004014103057C00026D0D026D09020B088F
:105E40000141090242C0030A0B04000000000000E7
:105E50000000000000000000000000000000000042
:105E600000000000000000000000000002060E1EFE
:105E70003E7EFEFEFEFEFEFEFEFEFEFEFEFEFEFE82
:105E8000FEFEFEFEFEFEFEFEFEFEFEFEFEFEFEFE32
:105E9000FEFEFEFEFEFEFEFCFCF8F8F0E0C0800018
:105EA00000000000000000000000000000000000F2
:105EB00000000000000000000000000000000000E2
:105EC00000000000000000000000000000000000D2
:105ED00000000000000000000000000000000000C2
:105EE00000000000000000000000000000000000B2
:105EF0000000000103070F1F3F7FFFFFFFFFFFFFB1
:105F0000FFFFFFFFF7E7C787070707070707070731
:105F1000070707070F1FFFFFFFFFFFFFFFFFFFFE42
:105F2000F000000000000000000000000000000081
:105F30000000000000000000000000000000000061
:105F40000000000000000000000000000000000051
:105F50000000000000000000000000000000000041
:105F60000000000000000000000000000000000031
:105F70000000000000C0FCFCFCFCFCFDFFFFFFFF7C
:105F8000FFFFFFFFFFFFFFFFFFFEFCFCFCFCFCFC34
:105F9000FCFCFCFCFEFFFFFFFFFFFFFFFF7F3F0F4E
:105FA00001000000000000000000000000000000F0
:105FB00000000000000000000000000000000000E1
:105FC00000000000000000000000000000000000D1
:105FD00000000000000000000000000000000000C1
:105FE00000000000000000000000000000000000B1
:105FF000000080F0FEFFFFFFFFFFFFFFFFFFFF1F1E
:106000000F0F0F0F0F0F0F1F3F7FFFFFFFFFFFFF50
:10601000FFFFFFFFFFEFCF87070303010000000032
:106020000000000000000000000000000000000070
:106030000000000000000000000000000000000060
:106040000000000000000000000000000000000050
:106050000000000000000000000000000000000040
:106060000000000000000000000000000000000030
:10607000E0FCFFFFFFFFFFFFFFFFFFFF3F07000008
:1060800000000000404040C0C0C0C0C1C3C7CFDF57
:10609000FFFFFFFFFFFFFFFFFFFEFCF8F0E0C08007
:1060A00000000000000000000000000000000000F0
:1060B00000000000000000000000000000000000E0
:1060C00000000000000000000000000000000000D0
:1060D00000000000000000000000000000000000C0
:1060E00000000000000000000000000000080C0F8D
:1060F0000F0F0F0F0F0F0F0F0F0F0F0100000000FA
:106100000000000000000000000101030307070F6A
:106110000F1F1F3F3F7F7FFFF3E3C383030303038F
:10612000030200000000000000000000000000006A
:10613000000000000000000000000000000000005F
:10614000000000000000000000000000000000004F
:10615000000000000000000000000000000000003F
:10616000000000000000000000000000000000002F
:10617000000000000000000000000000000000001F
:10618000000000000000000000000000000000000F
:1061900000000000000000000001010303060400ED
:1061A00000000000000000000000000000000000EF
:1061B00000000000000000000000000000000000DF
:1061C00000000000000000000000000000000000CF
:1061D000000060787B1B1B1B7B7F6F4E003E7F6344
:1061E00063637F3E00787B6B6B6B6B7B7F36003E1F
:1061F0007F6363637F3E4060783D071F7C701D07AF
:106200007F7840006070385D6F676F7C7040004041
:10621000666F6B6B6B6B7B310203037F7F030361E4
:10622000686B6B6B6B6B0B0360787B1B1B1B7B7B47
:106230006F4E00466F6F6B6B6B7B31000000000090
:10624000000000000000000000000000000000004E
:10625000000000000000000000003F4000000000BF
:106260000000000030004000300040000000090045
:106270000BC03D000BC03D00090018C024407FE06A
:10628000224031800000180024C01B000D803240E5
:10629000018003801C4027401C8007400040100004
:1062A000600000000000000000000000000000008E
:1062B0001F80204040200000402020401F80000020
:1062C0000000090006001F8006000900000004000D
:1062D00004003F8004000400000000100060000083
:1062E000000000000000040004000400040004009A
:1062F000000000000040000000000000000000203E
:1063000001C006003800400000001F8020402040EF
:1063100020401F800000000010403FC000400000EF
:10632000000018C021402240244018400000108086
:106330002040244024401B80000002000D0011007A
:106340003FC0014000003C80244024402440238082
:1063500000001F80244024403440038000003000AF
:10636000200027C03800200000001B80244024406B
:1063700024401B8000001C0022C0224022401F80BD
:1063800000000000000008400000000000000000C5
:1063900000000460000000000000000004000A008B
:1063A000110020804040090009000900090009008F
:1063B000000000004040208011000A000400180086
:1063C000200023402400180000001F8020402740A8
:1063D00029401F400000004007C039000F0001C0E5
:1063E000004020403FC0244024401B8000001F800C
:1063F0002040204020403080000020403FC020400E
:1064000020401F80000020403FC024402E4030C06C
:10641000000020403FC024402E00300000000F004C
:106420001080204022403380020020403FC0040002
:1064300004003FC02040204020403FC0204020407A
:1064400000000060202020203FC0200020002040CD
:106450003FC024400B0030C0204020403FC02040BF
:106460000040004000C03FC03C0003C03C003FC0B3
:10647000000020403FC00C4023003FC020001F8090
:106480002040204020401F80000020403FC024408A
:106490002400180000001F802140214020E01FA0A0
:1064A000000020403FC02440260019C0004018C012
:1064B00024402440224031800000300020403FC072
:1064C00020403000000020003F80004000403F801E
:1064D000200020003E0001C00700380020003800E6
:1064E00007C03C0007C038000000204039C006004B
:1064F00039C0204000002000384007C0384020004C
:106500000000304021C02640384020C0000000007C
:1065100000007FE0402040200000000070000C00E0
:106520000380004000000000402040207FE0000089
:1065300000000000200040002000000000000010CB
:1065400000100010001000100010000000004000BB
:10655000000000000000000002800540054003C06C
:10656000004020003FC004400440038000000000C1
:106570000380044004400640000000000380044003
:1065800024403FC000400000038005400540034018
:106590000000000004401FC02440244020000000F0
:1065A00002E0055005500650042020403FC0044042
:1065B000040003C000400000044027C00040000069
:1065C000000000100010041027E000000000204030
:1065D0003FC00140070004C00440204020403FC0AD
:1065E00000400040000007C0040007C0040003C0D2
:1065F0000000044007C00440040003C00040000045
:1066000003800440044003800000041007F004509D
:10661000044003800000000003800440045007F0A1
:106620000010044007C00240040004000000000005
:1066300006400540054004C00000000004001F8023
:10664000044000400000040007800040044007C0F0
:1066500000400400070004C001800600040006009A
:1066600001C0070001C006000000044006C0010090
:1066700006C0044000000410071004E0018006007A
:1066800004000000044005C0064004400000000073
:10669000000004007BE0402000000000000000003B
:1066A000FFF000000000000040207BE0040000003C
:1066B000000040008000400020002000400000005A
:1066C00000000000000001020304060708090000A2
:1066D0000000010203040006101600061016000058
:1066E0000100000140000000C09C0020C0A000206C
:1066F00040A1002000000000CDCC4C3ECDCC4C3E53
:10670000CDCC4C3E00000000920E493CB10AC93C81
:106710002BC3163D2EFB483D752B7B3D04A9963DB2
:1067200080B6AF3D36BDC83D2FBCE13D73B2FA3DEA
:1067300087CF093E8340163EB5AB223EA2102F3EC6
:10674000CF6E3B3EC2C5473E0115543E135C603ED2
:106750007F9A6C3ECCCF783EC07D823E938E883E41
:10676000229A8E3E32A0943E86A09A3EE59AA03EA2
:10677000128FA63ED47CAC3EEF63B23E2A44B83EB4
:10678000491DBE3E15EFC33E53B9C93ECA7BCF3E3D
:106790004136D53E80E8DA3E4F92E03E7533E63E24
:1067A000BBCBEB3EEA5AF13ECBE0F63E275DFC3E2A
:1067B000E4E7003F3D9C033F824B063F9BF5083FCB
:1067C0006B9A0B3FDA390E3FCDD3103F2A68133F47
:1067D000D9F6153FC07F183FC6021B3FD17F1D3F32
:1067E000CBF61F3F9967223F25D2243F5636273FDD
:1067F0001594293F4AEB2B3FDE3B2E3FBB85303FB4
:10680000C9C8323FF304353F233A373F4268393F26
:106810003B8F3B3FF9AE3D3F67C73F3F70D8413F9D
:1068200001E2433F03E4453F65DE473F12D1493F64
:10683000F8BB4B3F029F4D3F207A4F3F3D4D513FAC
:106840004918533F31DB543FE595563F5348583F75
:106850006AF2593F1A945B3F532D5D3F05BE5E3F80
:106860002146603F97C5613F5A3C633F59AA643F48
:10687000880F663FD86B673F3CBF683FA7096A3FF8
:106880000C4B6B3F5E836C3F93B26D3F9ED86E3F67
:1068900073F56F3F0809713F5213723F4714733FFE
:1068A000DD0B743F0BFA743FC6DE753F07BA763FC7
:1068B000C58B773FF853783F9812793F9DC7793F52
:1068C00002737A3FBE147B3FCDAC7B3F283B7C3FBD
:1068D000C9BF7C3FAC3A7D3FCCAB7D3F23137E3FAD
:1068E000B0707E3F6DC47E3F580E7F3F6D4E7F3F40
:1068F000AB847F3F0FB17F3F97D37F3F43EC7F3F18
:1069000011FB7F3F0000803F11FB7F3F43EC7F3F47
:1069100097D37F3F0FB17F3FAB847F3F6D4E7F3F6B
:10692000580E7F3F6DC47E3FB0707E3F23137E3F85
:10693000CCAB7D3FAC3A7D3FC9BF7C3F283B7C3F21
:10694000CDAC7B3FBE147B3F02737A3F9DC7793F3E
:106950009812793FF853783FC58B773F07BA763F57
:10696000C6DE753F0BFA743FDD0B743F4714733F6F
:106970005213723F0809713F73F56F3F9ED86E3F07
:1069800093B26D3F5E836C3F0C4B6B3FA7096A3F30
:106990003CBF683FD86B673F880F663F59AA643F8A
:1069A0005A3C633F97C5613F2146603F05BE5E3F4D
:1069B000532D5D3F1A945B3F6AF2593F5348583F4D
:1069C000E595563F31DB543F4918533F3D4D513F0C
:1069D000207A4F3F029F4D3FF8BB4B3F12D1493FBA
:1069E00065DE473F03E4453F01E2433F70D8413F46
:1069F00067C73F3FF9AE3D3F3B8F3B3F4268393F62
:106A0000233A373FF304353FC9C8323FBB85303F97
:106A1000DE3B2E3F4AEB2B3F1594293F5636273F4E
:106A200025D2243F9967223FCBF61F3FD17F1D3FE0
:106A3000C6021B3FC07F183FD9F6153F2A68133F97
:106A4000CDD3103FDA390E3F6B9A0B3F9BF5083FD1
:106A5000824B063F3D9C033FE4E7003F275DFC3E41
:106A6000CBE0F63EEA5AF13EBBCBEB3E7533E63E59
:106A70004F92E03E80E8DA3E4136D53ECA7BCF3EBB
:106A800053B9C93E15EFC33E491DBE3E2A44B83E28
:106A9000EF63B23ED47CAC3E128FA63EE59AA03E98
:106AA00086A09A3E32A0943E229A8E3E938E883ED5
:106AB000C07D823ECCCF783E7F9A6C3E135C603EB8
:106AC0000115543EC2C5473ECF6E3B3EA2102F3E3D
:106AD000B5AB223E8340163E87CF093E73B2FA3DE6
:106AE0002FBCE13D36BDC83D80B6AF3D04A9963D03
:106AF000752B7B3D2EFB483D2BC3163DB10AC93C8F
:106B0000920E493C00000000920E49BCB10AC9BC7B
:106B10002BC316BD2EFB48BD752B7BBD04A996BDAE
:106B200080B6AFBD36BDC8BD2FBCE1BD73B2FABDE6
:106B300087CF09BE834016BEB5AB22BEA2102FBEC2
:106B4000CF6E3BBEC2C547BE011554BE135C60BECE
:106B50007F9A6CBECCCF78BEC07D82BE938E88BE3D
:106B6000229A8EBE32A094BE86A09ABEE59AA0BE9E
:106B7000128FA6BED47CACBEEF63B2BE2A44B8BEB0
:106B8000491DBEBE15EFC3BE53B9C9BECA7BCFBE39
:106B90004136D5BE80E8DABE4F92E0BE7533E6BE20
:106BA000BBCBEBBEEA5AF1BECBE0F6BE275DFCBE26
:106BB000E4E700BF3D9C03BF824B06BF9BF508BFC7
:106BC0006B9A0BBFDA390EBFCDD310BF2A6813BF43
:106BD000D9F615BFC07F18BFC6021BBFD17F1DBF2E
:106BE000CBF61FBF996722BF25D224BF563627BFD9
:106BF000159429BF4AEB2BBFDE3B2EBFBB8530BFB0
:106C0000C9C832BFF30435BF233A37BF426839BF22
:106C10003B8F3BBFF9AE3DBF67C73FBF70D841BF99
:106C200001E243BF03E445BF65DE47BF12D149BF60
:106C3000F8BB4BBF029F4DBF207A4FBF3D4D51BFA8
:106C4000491853BF31DB54BFE59556BF534858BF71
:106C50006AF259BF1A945BBF532D5DBF05BE5EBF7C
:106C6000214660BF97C561BF5A3C63BF59AA64BF44
:106C7000880F66BFD86B67BF3CBF68BFA7096ABFF4
:106C80000C4B6BBF5E836CBF93B26DBF9ED86EBF63
:106C900073F56FBF080971BF521372BF471473BFFA
:106CA000DD0B74BF0BFA74BFC6DE75BF07BA76BFC3
:106CB000C58B77BFF85378BF981279BF9DC779BF4E
:106CC00002737ABFBE147BBFCDAC7BBF283B7CBFB9
:106CD000C9BF7CBFAC3A7DBFCCAB7DBF23137EBFA9
:106CE000B0707EBF6DC47EBF580E7FBF6D4E7FBF3C
:106CF000AB847FBF0FB17FBF97D37FBF43EC7FBF14
:106D000011FB7FBF000080BF11FB7FBF43EC7FBF43
:106D100097D37FBF0FB17FBFAB847FBF6D4E7FBF67
:106D2000580E7FBF6DC47EBFB0707EBF23137EBF81
:106D3000CCAB7DBFAC3A7DBFC9BF7CBF283B7CBF1D
:106D4000CDAC7BBFBE147BBF02737ABF9DC779BF3A
:106D5000981279BFF85378BFC58B77BF07BA76BF53
:106D6000C6DE75BF0BFA74BFDD0B74BF471473BF6B
:106D7000521372BF080971BF73F56FBF9ED86EBF03
:106D800093B26DBF5E836CBF0C4B6BBFA7096ABF2C
:106D90003CBF68BFD86B67BF880F66BF59AA64BF86
:106DA0005A3C63BF97C561BF214660BF05BE5EBF49
:106DB000532D5DBF1A945BBF6AF259BF534858BF49
:106DC000E59556BF31DB54BF491853BF3D4D51BF08
:106DD000207A4FBF029F4DBFF8BB4BBF12D149BFB6
:106DE00065DE47BF03E445BF01E243BF70D841BF42
:106DF00067C73FBFF9AE3DBF3B8F3BBF426839BF5E
:106E0000233A37BFF30435BFC9C832BFBB8530BF93
:106E1000DE3B2EBF4AEB2BBF159429BF563627BF4A
:106E200025D224BF996722BFCBF61FBFD17F1DBFDC
:106E3000C6021BBFC07F18BFD9F615BF2A6813BF93
:106E4000CDD310BFDA390EBF6B9A0BBF9BF508BFCD
:106E5000824B06BF3D9C03BFE4E700BF275DFCBE3D
:106E6000CBE0F6BEEA5AF1BEBBCBEBBE7533E6BE55
:106E70004F92E0BE80E8DABE4136D5BECA7BCFBEB7
:106E800053B9C9BE15EFC3BE491DBEBE2A44B8BE24
:106E9000EF63B2BED47CACBE128FA6BEE59AA0BE94
:106EA00086A09ABE32A094BE229A8EBE938E88BED1
:106EB000C07D82BECCCF78BE7F9A6CBE135C60BEB4
:106EC000011554BEC2C547BECF6E3BBEA2102FBE39
:106ED000B5AB22BE834016BE87CF09BE73B2FABDE2
:106EE0002FBCE1BD36BDC8BD80B6AFBD04A996BDFF
:106EF000752B7BBD2EFB48BD2BC316BDB10AC9BC8B
:106F0000920E49BC000000804FBB610567ACDD3FBD
:106F1000182D4454FB21E93F9BF681D20B73EF3FC0
:106F2000182D4454FB21F93FE2652F227F2B7A3C38
:106F3000075C143326A6813CBDCBF07A8807703CF1
:106F4000075C143326A6913CC4EB98999999C9BF64
:106F5000711623FEC671BCBF6D9A74AFF2B0B3BF99
:106F60009AFDDE522DDEADBF2F6C6A2C44B4A2BF59
:106F70000D5555555555D53FFF8300922449C23FC5
:106F80006E204CC5CD45B73F513DD0A0660DB13FF9
:106F9000EB0D76244B7BA93F11DA22E33AAD903F0B
:106FA0000000000000000000303132333435363745
:106FB000383941424344454640305800303132333D
:106FC000343536373839616263646566403078003D
:106FD00004000008000000000000000200010000A2
:106FE00010000000000000004C5555555555A53FB8
:106FF0007751C1166CC156BF9015CB19A001FA3E4E
:10700000AD529C804F7E92BEC4B1B4BD9EEE213E77
:10701000D43888BEE9FAA8BD0000000000000000D6
:1070200000004054FB21F93F3163621A61B4D03D46
:107030000000601A61B4D03D7370032E8A19A33B1F
:107040000000002E8A19A33BC14920259A837B3971
:1070500000000000000000006E83F9A22915444ED4
:10706000D15727FCC0DD34F5999562DB4190433C54
:10707000AB6351FE61C5BBDE3A6E24B7E0D24D4230
:10708000EA2E49061C92D1091CEB1DFE3EA729B130
:10709000F53582E88444BB2E26709CE9417E5FB4BE
:1070A00039D69139F43953838B5F849C3B28F9BDE1
:1070B000FF97F81F0F9805DE8B112FEF1F6D0A5AEF
:1070C000CF7E366DB709CB27663F464F2DEA5F9ED0
:1070D000C7BA27757BF1E5EBF739073DEA92528A8B
:1070E000B15FFB6B085D8D1FA6F810111111813F78
:1070F000D561C119A0012ABF7DFEB157E31DC73E6E
:10710000EB9C2B8AE6E55ABE7CD5CF5A3AD9E53DB1
:10711000303132333435363738396162636465660D
:1071200078700030313233343536373839414243A4
:10713000444546585000000002400000000000A0F6
:107140000000000005400000000000C80000000032
:107150000C4000000000409C0000000019400000AE
:107160000020BCBE0000000034400000BFC91B8EE0
:1071700000000004B5400000504BCFD06607E2CFBE
:10718000010000006C4100003E8251AADFEEA734EE
:1071900001000000D9420000DCB5A0E23A301F97A0
:1071A000FFFFFFFFB4450000FD25A0C8E9A3C14FC4
:1071B000FFFFFFFFFF3F0000000000800000000015
:1071C000FF3F000000000080000000004F4C4544DD
:1071D00000000000424154544552595F564F4C54F0
:1071E00041474500554152545F5245434549564534
:1071F00000000000534554504F5745520000000016
:107200006C65640067696D62616C5461736B00004A
:10721000436861737369735461736B00696D75546E
:1072200061736B007465737400000000787301086B
:10723000000000201C080000C4010008CC770108F1
:107240001C0800204CD90000280200081C00000087
:1072500043000000F8FFFFFF0C0000000E000000DC
:107260000F0000002E00000010010000430000008D
:10727000F8FFFFFF00404040404040404040414157
:1072800041414140404040404040404040404040FB
:107290004040404040050202020202020202020295
:1072A0000202020202202020202020202020200292
:1072B0000202020202029090909090901010101022
:1072C00010101010101010101010101010101010BE
:1072D0000202020202028888888888880808080852
:1072E000080808080808080808080808080808081E
:1072F0000202020240000000000000000000000046
:10730000000000000000000000000000000000007D
:10731000000000000000000000000000000000006D
:10732000000000000000000000000000000000005D
:10733000000000000000000000000000000000004D
:10734000000000000000000000000000000000003D
:10735000000000000000000000000000000000002D
:10736000000000000000000000000000000000001D
:107370000000000000000000023B00011320C104D7
:10738000201A4100004040CDCCCC3D84B8323E9A1A
:1073900099993F0000C03F0AD7233C042005CDCC7B
:1073A0004C3E2A20097B14AE3E8FC2F53D042110CD
:1073B000211800064D8FC2753F0001600920BCBE38
:1073C0004C0000FA4408100800001042000090A48D
:1073D00022A004022840DC12343843B04156214434
:1073E00052204821BE100AA0409A99A9403333B3D5
:1073F0005052C00422E05C150C57104114513CB0AF
:107400000600A2FFFFFF5A4382FF016110A392FF13
:1074100011D68014011210014424117033FF00753D
:10742000517C310E5105053D889006020506060681
:10743000C6100A5D020020502100207C041264085E
:10744000129408100A05030108A9020108AD0405F9
:107450002292281047595200414343004D414700B2
:10746000524546442A3F70297C81E0C10870049A45
:107470009919F8410C6407803F6F12033B04413CAB
:1074800045A929C419C0823E30210C011E30931930
:107490004060021E4060A82DE7416B3A58A08B3A2D
:1074A0007D04017C000240AB0341000553080658EF
:1074B00004070F000810820911000A15800B16003E
:1074C0000C18010D341034EE5ACAC060E5CBC17FF0
:1074D0006AAD4110581A428941AFC1B6F33BC1A40D
:1074E0007079C15C8F18C231885D4266A69E42AE3B
:1074F0000796C2DD24E2C1A01A881C20BBEE41B869
:107500001E6DC1D5F873C28FC2E3C11058CF41BC04
:1075100096EAC0068163413333FBC0986EC6C14E04
:107520006274C1A69B5841CBA131C24861E2C28DB1
:107530001755424CF7C742235B4E42EEFC76C273AE
:107540006857C16F128EC1B5156F40B0723A4125B0
:10755000066F41355EE0C038F8D6C0560E81C119BD
:1075600004D7C139347942295CCFC2DB398C42B4AB
:107570008E8ABED7124AC0645D8AC0D42B7D404833
:10758000E144C140139B408195BAC1026B924246CF
:10759000B649415463A7C2AAF12EC14A7B93C048A1
:1075A000E1F4C0C976B84139B49E40D578CDC199CF
:1075B0002A94C0B5A609C0F021EC21F421E821F0FD
:1075C00021F821F021EC21F421E821F021F811F03B
:1075D00021EC1241F421E812C1F01241F81242F0FC
:1075E0001DA80313FB40F421E821F01241F82241C9
:1075F000C021BC21C421B821C021C821C021BC2187
:10760000C421B821C021C82520251C2524251825E2
:107610002025282520251C2524251825202528213E
:10762000F021EC21F421E821F021F821F021EC21D6
:10763000F421E821F021F8200CBC965440FD870489
:1076400040E3A56170282AC0C74B9141923F38BFE3
:107650007593EA400F9CC33F96C302C219E213C15F
:10766000E1FA314280B7A440560ED3C142605D407A
:1076700000140CDAACB2409EEF9C416DE7AA0414F2
:107680003635C1C971373FADFACAC0FDF601408A2F
:107690008E1641A779ED406666EE411D5A37C2F855
:1076A0005335C1359EC442BA49D04162A103C16677
:1076B000F712410C02BF1810222040C74B2142563E
:1076C0000EBD40DE9303C1A1D69840287EC2C05EA5
:1076D000BA60C2CB100BC07593C160103E16C11AC0
:1076E0008B363FF2B597BEA8C657C1E09CD13F96F6
:1076F0002132C0075F18402FDDEAC1D7235BC26883
:1077000091A2419CC48C42091B1E405839AEC1B2A3
:107710009D13C106818BC12428C0601AB17820074F
:10772000B33F0DE0D3C0F021EC21F421E821F0219A
:10773000F821F021EC21F421E821F021F811F015D5
:10774000DC137941F412C0E812C1F021F812C0F044
:107750001241EC1240F412BFE812C0F012C1F8223C
:10776000C0C021BC21C421B821C021C821C021BC76
:1077700021C421B821C021C82520251C2524251875
:10778000252025282520251C2524251825202528C9
:1077900021F021EC21F421E821F021F821F021EC65
:1077A00021F421E821F021F80D12D0042C0A6740C1
:1077B000533A0024F4000162060278000112AA0183
:0C77C000AD6C042005CDCC1C4104000081
:040000050800018965
:00000001FF
