:020000040800F2
:10000000409E0024A5030008C1B70008D7A400083B
:10001000BDB70008B30F0008C5DB000800000000F2
:10002000000000000000000000000000E5020008E1
:100030008D1E00080000000041030008F5C1000803
:10004000BF030008BF030008BF030008BF03000888
:10005000BF030008BF030008BF030008BF03000878
:10006000BF030008BF030008BF0300088D16000887
:100070009D160008AD160008BD160008CD16000834
:10008000BF030008BF030008BF0300085120000899
:10009000C1200008BF030008BF030008BF03000819
:1000A000BF030008BF030008BF030008BF03000828
:1000B000BDC30008BF030008BF030008BF0300085A
:1000C000BF030008BF030008BF030008BF03000808
:1000D00089C00008BF030008BF030008F1D1000871
:1000E000BF030008BF03000800000000BF030008B2
:1000F000BF030008BF030008BF030008BF030008D8
:10010000BF030008BF030008BF030008BF030008C7
:10011000BF03000815C80008BF030008BF0300089C
:10012000BF030008BF030008BF030008BF030008A7
:10013000BF030008BF030008BF030008BF03000897
:1001400000000000000000000000000000000000AF
:10015000BF030008BF030008BF030008BF03000877
:10016000BF030008BF030008BF030008BF03000867
:10017000BF030008BF030008BF0300080000000021
:10018000BF030008BF030008BF030008BF03000847
:10019000BF030008BF030008BF030008BF03000837
:1001A000BF030008BF030008BF03000800000000F1
:1001B000BF030008BF030008BF030008BF03000817
:1001C000BF030008BF03000800000000000000009B
:1001D0000000000000000000BF0300080000000055
:1001E000000000000000000000000000000000000F
:1001F0000000000000000000BF030008BF0300086B
:10020000BF030008BF03000800000000BF03000890
:10021000BF030008BF030008BF030008BF030008B6
:10022000BF03000800000000BF030008000000003A
:10023000BF030008BF03000800000000BF03000860
:10024000BF030008BF030008BF030008BF03000886
:10025000BF030008BF030008BF030008BF03000876
:10026000BF030008BF030008BF030008BF03000866
:10027000BF030008BF030008BF0300080000000020
:10028000BF030008BF030008BF030008BF03000846
:1002900000000000BF030008BF03000800000000CA
:1002A00000000000BF030008BF030008BF030008F0
:1002B000BF030008BF030008BF030008D1200008E7
:1002C000BF030008BF030008BF030008DFF810D019
:1002D00000F0EEF80048004775040108AFF3008015
:1002E000409E00242C4B19680868B0E8F04F80F35A
:1002F0000988BFF36F8F4FF0000080F311887047BB
:100300000000000008480068006880F308884FF08B
:10031000000080F3148862B661B6BFF34F8FBFF35D
:100320006F8F00DF00BF00BF08ED00E0DFF80C00BA
:10033000016841F470010160704700BF88ED00E082
:10034000EFF30980BFF36F8F134B1A681EF0100F85
:1003500008BF20ED108A20E9F04F106009B44FF07B
:10036000500080F31188BFF34F8FBFF36F8F11F0F0
:10037000B3F84FF0000080F3118809BC19680868D1
:10038000B0E8F04F1EF0100F08BFB0EC108A80F3F9
:100390000988BFF36F8F7047B8000024EFF3058022
:1003A000704700000648804706480047FEE7FEE722
:1003B000FEE7FEE7FEE7FEE7FEE7FEE7FEE7FEE715
:1003C000DDC20008CD0200082DE9F05F05460020DF
:1003D00092469B4688460646814640241BE02846B6
:1003E00041464746224600F053F853465A46C01A43
:1003F000914110D311461846224600F03AF82D1AC2
:1004000067EB01084F4622460120002100F031F839
:1004100017EB00094E41201EA4F10104DFDC484621
:1004200031462A464346BDE8F09F40EA01039B0758
:1004300003D009E008C9121F08C0042AFAD203E059
:1004400011F8013B00F8013B521EF9D27047D2B2BD
:1004500001E000F8012B491EFBD270470022F6E7AD
:1004600010B513460A4604461946FFF7F0FF20462A
:1004700010BD202A04DB203A00FA02F10020704768
:100480009140C2F1200320FA03F3194390407047D2
:10049000202A04DB203A21FA02F00021704721FAD9
:1004A00002F3D040C2F12002914008431946704740
:1004B000064C074D06E0E06840F0010394E80700B1
:1004C00098471034AC42F6D3FFF704FF64230108C9
:1004D0008423010870B58C1810F8015B15F0070330
:1004E00001D110F8013B2A1106D110F8012B03E0CD
:1004F00010F8016B01F8016B5B1EF9D12B0705D4D5
:100500000023521E0DD401F8013BFAE710F8013B1D
:10051000CB1A921C03E013F8015B01F8015B521E39
:10052000F9D5A142D8D3002070BD00009FED201A5C
:10053000B5EE002A00EE012A9FED1E1ABDEEC20A9A
:10054000B5EEC02AF1EE10FA10EE100AB8BF01386D
:1005500000EE100A0020B8EEC00A32EE400A9FED0D
:10056000162A20EE010ABCEEC01A11EE101A30EE67
:10057000021AB0EB512F18BF002102EE101A41F6FB
:10058000603000FE010AC0F60100B8EE422A00EB1E
:10059000810090ED011A30EE420AB7EE002A32EEE9
:1005A000402A20EE010A90ED001A02EE010A70477F
:1005B00083F9223E00000044000000C40180428014
:1005C000436070479FED1F1A20EE010A9FED1F2A1E
:1005D000BDEEC01AB5EEC00AF1EE10FA11EE100A27
:1005E000B8BF013801EE100A0020B8EEC11A30EE93
:1005F000410A9FED151A20EE010ABCEEC01A11EE59
:10060000101A30EE021AB0EB512F18BF002102EE83
:10061000101A41F6603000FE010AC0F60100B8EE83
:10062000422A00EB810090ED011A30EE420AB7EE4B
:10063000002A32EE402A20EE010A90ED001A02EE66
:10064000010A704783F9223E00000044000000C404
:1006500070B5044643492068884203D04249206867
:10066000884208D14148006800F4403008B10120B8
:1006700009E0002007E03E48006800F4403008B17F
:10068000012000E00020B8B107F036FE05466068A2
:10069000B0F5803F06D0B0F5003F04D0B0F5403F44
:1006A00008D105E000BF6068000CB5FBF0F502E082
:1006B000AD0800E000BF2BE04FF40020002106F061
:1006C0001BFA05466068C0F31101F9B980140C28C3
:1006D0001CD2DFE800F01B060708090A0B111315EE
:1006E000171900BF00BF00BF00BF00BF6068800CCB
:1006F0004000B5FBF0F50AE02D0908E06D0906E0C1
:10070000AD0904E0ED0902E02D0A00E000BF00BFE2
:100710006D081848854206D82068806820F440702B
:10072000216888601DE01448854208D820688068E8
:1007300020F4407040F480702168886011E00F4818
:10074000854208D82068806820F4407040F400702A
:100750002168886005E02068806840F44070216866
:10076000886070BD00200240002102400823024042
:1007700008630258105E5F0020BCBE0040787D0117
:1007800070B50546AC6B206E00F0500098BB206E33
:1007900040F4007020662068006800F00800A8B1EE
:1007A00020680AF034FC10B32068C06800F40050E0
:1007B000E8B9206E20F480702066206E00F480502E
:1007C000A8B9206E40F00100206610E02068C068E3
:1007D00000F0030058B9206E20F480702066206E6F
:1007E00000F4805018B9206E40F0010020662046C9
:1007F00002F0C2FA0CE0FFE7206E00F0100018B122
:10080000204602F0BBFA03E0A06DC16C2846884781
:1008100070BD70B50546AC6B206E40F040002066A0
:10082000606E40F004006066204602F0A7FA70BDDA
:1008300070B50446A56B284602F09FFA70BD000013
:1008400070B5044620680AF0C4FB064620680AF02A
:10085000C5FB98B396BB2068806800F00D000128A6
:100860000AD1206881681A4A1140891C816000BF42
:1008700003202168086009E0206E40F01000206627
:10088000606E40F001006066012070BD05F09AFCCA
:10089000054614E005F096FC401B02280FD920689D
:1008A000806800F0010050B1206E40F0100020661A
:1008B000606E40F0010060660120E6E705E0206818
:1008C000806800F001000028E4D10020DDE700008E
:1008D000C0FFFF7F70B5044620680AF07FFB002848
:1008E00051D1206880682949084048B1206E40F005
:1008F00010002066606E40F001006066012070BD4F
:1009000020680AF04BFB05F05DFC0546204A216893
:10091000914203D01F4A2168914201D11E4900E053
:100920001E4908460AF042FB06461A4920688842DA
:1009300001D1174800E020682168884200D00EBB32
:100940001AE020680AF04AFB10B920680AF026FB7A
:1009500005F038FC401B02280ED92068006800F022
:10096000010048B9206E40F010002066606E40F033
:10097000010060660120C2E72068006800F0010005
:100980000028DED000BF0020B9E700003F00008053
:100990000020024000210240002302400063025870
:1009A00010B501221146024805F006FC10BD0000FA
:1009B0000008025810B500220121024805F0FCFB96
:1009C00010BD00000008025810B50122082102489D
:1009D00005F0F2FB10BD00000008025810B500221F
:1009E0000821024805F0E8FB10BD0000000802588D
:1009F00010B50446FFF7DEFF922000F011FA062240
:100A0000C249122000F0ECF9FFF7CAFFC048007895
:100A1000002855D0BD484078000200B2BB49097893
:100A20000843BC49088094ED0C0A0846B0F9000060
:100A300000EE900AF8EEE00AB74890ED001A60EE7A
:100A4000810A94ED081A10EE810A84ED000AAF487D
:100A5000C078000200B2AD4989780843AD490880EA
:100A600094ED0D0A0846B0F9000000EE900AF8EE89
:100A7000E00AA94890ED001A60EE810A94ED081A88
:100A800010EE810A84ED010AA0484079000200B20C
:100A90009E49097908439F4908800846B0F900003B
:100AA00000EE100AB8EEC00A9B48D0ED000A20EE16
:100AB000200AD4ED080A20EE200A84ED020A50E054
:100AC00092484078000200B2904909780843914961
:100AD00008800846B0F9000000EE100AB8EEC00A1F
:100AE0008D48D0ED000A20EE200AD4ED080A20EE51
:100AF000200A84ED000A8548C078000200B28349CC
:100B000089780843834908800846B0F9000000EE60
:100B1000100AB8EEC00A8048D0ED000A20EE200A84
:100B2000D4ED080A20EE200A84ED010A77484079C6
:100B3000000200B2754909790843764908800846E1
:100B4000B0F9000000EE100AB8EEC00A7248D0ED0D
:100B5000000A20EE200AD4ED080A20EE200A84EDD7
:100B6000020AFFF73BFF08226849002000F038F92D
:100B7000FFF72AFF654800780F284FD164480078B6
:100B8000F0B36248C078000200B260498978084337
:100B90006049088094ED090A0846B0F9000000EEAB
:100BA000900AF8EEE00A5D4890ED001A10EE810A16
:100BB00084ED030A55484079000200B2534909798F
:100BC00008435449088094ED0A0A0846B0F9000029
:100BD00000EE900AF8EEE00A504890ED001A10EE90
:100BE000810A84ED040A4948C079000200B24749ED
:100BF000897908434749088094ED0B0A084600E0CC
:100C00000DE0B0F9000000EE900AF8EEE00A43486B
:100C100090ED001A10EE810A84ED050A44E03B488D
:100C2000C078000200B23949897808433949088000
:100C30000846B0F9000000EE100AB8EEC00A3748C6
:100C4000D0ED000A20EE200A84ED030A2F484079F7
:100C5000000200B22D49097908432E490880084650
:100C6000B0F9000000EE100AB8EEC00A2B48D0ED33
:100C7000000A20EE200A84ED040A2448C07900020C
:100C800000B2224989790843224908800846B0F910
:100C9000000000EE100AB8EEC00A2048D0ED000AAD
:100CA00020EE200A84ED050AFFF784FEA22000F062
:100CB000B7F802221549222000F092F8FFF770FEE3
:100CC00012480078C0001149497840EA6110114982
:100CD00008800846B0F90000B0F5806F05DB0846D3
:100CE0000088A0F5006000B208800A48B0F9000052
:100CF00000EE100AF8EEC00AB4EE001AB3EE070ACE
:100D000000EE810A84ED070A10BD00007400002483
:100D1000440000247C000024340000243800002417
:100D200070B504460D462248046000202149087031
:100D30000DF0AAFE1F49097808431E4908700DF0FE
:100D400059FF1C49097808431A4908701DB11A480F
:100D500000F05EF928E09FED190A174880ED090AB6
:100D60009FED170A80ED0A0A9FED160A80ED0B0A27
:100D70009FED150A80ED0C0A9FED140A80ED0D0A17
:100D80009FED130A80ED0E0A9FED120A80ED0F0A07
:100D900090ED0F0ADFED100A80EE801A80ED081A40
:100DA0009FED0E0A80ED060A0248007870BD000033
:100DB000800000243E0000244C0A0024F0A032BA37
:100DC000B9F3AFBAB1EFBBBA0B6F993E2A98933D16
:100DD000000000007A841D41C3F51C410000204240
:100DE00070B506460C46154646F0800000F018F82F
:100DF00006E0552000F014F82070641C681EC5B28F
:100E0000002DF6D170BD70B504460D4644F080004B
:100E100000F006F8552000F003F8287070BD0000BF
:100E200001B582B04FF47A70012301AA02A90090A3
:100E30000348006808F050FA9DF804000EBD000059
:100E40008000002470B505460C462846FFF7E8FFF1
:100E50002046FFF7E5FF70BDD2ED020A92ED021ABF
:100E6000B6EE000A00EEC10AD2ED030A92ED031AB3
:100E700000EEC10AD0ED000A20EE200AD2ED010AF0
:100E800092ED021A60EE810A92ED001AD2ED031A79
:100E900041EE610A90ED011A00EE810AD2ED010ADD
:100EA00092ED031A60EE810A92ED001AD2ED021A59
:100EB00041EE210A90ED021A00EE810AF0EE000ADE
:100EC00020EE200A81ED000A92ED010AD2ED020A1D
:100ED00020EE200AD2ED000A92ED031A00EE810AFC
:100EE000D0ED000A60EE200A92ED011AD2ED011A4F
:100EF000B6EE000A01EE610AD2ED031A92ED032A62
:100F0000B0EE401A01EEC21AD0ED011AB0EE600A3E
:100F100001EE210AD2ED020A92ED031A60EE810A77
:100F200092ED001AD2ED011A41EE610A90ED021A1B
:100F300000EE810AF0EE000A20EE200A81ED010A9F
:100F400092ED010AD2ED030A20EE200AD2ED000A4A
:100F500092ED021A00EEC10AD0ED000A20EE200A3E
:100F6000D2ED020A92ED031A60EE810A92ED001AA8
:100F7000D2ED011A41EE210A90ED011A00EE810A2C
:100F800092ED011AD2ED011AF6EE000A41EE610A65
:100F900092ED021AD2ED021A41EE610A90ED021AA8
:100FA00000EE810AF0EE000A20EE200A81ED020A2E
:100FB000704700BFFEE7000070B505460C464FF4D1
:100FC0000070104908600020486088604FF40020DD
:100FD000C8600020086148618861C8610862280A09
:100FE000094908704D70200A8870CC700020087183
:100FF00048718871C8710A460249044804F018F91A
:1010000070BD0000E0930024F0020024EC030024F3
:1010100070B52DED048B88B0044600200690079033
:1010200000F06EFEFE4880ED000A00BF00F068FE92
:10103000FB48D0ED000A30EE600AF2EE040AB4EE8E
:10104000E00AF1EE10FA14DD9FEDF60A84ED090ACC
:101050009FEDF50A84ED0A0A9FEDF40A84ED0B0A70
:101060009FEDF30A84ED0F0A9FEDF20A84ED060A64
:101070005FE29FEDF10A00F0FFFD9FEDF00A84EDC5
:101080000F0A9FEDEE0A84ED090A9FEDEC0A84ED4C
:101090000A0A9FEDEA0A84ED0B0A002673E1FFF7C6
:1010A00089FC9220FFF7BCFE062206A91220FFF75A
:1010B00097FEFFF775FC9DF81900000200B29DF83D
:1010C000181040EA010500EE105AB8EEC00ADC48DC
:1010D000D0ED000A20EE200A84ED000A9DF81B00E6
:1010E000000200B29DF81A1040EA010500EE105A05
:1010F000B8EEC00AD248D0ED000A20EE200A84EDF6
:10110000010A9DF81D00000200B29DF81C1040EA83
:10111000010500EE105AB8EEC00AC948D0ED000A29
:1011200020EE200A84ED020AD4ED000A60EEA00A47
:1011300094ED011AD4ED011A41EE210A94ED021A40
:10114000D4ED021A41EE210AB0EE600A0DF01FFC48
:10115000B0EE408A94ED0F0A30EE080A84ED0F0AD3
:10116000FFF73CFC082206A90020FFF739FEFFF735
:101170002BFC9DF818000F2850D19DF81B00000291
:1011800000B29DF81A1040EA010500EE105AB8EEC0
:10119000C00AAC48D0ED000A20EE200A84ED030A14
:1011A00094ED090AD4ED030A30EE200A84ED090A11
:1011B0009DF81D00000200B29DF81C1040EA0105D8
:1011C00000EE105AB8EEC00A9E48D0ED000A20EE9C
:1011D000200A84ED040A94ED0A0AD4ED040A30EEE4
:1011E000200A84ED0A0A9DF81F00000200B29DF853
:1011F0001E1040EA010500EE105AB8EEC00A9148F0
:10120000D0ED000A20EE200A84ED050A94ED0B0AC9
:10121000D4ED050A30EE200A84ED0B0A06BBF0EE91
:10122000488AB0EE489A002017E004F10C0101EB67
:10123000800191ED000A03A901EB800181ED000A14
:1012400004F10C0101EB800191ED000A694601EB0C
:10125000800181ED000A411CC8B20328E5DB49E0AA
:10126000B4EEE88AF1EE10FA01DDF0EE488AB4EE51
:10127000C98AF1EE10FA01D2B0EE489A002037E0A8
:1012800004F10C0101EB800191ED000A03A901EBCF
:101290008001D1ED000AB4EEE00AF1EE10FA0ADDA9
:1012A00004F10C0101EB800191ED000A03A901EBAF
:1012B000800181ED000A04F10C0101EB800191ED48
:1012C000000A694601EB8001D1ED000AB4EEE00AA4
:1012D000F1EE10FA0AD204F10C0101EB800191ED5C
:1012E000000A694601EB800181ED000A411CC8B289
:1012F0000328C5DB38EEC90A534880ED000A0020F8
:1013000012E003A901EB800191ED000A694601EBAF
:101310008001D1ED000A30EE600A4C4901EB8001FA
:1013200081ED000A411CC8B20328EADB464890ED73
:10133000000AF6EE000AB4EEE00AF1EE10FA1BDC49
:10134000424890ED000ADFED420AB4EEE00AF1EE09
:1013500010FA11DC90ED010ADFED3D0AB4EEE00A6F
:10136000F1EE10FA08DC90ED020ADFED390AB4EE76
:10137000E00AF1EE10FA00DD0AE09FED360A00F017
:101380007BFC701C86B2344800888642FFF687AE2C
:1013900000BFD4ED0F0A3048008800EE100AB8EE06
:1013A000400A80EE801A84ED0F1A002015E004F147
:1013B000240101EB8001D1ED000A2749098800EEE4
:1013C000101AB8EE400A80EE801A04F1240101EBF5
:1013D000800181ED001A411CC8B20328E7DBFFF74A
:1013E000E9FAA220FFF71CFD022206A92220FFF73E
:1013F000F7FCFFF7D5FA9DF81800C0009DF819100A
:1014000040EA6115B5F5806F02DBA5F5006005B215
:1014100000EE105AF8EEC00AB4EE001A1EE000000A
:101420006C000024F0A032BAB9F3AFBAB1EFBBBA86
:101430007A841D41000020420AD7A33B000000002F
:10144000340000243800002440000024400A002416
:101450009A99193E6F12033A70000024B3EE070AFE
:1014600000EE810A84ED060A7C480088401C00B228
:101470007A4908807A4890ED000AF6EE000AB4EE48
:10148000E00AF1EE10FA3FF7D1ADD4ED0F0A9FED6F
:10149000751A70EEC10AB0EE600A0EF057FDF6EE56
:1014A000000AB4EEE00AF1EE10FAECDC6E4890EDC2
:1014B000000A5FED190AB4EEE00AF1EE10FAE2DC80
:1014C00090ED010A5FED1E0AB4EEE00AF1EE10FAAB
:1014D000D9DC90ED020A5FED220AB4EEE00AF1EEEB
:1014E00010FAD0DCD4ED090AB0EE600A0EF02EFD41
:1014F000DFED5E0AB4EEE00AF1EE10FAC3DCD4EDE3
:101500000A0AB0EE600A0EF021FDDFED580AB4EED3
:10151000E00AF1EE10FAB6DCD4ED0B0AB0EE600A88
:101520000EF014FDDFED510AB4EEE00AF1EE10FA10
:10153000A9DC00BF94ED0F0ADFED4D0A80EE801AA2
:1015400084ED081A002680E0FFF734FA9220FFF7B6
:1015500067FC062206A91220FFF742FCFFF720FADB
:101560009DF81900000200B29DF8181040EA01052C
:1015700000EE105AB8EEC00A3E48D0ED000A20EE48
:10158000200AD4ED080A20EE200A84ED000A94ED2A
:101590000C0ADFED390A20EE200AD4ED000A9FED97
:1015A000371A00EE810A84ED0C0A9DF81B00000238
:1015B00000B29DF81A1040EA010500EE105AB8EE8C
:1015C000C00A2C48D0ED000A20EE200AD4ED080A0B
:1015D00020EE200A84ED010A94ED0D0ADFED260AC3
:1015E00020EE200AD4ED010A9FED241A00EE810AB4
:1015F00084ED0D0A9DF81D00000200B29DF81C103C
:1016000040EA010500EE105AB8EEC00A1948D0EDC4
:10161000000A20EE200AD4ED080A20EE200A84ED0C
:10162000020A94ED0E0ADFED140A20EE200AD4ED32
:10163000020A9FED121A00EE810A84ED0E0A1FEDD8
:101640007B0A00F019FB701C86B20D4800888642A8
:10165000FFF67AAF08B0BDEC048B70BD46000024E5
:1016600040000024CDCC1C41400A00240AD7233C72
:10167000C3F51C4134000024CDCC4C3FCDCC4C3EB6
:101680007200002400BF0EF093FAFCE710B5024888
:1016900002F080FA10BD00005406002410B5024884
:1016A00002F078FA10BD00000409002410B50248C9
:1016B00002F070FA10BD0000CC06002410B50248FC
:1016C00002F068FA10BD00007403002410B502484F
:1016D00002F060FA10BD00007C0900240146374A80
:1016E0000868904249D0354A18320868904244D080
:1016F000324A3032086890423FD0304A4832086857
:1017000090423AD02D4A60320868904235D02B4A38
:1017100078320868904230D0284A90320868904267
:101720002BD0264AA8320868904226D0244A08685E
:10173000904222D0224A1832086890421DD0204A96
:1017400030320868904218D01D4A483208689042EA
:1017500013D01B4A6032086890420ED0184A783283
:101760000868904209D0164A90320868904204D026
:10177000134AA8320868904201D1012000E00020FD
:10178000B0B10A78103A1823B2FBF3F000F0070268
:101790000C4B9A5CCA65032805D90A686FF30902E5
:1017A000121D8A6503E00A686FF309028A6503E087
:1017B000086820F0FF008865886D704710000240BF
:1017C00010040240641A010810B502682B4C03682B
:1017D000A34222D0294C14340368A3421DD0274CC5
:1017E00028340368A34218D0244C3C340368A34235
:1017F00013D0224C50340368A3420ED01F4C6434E3
:101800000368A34209D01D4C78340368A34204D076
:101810001A4C8C340368A34201D1012300E0002359
:101820008BB10378083B1424B3FBF4F1144B03EBA6
:1018300081030366124B8033436601F01F040123CA
:10184000A340836618E00378103B1824B3FBF4F13F
:101850000C4B9A4204D80B4BA83B9A4200D3083158
:10186000094B03EB81030366074B8033436601F0AA
:101870001F040123A340836610BD000008540258D2
:1018800000580258B8040240000802400179A9B388
:10189000082940D8204B02689A4222D01E4B1433AC
:1018A00002689A421DD01C4B283302689A4218D015
:1018B000194B3C3302689A4213D0174B50330268DD
:1018C0009A420ED0144B643302689A4209D0124BEC
:1018D000783302689A4204D00F4B8C3302689A42E4
:1018E00001D1012200E000224AB14A1E0B4B03EB5A
:1018F0008202C266094A4032026708E00BE04A1ED3
:10190000074B03EB8202C266054A403202674A1E59
:101910000123934043677047085402580059025806
:1019200000090240014600208A69D2B98A6A32B1B0
:10193000012A0DD0022A03D0032A10D10EE000BFE5
:10194000CA6A02F08072B2F1807F00D1012007E004
:10195000CA6AB2F1C07F00D1012001E000E000BFFF
:1019600036E08A69B2F5005F1BD18A6A32B1012A7A
:1019700007D0022A03D0032A11D10AE000BF0120B8
:101980000EE0CA6A02F08072B2F1807F00D10120BD
:1019900006E0CA6AB2F1C07F00D1012000E000BFBA
:1019A00016E08A6A32B1012A05D0022A04D0032A3D
:1019B0000CD103E000BF00BF012008E0CA6A02F0BA
:1019C0008072B2F1807F00D1012000E000BF00BF33
:1019D00070470000F0B5856D846D984F0668BE4273
:1019E00070D0964F18370668BE426BD0934F303791
:1019F0000668BE4266D0914F48370668BE4261D045
:101A00008E4F60370668BE425CD08C4F78370668D0
:101A1000BE4257D0894F90370668BE4252D0874F9A
:101A2000A8370668BE424DD0854F0668BE4249D0F1
:101A3000834F18370668BE4244D0814F303706685E
:101A4000BE423FD07E4F48370668BE423AD07C4FF8
:101A500060370668BE4235D0794F78370668BE4297
:101A600030D0774F90370668BE422BD0744FA837DE
:101A70000668BE4226D0734F0668BE4222D0714F20
:101A800014370668BE421DD06E4F28370668BE4226
:101A900018D06C4F3C370668BE4213D0694F5037A0
:101AA0000668BE420ED0674F64370668BE4209D052
:101AB000644F78370668BE4204D0624F8C370668A0
:101AC000BE4201D1012600E000263EB1D0E91976E0
:101AD0007E60C66E16B1D0E91C767E60574F0668F0
:101AE000BE4249D0554F18370668BE4244D0534FC6
:101AF00030370668BE423FD0504F48370668BE4276
:101B00003AD04E4F60370668BE4235D04B4F7837DB
:101B10000668BE4230D0494F90370668BE422BD08F
:101B2000464FA8370668BE4226D0454F0668BE42DB
:101B300022D0434F18370668BE421DD0404F303781
:101B40000668BE4218D03E4F48370668BE4213D0E2
:101B50003B4F60370668BE420ED0394F7837066873
:101B6000BE4209D0364F90370668BE4204D0344F8B
:101B7000A8370668BE4201D1012600E00026DEB18A
:101B800090F85C6006F01F073F26BE40AE60066816
:101B9000366826F4802607683E60066873608668AB
:101BA000402E04D10668B2600668F16044E0066821
:101BB000B1600668F2603FE0224F0668BE4222D064
:101BC000204F14370668BE421DD01E4F28370668C6
:101BD000BE4218D01B4F3C370668BE4213D0194F87
:101BE00050370668BE420ED0164F64370668BE42B4
:101BF00009D0144F78370668BE4204D0114F8C3795
:101C00000668BE4201D1012600E00026A6B190F888
:101C10005C6006F01F070126BE40666006687360C0
:101C20008668402E04D10668B2600668F16003E061
:101C30000668B1600668F260F0BD00001000024066
:101C4000100402400854025808B508484068009043
:101C5000074900980968884204D206480068401C79
:101C60000449086002490098086008BD001000E0BF
:101C7000C8020024C40200240C494868F0EE400A5F
:101C800000BF0A494968091A01EE101AF8EE411A14
:101C9000074991ED001AB8EE411A20EE811AF4EED0
:101CA000C11AF1EE10FAECD370470000001000E00A
:101CB000B802002410B52DED028B82B004460E4808
:101CC0004068019020680199081A00EE100AF8EEA9
:101CD000400A0A4890ED000AB8EE400A80EE801AE9
:101CE000B0EE418A01982060FFF7AEFFB0EE480ADF
:101CF00002B0BDEC028B10BD001000E0B802002461
:101D000010B52DED028B00F059F80F4890ED000A48
:101D1000B8EE400A808800EE900AF8EE600A9FED67
:101D20000B1A00EE810A0848C08800EE900AF8EE0F
:101D3000600A9FED071A00EE810AB0EE408AB0EE0D
:101D4000480ABDEC028B10BDB00200246F12833A2A
:101D5000BD3786351249096841F08071104A11601B
:101D60000021104A51601146096841F001011160DB
:101D70000D4941430D4A1160114609684FF47A72CA
:101D8000B1FBF2F10A4A116008490968064AB1FB41
:101D9000F2F1084A11600021074A11607047000003
:101DA000FCED00E0001000E040420F00B80200240B
:101DB000BC020024C0020024C402002438B5294813
:101DC00040680090FFF740FF274800684FF0FF3160
:101DD000A0FB01310098181841F10001234A03C209
:101DE000234800232149026803C9FEF7EDFA214A7E
:101DF00003C220480CC81E4800680024A2FB00153E
:101E000003FB005002FB04021848D0E90030591AC5
:101E100060EB0200184AC2E9001016480068174932
:101E20000860174800231449026803C9FEF7CCFA7A
:101E300012498880084680881149096841430E4844
:101E4000D0E90030591A60F100000E4AC2E90010D2
:101E50000D4800230B49026803C9FEF7B5FA07498C
:101E6000C88038BD001000E0C4020024D002002465
:101E7000B8020024D8020024E0020024B0020024AA
:101E8000BC020024E8020024C00200247047D2ED06
:101E9000020A92ED021AB6EE000A00EEC10AD2ED75
:101EA000030A92ED031A00EEC10AD0ED000A20EEFB
:101EB000200AD2ED010A92ED021A60EE810A92ED3B
:101EC000001AD2ED031A41EE210A90ED011A00EE3C
:101ED000810AD2ED010A92ED031A60EE810A92EDB9
:101EE000001AD2ED021A41EE610A90ED021A00EEDC
:101EF000810AF0EE000A20EE200A81ED000A92ED40
:101F0000010AD2ED020A20EE200AD2ED000A92ED7B
:101F1000031A00EEC10AD0ED000A60EE200A92ED2D
:101F2000011AD2ED011AB6EE000A01EE610AD2EDF5
:101F3000031A92ED032AB0EE401A01EEC21AD0ED58
:101F4000011AB0EE600A01EE210AD2ED020A92ED0A
:101F5000031A60EE810A92ED001AD2ED011A41EEE9
:101F6000210A90ED021A00EE810AF0EE000A20EE3E
:101F7000200A81ED010A92ED010AD2ED030A20EE5A
:101F8000200AD2ED000A92ED021A00EE810AD0ED8D
:101F9000000A20EE200AD2ED020A92ED031A60EE4A
:101FA000810A92ED001AD2ED011A41EE610A90ED1C
:101FB000011A00EE810A92ED011AD2ED011AF6EE35
:101FC000000A41EE610A92ED021AD2ED021A41EEC8
:101FD000610A90ED021A00EE810AF0EE000A20EE8E
:101FE000200A81ED020A704772B600BFFEE70000CA
:101FF00000B589B0002001900290022003900120DA
:10200000049000200590069001A9104803F059F9AA
:1020100008B1FFF7E9FF00200346022211460090B5
:102020000A4803F0A2F908B1FFF7DEFF0022012100
:10203000064803F0A9F808B1FFF7D6FF034803F0FC
:102040009FFF08B1FFF7D0FF09B000BDEC030024EB
:1020500010B5024803F0A2FA10BD0000EC03002402
:1020600000B589B000200190012002900220039069
:10207000049000200590069001A9104803F021F972
:1020800008B1FFF7B1FF002003460222114600907D
:102090000A4803F06AF908B1FFF7A6FF00221021F1
:1020A000064803F071F808B1FFF79EFF034803F0FC
:1020B00067FF08B1FFF798FF09B000BD8C0400244A
:1020C00010B5024803F06AFA10BD00008C04002429
:1020D00010B5024803F062FA10BD00002C05002480
:1020E00010B501464A6B0868D0F884004FF6FC74BE
:1020F000A04340EA82000C68C4F884000868D0F865
:10210000840020F47F04088F44EA00400C68C4F87F
:102110008400886B02440868D0F888004FF6FC748D
:10212000A04340EA82000C68C4F888000868D0F830
:10213000880020F4FE04888F44EA00400C68C4F84C
:102140008800C86B02EB40020868D0F8A0004FF688
:10215000FC74A04340EA82000C68C4F8A000086840
:10216000D0F8A00020F4FE044020405A44EA004089
:102170000C68C4F8A000D1E9104004FB00220868F4
:10218000D0F8B0004FF6FC74A04340EA82000C681F
:10219000C4F8B0000868D0F8B00020F4FE04B1F82C
:1021A000480044EA00400C68C4F8B000D1E912408D
:1021B00004FB00220868D0F8AC004FF6FC74A04382
:1021C00040EA82000C68C4F8AC00D1E9144004FB7A
:1021D00000220868D0F8F0004FF6FC74A04340EAF3
:1021E00082000C68C4F8F0000868D0F8F00020F411
:1021F0007C14B1F8580044EA00400C68C4F8F000C0
:10220000886D02EB40020868D0F8C0004FF6FC74FD
:10221000A04340EA82000C68C4F8C0000868D0F807
:10222000C00020F47C14B1F85C0044EA00400C6863
:10223000C4F8C0000868D0F8C00020F07C5491F8C1
:10224000600044EA00600C68C4F8C0002A4C486B87
:1022500004EB8000C866CC6E886B04EB80040C67CE
:102260000C6FC86B04EBC0044C67D1E910046043E9
:102270004C6F04EB80048C67D1E9120460438C6FCF
:1022800004EB8004CC67D1E914046043CC6F04EB09
:102290008004802044504458886D04EBC00484209E
:1022A00044508C6EC86D60438424645804EB8004F1
:1022B000882044508C6E086E60438824645804EB78
:1022C00080049020445040580C4CA04209D99831C9
:1022D000486840F020004860032001F89809012078
:1022E00010BDCB6E02E0002018601B1D90204058EE
:1022F0009842F8D80020F3E700AC0040FCD300403F
:102300002DE9F041054614461E46D1F804C0BCF143
:10231000000F0AD1D1F810C0D1F808804CEA080C9F
:10232000B1F800804CEA88430BE0D1F810C04CF0C3
:10233000804CD1F808804CEA080CD1F800804CEAB7
:10234000080391F82080D1F81CC04CEA086CD1F841
:1023500018804CEA080CD1F814804CEA080CD1F82B
:102360000C804CEA0807D5F868C00CFB06FCD5F8D1
:10237000848008EB8C021360121D1760121D002070
:1023800019E000F1030C14F80CC04FEA0C6800F1DE
:10239000020C14F80CC048EA0C4800F1010C14F8C7
:1023A0000CC048EA0C2C14F800804CEA080CC2F867
:1023B00000C0121D001DDFF81880D1F80CC008EB1A
:1023C0001C4C9CF800C08445DBD8BDE8F0810000BF
:1023D0006C1A0108F8B504460D4616460020009018
:1023E00000BF94F85C00012801D10220F8BD012053
:1023F00084F85C0000BF2046FEF722FA0746A7BB20
:10240000206E20F4885040F002002066206805F419
:10241000803141F0004106F0804211438268194B3F
:102420001A401143816000BF13E00098401C0090E7
:102430001549009888420CD3206E20F0020040F02D
:102440001000206600BF002084F85C0000BF01205F
:10245000CCE720688168C90F0029E6D1206E20F002
:10246000020040F00100206604E0FFE7206E40F02B
:102470001000206600BF002084F85C0000BF3846D2
:10248000B4E70000C0FFFE3F00F8C3252DE9F0438C
:102490009DB004460E464FF00008306800B100BF02
:1024A00000BF94F85C00012803D102201DB0BDE8F4
:1024B000F083012084F85C0000BF002019901A907E
:1024C00046492068884202D14548019001E0002039
:1024D0000190019850B9206E40F02000206600BFA6
:1024E000002084F85C0000BF0120DFE7019808F0BD
:1024F00089FD0746206808F085FD002861D1002F7E
:102500005FD136492068884203D035492068884227
:1025100001D1344800E034480546306858B3A86813
:1025200020F4404071680843A8602C492068884224
:1025300003D02B492068884201D12A4800E02A486C
:102540002849884209D1254808F04DFD8146244894
:1025500008F049FD49EA000002E0244808F043FD84
:1025600070BBB16830680843A96840F61F72914398
:102570000843A8602BE0A86820F44040A8601749F1
:102580002068884203D016492068884201D1154846
:1025900000E015481349884209D1104808F023FD8E
:1025A00081460F4808F01FFD49EA000002E00F488D
:1025B00008F019FD20B9A86840F61F718843A8608B
:1025C00005E0206E40F0200020664FF0010800BFBB
:1025D000002084F85C0000BF404667E7002002400E
:1025E00000210240002302400063025800600258AC
:1025F0002DE9F84F04460D464FF0000A00200090E8
:1026000094F84400012800D105E0FE492068884282
:1026100000D100E000BFFC49E868884200D00EE02D
:10262000FA492068884200D100BFF94920688842F1
:1026300000D100BFF3492068884200D100BF00BF2D
:1026400094F85C00012802D10220BDE8F88F012037
:1026500084F85C0000BF206808F0CFFC002872D12D
:10266000E8492068884215D02068C1692868C0F30D
:10267000130018B92868C0F3846004E0286890FA51
:10268000A0F0B0FA80F000F01F020120904001435A
:102690002068C1612168D5E9002001F1300CC0F348
:1026A000012B0CEB8B03D3F800C000F01F0E4FF092
:1026B0001F0B0BFA0EFB2CEA0B0C00F01F0BC2F3E6
:1026C000846E0EFA0BFE4CEA0E0CC3F800C000BF7D
:1026D000206808F092FC8146206808F075FC0746E7
:1026E000B9F1000F7ED1002FFCD1AA6829682068BB
:1026F00008F09EFCC3492068884208D168692168B7
:10270000C968C1F3C101490000FA01F825E0C148D8
:10271000006800F07040B0F1805F07D168692168FF
:10272000C968C1F382014900884015E02068C0688B
:1027300000F0100040B968692168C968C1F38201DE
:102740004900884008E0F2E268692168C96801F040
:1027500010018908490088408046286904287CD0F7
:1027600021684346D5F810C02A6801F1600B0BEBD5
:102770008C00DFF890B259450AD1D0F800B002F0D1
:10278000F84E4EF0004E4EEA030EC0F800E00BE0AB
:10279000D0F800B00BF0004B02F0F84E4EEA030EFA
:1027A0004BEA0E0BC0F800B000BF96492068884283
:1027B00031D12068EA692969924B98420CD100F125
:1027C000600C0CEB8103D3F800C02CF0807C4CEA49
:1027D000020CC3F800C000BF00BF206895F820209D
:1027E000296900E0F5E0012A01D1520600E000224B
:1027F0001346844A90420CD100F1600C0CEB81022C
:10280000D2F800C02CF0007C4CEA030CC2F800C0E7
:1028100000BF00BF21E1206895F821202969012A25
:1028200001D1D20700E000221346764A90420CD034
:1028300000F1600C0CEB8102D2F800C02CF0004CCF
:102840004CEA030CC2F800C000BF00BF20682B7E1A
:102850002969012B02D1DB0201E00DE000231A46B9
:10286000036923F4F04301F01F0C02FA0CFC43EA65
:102870000C03036100BFF0E062492068884271D117
:102880000021206808F097FBC0F3130030B9002145
:10289000206808F090FBC0F3846007E00021206806
:1028A00008F089FB90FAA0F0B0FA80F02968C1F333
:1028B000130119B92968C1F3846104E0296891FA08
:1028C000A1F1B1FA81F1884204D1002211462068B9
:1028D00008F0C8FB0121206808F06DFBC0F313006D
:1028E00030B90121206808F066FBC0F3846007E07E
:1028F0000121206808F05FFB90FAA0F0B0FA80F0A8
:102900002968C1F3130119B92968C1F3846104E08E
:10291000296891FAA1F1B1FA81F1884204D100222B
:102920000121206808F09EFB0221206808F043FB8B
:10293000C0F3130030B90221206808F03CFBC0F35B
:10294000846007E00221206808F035FB90FAA0F0CF
:10295000B0FA80F02968C1F3130121B92968C1F3E5
:10296000846105E036E0296891FAA1F1B1FA81F1BC
:10297000884204D100220221206808F073FB032161
:10298000206808F018FBC0F3130030B90321206859
:1029900008F011FBC0F3846007E00321206808F011
:1029A0000AFB90FAA0F0B0FA80F02968C1F3130195
:1029B00019B92968C1F3846104E0296891FAA1F189
:1029C000B1FA81F1884248D100220321206808F041
:1029D00049FB42E02068006E00F0F8402978B0EB37
:1029E000816F05D12068006E20F0004021680866E4
:1029F0002068406E00F0F8402978B0EB816F10D16C
:102A0000206809E0006002580000FF4700200240F3
:102A1000002102400010005C406E20F00040216860
:102A200048662068806E00F0F8402978B0EB816F2E
:102A300005D12068806E20F00040216888662068FB
:102A4000C06E00F0F8402978B0EB816F05D12068A6
:102A5000C06E20F000402168C866206808F0BEFA09
:102A600000286FD12068EA682968B74B984212D1D4
:102A7000D0F8B030C1F3130C23EA0C0302F0180BAA
:102A8000DFF8C8C22CFA0BFC0CEA010C43EA0C0379
:102A9000C0F8B03011E0D0F8C030C1F3130C23EA15
:102AA0000C0302F0180BDFF8A4C22CFA0BFC0CEAA2
:102AB000010C43EA0C03C0F8C03000BFA449E86829
:102AC00088427DD12B68C3F313031BB92B68C3F372
:102AD000846304E02B6893FAA3F3B3FA83F35B1CDB
:102AE00003F01F03092B3FD82B68C3F313031BB953
:102AF0002B68C3F3846304E02B6893FAA3F3B3FA5F
:102B000083F35B1C03F01F034FF0010C0CFA03FC72
:102B10002B68C3F313031BB92B68C3F3846304E06E
:102B20002B6893FAA3F3B3FA83F35B1C03F01F0340
:102B30004CEA836C2B68C3F3130323B92B68C3F3EC
:102B4000846305E0B1E02B6893FAA3F3B3FA83F34F
:102B50005B1C03F01F0303EB43034FF0000B4BEA36
:102B600003534CEA030340E02B68C3F313031BB980
:102B70002B68C3F3846304E02B6893FAA3F3B3FADE
:102B800083F35B1C03F01F034FF0010C0CFA03FCF2
:102B90002B68C3F313031BB92B68C3F3846304E0EE
:102BA0002B6893FAA3F3B3FA83F35B1C03F01F03C0
:102BB0004CEA836C2B68C3F313032BB92B6800E03A
:102BC00018E0C3F3846304E02B6893FAA3F3B3FA29
:102BD00083F35B1C03F01F030A3B03EB43034FF03B
:102BE000007B4BEA03534CEA03031946AA682068AA
:102BF00008F01EFA286800F00040002855D0554A19
:102C00002168914203D0544A2168914201D153492D
:102C100000E053490846816801F0E07600BF4D4965
:102C20002068884203D04C492068884201D14B4833
:102C300000E04B484949884209D1464808F0CEF99E
:102C40008346454808F0CAF94BEA000002E03E48D6
:102C500008F0C4F9F0BB43492868884226D106F43D
:102C6000000018BB38492068884266D1394B226879
:102C70009A4203D0384B22689A4201D1374A00E089
:102C8000374A104646F4000108F0E6F93648006875
:102C90003649B0FBF1F0401C4000009002E0009883
:102CA000401E009000980028F9D146E0304928687D
:102CB000884219D106F08070B0B923492068884253
:102CC0003BD1244B22689A4203D0234B22689A427C
:102CD00003D100E024E0214A00E0214A104646F0FA
:102CE000807108F0B9F928E022492868884224D187
:102CF00006F4800008BB1449206888421DD1154B9A
:102D000022689A4203D0144B22689A4201D1134A96
:102D100000E0134A104646F4800108F09DF90CE0EB
:102D2000206E40F0200020664FF0010A05E0206E82
:102D300040F0200020664FF0010A00BF002084F818
:102D40005C0000BF504680E400600258FFFF0F00A7
:102D50000000FF4700200240002102400023024003
:102D600000630258000052C72C000024400D0300ED
:102D7000000021C3000084CB7047704770470000FB
:102D80002DE9F84F04464FF000090020009014B9D7
:102D90000120BDE8F88F206920B12020005D0128C6
:102DA00000D100BF206E30B9204600F089F9002024
:102DB000606684F85C0020688168C1F3407131B1BD
:102DC00020688168B24A1140816000BF00BF20685E
:102DD00008F00EF9A8B920688168AE4A114041F0A8
:102DE0008051816000BFAC480068AC49B0FBF1F095
:102DF000401C009002E00098401E009000980028BF
:102E0000F9D1206808F0F4F848B9206E40F01000BD
:102E10002066606E40F0010060664FF00109206896
:102E200008F0EBF80646206E00F0100000287DD177
:102E3000002EFCD1206E20F4807040F0020020664D
:102E4000206808F0CBF878BB95492068884203D009
:102E500094492068884201D1934800E09348924900
:102E6000884209D18E4808F0B9F882468D4808F0AA
:102E7000B5F84AEA000002E08D4808F0AFF898B9CA
:102E8000874B22689A4203D0864B22689A4201D12E
:102E9000854A00E0854A10466168826822F47C1207
:102EA0000A43826000BF00BF81492068884223D165
:102EB000607EE16B41EA4030E1680843A16808297F
:102EC00001D100210FE0A1680C2901D104210AE001
:102ED000A1681C2901D1082105E0A168182901D1A8
:102EE0001C2100E0002101F00C0140EA41012020FA
:102EF000005D41EA004509E0607EE16B41EA403057
:102F0000A16808432021095D40EA01452020005DB9
:102F1000012803D1A08C401E45EA4045A06A38B183
:102F2000208D00F47870E16A084300E0A7E00543D3
:102F30005F49206888420FD12068C0685D49084019
:102F400028432168C8602068006920F04060616BF8
:102F500008432168086106E02068C06856490840B7
:102F600028432168C860206808F047F88046206838
:102F700008F02AF80746B8F1000F66D1002F64D197
:102F80004B492068884206D1207E810394F838009E
:102F900041EA400503E0207E216B41EA803520684C
:102FA000C06844F20301884328432168C86094F84C
:102FB0004400012834D13E492068884200D100E015
:102FC00000BFA06A08B1E06A00B900BF38492068B4
:102FD000884210D1A06C40F00101E06C0843216DE3
:102FE0000843616D084321680969344A1140084368
:102FF000216808611AE0B4F84800401E012141EA46
:103000000041E06C0843216D0843616D084321686D
:1030100009692A4A521E114008432168086105E0E7
:103020002068006920F001002168086120680069BB
:1030300020F07040216C0843216808611C49206819
:10304000884202D02046FDF703FB2069012809D100
:103050002068006B20F00F00E169491E08432168D9
:10306000086305E02068006B20F00F00216808630A
:10307000206E20F0020040F00100206605E0206E86
:1030800040F0100020664FF00109484681E600003C
:10309000C0FFFF5FC0FFFF7F2C000024400D030036
:1030A0000020024000210240002302400063025839
:1030B000006002580740F0FF03C0F0FF1FF800FC5B
:1030C00010B586B00446142101A8FDF7C7F93249AE
:1030D000206888425DD100BF3048006840F0200081
:1030E0002E4908600846006800F02000009000BFEC
:1030F00000BF00BF29480830006840F001002749A0
:10310000083108600846006800F00100009000BF28
:1031100000BF00BF0846006840F004000860084691
:10312000006800F00400009000BF00BF2020019064
:10313000032002900020039001A9194802F044FFE7
:1031400010200190032002900020039001A915484F
:1031500002F03AFF14481549086009204860002130
:1031600012488160C1604FF4806101614900416192
:10317000890081614911C16100210162416201F050
:1031800085FA08B1FEF730FF00BF0848A0658463E8
:1031900000BF06B010BD000000200240D844025815
:1031A000000002580008025858000240740300242E
:1031B0002DE9F04104460F469046514A216891425C
:1031C00003D0504A2168914201D14F4900E04F4954
:1031D000084607F0EBFE0646206807F00EFF0028C1
:1031E0007CD100BF94F85C00012802D10220BDE828
:1031F000F081012084F85C0000BF1EB1052E01D0D3
:10320000092E73D12046FDF765FB0546002D68D1D8
:10321000206E40F60161884340F480702066394991
:103220002068884201D1364800E020682168884241
:1032300000D01EB9206E20F480102066206E00F4AD
:10324000805020B1606E20F00600606601E0002032
:1032500060662F48A16DC8632E48A16D08642E4892
:10326000A16DC8641C202168086000BF002084F89C
:103270005C0000BF2068406840F010002168486092
:1032800026492068884213D194F8382051002068DC
:10329000224A904204D1C26822F003020A43C2606B
:1032A00000BF2068C16841F00101C16000BF08E0B3
:1032B000216B2068C26822F003020A43C26000BF8B
:1032C00000BF226802F1400143463A46A06D01F07A
:1032D00057FD0546206807F0A3FE0EE00CE005E070
:1032E000FFE700BF002084F85C0006E0012500BF76
:1032F000002084F85C0000E00225284677E7000003
:1033000000200240002102400023024000630258D6
:1033100081070008310800081308000800600258FF
:103320002DE9F041044602F04DFF804614B901201A
:10333000BDE8F08194F83500022808D0802060654F
:1033400000BF002084F8340000BF0120F0E7FE49F0
:103350002068884249D0FC4918312068884244D00E
:10336000F9493031206888423FD0F7494831206818
:1033700088423AD0F44960312068884235D0F24919
:1033800078312068884230D0EF49903120688842F7
:103390002BD0ED49A8312068884226D0EB4920681F
:1033A000884222D0E9491831206888421DD0E74977
:1033B00030312068884218D0E4494831206888427A
:1033C00013D0E2496031206888420ED0DF4978315D
:1033D0002068884209D0DD4990312068884204D0B5
:1033E000DA49A8312068884201D1012000E000209C
:1033F00068B12068006820F01E002168086020681D
:10340000406920F0800021684861256806E0206856
:10341000006820F00E00216808602568CA4920680D
:10342000884270D0C8491831206888426BD0C6499C
:1034300030312068884266D0C349483120688842CC
:1034400061D0C1496031206888425CD0BE49783182
:103450002068884257D0BC4990312068884252D0B9
:10346000B949A831206888424DD0B84920688842BF
:1034700049D0B64918312068884244D0B349303128
:10348000206888423FD0B1494831206888423AD00C
:10349000AE4960312068884235D0AC497831206827
:1034A000884230D0A9499031206888422BD0A74962
:1034B000A8312068884226D0A5492068884222D0B9
:1034C000A3491431206888421DD0A14928312068C1
:1034D000884218D09E493C312068884213D09C49CC
:1034E0005031206888420ED0994964312068884262
:1034F00009D0974978312068884204D094498C31AA
:103500002068884201D1012000E0002028B1206E0F
:10351000006820F48070216E08608B492068884222
:1035200049D0894918312068884244D086493031D1
:10353000206888423FD084494831206888423AD088
:10354000814960312068884235D07F4978312068D0
:10355000884230D07C499031206888422BD07A490B
:10356000A8312068884226D078492068884222D035
:1035700076491831206888421DD07449303120685E
:10358000884218D0714948312068884213D06F4969
:103590006031206888420ED06C49783120688842BA
:1035A00009D06A4990312068884204D06749A8311F
:1035B0002068884206D12068006820F00100216858
:1035C000086005E02068006820F0010021680860BC
:1035D00011E002F0F7FDA0EB080005280BD9202030
:1035E0006065032084F8350000BF002084F83400B3
:1035F00000BF01209CE6286800F001000028E8D107
:1036000051492068884249D04F4918312068884282
:1036100044D04D493031206888423FD04A49483132
:10362000206888423AD0484960312068884235D0C5
:10363000454978312068884230D04349903120682C
:1036400088422BD04049A8312068884226D03F4983
:103650002068884222D03D491831206888421DD018
:103660003A4930312068884218D0384948312068BA
:10367000884213D035496031206888420ED03349E2
:1036800078312068884209D03049903120688842DA
:1036900004D02E49A8312068884201D1012000E0E1
:1036A000002040B1A66D94F85C0000F01F013F209F
:1036B0008840B06007E0A76D94F85C0000F01F013F
:1036C00001208840786020492068884276D01E49D1
:1036D00018312068884271D01B49303120688842F7
:1036E0006CD0194948312068884267D0164960314A
:1036F0002068884262D014497831206888425DD0C1
:10370000114990312068884258D00F49A83120686B
:10371000884253D00D49206888424FD00B49183158
:10372000206888424AD0094930312068884245D013
:10373000064948312068884240D0044960312068F9
:1037400088423BD0014905E01000024010040240CD
:10375000085402587831206888422FD025492068C3
:1037600088422BD0234918312068884226D022492C
:103770002068884222D020491431206888421DD018
:103780001D4928312068884218D01B493C312068E7
:10379000884213D018495031206888420ED016490B
:1037A00064312068884209D0134978312068884202
:1037B00004D011498C312068884201D1012000E0F9
:1037C000002068B1D4E919104860E06E40B1E06EA5
:1037D000006820F48070E16E0860D4E91C10486035
:1037E000012084F8350000BF002084F8340000BFB9
:1037F00000BF9DE5A00402400854025870B504467D
:103800000CB9012070BD94F83500022803D0802047
:1038100060650120F6E7DC492068884249D0DA4932
:1038200018312068884244D0D74930312068884216
:103830003FD0D5494831206888423AD0D2496031DA
:103840002068884235D0D04978312068884230D00D
:10385000CD499031206888422BD0CB49A8312068CF
:10386000884226D0C9492068884222D0C7491831E9
:10387000206888421DD0C54930312068884218D060
:10388000C24948312068884213D0C049603120685D
:1038900088420ED0BD4978312068884209D0BB49A2
:1038A00090312068884204D0B849A8312068884205
:1038B00001D1012000E00020F0B3042084F835009D
:1038C000B149206888424BD0AF49183120688842FE
:1038D00046D0AD4930312068884241D0AA494831AC
:1038E000206888423CD0A84960312068884237D09F
:1038F000A54978312068884232D0A34990312068A8
:1039000088422DD0A049A8312068884228D09F49FC
:103910002068884224D09D491831206888421FD0F1
:103920009A493031206888421AD098494831206835
:10393000884215D0954900E020E060312068884237
:103940000ED0924978312068884209D08F49903151
:103950002068884204D08D49A8312068884206D169
:103960002068006820F001002168086009E12068F3
:10397000006820F001002168086002E1206800680A
:1039800020F00E00216808607F492068884249D0F5
:103990007D4918312068884244D07B493031206805
:1039A00088423FD078494831206888423AD07649E9
:1039B00060312068884235D0734978312068884268
:1039C00030D071499031206888422BD06E49A8319F
:1039D0002068884226D06D492068884222D06B49F1
:1039E0001831206888421DD06849303120688842EB
:1039F00018D0664948312068884213D06349603145
:103A0000206888420ED0614978312068884209D008
:103A10005E4990312068884204D05C49A831206812
:103A2000884206D12068006820F001002168086003
:103A300005E02068006820F0010021680860524914
:103A40002068884270D050491831206888426BD075
:103A50004D4930312068884266D04B494831206852
:103A6000884261D048496031206888425CD046492C
:103A700078312068884257D0434990312068884285
:103A800052D04149A831206888424DD03F49206832
:103A9000884249D03D4918312068884244D03B498A
:103AA0003031206888423FD0384948312068884208
:103AB0003AD0364960312068884235D03349783170
:103AC0002068884230D031499031206888422BD01C
:103AD0002E49A8312068884226D02D492068884286
:103AE00022D02B491431206888421DD02849283122
:103AF0002068884218D026493C312068884213D07B
:103B000023495031206888420ED021496431206811
:103B1000884209D01E4978312068884204D01C4967
:103B20008C312068884201D1012000E00020D8B10A
:103B3000206E006820F48070216E0860A56D94F8F6
:103B40005C0000F01F01012088406860D4E9191072
:103B50004860E06E40B1E06E006820F48070E16E75
:103B60000860D4E91C104860012084F8350000BFCB
:103B7000002084F8340000BF206D10B12046216D74
:103B8000884700203EE6000010000240100402407A
:103B9000085402582DE9F84F044600200090FE48D2
:103BA00000684FF41651B0FBF1FAA66DD4F85880B6
:103BB0003768D8F80090F9492068884249D0F74919
:103BC00018312068884244D0F44930312068884256
:103BD0003FD0F2494831206888423AD0EF496031FD
:103BE0002068884235D0ED4978312068884230D04D
:103BF000EA499031206888422BD0E849A8312068F2
:103C0000884226D0E6492068884222D0E44918310B
:103C1000206888421DD0E24930312068884218D09F
:103C2000DF4948312068884213D0DD49603120687F
:103C300088420ED0DA4978312068884209D0D849C4
:103C400090312068884204D0D549A8312068884244
:103C500001D1012000E0002000287DD094F85C0014
:103C600000F01F01082088403840002868D0CB4968
:103C70002068884249D0C94918312068884244D018
:103C8000C6493031206888423FD0C4494831206855
:103C900088423AD0C14960312068884235D0BF4956
:103CA00078312068884230D0BC4990312068884201
:103CB0002BD0BA49A8312068884226D0B84920685C
:103CC000884222D0B6491831206888421DD0B449B4
:103CD00030312068884218D0B14948312068884284
:103CE00013D0AF496031206888420ED0AC4978319A
:103CF0002068884209D0AA4990312068884204D0BF
:103D0000A749A8312068884204D12068006800F0E3
:103D1000040003E02068006800F0080080B120681B
:103D2000006820F004002168086094F85C0000F04E
:103D30001F0108208840B060606D40F001006065A0
:103D400094F85C0000F01F01012088403840E8B37F
:103D500092492068884200E0B7E24BD08F49183181
:103D60002068884246D08D4930312068884241D051
:103D70008A494831206888423CD0884960312068AF
:103D8000884237D0854978312068884232D08349CB
:103D90009031206888422DD08049A831206888421F
:103DA00028D07F492068884224D07D491831206876
:103DB00088421FD07A493031206888421AD0784929
:103DC00048312068884215D0754900E026E060310E
:103DD000206888420ED0724978312068884209D024
:103DE0006F4990312068884204D06D49A83120681D
:103DF000884204D12068406900F0800002E0206819
:103E00000068002050B194F85C0000F01F01012010
:103E10008840B060606D40F00200606594F85C001E
:103E200000F01F01042088403840E8B35B49206857
:103E300088424BD0594918312068884246D05749AA
:103E400030312068884241D0544948312068884246
:103E50003CD0524960312068884237D04F49783190
:103E60002068884232D04D499031206888422DD058
:103E70004A49A8312068884228D0494920688842A8
:103E800024D047491831206888421FD04449303136
:103E9000206888421AD0424948312068884215D0AB
:103EA0003F496031206800E024E088420ED03C4960
:103EB00078312068884209D0394990312068884299
:103EC00004D03749A8312068884204D120680068AE
:103ED00000F0020002E020680068002050B194F871
:103EE0005C0000F01F0104208840B060606D40F06D
:103EF0000400606594F85C0000F01F011020884009
:103F00003840E8B325492068884251D02349183108
:103F1000206888424CD0214930312068884247D0FF
:103F20001E4948312068884242D01C4960312068CF
:103F300088423DD0194978312068884238D01749E5
:103F400090312068884233D01449A83120688842D3
:103F50002ED01349206888422AD011491831206890
:103F6000884225D00E4930312068884220D00C4943
:103F70004831206888421BD009496031206800E040
:103F80004DE0884214D006497831206888420FD02D
:103F900003499031206805E02C0000241000024005
:103FA00010040240884203D0FE492068884204D1B0
:103FB0002068006800F0080003E02068006800F056
:103FC000040060B394F85C0000F01F0110208840EA
:103FD000B0602068006800F4802080B1206800682C
:103FE00000F4002028B9206CC8B12046216C884715
:103FF00015E0A06C98B12046A16C88470FE02068BE
:10400000006800F4807028B92068006820F008007B
:1040100021680860206C10B12046216C884794F814
:104020005C0000F01F0120208840384000287DD02F
:10403000DD492068884249D0DB4918312068884230
:1040400044D0D9493031206888423FD0D6494831E0
:10405000206888423AD0D44960312068884235D0FF
:10406000D14978312068884230D0CF4990312068DA
:1040700088422BD0CC49A8312068884226D0C94933
:10408000A8392068884221D0C649903920688842E2
:104090001CD0C44978392068884217D0C14960399A
:1040A0002068884212D0BF494839206888420DD024
:1040B000BC4930392068884208D0BA49183920688C
:1040C000884203D0B7492068884204D1206800683C
:1040D00000F0100003E02068006800F0020028B340
:1040E00094F85C0000F01F0120208840B06094F834
:1040F000350004282DD12068006820F016002168C2
:1041000008602068406920F0800021684861206CC8
:1041100008B9A06C28B12068006820F00800216868
:10412000086094F85C0000F01F0100E03FE03F20D1
:104130008840B060012084F8350000BF002084F87A
:10414000340000BF206D10B12046216D8847BDE8C6
:10415000F88F2068006800F4802080B12068006833
:1041600000F4002028B9606C08B32046616C8847D1
:104170001DE0E06BD8B12046E16B884717E020686E
:10418000006800F4807068B92068006820F01000B2
:1041900021680860012084F8350000BF002084F801
:1041A000340000BFE06B10B12046E16B8847606DC2
:1041B00000287AD0606D00F00100E8B3042084F894
:1041C00035007949206888424BD0774918312068FA
:1041D000884246D0744930312068884241D07249C3
:1041E0004831206888423CD06F496031206888425D
:1041F00037D06D4978312068884232D06A49903191
:10420000206888422DD06849A8312068884228D08B
:104210006449A8392068884223D0624990392068CF
:1042200088421ED05F4978392068884219D05D499C
:1042300060392068884200E040E012D0594948398E
:10424000206888420DD0574930392068884208D00C
:10425000544918392068884203D05249206888425E
:1042600006D12068006820F001002168086005E0A0
:104270002068006820F001002168086000BF0098F5
:10428000401C0090504500D905E02068006800F00F
:1042900001000028F3D100BF2068006800F0010091
:1042A00020B1032084F8350003E00DE0012084F8FC
:1042B000350000BF002084F8340000BFE06C002807
:1042C00002D02046E16C8847D9E13849206888420D
:1042D00022D036491431206888421DD03349283114
:1042E0002068884218D031493C312068884213D078
:1042F0002E495031206888420ED02C496431206804
:10430000884209D0294978312068884204D0274959
:104310008C312068884201D1012000E00020002873
:10432000D2D02068056894F85C0000F01F010420DA
:10433000884000EA0900D8B305F00400C0B394F83F
:104340005C0000F01F0104208840C8F8040005F458
:10435000004080B105F4803030B9A06C0028B3D0A3
:104360002046A16C88478AE1206C0028ACD020460A
:10437000216C884783E105F02000E8BB0A492068EA
:10438000884253D008491831206888424ED00649E7
:1043900030312068884249D003494831206888423A
:1043A00044D006E0B804024010000240085402580D
:1043B0004FE0B44960312068884237D0B149783144
:1043C0002068884232D0AF499031206888422DD091
:1043D000AC49A8312068884228D0AB49206888427F
:1043E00024D0A9491831206888421FD0A64930310D
:1043F000206888421AD000E025E0A34948312068AF
:10440000884213D0A0496031206888420ED09E496E
:1044100078312068884209D09B49903120688842D1
:1044200004D09949A8312068884206D120680068E4
:1044300020F008002168086005E02068006820F08E
:10444000040021680860206C10B32046216C884766
:1044500015E194F85C0000F01F010220884000EA9A
:104460000900E8B305F00200D0B394F85C0000F056
:104470001F0102208840C8F8040005F4004070B114
:1044800005F4803028B9606C10B12046616C884713
:10449000F5E0E06BF0B32046E16B8847EFE005F014
:1044A0002000C0BB7749206888424ED0754918313A
:1044B0002068884249D0734930312068884244D00E
:1044C00070494831206888423FD06E496031206889
:1044D00088423AD06B4978312068884235D000E074
:1044E0004EE068499031206888422ED06549A83155
:1044F0002068884229D064492068884225D06249D2
:1045000018312068884220D05F49303120688842C5
:104510001BD001E06EE02DE05B4948312068884205
:1045200013D059496031206888420ED056497831FD
:104530002068884209D0544990312068884204D0CC
:104540005149A8312068884206D12068006820F0CF
:1045500014002168086005E02068006820F00A0067
:1045600021680860012084F8350000BF002084F82D
:10457000340000BFE06BE8B32046E16B88477EE083
:1045800094F85C0000F01F010820884000EA090050
:1045900080B305F0080068B33A49206888424BD0E0
:1045A000384918312068884246D036493031206871
:1045B000884241D033494831206888423CD0314953
:1045C00060312068884237D02E497831206888428F
:1045D00032D02C499031206888422DD02949A83109
:1045E0002068884228D028492068884224D026495B
:1045F000183100E043E0206888421DD02249303164
:104600002068884218D0204948312068884213D059
:104610001D496031206888420ED01B4978312068DE
:10462000884209D0184990312068884204D0164940
:10463000A8312068884206D12068006820F01C005C
:104640002168086005E02068006820F00E002168FD
:10465000086094F85C0000F01F0101208840C8F851
:1046600004000120606584F8350000BF002084F854
:10467000340000BFE06C10B12046E16C884700BFF9
:1046800065E5000010000240100402402DE9F041F1
:10469000044601F097FD804614B90120BDE8F08181
:1046A000FE492068884249D0FC4918312068884278
:1046B00044D0FA493031206888423FD0F749483128
:1046C000206888423AD0F54960312068884235D068
:1046D000F24978312068884230D0F0499031206822
:1046E00088422BD0ED49A8312068884226D0EC4979
:1046F0002068884222D0EA491831206888421DD0BB
:10470000E74930312068884218D0E54948312068AF
:10471000884213D0E2496031206888420ED0E049D7
:1047200078312068884209D0DD499031206888427C
:1047300004D0DB49A8312068884201D1012000E083
:104740000020002873D0606A00B100BF022084F806
:10475000350000BF002084F8340000BFCF49206836
:10476000884249D0CD4918312068884244D0CB498D
:104770003031206888423FD0C8494831206888429B
:104780003AD0C64960312068884235D0C349783173
:104790002068884230D0C1499031206888422BD0AF
:1047A000BE49A8312068884226D0BD492068884289
:1047B00022D0BB491831206888421DD0B849303119
:1047C0002068884218D0B64948312068884213D002
:1047D000B3496031206888420ED0B14978312068F1
:1047E000884209D0AE4990312068884204D0AC4953
:1047F000A8312068884206D12068006820F00100B6
:104800002168086005E02068006820F00100216848
:1048100008600DE001F0D6FCA0EB0800052807D9E0
:1048200020206065032084F83500012036E769E028
:104830002068006800F001000028EBD120680568BE
:1048400098480540D4E90201084321690843616999
:104850000843A1690843E1690843216A0843054305
:10486000606A042803D1D4E90B010843054360685A
:10487000292802D360682E2817D960683F2802D300
:104880006068422811D96068472802D360684828C8
:104890000BD960684F2802D36068522805D9606838
:1048A000742804D36068772801D8012000E0002034
:1048B00008B145F48015206805602068456925F039
:1048C0000705606A0543606A04280DD1A06A0543A4
:1048D000E06A48B12046FDF725F828B14020606520
:1048E000012084F83500D9E6206845612046FCF7B0
:1048F000F5FE064694F85C0000F01F013F2088405A
:10490000B0609EE068492068884222D06649143130
:10491000206888421DD0644928312068884218D018
:1049200061493C312068884213D05F49503120688A
:1049300088420ED05C4964312068884209D05A49C7
:1049400078312068884204D057498C3120688842E9
:1049500001D1012000E00020E0B3534920688842E3
:1049600022D051491431206888421DD04E49283147
:104970002068884218D04C493C312068884213D0C6
:1049800049495031206888420ED047496431206837
:10499000884209D0444978312068884204D042498D
:1049A0008C312068884201D1012000E0002000B154
:1049B00000BF022084F8350000BF002084F83400D6
:1049C00000BF2068056839480540A068402802D12A
:1049D000102106E02EE0A068802801D1C10100E08E
:1049E0000021E06841EAD001206941EAD001606914
:1049F00041EAD001A06941EAD001E06941EAD00171
:104A0000206A41EA101005432068056026492068A5
:104A1000401A1421B0FBF1F08000E0652046FCF75D
:104A20005DFE074694F85C0000F01F0101208840FD
:104A3000786006E040206065032084F8350001209E
:104A40002CE61649206888427AD01449183120682B
:104A5000884275D0114930312068884270D00F49A2
:104A60004831206888426BD00C4960312068884208
:104A700066D00A4978312068884261D00749903170
:104A8000206888425CD00549A8312068884257D008
:104A900003492068884253D0014909E010000240D0
:104AA000100402403F8010FE085402580F00FEFF21
:104AB00018312068884243D03749206888423FD067
:104AC00035491831206888423AD03349303120685E
:104AD000884235D0304948312068884230D02E494C
:104AE0006031206888422BD02B4978312068884279
:104AF00026D02A492068884222D0284914312068CB
:104B000088421DD0254928312068884218D0234981
:104B10003C312068884213D02049503120688842B7
:104B20000ED01E4964312068884209D01B49783173
:104B30002068884204D019498C312068884201D10C
:104B4000012000E0002000B32046FCF73DFEA068F5
:104B5000802801D1002060602079216E0860D4E9AE
:104B600019104860606860B16068082809D820465C
:104B7000FCF78CFE0020E16E0860D4E91C10486050
:104B800003E00020E0662067606700206065012088
:104B900084F83500002081E54004024008540258A2
:104BA0002DE9F04104460D4616461F464FF0000819
:104BB00014B90120BDE8F08100BF94F83400012849
:104BC00001D10220F6E7012084F8340000BF94F8F8
:104BD000350001287ED1022084F835000020606570
:104BE00065492068884249D0634918312068884265
:104BF00044D061493031206888423FD05E49483115
:104C0000206888423AD05C4960312068884235D0BB
:104C1000594978312068884230D05749903120680E
:104C200088422BD05449A8312068884226D0534965
:104C30002068884222D051491831206888421DD00E
:104C40004E4930312068884218D04C49483120689C
:104C5000884213D049496031206888420ED04749C4
:104C600078312068884209D04449903120688842D0
:104C700004D04249A8312068884206D120680068E3
:104C800020F001002168086005E02068006820F03D
:104C90000100216808603B46324629462046FCF761
:104CA00099FE3549206888424BD033491831206835
:104CB000884246D0304930312068884241D02E4960
:104CC0004831206888423CD02B49603120688842B6
:104CD00037D000E043E0284978312068884230D05E
:104CE00025499031206888422BD02349A83120687B
:104CF000884226D021492068884222D01F49183195
:104D0000206888421DD01D4930312068884218D063
:104D10001A4948312068884213D018496031206808
:104D200088420ED0154978312068884209D013494D
:104D300090312068884204D01049A8312068884208
:104D400006D12068006840F001002168086010E08A
:104D50002068006840F001002168086009E04FF415
:104D60000060606500BF002084F8340000BF4FF091
:104D7000010840461EE700001000024010040240F7
:104D80002DE9F04104460D4616461F464FF0000837
:104D900014B90120BDE8F08100BF94F83400012867
:104DA00001D10220F6E7012084F8340000BF94F816
:104DB000350001287ED1022084F83500002060658E
:104DC000E4492068884249D0E24918312068884285
:104DD00044D0E0493031206888423FD0DD49483135
:104DE000206888423AD0DB4960312068884235D05B
:104DF000D84978312068884230D0D649903120682F
:104E000088422BD0D349A8312068884226D0D24985
:104E10002068884222D0D0491831206888421DD0AD
:104E2000CD4930312068884218D0CB4948312068BC
:104E3000884213D0C8496031206888420ED0C649E4
:104E400078312068884209D0C3499031206888426F
:104E500004D0C149A8312068884206D12068006882
:104E600020F001002168086005E02068006820F05B
:104E70000100216808603B46324629462046FCF77F
:104E8000A9FDB449206888424BD0B2491831206846
:104E9000884246D0AF4930312068884241D0AD4980
:104EA0004831206888423CD0AA4960312068884255
:104EB00037D000E042E1A74978312068884230D0FD
:104EC000A4499031206888422BD0A249A83120689B
:104ED000884226D0A0492068884222D09E491831B5
:104EE000206888421DD09C4930312068884218D003
:104EF000994948312068884213D097496031206829
:104F000088420ED0944978312068884209D092496D
:104F100090312068884204D08F49A83120688842A7
:104F200001D1012000E0002080B12068006820F05D
:104F30001E0040F0160021680860206CB0B12068A7
:104F4000006840F00800216808600FE020680068F1
:104F500020F00E0040F00A0021680860206C28B1A3
:104F60002068006840F004002168086079492068E2
:104F7000884270D077491831206888426BD07549D3
:104F800030312068884266D07249483120688842B2
:104F900061D070496031206888425CD06D497831B9
:104FA0002068884257D06B4990312068884252D09F
:104FB0006849A831206888424DD0674920688842F6
:104FC00049D0654918312068884244D0624930315F
:104FD000206888423FD060494831206888423AD0F2
:104FE0005D4960312068884235D05B49783120685E
:104FF000884230D058499031206888422BD0564999
:10500000A8312068884226D054492068884222D09E
:1050100052491431206888421DD0504928312068F7
:10502000884218D04D493C312068884213D04B4902
:105030005031206888420ED0484964312068884247
:1050400009D0464978312068884204D043498C31E0
:105050002068884201D1012000E0002090B1206E3C
:10506000006800F4803028B1206E006840F4807041
:10507000216E0860E06E28B1E06E006840F4807038
:10508000E16E086033492068884249D031491831BF
:105090002068884244D02F493031206888423FD070
:1050A0002C494831206888423AD02A49603120682A
:1050B000884235D0274978312068884230D0254948
:1050C0009031206888422BD02249A831206888423C
:1050D00026D021492068884222D01F4918312068F3
:1050E00088421DD01C4930312068884218D01A49A6
:1050F00048312068884213D01749603120688842BF
:105100000ED0154978312068884209D01249903173
:105110002068884204D01049A8312068884206D10E
:105120002068006840F001002168086010E02068F5
:10513000006840F001002168086009E04FF4006059
:10514000606500BF002084F8340000BF4FF0010804
:1051500040461FE610000240100402400854025866
:1051600070B5044601F02EF806462546681C10B1BD
:1051700004480078054400BF01F024F8801BA842D1
:10518000FAD370BD2800002430B5034693F8984048
:10519000012C01D0022C3ED11868806D084030B936
:1051A0001868C06D40F001001D68E8650EE01868E1
:1051B000806D0840884206D11868C06D40F002003A
:1051C0001D68E86502E003201D68E86501F40070D1
:1051D00030B11868D0F8E00010431D68C5F8E00051
:1051E00001F4806030B11868D0F8E40010431D6805
:1051F000C5F8E40000BF1868406D0B4D0D40284312
:105200001D6868650948006840EA9170074D28608C
:1052100000BF002030BDD3F89C0040F00200C3F86E
:105220009C000120F6E70000FFFFCF3F14A80040DC
:105230002DE9F04104460E461746706800B900E0BB
:1052400000BF94F89800022832D12068D0F8C0003E
:1052500000F07C5040B9D4F89C0040F02000C4F825
:105260009C000120BDE8F0812068D0F8C40000F463
:10527000001038B1D4F89C0040F40070C4F89C00D1
:105280000120EFE72068D0F8C400C0F304452B46A6
:105290003A4631462046FDF733F80120A840216800
:1052A000C1F8D0000120A840C4F894000020D9E73C
:1052B000D4F89C0040F00800C4F89C000120D1E71D
:1052C0007047F0B5024692F89860012E01D0022E88
:1052D00043D1C868072800D100BF086818BBC86858
:1052E000072800D000BFC86807280BD1088A4FF0F4
:1052F000605747EA0040CF6940EA07208F6940EADB
:1053000007040AE0087A80070F7B40EAC7600F8A2B
:1053100040EA07404F6940EA0704D76E486807EB48
:1053200080031C6017E0C868072800D000BF0F7B0F
:10533000086940EA4774C868072801D18D6903E00D
:105340000F7A486940EA8775176F486807EBC00312
:105350001C601B1D1D600020F0BDD2F89C0040F0B9
:105360000200C2F89C000120F6E770B50446049DD7
:1053700094F8980001280AD1080140EA820040EA26
:10538000430028432668C6F88000002070BDD4F88A
:105390009C0040F00400C4F89C000120F6E7704730
:1053A000704700002DE9F04304460D469C4600235B
:1053B00094F89880B8F1020F74D1402D38D120684C
:1053C000D0F8A00000F4FE0040B9D4F89C0040F0F2
:1053D0002000C4F89C000120BDE8F0832068D0F8CC
:1053E000A40000F07F0038B9D4F89C0040F480702D
:1053F000C4F89C000120EFE72068D0F8A400C0F3B7
:10540000006040B12068D0F8A0004FF00049B9EB2F
:10541000D07F00D101232068D0F8A400C0F305207C
:105420000344606C5843D4F8749009EB80014BE05E
:10543000412D38D12068D0F8B00000F4FE0038B912
:10544000D4F89C0040F02000C4F89C000120C3E781
:105450002068D0F8B40000F07F0038B9D4F89C0080
:1054600040F48070C4F89C000120B5E72068D0F8B3
:10547000B400C0F3006040B12068D0F8B0004FF035
:105480000049B9EBD07F00D101232068D0F8B400E7
:10549000C0F305200344E06C5843D4F8789009EB3E
:1054A000800111E06EE0206DA84207D8D4F89C007E
:1054B00040F02000C4F89C0001208DE7606D684337
:1054C000D4F87C9009EB8001086800F080405060BF
:1054D000506820B90868C0F38A40106003E008688B
:1054E00020F060401060086800F00050906008688C
:1054F00000F000401061091D088880B2D061086882
:1055000000F47020D060086800F4801050610868D2
:1055100000F4001090610868C0F30660106208682B
:10552000C00F5062091D0F46002603E0B85D0CF85D
:105530000600761CDFF85C90D06809EB104000781C
:10554000B042F3D8402D03D12068C0F8A83017E04E
:10555000412D03D12068C0F8B83011E0202D06D2CB
:105560000120A840D4F80090C9F8980008E005F0A0
:105570001F09012000FA09F0D4F80090C9F89C0036
:10558000002029E7D4F89C0040F00800C4F89C00F3
:10559000012021E76C1A0108704700002DE9F04F47
:1055A0008DB00446EF4800688707EE48001D00688C
:1055B00007EA80772068006D00F470482068406D2D
:1055C00000EA08082068006D00F00F092068406DAF
:1055D00000EA09092068006D00F0F00A2068406DBB
:1055E00000EA0A0A2068006D00F0715B2068406DD7
:1055F00000EA0B0B2068006D00F060700C902068D2
:10560000406D0C9908400C902068456D2068066D2F
:10561000C5F3002070B1C6F3002058B100BF4FF4AD
:105620008070216808650020CE49086000BF2046D0
:10563000FFF7B2FFC5F38020C8B1C6F38020B0B138
:105640002068D0F8DC000A902068D0F8E4000A99BD
:1056500008400A9000BF4FF4806021680865002070
:10566000C049086000BF20460A9900F0A9FC67B154
:1056700000BFBD48384021680865B80FB9490860C7
:1056800000BF39462046FFF71BFEB8F1000F0ED0D1
:1056900000BFB54808EA0000216808654FEA987025
:1056A000B049086000BF4146204600F08BFCB9F1CC
:1056B000000F0ED000BFAC4809EA00002168086561
:1056C0004FEA9970A749086000BF4946204600F09C
:1056D0009BFBBAF1000F0ED000BFA3480AEA0000FE
:1056E000216808654FEA9A709E49086000BF5146DC
:1056F000204600F00FFCC5F3C02070B1C6F3C020F7
:1057000058B100BF4FF4006021680865002095493A
:10571000086000BF204600F056FCC5F34020C8B129
:10572000C6F34020B0B12068D0F8D8000B902068B4
:10573000D0F8E0000B9908400B9000BF4FF40070C8
:105740002168086500208749086000BF20460B9942
:1057500000F037FCC5F3C04070B1C6F3C04058B18B
:1057600000BF4FF400202168086500207D490860D3
:1057700000BF204600F046FBC5F3004070B1C6F301
:10578000004058B100BF4FF4803021680865002008
:105790007449086000BF204600F011FCC5F380404A
:1057A00070B1C6F3804058B100BF4FF4802021682B
:1057B000086500206B49086000BF204600F0FEFB32
:1057C000C5F3404088B1C6F3404070B100BF4FF40C
:1057D00000302168086500206249086000BFD4F8E5
:1057E0009C0040F08000C4F89C000C9870B100BF91
:1057F0005D490C980840216808650C98800F59494C
:10580000086000BF20460C99FFF7CAFDBBF1000FEE
:1058100010D000BF54480BEA0000216808654FEA29
:105820009B705049086000BFD4F89C0040EA0B0010
:10583000C4F89C004D49206888427DD1606880682A
:1058400000F00300002877D06068006A00F00F00C5
:1058500009906068406A0999084009906068006A88
:1058600000F0300008906068406A0899084008908D
:105870006068006A00F4C07007906068406A079929
:10588000084007906068006A00F4FC400690606879
:10589000406A0699084006906068006A00F4F020AB
:1058A00005906068406A0599084005906068406A04
:1058B00002906068006A0190099830B109986168A7
:1058C00008622046099900F076FB089830B10898E4
:1058D000616808622046089900F06FFB0298C0F3E7
:1058E0008010A0B10198C0F3801080B16068C06BD7
:1058F000000C04906068C06B00F03F0003904020F3
:10590000616808622046DDE9032100F055FB079835
:1059100030B10798616808622046079900F04AFB99
:10592000069840B1069861680862D4F89C00069910
:105930000843C4F89C0000E00AE0059840B10598CF
:1059400061680862D4F89C0005990843C4F89C007B
:10595000D4F89C0010B12046FFF721FD0DB0BDE842
:10596000F08F000010A80040FFFFCF3F00A00040D4
:1059700070B594B004464C22B34901A8FAF755FD1E
:1059800014B9012014B070BDB0492068884203D119
:10599000206800F580706060A068B0F5407F00D19D
:1059A00000BF206C00B100BFA06C00B100BF206D33
:1059B00000B100BF206E00B100BFD4E91710084449
:1059C00000B100BF94F8980028B9002084F899002D
:1059D000204600F03DF92068806920F01000216821
:1059E000886100F0EFFB05460EE000F0EBFB401B8A
:1059F0000A2809D99834606840F0010060600320EB
:105A000004F898090120BDE72068806900F00800CB
:105A10000828EAD02068806940F001002168886188
:105A200000F0D0FB05460EE000F0CCFB401B0A283E
:105A300009D99834606840F001006060032004F8E0
:105A4000980901209EE72068806900F00100002885
:105A5000EAD02068806940F0020021688861207CDB
:105A6000012806D12068806920F040002168886103
:105A700005E02068806940F0400021688861607C12
:105A8000012806D12068806940F48040216888613F
:105A900005E02068806920F4804021688861A07C4E
:105AA000012806D12068806920F48050216888612F
:105AB00005E02068806940F4805021688861206892
:105AC000806920F44070A1680843216888612068DB
:105AD000806920F0A400216888612068006920F0B6
:105AE000100021680861E068012806D120688069FB
:105AF00040F004002168886120E0E068F0B1E068CF
:105B0000022815D02068806940F0800021688861F3
:105B10002068006940F0100021680861E0680328EF
:105B20000CD12068806940F020002168886105E080
:105B30002068806940F0200021688861207E401E36
:105B40004106E069401E41EA0020216A491E0843DF
:105B5000A18A491E40EA01402168C861A068B0F5E9
:105B6000407F0FD1A06A401EE16A491E40EA012130
:105B7000206B401E41EA0011A08C401E41EA00400B
:105B80002168C860206E38B12068D0F8C000616E0E
:105B900008432168C1F8C000D4E91710084460B177
:105BA0002068D0F8C80020F0070001AAA16E52F8C2
:105BB000211008432168C1F8C800206C60B120683A
:105BC000D0F8BC0020F0070001AA616C52F8211047
:105BD00008432168C1F8BC00A06C68B12068D0F807
:105BE000BC0020F0700101AAE06C52F8200041EAEC
:105BF00000102168C1F8BC00206D68B12068D0F8A1
:105C0000BC0020F4E06101AA606D52F8200041EA76
:105C100000202168C1F8BC000C492068884205D1E9
:105C20006068806820F0030061688860002044F8A4
:105C3000940FA06001202071943C2046FCF750FA9C
:105C4000064630469EE600007C1A010800A000408F
:105C500010B586B00446142101A8FAF7FFFB62498B
:105C6000206888423CD161480068401C5F49086058
:105C70000846006801280DD100BF5D48006840F467
:105C800080705B4908600846006800F480700090EE
:105C900000BF00BF00BF56480C38006840F0080045
:105CA00053490C3908600846006800F0080000906D
:105CB00000BF00BF0320019002200290002003904B
:105CC00004900920059001A94A4800F07DF90022BE
:105CD0000621132000F034FB132000F01DFB81E0AF
:105CE0004549206888423CD140480068401C3F49F3
:105CF00008600846006801280DD100BF3C480068D4
:105D000040F480703A4908600846006800F48070EA
:105D1000009000BF00BF00BF35480C38006840F05D
:105D2000020033490C3908600846006800F00200A0
:105D3000009000BF00BF6020019002200290002070
:105D4000039004900920059001A92C4800F03CF92B
:105D500000220521142000F0F3FA142000F0DCFAF0
:105D600040E02749206888423CD120480068401C18
:105D70001E4908600846006801280DD100BF1C4874
:105D8000006840F480701A4908600846006800F412
:105D90008070009000BF00BF00BF15480C3800683D
:105DA00040F0080012490C3908600846006800F00D
:105DB0000800009000BF00BF4FF440500190022047
:105DC00002900020039004900520059001A9094845
:105DD00000F0FAF8002205219F2000F0B1FA9F2080
:105DE00000F09AFA06B010BD00A000401C0000248C
:105DF000EC440258000C025800A400400004025871
:105E000000D400407047000070B504460D4605F010
:105E10000100002872D03A49206888426ED14021A2
:105E20003848FAF71BFB374B374A40212046FFF72B
:105E3000B9FA35480068112807D012280CD0A0F212
:105E4000012088B1012857D131E02F482D49C2687F
:105E50002E480AF009F850E02B482A49C2682B481E
:105E60003C300AF001F848E02948008800B228498F
:105E70000881244840782349097840EA01202449D0
:105E800008802048C0781F49897840EA012000B284
:105E90001F4948801B4840791A49097940EA012086
:105EA00000B21B49888017488079887125E018481E
:105EB000C08901B21648C182124840781149097858
:105EC00040EA01201249C8810E48C0780D498978FE
:105ED00040EA012001B20E4801820A48407909498E
:105EE000097940EA012001B20948418205488179D7
:105EF0000748017501E001E000BF00BF70BD000070
:105F000000A00040B49200248C9200241C8600243F
:105F1000C493002470B504460D4605F0100028B364
:105F200013492068884221D140211248FAF796FA95
:105F3000104B114A41212046FFF734FA0E48006801
:105F4000112802D012280FD106E00B480949C26877
:105F50000A4809F089FF08E007480649C26807486F
:105F60003C3009F081FF00E000BF00BF70BD0000C1
:105F700000A400401C930024F49200249486002482
:105F8000014691F8980001280CD1022081F8980070
:105F90000868806920F001000A6890610020C1F85B
:105FA0009C007047D1F89C0040F00400C1F89C00B0
:105FB0000120F6E770477047704770477047704799
:105FC0007047704770477047F8B502460B4600218E
:105FD0006D4DD2E001278F401E6806EA0704002CB1
:105FE00072D01E7906F00306012E04D01E7906F049
:105FF0000306022E13D190684F000326BE40B04323
:106000004F00DE68BE4030439060506801268E40ED
:10601000B0431E79C6F300168E40304350601E799F
:1060200006F00306032E09D0D0684F000326BE40B9
:10603000B0434F009E68BE403043D0601E7906F0EA
:106040000306022E13D1CF0802F1200656F82700CE
:106050004E07F70E0F26BE40B0434F07FF0E1E69D6
:10606000BE403043CF0802F1200646F827001068F2
:106070004F000326BE40B0431E7906F003064F00D2
:10608000BE40304310605E6806F44036002E73D088
:1060900000BF3E4E366846F002063C4F3E603E462C
:1060A000366806F00206009600BF00BF384E8F0823
:1060B00056F827008E07370F0F26BE40B043354EE7
:1060C000B24202D1002629E056E0334EB24201D15D
:1060D000012623E0314EB24201D102261EE0304EAD
:1060E000B24201D1032619E02E4EB24201D104265C
:1060F00014E02D4EB24201D105260FE02B4EB242E4
:1061000001D106260AE02A4EB24201D1072605E057
:10611000284EB24201D1092600E00A268F073F0F20
:10612000BE4030431A4E8F0846F827004FF0B04665
:106130003068A0435E6806F4801606B120434FF035
:10614000B04630607068A0435E6806F4001606B181
:1061500020434FF0B04670606868A0435E6806F464
:10616000003606B1204368602868A0435E6806F4E4
:10617000803606B120432860491C1E68CE40002EA0
:106180007FF428AFF8BD000080000058F4440258A6
:106190000804005800000258000402580008025881
:1061A000000C02580010025800140258001802583F
:1061B000001C0258002402580AB1816101E00B045E
:1061C0008361704701480068704700002000002488
:1061D000034800680349097808440149086070478A
:1061E000200000242800002410B5032000F0E6F869
:1061F00002F0CCF810490968C1F303210F4A515C41
:1062000001F01F0120FA01F40B48006800F00F00B4
:106210001146085C00F01F0024FA00F008490860ED
:10622000084804600F2000F00FF808B1012010BDED
:1062300000F05AF80020FAE718440258F01A010852
:10624000300000242C000024F0B58BB00446102C44
:106250000AD2002221461C2000F072F81C2000F017
:106260005BF81D48046002E001200BB0F0BD00BFE8
:106270001A48006840F001001849086008460068A4
:1062800000F00100019000BF00BF02A903A801F0C7
:10629000FDFF089E1EB902F055F8054602E002F027
:1062A00051F845000E48B5FBF0F0471E4FF0804016
:1062B0000C49086040F2E7310A48C160476000219C
:1062C0000161816003F000FA18B9064803F034FA5E
:1062D000CBE70120C9E7000024000024E84402586D
:1062E00040420F00F409002408B500BF09480068C7
:1062F00040F00200074908600846006800F002000C
:10630000009000BF00BF00220F21901E00F018F87F
:1063100008BD0000F44402580146084600280DDB81
:1063200000BF00BF00F01F0301229A4043099B00F9
:1063300003F1E023C3F8002100BF00BF00BF704796
:106340002DE9F05F80460D46164608F0D7F807465F
:1063500039462A46334601F00700C0F1070ABAF170
:10636000040F02D94FF0040A01E0C0F1070AD14638
:1063700000F1040ABAF1070F02D24FF0000A01E05F
:10638000A0F1030AD4464FF0010A0AFA09FAAAF169
:10639000010A0AEA020A0AFA0CFA4FF0010B0BFA98
:1063A0000CFBABF1010B0BEA030B4AEA0B04214691
:1063B000404608F0ABF8BDE8F09F000000BF00F0D9
:1063C0000702064B19684FF6FF031940044B0B43B5
:1063D00043EA0221014B196000BF70470CED00E059
:1063E0000000FA0570B5044615480068C0F3800047
:1063F00048B91348006800F00700A04201D001200E
:1064000070BD0020FCE70E48006820F00700204324
:106410000B490860FFF7D6FE054607E0FFF7D2FEFE
:10642000401BB0F57A7F01D90120E9E7044808381C
:106430000068C0F340300028F0D00020E0E7000002
:106440000C48025810B501F057FF05490968C1F31F
:106450000211044A515C01F01F01C84010BD000048
:1064600020440258F01A010870B50146844D2D6889
:1064700005F00303824D2D68C5F30510804D2D1DD9
:106480002D6805F001047E4D0C352D68C5F3CC0553
:1064900015FB04F501EE105AB8EE411AF0EE410A70
:1064A00000286FD023B1012B4ED0022B6BD16BE0B3
:1064B000734D283D2D68C5F340153DB3704D283D03
:1064C0002D68C5F3C1066F4D25FA06F201EE102ABC
:1064D000F8EE411A01EE100AB8EE411A81EE812A57
:1064E0009FED691AC0EE811A654D08352D68C5F318
:1064F000080501EE105AB8EE411A31EE811AF7EE96
:10650000001A31EE211A22EE010A1CE001EE100AF7
:10651000B8EE411ADFED5D1A81EE812A9FED5A1A1D
:10652000C0EE811A564D08352D68C5F3080501EEF9
:10653000105AB8EE411A31EE811AF7EE001A31EE18
:10654000211A22EE010A5BE001EE100AB8EE411AB0
:10655000DFED4F1A81EE812A9FED4B1AC0EE811AB2
:10656000474D08352D68C5F3080501EE105AB8EE01
:10657000411A31EE811AF7EE001A31EE211A22EE9D
:10658000010A3DE077E01DE001EE100AB8EE411A85
:106590009FED402AC2EE011A9FED3B1A80EE812A40
:1065A000374D08352D68C5F3080501EE105AB8EED1
:1065B000411A32EE011AB7EE002A31EE021A21EE2C
:1065C000810A1DE001EE100AB8EE411ADFED2F1A24
:1065D00081EE812A9FED2C1AC0EE811A284D0835D4
:1065E0002D68C5F3080501EE105AB8EE411A31EED8
:1065F000811AF7EE001A31EE211A22EE010A00BFCD
:1066000000BF1F4D08352D68C5F3462501EE105A11
:10661000B8EE411AF7EE001A31EE211AC0EE011A57
:10662000BCEEE11A81ED001A154D08352D68C5F351
:10663000064501EE105AB8EE411AF7EE001A31EE97
:10664000211AC0EE011ABCEEE11A81ED011A0C4DBF
:1066500008352D68C5F3066501EE105AB8EE411AEB
:10666000F7EE001A31EE211AC0EE011ABCEEE11A63
:1066700081ED021A03E000250D604D608D6070BD54
:10668000284402580090D003000000460024744CB7
:106690000024744A001BB74B70B50146844D2D6829
:1066A00005F00303824D2D68C5F30530804D2D1D87
:1066B0002D68C5F300147E4D14352D68C5F3CC0547
:1066C00015FB04F501EE105AB8EE411AF0EE410A3E
:1066D00000286FD023B1012B4ED0022B6BD16BE081
:1066E000734D283D2D68C5F340153DB3704D283DD1
:1066F0002D68C5F3C1066F4D25FA06F201EE102A8A
:10670000F8EE411A01EE100AB8EE411A81EE812A24
:106710009FED691AC0EE811A654D10352D68C5F3DD
:10672000080501EE105AB8EE411A31EE811AF7EE63
:10673000001A31EE211A22EE010A1CE001EE100AC5
:10674000B8EE411ADFED5D1A81EE812A9FED5A1AEB
:10675000C0EE811A564D10352D68C5F3080501EEBF
:10676000105AB8EE411A31EE811AF7EE001A31EEE6
:10677000211A22EE010A5BE001EE100AB8EE411A7E
:10678000DFED4F1A81EE812A9FED4B1AC0EE811A80
:10679000474D10352D68C5F3080501EE105AB8EEC7
:1067A000411A31EE811AF7EE001A31EE211A22EE6B
:1067B000010A3DE077E01DE001EE100AB8EE411A53
:1067C0009FED402AC2EE011A9FED3B1A80EE812A0E
:1067D000374D10352D68C5F3080501EE105AB8EE97
:1067E000411A32EE011AB7EE002A31EE021A21EEFA
:1067F000810A1DE001EE100AB8EE411ADFED301AF1
:1068000081EE812A9FED2C1AC0EE811A284D103599
:106810002D68C5F3080501EE105AB8EE411A31EEA5
:10682000811AF7EE001A31EE211A22EE010A00BF9A
:1068300000BF1F4D10352D68C5F3462501EE105AD7
:10684000B8EE411AF7EE001A31EE211AC0EE011A25
:10685000BCEEE11A81ED001A154D10352D68C5F317
:10686000064501EE105AB8EE411AF7EE001A31EE65
:10687000211AC0EE011ABCEEE11A81ED011A0C4D8D
:1068800010352D68C5F3066501EE105AB8EE411AB1
:10689000F7EE001A31EE211AC0EE011ABCEEE11A31
:1068A00081ED021A03E000250D604D608D6070BD22
:1068B000284402580090D003000000460024744C85
:1068C0000024744A001BB74B70B50146844D2D68F7
:1068D00005F00303824D2D68C5F30550804D2D1D35
:1068E0002D68C5F300247E4D1C352D68C5F3CC05FD
:1068F00015FB04F501EE105AB8EE411AF0EE410A0C
:1069000000286FD023B1012B4ED0022B6BD16BE04E
:10691000734D283D2D68C5F340153DB3704D283D9E
:106920002D68C5F3C1066F4D25FA06F201EE102A57
:10693000F8EE411A01EE100AB8EE411A81EE812AF2
:106940009FED691AC0EE811A654D18352D68C5F3A3
:10695000080501EE105AB8EE411A31EE811AF7EE31
:10696000001A31EE211A22EE010A1CE001EE100A93
:10697000B8EE411ADFED5D1A81EE812A9FED5A1AB9
:10698000C0EE811A564D18352D68C5F3080501EE85
:10699000105AB8EE411A31EE811AF7EE001A31EEB4
:1069A000211A22EE010A5BE001EE100AB8EE411A4C
:1069B000DFED4F1A81EE812A9FED4B1AC0EE811A4E
:1069C000474D18352D68C5F3080501EE105AB8EE8D
:1069D000411A31EE811AF7EE001A31EE211A22EE39
:1069E000010A3DE077E01DE001EE100AB8EE411A21
:1069F0009FED402AC2EE011A9FED3B1A80EE812ADC
:106A0000374D18352D68C5F3080501EE105AB8EE5C
:106A1000411A32EE011AB7EE002A31EE021A21EEC7
:106A2000810A1DE001EE100AB8EE411ADFED301ABE
:106A300081EE812A9FED2C1AC0EE811A284D18355F
:106A40002D68C5F3080501EE105AB8EE411A31EE73
:106A5000811AF7EE001A31EE211A22EE010A00BF68
:106A600000BF1F4D18352D68C5F3462501EE105A9D
:106A7000B8EE411AF7EE001A31EE211AC0EE011AF3
:106A8000BCEEE11A81ED001A154D18352D68C5F3DD
:106A9000064501EE105AB8EE411AF7EE001A31EE33
:106AA000211AC0EE011ABCEEE11A81ED011A0C4D5B
:106AB00018352D68C5F3066501EE105AB8EE411A77
:106AC000F7EE001A31EE211AC0EE011ABCEEE11AFF
:106AD00081ED021A03E000250D604D608D6070BDF0
:106AE000284402580090D003000000460024744C53
:106AF0000024744A001BB74B2DE9F04389B00646C9
:106B00000F464FF4807186EA0100384370D1F74890
:106B1000006800F00709B9F1050F65D2DFE809F058
:106B2000031221623000F1485038006800F0007014
:106B3000B0F1007F04D106A8FFF796FC079C00E0A7
:106B4000002453E0E9485038006800F00060B0F1DC
:106B5000006F04D103A8FFF79FFD039C00E0002411
:106B600044E0E2485038006800F00050B0F1005FA7
:106B700004D16846FFF7A8FE009C00E0002435E041
:106B8000DA48001F006800F04055D84850380068C7
:106B900000F00400042809D145B9D44850380068F1
:106BA000C0F3C101D24820FA01F41AE0CF485038AE
:106BB000006800F48070B0F5807F04D1B5F1805F8B
:106BC00001D1CC4C0DE0C9485038006800F40030C9
:106BD000B0F5003F04D1B5F1005F01D1C64C00E033
:106BE000002403E0C54C01E0002400BF4BE3FFE7B5
:106BF0004FF4806186EA010038437BD1BB480830FE
:106C0000006800F46009B9F5800F2CD006DCB9F1FA
:106C1000000F0AD0B9F5001F69D115E0B9F5C00F12
:106C200063D0B9F5000F62D12CE0B048503800684D
:106C300000F00070B0F1007F04D106A8FFF714FC4B
:106C4000079C00E0002454E0A8485038006800F099
:106C50000060B0F1006F04D103A8FFF71DFD039C95
:106C600000E0002445E0A1485038006800F00050E2
:106C7000B0F1005F04D16846FFF726FE009C00E0FB
:106C8000002436E09948001F006800F040559748FE
:106C90005038006800F00400042809D145B9934831
:106CA00050380068C0F3C101914820FA01F41BE09C
:106CB0008E485038006800F48070B0F5807F04D1B1
:106CC000B5F1805F01D18B4C0EE0884850380068E8
:106CD00000F40030B0F5003F05D1B5F1005F02D1FE
:106CE000854C01E006E0002403E0844C01E0002430
:106CF00000BFC8E24FF4006186EA010038437BD14F
:106D00007A480830006800F0E069B9F1007F2CD0C3
:106D100006DCB9F1000F0AD0B9F1807F69D115E026
:106D2000B9F1407F63D0B9F1806F62D12CE06F4838
:106D30005038006800F00070B0F1007F04D106A860
:106D4000FFF792FB079C00E0002454E067485038AE
:106D5000006800F00060B0F1006F04D103A8FFF7F5
:106D60009BFC039C00E0002445E06048503800682C
:106D700000F00050B0F1005F04D16846FFF7A4FDB9
:106D8000009C00E0002436E05848001F006800F036
:106D9000405556485038006800F00400042809D1D6
:106DA00045B9524850380068C0F3C101504820FA34
:106DB00001F41BE04D485038006800F48070B0F5D5
:106DC000807F04D1B5F1805F01D14A4C0EE0474885
:106DD0005038006800F40030B0F5003F05D1B5F13F
:106DE000005F02D1444C01E006E0002403E0434C84
:106DF00001E0002400BF46E24FF4805186EA010022
:106E0000384372D13948006800F4E048B8F5005FB3
:106E10002CD006DCB8F1000F0AD0B8F5805F75D130
:106E200015E0B8F5405F6FD0B8F5804F6ED12CE01B
:106E30002E485038006800F00070B0F1007F04D197
:106E400006A8FFF711FB079C00E0002460E027483C
:106E50005038006800F00060B0F1006F04D103A862
:106E6000FFF71AFC039C00E0002451E01F48503853
:106E7000006800F00050B0F1005F04D16846FFF7F1
:106E800023FD009C00E0002442E01848001F006839
:106E900000F0405515485038006800F00400042800
:106EA00009D145B9114850380068C0F3C1011048F4
:106EB00020FA01F427E00D485038006800F4807093
:106EC000B0F5807F04D1B5F1805F01D1094C1AE0A3
:106ED00006485038006800F40030B0F5003F11D18A
:106EE000B5F1005F0ED1044C0DE012E050440258A1
:106EF0000090D00300093D0000366E010080BB0009
:106F000004E001E0002403E0E14C01E0002400BFC4
:106F1000B9E14FF4005186EA0100384367D1DD48FA
:106F2000006800F4E028B8F5403F33D009DCB8F140
:106F3000000F0DD0B8F5803F0ED0B8F5003F53D10B
:106F400019E0B8F5802F37D0B8F5A02F4CD13FE02D
:106F500001F0F8F9044649E0CE485038006800F0E6
:106F60000060B0F1006F04D103A8FFF795FB049C0B
:106F700000E000243AE0C7485038006800F00050B4
:106F8000B0F1005F04D16846FFF79EFC019C00E071
:106F900000242BE0BF485038006800F004000428AB
:106FA00008D1BC4850380068C0F3C101BA4820FA83
:106FB00001F400E0002419E0B6485038006800F4FD
:106FC0008070B0F5807F01D1B44C00E000240DE06A
:106FD000B0485038006800F40030B0F5003F01D1EF
:106FE000AF4C00E0002401E0002400BF4BE14FF46F
:106FF000002186EA0100384361D1A64808300068C4
:1070000000F44038B8F1000F06D0B8F5803F12D038
:10701000B8F5003F50D11DE09E485038006800F0A0
:107020000060B0F1006F04D103A8FFF735FB039CAB
:1070300000E0002442E097485038006800F000501B
:10704000B0F1005F04D16846FFF73EFC029C00E00F
:10705000002433E08F48001F006800F040558D4841
:107060005038006800F00400042809D145B9894867
:1070700050380068C0F3C101874820FA01F41AE0D3
:1070800084485038006800F48070B0F5807F04D1E7
:10709000B5F1805F01D1814C0DE07E485038006829
:1070A00000F40030B0F5003F04D1B5F1005F01D12C
:1070B0007B4C00E0002401E0002400BFE3E04FF43B
:1070C000803186EA010038432CD17248001F0068E5
:1070D00000F48038B8F1000F03D0B8F5803F1ED11E
:1070E0000EE06C485038006800F00070B0F1007F8E
:1070F00004D106A8FFF7B8F9079C00E0002410E0CF
:1071000064485038006800F00060B0F1006F04D1AE
:1071100003A8FFF7C1FA059C00E0002401E0002469
:1071200000BFB0E04FF4804186EA0100384368D1E7
:1071300058480830006800F0E048B8F1405F33D0AC
:1071400009DCB8F1000F0DD0B8F1805F0ED0B8F1B6
:10715000005F53D119E0B8F1804F37D0B8F1A04F9C
:107160004CD13FE0FFF76EF9044649E049485038FA
:10717000006800F00060B0F1006F04D103A8FFF7D1
:107180008BFA049C00E000243AE042485038006842
:1071900000F00050B0F1005F04D16846FFF794FBA7
:1071A000019C00E000242BE03A485038006800F0D1
:1071B0000400042808D1374850380068C0F3C101E2
:1071C000354820FA01F400E0002419E03148503835
:1071D000006800F48070B0F5807F01D12F4C00E092
:1071E00000240DE02B485038006800F40030B0F562
:1071F000003F01D12A4C00E0002401E0002400BF40
:1072000041E04FF4004186EA010038433AD1214879
:10721000006800F04058B8F1000F06D0B8F1805F68
:107220000FD0B8F1005F2AD11AE01A485038006830
:1072300000F40030B0F5003F01D1194C00E000240B
:107240001FE014485038006800F00070B0F1007F73
:1072500004D106A8FFF708F9079C00E0002410E01D
:107260000C485038006800F00060B0F1006F04D1A5
:1072700003A8FFF711FA049C00E0002401E00024B9
:1072800000BF00E00024204609B0BDE8F083000004
:107290000080BB00504402580090D00300093D001C
:1072A00000366E012DE9F04104460025A8464FF056
:1072B0000062D4E9001011400020134659404040BC
:1072C000014331D1606E48B1B0F5801F0DD0B0F5EB
:1072D000001F11D0B0F5401F16D114E0FE48006821
:1072E00040F40030FC49086010E0022104F108007D
:1072F00004F0CEFC054609E0022104F1280004F068
:1073000079FD054602E001E0012500BF00BF55B947
:10731000F1482430006820F44010616E0843EE49C3
:107320002431086000E0A8464FF48072D4E90010D0
:107330001140002013465940404001432ED1A06D1A
:1073400005281BD2DFE800F0030A11181900E248F3
:10735000006840F40030E049086011E0002104F1C9
:10736000080004F095FC05460AE0002104F128001D
:1073700004F040FD054603E002E001E0012500BF06
:1073800000BF55B9D4482430006820F00700A16D33
:107390000843D1492431086000E0A8464FF48062D8
:1073A000D4E90010114000201346594040400143E9
:1073B0003DD1D4F8A400B0F5C00F24D007DC68B1EB
:1073C000B0F5001F11D0B0F5800F1FD114E0B0F55B
:1073D000000F19D0B0F5200F18D116E0BE48006894
:1073E00040F40030BC49086012E0002104F10800BC
:1073F00004F04EFC05460BE0002104F1280004F0E7
:10740000F9FC054604E003E002E001E0012500BFCD
:1074100000BF5DB9B0482C30006820F46000D4F89B
:10742000A4100843AC492C31086000E0A8464FF492
:107430000062D4E900011040002113465840494041
:1074400008433DD1D4F8A800B0F1407F24D007DC38
:1074500068B1B0F1807F11D0B0F1007F1FD114E08E
:10746000B0F1806F19D0B0F1A06F18D116E09A4832
:10747000006840F400309849086012E0002104F1EF
:10748000080004F005FC05460BE0002104F128008B
:1074900004F0B0FC054604E003E002E001E0012551
:1074A00000BF00BF5DB98C482C30006820F0E06060
:1074B000D4F8A810084388492C31086000E0A84699
:1074C0004FF00073D4E900101940002059404040AB
:1074D000014328D1E06CA8B1102804D0202809D09D
:1074E000302810D10DE07C48006840F400307A4923
:1074F00008600AE0022104F1080004F0C9FB054617
:1075000003E002E001E0012500BF00BF55B9724869
:107510002030006820F03000E16C08436E492031D3
:10752000086000E0A8464FF48053D4E900101940E9
:10753000002059404040014337D1E06DB0F5005F75
:107540001AD004DC50B1B0F5805F1ED10DE0B0F56B
:10755000405F18D0B0F5804F17D115E05E48006845
:1075600040F400305C49086011E0002104F108009B
:1075700004F08EFB05460AE0002104F1280004F027
:1075800039FC054603E002E001E0012500BF00BF31
:1075900055B951482430006820F4E040E16D0843BB
:1075A0004D492431086000E0A8464FF40053D4E967
:1075B00000101940002059404040014335D1206E51
:1075C000B0F5403F1ED007DC68B1B0F5803F0BD06E
:1075D000B0F5003F19D10EE0B0F5802F13D0B0F513
:1075E000A02F12D110E012E0012104F1080004F0F4
:1075F0004FFB05460BE0012104F1280004F0FAFBE3
:10760000054604E003E002E001E0012500BF00BF01
:1076100055B931482430006820F4E020216E084339
:107620002D492431086000E0A8464FF48042D4E997
:10763000000110400021134658404940084337D10B
:10764000D4F8AC00B0F1405F1ED007DC68B1B0F1F7
:10765000805F0BD0B0F1005F19D10EE0B0F1804F28
:1076600013D0B0F1A04F12D110E012E0012104F1CB
:10767000080004F00DFB05460BE0012104F1280091
:1076800004F0B8FB054604E003E002E001E0012558
:1076900000BF00BF5DB910482C30006820F0E0400A
:1076A000D4F8AC1008430C492C31086000E0A8461F
:1076B0004FF40043D4E900011840002158404940EC
:1076C00008432AD1E06EB8B1B0F1805F06D0B0F1C6
:1076D000005F12D109E000002C440258F94800680C
:1076E00040F40030F749086009E0012104F1080086
:1076F00004F0CEFA054602E001E0012500BF00BF1C
:1077000055B9F0482430006820F04050E16E08433D
:10771000EC492431086000E0A8464FF08073D4E9BA
:1077200000101940002059404040014328D1A06C6E
:10773000A8B1012804D0022809D0032810D10DE0F7
:10774000E048006840F40030DE4908600AE00221A9
:1077500004F1080004F09CFA054603E002E001E0B1
:10776000012500BF00BF55B9D6482030006820F081
:107770000300A16C0843D3492031086000E0A8460B
:107780004FF48003D4E900101940002059404040D4
:1077900001437DD1CC48006840F48070CA4908603C
:1077A000FEF710FD064606E0FEF70CFD801B642880
:1077B00001D9032505E0C448006800F48070002862
:1077C000F2D000BF85BBBF484430006800F4407071
:1077D000B4F8B01001F44071884213D0B948443075
:1077E000006820F44077B7484430006840F48030A7
:1077F000B449443108600846006820F480300860CD
:1078000008460760D4F8B000B0F5807F15D1FEF7C8
:10781000D9FC064609E0FEF7D5FC801B41F2883111
:10782000884202D9032507E038E0A64844300068C2
:10783000C0F340000028EED000BF55BB00BFB4F835
:10784000B00000F44070B0F5407F0ED19D481C3868
:10785000006820F47C519D4AD4F8B000104041EA01
:10786000101098491C39086007E096481C380068D9
:1078700020F47C5093491C390860924844300068D9
:10788000B4F8B010C1F30B0108438E49443101E054
:1078900005E001E0086002E0A84600E0A8460122F9
:1078A000D4E90001104000211346584049400843E4
:1078B00030D1A06F18281AD005DC48B1082808D0AC
:1078C000102817D10CE0202812D0282812D110E05F
:1078D00012E0012104F1080004F0DAF905460BE09A
:1078E000012104F1280004F085FA054604E003E0D4
:1078F00002E001E0012500BF00BF55B97148283002
:10790000006820F03800A16F08436E4928310860F4
:1079100000E0A8460223D4E9001019400020594095
:107920004040014329D1606F062816D2DFE800F0FD
:1079300003040B12131412E0012104F1080004F0F7
:10794000A7F905460BE0012104F1280004F052FAE2
:10795000054604E003E002E001E0012500BF00BFAE
:1079600055B958482830006820F00700616F084377
:1079700054492831086000E0A8460422D4E90010E8
:107980001140002013465940404001432BD1D4F808
:107990009000062816D2DFE800F003040B1213143F
:1079A00012E0012104F1080004F072F905460BE031
:1079B000012104F1280004F01DFA054604E003E06B
:1079C00002E001E0012500BF00BF5DB93D482C3059
:1079D000006820F00700D4F89010084339492C3192
:1079E000086000E0A8462023D4E9000118400021E7
:1079F00058404940084337D1D4F88C00B0F1405F7B
:107A00001ED007DC68B1B0F1805F0BD0B0F1005F31
:107A100019D10EE0B0F1804F13D0B0F1A04F12D1C8
:107A200010E012E0002104F1080004F031F90546ED
:107A30000BE0022104F1280004F0DCF9054604E023
:107A400003E002E001E0012500BF00BF5DB91D4871
:107A50002830006820F0E040D4F88C100843194921
:107A60002831086000E0A8464023D4E900101940FE
:107A700000205940404001433CD1D4F89800B0F573
:107A8000406F25D007DC68B1B0F5806F0BD0B0F542
:107A9000006F20D10EE0B0F5805F1AD0B0F5A05F86
:107AA00019D117E019E0002104F1080004F0F0F802
:107AB000054612E0022104F1280004F09BF9054676
:107AC0000BE000002C44025800480258FFFCFF0F56
:107AD00003E002E001E0012500BF00BF4DB9FE4810
:107AE000006820F4E050D4F898100843FA49086080
:107AF00000E0A8468023D4E9001019400020594036
:107B00004040014335D1D4F89C00B0F5C04F1ED0A1
:107B100007DC68B1B0F5005F0BD0B0F5804F19D12C
:107B20000EE0B0F5004F13D0B0F5204F12D110E0A9
:107B300012E0002104F1080004F0AAF805460BE069
:107B4000022104F1280004F055F9054604E003E0A1
:107B500002E001E0012500BF00BF4DB9DE4800682A
:107B600020F46040D4F89C100843DB49086000E032
:107B7000A8460823D4E90001184000215840494094
:107B8000084317D1D4F88000B0F5805F07D10221F7
:107B900004F1280004F02EF908B14FF00108CE4896
:107BA000001F006820F44050D4F880100843CA49F0
:107BB000091F08601023D4E9000118400021584033
:107BC0004940084315D1D4F89400B0F5807F07D11F
:107BD000022104F1280004F00DF908B14FF001086A
:107BE000BD48006820F44070D4F894100843BA49A6
:107BF00008604FF40023D4E90001184000215840E8
:107C00004940084327D1D4F8A00030B1B0F5803FF7
:107C10000AD0B0F5003F0FD10DE0002104F10800BB
:107C200004F036F8054609E0022104F1280004F0CA
:107C3000E1F8054602E001E0012500BF00BF4DB9B3
:107C4000A548006820F44030D4F8A0100843A249A9
:107C5000086000E0A8464FF48023D4E900011840F2
:107C600000215840494008432DD1D4F88400B0F594
:107C7000801F06D0B0F5001F0CD0B0F5401F11D109
:107C80000FE095482C38006840F4003092492C39B8
:107C9000086009E0012104F1280004F0ABF8054672
:107CA00002E001E0012500BF00BF5DB98A48001F66
:107CB000006820F44010D4F8841008438649091F56
:107CC000086000E0A8464FF48032D4E9000110407B
:107CD0000021134658404940084325D1206D18B172
:107CE000B0F5803F10D108E07B482C38006840F4A4
:107CF000003079492C39086008E0022104F10800BD
:107D000003F0C6FF054601E0012500BF00BF55B9DD
:107D100071480C38006820F48030216D08436E49AA
:107D20000C39086000E0A8464FF00053D4E9001079
:107D30001940002059404040014307D1022104F17D
:107D4000280004F057F808B14FF001084FF4003252
:107D5000D4E900011040002113465840494008432F
:107D600027D1E06FA0B1B0F5807F06D0B0F5007FDD
:107D70000CD0B0F5407F0CD109E057482C38006892
:107D800040F4003054492C39086004E003E002E07C
:107D900001E0012500BF00BF55B94F48001F006832
:107DA00020F44070E16F08434B49091F086000E070
:107DB000A8464FF48012D4E9001011400020134669
:107DC00059404040014309D143480838006820F039
:107DD0000040216F08434049083908604FF4001300
:107DE000D4E900011840002158404940084309D116
:107DF00039480838006820F08070A16E0843364981
:107E0000083908604FF08043D4E900101940002081
:107E100059404040014311D100BF2F484838006805
:107E200020F400402C494839086008460068D4F81E
:107E3000B410084328494839086000BF4FF0004299
:107E4000D4E900011040002113465840494008433E
:107E500009D121480C38006820F04050616D08437A
:107E60001D490C3908604FF40002D4E9001011409C
:107E7000002013465940404001430AD11648001FD4
:107E8000006820F44000D4F8881008431249091F04
:107E900008600122002160681040494050400143C1
:107EA00006D104F1080003F0F3FE054605B1A8462B
:107EB000022200216068104049405040014307D130
:107EC000012104F1080003F0E3FE054605B1A846D0
:107ED00004230020616801E058440258194004223C
:107EE00040405140084307D1022104F1080003F04B
:107EF000CFFE054605B1A846082300206168194059
:107F0000082240405140084307D1002104F12800D5
:107F100003F070FF054605B1A846102300206168F4
:107F20001940102240405140084307D1012104F17B
:107F3000280003F05FFF054605B1A8462022002176
:107F40006068104049405040014307D1022104F1CC
:107F5000280003F04FFF054605B1A846B8F1000F11
:107F600002D10020BDE8F0810120FBE72DE9F041BE
:107F700004460D4614B90120BDE8F081BD480068F3
:107F800000F00F00A8420ED2BA48006820F00F009F
:107F90002843B84908600846006800F00F00A8426E
:107FA00001D00120E8E7207800F0040004280ED179
:107FB000B1492069096801F07001884207D9AE48CB
:107FC000006820F0700021690843AB490860207800
:107FD00000F00800082811D1A749091D6069096847
:107FE00001F07001884209D9A348001D006820F003
:107FF000700061690843A049091D0860207800F0FD
:108000001000102811D19C49091DA069096801F4CC
:10801000E061884209D99848001D006820F4E060BA
:10802000A16908439449091D0860207800F02000E8
:10803000202811D190490831E069096801F07001E8
:10804000884209D98C480830006820F07000E16946
:108050000843894908310860207800F002000228AE
:108060000ED18549E068096801F00F01884207D9FF
:108070008148006820F00F00E16808437E490860ED
:10808000207800F00100002850D07B48006820F4E0
:108090007060A1680843784908606068022807D1C9
:1080A000754818380068C0F34040F8B9012063E70C
:1080B0006068032807D1704818380068C0F3406032
:1080C000A0B9012058E76068012807D16A4818382C
:1080D0000068C0F3002048B901204DE76648183811
:1080E0000068C0F3800008B9012045E762480838FD
:1080F000006820F00700616808435F49083908609C
:10810000FEF760F8064608E0FEF75CF8801B41F2D7
:108110008831884201D903202EE757480838006883
:1081200000F038006168B0EBC10FEDD1207800F0AD
:10813000020002280ED15049E068096801F00F01E1
:10814000884207D24C48006820F00F00E1680843DD
:10815000494908604748006800F00F00A8420ED95E
:108160004448006820F00F00284342490860084650
:10817000006800F00F00A84201D00120FCE6207842
:1081800000F0040004280ED13B492069096801F081
:108190007001884207D23848006820F070002169D9
:1081A000084335490860207800F00800082811D1FC
:1081B0003149091D6069096801F07001884209D2DE
:1081C0002D48001D006820F07000616908432A49AD
:1081D000091D0860207800F01000102811D12649F0
:1081E000091DA069096801F4E061884209D22248AA
:1081F000001D006820F4E060A16908431E49091DC4
:108200000860207800F02000202811D11A49083198
:10821000E069096801F07001884209D21648083007
:10822000006820F07000E1690843134908310860D4
:1082300000F0ACF810490968C1F303210F4A515C02
:1082400001F01F0120FA01F70B48006800F00F0051
:108250001146085C00F01F0027FA00F0084908608A
:108260000848076008480068FDF7EEFF8046404672
:1082700082E600000020005218440258F01A01085B
:10828000300000242C000024240000243F2202603F
:10829000174A126802F007024260154A0832126853
:1082A00002F470628260124A0832126802F00F0211
:1082B000C2600F4A0832126802F0700202610C4A72
:1082C0000C32126802F070024261094A0C321268E4
:1082D00002F4E0628261064A1032126802F0700213
:1082E000C261044A126802F00F020A60704700007F
:1082F000104402580020005210B500F047F80D4914
:108300000968C1F303210C4A515C01F01F0120FAF6
:1083100001F40848006800F00F001146085C00F006
:108320001F0024FA00F0054908600548046008466B
:10833000006810BD18440258F01A010830000024EB
:108340002C00002400B5FFF7D7FF05490968C1F3E9
:108350000211044A515C01F01F01C84000BD000039
:108360001C440258F01A010800B5FFF7C5FF054983
:108370000968C1F30221044A515C01F01F01C840A1
:1083800000BD00001C440258F01A0108F0B5824EEE
:10839000366806F0380636B1082E15D0102E15D0E6
:1083A000182E7DD114E07C4E103E3668C6F3401680
:1083B00046B1794E103E3668C6F3C107774E26FAAD
:1083C00007F000E07548E5E07548E3E07548E1E056
:1083D000714E1836366806F003046F4E183636684C
:1083E000C6F305116C4E1C36366806F001056A4E60
:1083F00024363668C6F3CC0616FB05F601EE106A85
:10840000B8EE410A002971D024B1012C50D0022CC1
:108410006DD16DE0604E103E3668C6F340163EB337
:108420005D4E103E3668C6F3C1075C4E26FA07F370
:1084300001EE103AF8EE411A01EE101AB8EE411AA8
:1084400081EE812A9FED581AC0EE011A524E203655
:108450003668C6F3080601EE106AB8EE411A31EE2E
:10846000811AF7EE001A31EE211A62EE010A1EE0BF
:1084700001EE101AB8EE411ADFED4C1A81EE812A96
:108480009FED491AC0EE011A434E20363668C6F3F6
:10849000080601EE106AB8EE411A31EE811A00E0CA
:1084A00076E0F7EE001A31EE211A62EE010A5BE087
:1084B00001EE101AB8EE411A9FED3D2AC2EE011AE4
:1084C0009FED391A80EE012A334E20363668C6F306
:1084D000080601EE106AB8EE411A32EE011AB7EE44
:1084E000002A31EE021A61EE810A3DE04EE01DE005
:1084F00001EE101AB8EE411ADFED2E1A81EE812A34
:108500009FED291AC0EE011A234E20363668C6F3B5
:10851000080601EE106AB8EE411A31EE811AF7EE44
:10852000001A31EE211A62EE010A1DE001EE101A66
:10853000B8EE411A9FED1E2AC2EE011A9FED1A1ADB
:1085400080EE012A144E20363668C6F3080601EE86
:10855000106AB8EE411A32EE011AB7EE002A31EE77
:10856000021A61EE810A00BF00BF0B4E203636684A
:10857000C6F34626721C01EE102AB8EE411AC0EE70
:10858000811ABCEEE11A11EE100A00E0002001E0B1
:10859000034800BF00BFF0BD104402580090D00354
:1085A00000093D0000366E01000000460024744CB6
:1085B0000024744A001BB74B2DE9F047044614B958
:1085C0000120BDE8F087207800F00100002870D07D
:1085D000F948006800F03808F7481830D0F80090E3
:1085E000B8F1100F06D0B8F1180F0FD109F0030041
:1085F00002280BD1F04810380068C0F34040002832
:108600006AD06068002867D10120DAE700BF60689F
:10861000B0F5803F08D1E8481038006840F4803059
:10862000E549103908602EE0606868B9E248103802
:10863000006820F48030E04910390860084600687E
:1086400020F4802008601EE06068B0F5A02F0DD1F6
:10865000D9481038006840F48020D74910390860A4
:108660000846006840F4803008600CE0D2481038BA
:10867000006820F48030D04910390860084600684E
:1086800020F48020086000BF606898B1FDF79AFD73
:10869000054606E0FDF796FD401B642801D903203E
:1086A0008FE7C54810380068C0F340400028F1D07B
:1086B00012E012E0FDF786FD054606E0FDF782FDBB
:1086C000401B642801D903207BE7BB4810380068B1
:1086D000C0F340400028F1D100BF207800F0020034
:1086E000022879D1B448006800F03808B248183040
:1086F000D0F80090B8F1000F05D0B8F1180F35D1BF
:1087000009F0030088BBAC4810380068C0F3800053
:1087100018B1E06808B9012053E7A748103800688D
:1087200020F01900E1680843A34910390860FDF7FB
:1087300049FD054606E0FDF745FD401B022801D92D
:1087400003203EE79C4810380068C0F380000028F2
:10875000F1D099480C38006820F0FE40217C40EAB6
:10876000016095490C39086045E0FFE7E06838B3DF
:1087700091481038006820F01900E16808438E49DC
:1087800010390860FDF71EFD054606E0FDF71AFDED
:10879000401B022801D9032013E7874810380068DE
:1087A000C0F380000028F1D083480C38006820F026
:1087B000FE40217C40EA01607F490C3908601AE0E4
:1087C0007D481038006820F001007B4910390860AE
:1087D000FDF7F8FC054607E00EE0FDF7F3FC401B53
:1087E000022801D90320ECE6734810380068C0F372
:1087F00080000028F1D100BF207800F01000102880
:108800006FD16D48006800F038086B481830D0F818
:108810000090B8F1080F06D0B8F1180F1CD109F07C
:108820000300012818D1644810380068C0F3002004
:1088300020B1E069802801D00120C2E600BF5E4877
:10884000001F006820F07C5094F8201040EA01607E
:108850005949091F086043E0E06938B356481038A9
:10886000006840F08000544910390860FDF7AAFC08
:10887000054606E0FDF7A6FC401B022801D90320AF
:108880009FE64D4810380068C0F300200028F1D062
:1088900000BF4948001F006820F07C5094F8201069
:1088A00040EA01604449091F086019E04248103855
:1088B000006820F08000404910390860FDF782FC14
:1088C000054606E0FDF77EFC401B022801D9032087
:1088D00077E6394810380068C0F300200028F1D14D
:1088E00000BF207800F00800082836D16069D0B1B8
:1088F00031486430006840F001002F49643108605D
:10890000FDF760FC054606E0FDF75CFC401B022815
:1089100001D9032055E6284864300068C0F34000C0
:108920000028F1D019E024486430006820F00100EC
:10893000214964310860FDF745FC054606E0FDF776
:1089400041FC401B022801D903203AE61A48643052
:108950000068C0F340000028F1D1207800F020002A
:10896000202838D1A069D0B113481038006840F4ED
:108970008050114910390860FDF724FC054606E0D7
:10898000FDF720FC401B022801D9032019E60A4804
:1089900010380068C0F340300028F1D01BE00648D2
:1089A0001038006820F48050034910390860FDF742
:1089B00009FC054609E0000010440258FDF702FCDE
:1089C000401B022801D90320FBE5D0480068C0F312
:1089D00040300028F2D1207800F0040004287DD136
:1089E000CB48006840F48070C9490860FDF7EAFB95
:1089F000054606E0FDF7E6FB401B642801D903208D
:108A0000DFE5C348006800F480700028F2D000BFA2
:108A1000A068012808D1BD487030006840F001000E
:108A2000BA49703108602DE0A06868B9B748703065
:108A3000006820F00100B549703108600846006800
:108A400020F0040008601DE0A06805280DD1AF48A3
:108A50007030006840F00400AC497031086008468E
:108A6000006840F0010008600CE0A8487030006821
:108A700020F00100A549703108600846006820F028
:108A80000400086000BFA068A0B1FDF79BFB05468D
:108A900008E0FDF797FB401B41F28831884201D97D
:108AA00003208EE5994870300068C0F3400000282C
:108AB000EFD013E0FDF786FB054608E0FDF782FBEB
:108AC000401B41F28831884201D9032079E58F4863
:108AD00070300068C0F340000028EFD1606A0028C1
:108AE0007DD08A481030006800F03800182877D010
:108AF000606A022875D18548006820F0807083493B
:108B00000860FDF75FFB054606E0FDF75BFB401BD9
:108B1000022801D9032054E57C480068C0F3406076
:108B20000028F2D100BFD4E90A1041EA00107749C9
:108B30002831096840F2F3329143084373492831E0
:108B40000860208E401EC0F30800616B491E4FF480
:108B50007E4202EA41210843218F491ED20102EAE6
:108B6000014108433C21095D491E120202EA0161EC
:108B7000084366493031086000BF081F006820F0D4
:108B80000100091F08606148343000684FF6F87131
:108B90008843A16C40EAC1005C49343108605B48FD
:108BA0002C30006820F00C00216C084357492C3110
:108BB00008600846006820F00200616C08435349D1
:108BC0002C3108600846006840F480300860084690
:108BD000006840F4003008600846006802E092E057
:108BE00038E01FE040F4802008600846006840F04C
:108BF000010008604548006840F080704349086003
:108C0000FDF7E0FA054606E0FDF7DCFA401B022816
:108C100001D90320D5E43D480068C0F34060002836
:108C2000F2D070E03948006820F080703749086061
:108C3000FDF7C8FA054606E0FDF7C4FA401B022816
:108C400001D90320BDE431480068C0F3406000282A
:108C5000F2D158E02D48283007682C48303006689B
:108C6000606A012821D007F00301A06A81421CD16B
:108C7000C7F30511E06A884217D1C6F30801206BDB
:108C8000401E814211D1606B401EC6F346218842CE
:108C90000BD1A06B401EC6F30641884205D1E06BA4
:108CA000401EC6F30661884201D0012089E41748BE
:108CB00034300068C0F3CC07A06CB84223D013480E
:108CC0002C30006820F0010010492C310860FDF7BD
:108CD00079FA054600BFFDF775FA401BFBD00B483B
:108CE000343000684FF6F8718843A16C40EAC10047
:108CF00006493431086005482C30006840F0010016
:108D000002492C31086000205BE400000044025856
:108D100000480258704700002DE9F05F04462068C3
:108D200007692068D0F8148007EA08052068D0F8A1
:108D300008904FF0000A94F88160206800F1300B31
:108D400008F40060B0F5006F0ED107F008000828A5
:108D50000AD12068806940F400602168886120465B
:108D600000F0B9FABDE8F09F05F0400070B905F0D9
:108D7000200058B905F00400042807D12046616F8F
:108D800088472046216F88474FF0010A05F04000D0
:108D900050B905F0010038B105F0040020B92046B3
:108DA000216F88474FF0010A05F0200058B905F0FF
:108DB0000200022807D105F0040020B92046616FA7
:108DC00088474FF0010ABAF1000F00D0CAE705F05A
:108DD0000800082863D12068806940F008002168F5
:108DE00088612068806940F01000216888612068EF
:108DF000806940F40060216888612068006920F083
:108E00000800216808612068806800F4404038BB91
:108E100022E0E0680F2807D92068006B616E0860C7
:108E2000606E001D606612E0E068072807D9BBF895
:108E30000000616E0880606E801C606607E020683C
:108E400090F83000616E0870606E401C6066B4F887
:108E50006A00401EA4F86A00B4F86A000028D8D15D
:108E6000204603F019F9012084F88100D4F8840029
:108E700018B12046FFF74EFF74E7052E03D12046B8
:108E800000F0ACFB0AE0042E03D1204600F022FAE9
:108E900004E0032E02D1204600F09FFB62E705F4B8
:108EA000587000287DD005F0400058B1D4F88400F7
:108EB00040F00400C4F884002068806940F040005D
:108EC0002168886105F4007058B1D4F8840040F03E
:108ED0000100C4F884002068806940F400702168B3
:108EE000886105F4807058B1D4F8840040F008001F
:108EF000C4F884002068806940F48070216888612B
:108F000005F0200058B1D4F8840040F08000C4F887
:108F100084002068806940F0200021688861D4F8CE
:108F20008400A8B32068006820F001002168086070
:108F30002068006940F26B3188432168086109F4B8
:108F40004040B0F5404F25D12068806820F4404073
:108F500021688860E06F60B11348E16F0865E06FD9
:108F6000FAF74CFC28B1D4F8840040F04000C4F873
:108F70008400A06F60B10C48A16F0865A06FFAF77C
:108F80003DFC28B1D4F8840040F04000C4F88400CF
:108F900006E006E0012084F881002046FFF7BAFED3
:108FA000E0E600BFDEE600006FC1000870B50446D1
:108FB0000CB9012070BD606A00B900BF0021A16238
:108FC0006349206888420CD062492068884208D0F2
:108FD00061492068884204D0E0680F2801D9012047
:108FE000E8E7204603F0D1F8054659492068884251
:108FF00009D058492068884205D0574920688842DE
:1090000001D0082D0DD852492068884207D0514917
:109010002068884203D050492068884203D1102D2F
:1090200001D90120C6E794F8810028B9002084F80E
:109030008000204600F092F8022084F88100206829
:10904000006820F00100216808602068806800F452
:10905000F816A069B0F1806F11D16068B0F5800F8B
:1090600001D1A06B28B1606848B9A06BB0F1805FF6
:1090700005D12068006840F480502168086060686D
:1090800000F48000B0F5800F0BD1E068072808D30A
:109090002068006820F48070216D08432168086012
:1090A00005E02068006820F4807021680860A16AEB
:1090B000E06908433043E16B0843E16808432168F5
:1090C0008860616A606B0843A16B0843A16908432B
:1090D0002169084361690843216A084361680843BC
:1090E000E16C0843A1680843A16C0843A16D0843E3
:1090F0002168C860606878B92068806820F4C05032
:1091000040F40060216888602068806820F4C060B6
:1091100040F48060216888602068006D20F00100C4
:1091200021680865606800F48000B0F5800F07D101
:109130002068C06820F00040616D08432168C86065
:109140000020C4F88400012084F88100002031E769
:109150000030014000380040003C004010B5B6B07F
:109160000446142130A8F7F779F9B82102A8F7F7D7
:1091700075F95149206888427DD181140020CDE9DC
:109180000210199002A8FEF78DF808B1F8F72CFF2D
:1091900000BF4A48006840F48040484908600846DB
:1091A000006800F48040019000BF00BF00BF43484A
:1091B0000838006840F00400404908390860084653
:1091C000006800F00400019000BF00BF00BF084627
:1091D000006840F0020008600846006800F00200E5
:1091E000019000BF00BF0620309002203190002087
:1091F0003290032033900520349030A93048FCF79A
:10920000E3FE4FF400503090022031900020329065
:10921000032033900520349030A92A48FCF7D4FE6F
:1092200029482A4908602720486000212748816092
:10923000C1604FF480610161002141618161C161C0
:109240004FF44031016200214162FBF71FFA08B17F
:10925000F8F7CAFE00BF1D48E067846300BF1A48E4
:1092600030301B4908602820486040211848816040
:109270000021C16000E01DE04FF480610161002128
:1092800041618161C1614FF400310162002141629D
:10929000FBF7FCF908B1F8F7A7FE00BF0C48A06780
:1092A000846300BF002205212420FDF749F8242013
:1092B000FDF732F836B010BD00380040E8440258DF
:1092C000000802580004025810000240540600240E
:1092D000CC060024704770472DE9FF5F04468A469C
:1092E00093461E460E9D0020039020682030029079
:1092F00020683030019000BF94F88000012803D12D
:10930000022004B0BDE8F09F012084F8800000BF77
:10931000FCF758FF81463746B04694F88100012893
:1093200008D00220039000BF002084F8800000BF16
:109330000398E6E7BAF1000F03D0BBF1000F00D0AD
:1093400046B90120039000BF002084F8800000BFD0
:109350000398D6E7052084F881000020C4F8840033
:10936000C4F864B0A4F86A60A4F86860C4F85CA0AB
:10937000A4F86260A4F86060206760672068C06835
:1093800020F4C0202168C860206840686FF30F0097
:109390003043216848602068006840F0010021687F
:1093A00008606068B0F5800F05D12068006840F45F
:1093B000007021680860E0680F284ED947E02068F7
:1093C000406900F0020002280ED16FB1E06D006824
:1093D00021680862E06D001DE065B4F86200401E7F
:1093E000A4F86200B4F862702068406948F208018D
:1093F000084080B1B8F1000F0DD02068006B616E9D
:109400000860606E001D6066B4F86A00401EA4F833
:109410006A00B4F86A80FCF7D5FEA0EB0900A84208
:1094200001D3681C00B995B9204602F035FE00BF93
:10943000002084F8800000BFD4F8840040F48070DD
:10944000C4F88400012084F88100032059E7002F2C
:10945000B5D1B8F1000FB2D19EE0E06807284CD931
:1094600045E02068406900F0020002280DD167B194
:1094700054F85C0F0188029801802068801C2060ED
:10948000E088401EE080E7885C3C2068406900F08E
:10949000010080B1B8F1000F0DD00198008854F898
:1094A000641F08802068801C2060E088401EE080E7
:1094B000B4F80680643CFCF785FEA0EB0900A842E6
:1094C00001D3681C00B995B9204602F0E5FD00BF44
:1094D000002084F8800000BFD4F8840040F480703D
:1094E000C4F88400012084F88100032009E7002FDC
:1094F000B7D1B8F1000FB4D14EE048E02068406920
:1095000000F0020002280FD177B1E06D00782168E9
:1095100081F82000E06D401CE065B4F86200401E58
:10952000A4F86200B4F862702068406900F001009D
:1095300088B1B8F1000F0ED0206890F83000616E4D
:109540000870606E401C6066B4F86A00401EA4F8A3
:109550006A00B4F86A80FCF735FEA0EB0900A84267
:1095600001D3681C00B995B9204602F095FD00BFF3
:10957000002084F8800000BFD4F8840040F480709C
:10958000C4F88400012084F881000320B9E6002F8C
:10959000B4D1B8F1000FB1D12B46002208212046EA
:1095A000CDF8009002F0FEFD28B1D4F8840040F020
:1095B0002000C4F88400204602F06EFD00BF0020A9
:1095C00084F8800000BF012084F88100D4F8840072
:1095D00008B1012095E6039893E6704770477047FD
:1095E0007047704730B502460B4600BF92F83C000A
:1095F000012801D1022030BD012082F83C0000BFCB
:10960000022082F83D001068416810688468254D8A
:109610001068A84203D0244D1068A84203D121F459
:1096200070015868014321F0700118680143106807
:1096300041601C4D1068A84223D01068B0F1804FE3
:109640001FD01A4D1068A8421BD0194D1068A842AF
:1096500017D0184D1068A84213D0134D1068A842B7
:109660000FD0154D1068A8420BD0144D1068A842B9
:1096700007D0134D1068A84203D0124D1068A842BD
:1096800005D124F0800498680443106884600120A8
:1096900082F83D0000BF002082F83C0000BF00BF00
:1096A000A9E7000000000140000401400004004060
:1096B00000080040000C004000180040004001403D
:1096C00000E0004000E4004010B504460CB9012061
:1096D00010BD94F83D0028B9002084F83C002046D5
:1096E00000F029F8022084F83D00211D206802F0D6
:1096F0006DFE012084F8480000BF84F83E0001217F
:109700003F2001554020015541200155422001557F
:109710004320015500BF00BF012084F844004520CC
:109720000155462001554720015500BF012084F80E
:109730003D000020CCE77047014691F83D0001282C
:1097400001D001207047022081F83D000868C06800
:1097500040F001000B68D860204B0868984223D085
:109760000868B0F1804F1FD01D4B086898421BD08D
:109770001C4B0868984217D01B4B0868984213D0BE
:109780001A4B086898420FD0194B086898420BD0C2
:10979000184B0868984207D0174B0868984203D0C6
:1097A000164B0868984210D108688068144B00EA8C
:1097B0000302062A0FD0B2F5803F0CD0086800687B
:1097C00040F001000B68186005E00868006840F090
:1097D00001000B6818600020B4E7000000000140A1
:1097E0000004004000080040000C0040000401405C
:1097F000001800400040014000E0004000E400404C
:1098000007000100704710B5044620680069C0F3E6
:109810004000D8B12068C068C0F34000B0B16FF01C
:10982000020021680861012020772068806900F02B
:10983000030018B12046FFF7E5FF05E0204600F0E1
:109840000FF9204600F028FA0020207720680069F0
:10985000C0F38000D8B12068C068C0F38000B0B108
:109860006FF0040021680861022020772068806979
:1098700000F4407018B12046FFF7C4FF05E0204611
:1098800000F0EEF8204600F007FA0020207720686C
:109890000069C0F3C000D8B12068C068C0F3C00040
:1098A000B0B16FF0080021680861042020772068BB
:1098B000C06900F0030018B12046FFF7A3FF05E0E0
:1098C000204600F0CDF8204600F0E6F90020207791
:1098D00020680069C0F30010D8B12068C068C0F3E8
:1098E0000010B0B16FF010002168086108202077E7
:1098F0002068C06900F4407018B12046FFF782FF6D
:1099000005E0204600F0ACF8204600F0C5F9002044
:1099100020772068006900F0010058B12068C06815
:1099200000F0010030B16FF00100216808612046AD
:1099300000F0B3F920680069C0F3C01058B1206886
:10994000C068C0F3C01030B16FF0800021680861BA
:109950002046FFF745FE20680069C0F3002058B19B
:109960002068C068C0F3C01030B16FF48070216807
:1099700008612046FFF733FE20680069C0F38010BD
:1099800058B12068C068C0F3801030B16FF040005B
:1099900021680861204600F089F920680069C0F359
:1099A000401058B12068C068C0F3401030B16FF06B
:1099B0002000216808612046FFF713FE10BD00005B
:1099C00010B586B00446142101A8F6F747FD2049DA
:1099D000206888421AD100BF1E48006840F002008B
:1099E0001C4908600846006800F00200009000BFB3
:1099F00000BF0220019002900020039004900220FA
:109A0000059001A91448FCF7DFFA1FE0134920680C
:109A100088421BD100BF0F48006840F002000D498A
:109A200008600846006800F00200009000BF00BF18
:109A30004FF4004001900220029000200390049017
:109A40000220059001A90448FCF7BEFA06B010BD3B
:109A500000040040E044025800040258001800408E
:109A600070472DE9F04104460D461646002700BF19
:109A700094F83C00012802D10220BDE8F0810120C9
:109A800084F83C0000BF0C2E51D005DC4EB1042EF2
:109A90001ED0082E7AD133E0102E60D0142EF9D1CA
:109AA00075E02946206802F001FD2068806940F0D9
:109AB0000800216888612068806920F0040021681E
:109AC000886120688069296908432168886178E095
:109AD0002946206802F040FD2068806940F400605B
:109AE000216888612068806920F48060216888612D
:109AF00020688069296940EA01202168886160E066
:109B00002946206802F082FD2068C06940F0080004
:109B10002168C8612068C06920F004002168C8611C
:109B20002068C069296908432168C86149E029465D
:109B3000206802F0C5FD2068C06940F4006021681B
:109B4000C8612068C06920F480602168C86120680D
:109B5000C069296940EA01202168C86131E02946CD
:109B6000206802F0E7FD2068406D40F008002168A1
:109B700048652068406D20F0040021684865206831
:109B8000406D29690843216848651AE017E02946B5
:109B9000206802F007FE2068406D40F400602168F4
:109BA00048652068406D20F4806021684865206821
:109BB000406D296940EA01202168486501E00127DC
:109BC00000BF00BF00BF002084F83C0000BF384643
:109BD00053E710B504460CB9012010BD94F83D00C0
:109BE00028B9002084F83C00204600F029F8022023
:109BF00084F83D00211D206802F0E8FB012084F874
:109C0000480000BF84F83E0001213F20015540205C
:109C1000015541200155422001554320015500BF07
:109C200000BF012084F8440045200155462001551D
:109C30004720015500BF012084F83D000020CCE7FB
:109C400008B5124A016891420DD100BF1049096858
:109C500041F002010E4A11601146096801F002014B
:109C6000009100BF11E00B4A016891420DD100BF85
:109C70000749096841F04001054A11601146096829
:109C800001F04001009100BF00BF08BD000400408A
:109C9000E844025800180040704710B50446206898
:109CA000B0F1804F01D1FCF793FA10BD7047014627
:109CB00000BF91F88400012801D1022070470120E3
:109CC00081F8840000BF2420C1F888000868026879
:109CD0000868006820F001000B68186022F000524C
:109CE00000204866086802602020C1F8880000BF94
:109CF000002081F8840000BF00BFDFE77047704795
:109D000070B504460D4600BF94F88400012801D1C7
:109D1000022070BD012084F8840000BF2420C4F814
:109D20008800206806682068006820F0010021682B
:109D300008602068806820F060602843216888609F
:109D4000204602F071FD206806602020C4F88800DB
:109D500000BF002084F8840000BF00BFD9E770B5C1
:109D600004460D4600BF94F88400012801D102206A
:109D700070BD012084F8840000BF2420C4F888004E
:109D8000206806682068006820F0010021680860EB
:109D90002068806820F06040284321688860204661
:109DA00002F042FD206806602020C4F8880000BF51
:109DB000002084F8840000BF00BFD9E770477047D7
:109DC000704700002DE9F04704462068C569206807
:109DD00006682068876840F60F0005EA0009B9F1B7
:109DE000000F0FD105F0200060B106F0200010B97F
:109DF00007F0805030B1606F10B12046616F884726
:109E0000BDE8F087B9F1000F7ED0FE48384018B9A0
:109E1000FD4830400028F7D005F0010058B106F4A5
:109E2000807040B1012021680862D4F8900040F0B1
:109E30000100C4F8900005F0020058B107F00100DD
:109E400040B1022021680862D4F8900040F004007C
:109E5000C4F8900005F0040058B107F0010040B1CB
:109E6000042021680862D4F8900040F00200C4F891
:109E7000900005F0080070B106F0200010B9E1482C
:109E8000384040B1082021680862D4F8900040F0C2
:109E90000800C4F8900005F4006060B106F080602E
:109EA00048B14FF4006021680862D4F8900040F097
:109EB0002000C4F89000D4F89000002852D005F09B
:109EC000200050B106F0200010B907F0805020B1FA
:109ED000606F10B12046616F8847D4F890A0206869
:109EE000806800F04000402802D00AF0280070B3DB
:109EF000204602F0C3FD2068806800F04000402842
:109F000026D100BF00BF00E02DE02168083151E8F4
:109F1000001F21F040002168083141E80002002ABA
:109F2000F1D100BFD4F8800068B1B848D4F88010EF
:109F30000865D4F88000F9F761FC98B1D4F8800086
:109F4000016D88470EE02046FFF73AFF0AE003E084
:109F50002046FFF735FF05E02046FFF731FF0020E0
:109F6000C4F890004CE7E06E01287DD105F01000A8
:109F7000002879D006F010000028FAD010202168BF
:109F800008622068806800F0400040286DD1D4F855
:109F9000800000689E4988426BD0D4F88000006839
:109FA0009B491831884264D0D4F8800000689849F1
:109FB000303188425DD0D4F880000068944948313F
:109FC000884256D0D4F880000068914960318842B8
:109FD0004FD0D4F8800000688D497831884248D04D
:109FE000D4F8800000688A499031884241D0D4F882
:109FF000800000688649A83188423AD0D4F88000B1
:10A0000000688449884234D0D4F8800000688149CF
:10A01000183188422DD0D4F8800000687D49303155
:10A02000884226D0D4F8800000687A4948318842B6
:10A030001FD0D4F88000006876496031884218D07B
:10A04000D4F88000006873497831884211D0D4F880
:10A05000800000686F49903188420AD0D4F88000AF
:10A0600000686C49A83102E0AEE069E001E0884296
:10A0700004D1D4F880000068406803E0D4F8800080
:10A08000006840681FFA80F8B8F1000F57D0B4F8A4
:10A090005C00404553DDA4F85E80D4F88000C069C0
:10A0A000B0F5807F40D000BF00BF216851E8001F9D
:10A0B00021F48070226842E800010029F5D100BF38
:10A0C00000BF00BF2168083151E8001F21F00100E6
:10A0D0002168083141E80002002AF3D100BF00BF27
:10A0E00000BF2168083151E8001F21F040002168BD
:10A0F000083141E80002002AF3D100BF2020C4F853
:10A100008C000020E06600BF00BF216851E8001FFE
:10A1100021F01000226842E800010029F5D100BFBB
:10A12000D4F88000F9F7FCF802202067B4F85C004E
:10A13000B4F85E20801A81B22046FFF7DFFD5FE6AB
:10A1400034F85C0F6188401A1FFA80F860885C3C24
:10A15000C8B3B8F1000F36D000BF00BF216851E886
:10A16000001F21F49070226842E800010029F5D117
:10A1700000BF00BF00BF2168083151E8001F214A1D
:10A18000D24301EA02002168083141E80002002AB6
:10A19000F1D100BF2020C4F88C000020E066606789
:10A1A00000BF00BF216851E8001F21F010002268A5
:10A1B00042E800010029F5D100BF02202067414696
:10A1C0002046FFF79BFD1BE605F4801050B107F415
:10A1D000800038B14FF48010216808622046FFF7F4
:10A1E000EEFD0DE605F08000B0B106F0800010B97C
:10A1F00007F4000080B1A06F10B12046A16F88471E
:10A20000FEE50000010000102001000463CA000800
:10A21000100002401004024005F0400030B106F08A
:10A22000400018B1204602F05FFCE9E505F40000AB
:10A2300030B106F0804018B12046FFF7BFFDDFE5E2
:10A2400005F0807030B106F0004018B12046FFF7ED
:10A2500056FDD5E500BFD3E510B504460CB9012085
:10A2600010BDA06900B100E000BFD4F8880028B993
:10A27000002084F88400204600F02AF82420C4F846
:10A2800088002068006820F00100216808602046EE
:10A2900002F042FC012800D1E2E7A06A10B120469A
:10A2A00002F0EEFA2068406820F49040216848608F
:10A2B0002068806820F02A00216888602068006893
:10A2C00040F0010021680860204602F055FBC7E716
:10A2D00010B5B6B00446142130A8F6F7BFF8B8217F
:10A2E00002A8F6F7BBF87249206888427AD10221A9
:10A2F0000020CDE902101F9002A8FCF7D3FF08B19F
:10A30000F7F772FE00BF6B48006840F4801069499F
:10A3100008600846006800F48010019000BF00BF8C
:10A3200000BF64480838006840F0040061490839FB
:10A3300008600846006800F00400019000BF00BFFC
:10A3400000BF0846006840F0080008600846006842
:10A3500000F00800019000BF00BF4FF48050309023
:10A36000022031900020329033900820349030A9A0
:10A370005148FBF729FE0420309002203190002044
:10A38000329033900820349030A94C48FBF71CFEE3
:10A390004B484C4908604120486000214948816091
:10A3A000C1604FF4806101610021416181614FF41E
:10A3B0008071C161002101624162FAF767F908B159
:10A3C000F7F712FE00BF3F48C4F88000846300BF67
:10A3D000002205213520FBF7B3FF3520FBF79CFF5A
:10A3E00064E0FFE73849206888425FD102210020FD
:10A3F000CDE902101F9002A8FCF754FF08B1F7F74F
:10A40000F3FD00BF2B48006840F480202949086014
:10A410000846006800F48020019000BF00BF00BF24
:10A4200024480838006840F00200224908390860D2
:10A430000846006800F00200019000BF00BF4FF422
:10A4400040603090022031900020329033900720FD
:10A45000349030A91D48FBF7B7FD194848301C4916
:10A4600008602D204860002119488160C1604FF4C8
:10A47000806101610021416181614FF48071C1619E
:10A48000002101624162FAF701F908B1F7F7ACFD6A
:10A4900000BF0F48C4F88000846300BF002205217C
:10A4A0002720FBF74DFF2720FBF736FF36B010BD06
:10A4B00000500040E844025800080258000C0258BE
:10A4C000280002400409002400480040000402580B
:10A4D0007C090024704700BFFEE7000010B59FED27
:10A4E000091ADFED090AB7EE000A084805F02EFE4A
:10A4F0009FED070A074880ED100A00200649086012
:10A5000010BD00006F12833A000000003084002468
:10A510004ED1113C9C8300243C01002400BF00F07C
:10A5200001F8FCE70EB5FFF7D9FF8CE1C648F7F755
:10A53000C1FBC64880ED000A90ED000AC44880EDDA
:10A54000020AC448F6F754FAC24890ED010AC2481C
:10A5500080ED070ABF4890ED000ABF4880ED080A69
:10A56000BC4890ED020AB1EE400ABB4880ED090AF2
:10A57000B84890ED010AB94880ED000AB54890ED61
:10A58000000AB64880ED010AB24890ED020AB1EE29
:10A59000400AB24880ED020AAE4890ED040AAE4887
:10A5A00080ED040AAB4890ED030AAB4880ED050A44
:10A5B000A84890ED050AB1EE400AA74880ED060ACA
:10A5C000A44890ED040AA64880ED000AA14890ED49
:10A5D000030AA34880ED010A9E4890ED050AB1EEFA
:10A5E000400A9F4880ED020A9C48D0ED022A90ED77
:10A5F000012AD0ED001A9A4890ED021AD0ED010A16
:10A6000090ED000A924805F0BDFD914805F0EEFD81
:10A610008F4805F0C6FD8E4801F09EFC8C4890EDF9
:10A620000C0A8D4880ED000A894890ED0D0A8A4891
:10A6300080ED010A864890ED0E0A874880ED020AF7
:10A64000834890ED0F0A844880ED030A024669466C
:10A650008448F7F71CFC002039E07F491C3101EBEE
:10A66000800191ED000A694601EB8001D1ED000AFD
:10A6700030EE600A7549D1ED000A60EE200A764995
:10A6800091ED100A714991ED001A30EE011A80EE39
:10A69000810A7149283101EB8001D1ED000A6E4930
:10A6A00091ED101A60EE810A91ED101A6749D1ED13
:10A6B000001A31EE211AC0EE811A30EE210A6649E5
:10A6C000283101EB800181ED000A411CC8B203284A
:10A6D000C3DB614A02F13401A1F10C00F6F7BCFBC7
:10A6E0005D4890ED0D0AF0EEC00A9FED5F0AF4EEB2
:10A6F000C00AF1EE10FA03D29FED5C0A80ED0D0A5C
:10A70000554890ED0E0AF0EEC00A9FED570AF4EEA0
:10A71000C00AF1EE10FA03D29FED540A80ED0E0A42
:10A720004D4890ED0F0AF0EEC00A9FED510AF4EE8D
:10A73000C00AF1EE10FA08D29FED4C0A80ED0F0A24
:10A740004C480068401C4B4908604B4890ED000A9B
:10A75000DFED4A0AB4EEE00AF1EE10FA66DD3E489B
:10A7600090ED220AD0ED0E0A9FED451A00EE810A07
:10A7700080ED220A90ED230AD0ED220A9FED401AC7
:10A7800000EE810A80ED230A0120334981F8900010
:10A790002F4890ED1A0A084680ED1C0A2C4890EDCF
:10A7A000190A084680ED1D0A294890ED1B0A084643
:10A7B00080ED1E0A90ED1E0AD0ED200A30EE600AF0
:10A7C000DFED300AB4EEE00AF1EE10FA08DD90EDAC
:10A7D000210AF7EE000A30EE600A80ED210A15E04A
:10A7E0001D4890ED1E0AD0ED200A30EE600ADFED24
:10A7F000260AB4EEE00AF1EE10FA07D290ED210A33
:10A80000F7EE000A30EE200A80ED210A124890EDA2
:10A810001E0AD0ED210A9FED1D1A01EE200A80EDDF
:10A820001F0A90ED1E0A80ED200A08E0124890ED04
:10A83000000AF7EE000A30EE200A80ED000A01203F
:10A8400005F032FF00BF71E62C0100243001002426
:10A85000308400244C0A00249C830024C0840024FB
:10A86000B4840024200100240AD7A33C0000000087
:10A870000AD7233D380100243401002400803B45E1
:10A880006F12833ADA0F4940DA0F49C0560EC940B9
:10A890000FB583B00420FE4908800820FD490880D8
:10A8A000DDE9031008730399059848730399069826
:10A8B00088730021039801740698029005F032FE17
:10A8C00003994861069802900398406901900299A3
:10A8D000F5F7C4FDEE48008806994843029005F05C
:10A8E00021FE03998861EA4800880699484302904E
:10A8F0000398806901900299F5F7B0FDE44800885B
:10A9000006994843029005F00DFE0399C861E0489E
:10A9100000880699484302900398C0690190029903
:10A92000F5F79CFDDA48008804994843029005F049
:10A93000F9FD03990862D6480088049948430290BB
:10A940000398006A01900299F5F788FD0698029035
:10A9500005F0E8FD03994862069802900398406A62
:10A9600001900299F5F77AFDC94800880499484397
:10A97000029005F0D7FD03990860C5480088049946
:10A98000484302900398006801900299F5F766FD2C
:10A99000BF48008806994843029005F0C3FD03991B
:10A9A0004860BB4800880699484302900398406875
:10A9B00001900299F5F752FDB54800880599484382
:10A9C000029005F0AFFD03998860B14800880599B1
:10A9D000484302900398806801900299F5F73EFD84
:10A9E000AB48008804994843029005F09BFD039909
:10A9F000C1F8F000A64800880499484302900398E3
:10AA0000D0F8F00001900299F5F728FD0398D0F8EE
:10AA1000F00002900398007B019001220146DDE9DD
:10AA200002303030F5F7CAFD994800880499484350
:10AA3000029005F077FD0399C1F8F400944800886E
:10AA40000499484302900398D0F8F40001900299C9
:10AA5000F5F704FD0398D0F8F40002900398007B0A
:10AA6000019001220146DDE902303830F5F7A6FDFC
:10AA7000059818B38648008805994843029005F068
:10AA800051FD0399C1F8F8008148008805994843B1
:10AA900002900398D0F8F80001900299F5F7DEFCD7
:10AAA0000398D0F8F80002900398407B01900122AF
:10AAB0000146DDE902304030F5F780FD744800883A
:10AAC00006994843029005F02DFD0399C1F8FC005A
:10AAD0006F4800880699484302900398D0F8FC001C
:10AAE00001900299F5F7BAFC0398D0F8FC000290A7
:10AAF0000398807B019001220146DDE90230483055
:10AB0000F5F75CFD62480088049948434843029089
:10AB100005F008FD0399C1F800015D48008804991B
:10AB20004843484302900398D0F8000101900299ED
:10AB3000F5F794FC0398D0F8000102900398007B8D
:10AB400001900398007B00900146DDE9023050300F
:10AB5000019AF5F733FD4E4800880499484348436D
:10AB6000029005F0DFFC0399C1F804014848008811
:10AB700004994843484302900398D0F80401019097
:10AB80000299F5F76BFC0398D0F804010290039842
:10AB9000007B01900398007B00900146DDE90230C4
:10ABA0005830019AF5F70AFD39480088049948435E
:10ABB0004843029005F0B6FC0399C1F808013448F7
:10ABC0000088049948434843029005F0ABFC039980
:10ABD000C1F80C012E48008804994843484302906C
:10ABE0000398D0F8080101900299F5F737FC28483E
:10ABF000008804994843484302900398D0F80C0118
:10AC000001900299F5F72AFC0398D0F80801029008
:10AC10000398007B01900398007B00900146DDE9DA
:10AC200002306030019AF5F7C9FC0398D0F80C01A6
:10AC300002900398007B01900398007B00900146EE
:10AC4000DDE902306830019AF5F7B8FC059878B371
:10AC50000F4800880499484305994843029005F03D
:10AC600061FC0399C1F8140109480088049948431C
:10AC70000599484302900398D0F814010190029975
:10AC8000F5F7ECFB0398D0F814010290039803E069
:10AC90009C0000249E000024407B01900398007BD0
:10ACA00000900146DDE902307830019AF5F786FC24
:10ACB000B94800880699484304994843029005F032
:10ACC00031FC0399C1F81801B3480088049948433E
:10ACD00006994843029005F025FC0399C1F81C0130
:10ACE000AD48008806994843049948430290039868
:10ACF000D0F8180101900299F5F7B0FBA64800883A
:10AD0000049948430699484302900398D0F81C01DF
:10AD100001900299F5F7A2FB0398D0F81801029070
:10AD20000398007B01900398807B00900146DDE949
:10AD300002308030019AF5F741FC0398D0F81C01ED
:10AD400002900398807B01900398007B009001465D
:10AD5000DDE902308830019AF5F730FC8E48008832
:10AD6000049948434843029005F0DCFB0399C1F87D
:10AD70002001894800880499484348430290039879
:10AD8000D0F8200101900299F5F768FB0398D0F8FC
:10AD9000200102900398007B01900398007B0090B3
:10ADA0000146DDE902309030019AF5F707FC7A4858
:10ADB0000088069948434843029005F0B3FB039985
:10ADC000C1F824017448008806994843484302901A
:10ADD0000398D0F8240101900299F5F73FFB0398FE
:10ADE000D0F8240102900398807B01900398807B27
:10ADF00000900146DDE902309830019AF5F7DEFB5C
:10AE0000654800880499484306994843029005F034
:10AE100089FB0399C1F828015F48008804994843D9
:10AE20000699484302900398D0F8280101900299AE
:10AE3000F5F714FB0398D0F8280102900398807B63
:10AE400001900398007B00900146DDE90230A030BC
:10AE5000019AF5F7B3FB0398007B4F4909884843F3
:10AE60000399097B4843029005F05CFB0399C1F804
:10AE70002C010398007B4849098848430399097BC2
:10AE80004843029005F04EFB0399C1F83001039846
:10AE9000007B4149098848430399097B4843029054
:10AEA00005F040FB0399C1F834010398007B3A494F
:10AEB00009884843029005F035FB0399C1F8380131
:10AEC0000398007B344909884843029005F02AFB27
:10AED0000399C1F83C010398D0F82C010290039823
:10AEE000007B01900398007B00900146DDE9023071
:10AEF000A830019AF5F762FB0398D0F83001029070
:10AF00000398007B01900398007B00900146DDE9E7
:10AF10000230B030019AF5F751FB0398D0F83401B4
:10AF200002900398007B01900398007B00900146FB
:10AF3000DDE90230B830019AF5F740FB0398D0F80C
:10AF4000380102900398007B019001220146DDE95F
:10AF50000230C030F5F732FB0398D0F83C01029084
:10AF60000398007B019001220146DDE90230C830E0
:10AF7000F5F724FB0021039880F82810039880F847
:10AF80002910039880F82A10039880F82B10039852
:10AF900080F82C1007B000BD9C0000248168024A94
:10AFA0001140491C81607047C0FFFF7F01468868DF
:10AFB00000F01F007047024602F1600000EB8103C1
:10AFC000186800F0F840704701468868C0F3C00078
:10AFD000704701468868C0F34000704701468868A2
:10AFE00000F0010070470146886800F001007047DA
:10AFF00001468868C0F30070704701468868C0F356
:10B000008000704701468868C0F3800070470146A1
:10B01000C86800F4406008B9012070470020FCE7D0
:10B020008168024A1140091D81607047C0FFFF7F9F
:10B0300070B500F11404C1F3406504EB85031C688E
:10B04000C1F304560725B540AC43C1F3045502FAD9
:10B0500005F52C431C6070BD826822F0E0720A4343
:10B060008260704710B5034603F1600404EB810071
:10B07000074CA34205D1046824F000441443046043
:10B0800004E0046824F000441443046010BD000090
:10B090000060025800B58DB000200A900B900C9013
:10B0A000242101A8F5F7DAF92748284908604FF468
:10B0B00010104860002125488160012101610421B0
:10B0C000416100210176012141760221C161002107
:10B0D00080F820108162C162032101630021C163F5
:10B0E000016480F84410F7F74BFE08B1F6F77CFFD7
:10B0F00000200A900AA91548F7F7C8F908B1F6F731
:10B1000073FF13480190062002900420039040F240
:10B11000FF70049004200590002006908DF8250013
:10B1200001A90A48F7F764FA08B1F6F75DFF094884
:10B1300001900C20029001A90448F7F759FA08B1D0
:10B14000F6F752FF0DB000BD0020024004030024BA
:10B150001000C0100000B84F08B500BF1A480068C2
:10B1600040F00100184908600846006800F001003E
:10B17000009000BF00BF002206210B20FBF7E0F883
:10B180000B20FBF7C9F8002205210C20FBF7D8F8AB
:10B190000C20FBF7C1F8002205210D20FBF7D0F8A9
:10B1A0000D20FBF7B9F8002205210E20FBF7C8F8A7
:10B1B0000E20FBF7B1F8002205210F20FBF7C0F8A5
:10B1C0000F20FBF7A9F808BDD844025810B51D4858
:10B1D0001D4908600020886000211B48C16001747F
:10B1E0004174817404214161012181611321C16194
:10B1F0000521016204214162012181621321C162A2
:10B20000052101630021416305218163C16304219C
:10B21000016408214164002181640821C164002186
:10B2200001650421416500218165C1650821016630
:10B230000021416608218166FAF79AFB08B1F6F70A
:10B24000D3FE10BD00A00040EC03002410B51D4843
:10B250001D4908600020886000211B48C1600174FE
:10B260004174817405214161012181610E21C16117
:10B27000052101624162012181620E21C162052125
:10B28000016340F25631416305218163C1630021AE
:10B2900001640421416481640821C16400210165C5
:10B2A0000421416500218165C165042101660021F9
:10B2B000416606218166FAF75BFB08B1F6F794FE5A
:10B2C00010BD000000A400408C04002410B51D48EF
:10B2D0001D4908600020886000211B48C16001747E
:10B2E0004174817405214161012181610E21C16197
:10B2F000052101624162012181620E21C1620521A5
:10B30000016340F2AD61416305218163C1630221A4
:10B31000016404214164002181640421C16400218D
:10B3200001650421416500218165C1650321016634
:10B330000021416604218166FAF71AFB08B1F6F78D
:10B3400053FE10BD00D400402C05002400B59FB072
:10B35000142224491AA8F5F768F800211AA805F064
:10B36000B4F92149086014221E49143115A8F5F7D3
:10B370005CF8002115A805F0A8F91C490860142202
:10B380001849283110A8F5F750F8002110A805F049
:10B390009CF917490860142212493C310BA8F5F7B3
:10B3A00044F800210BA805F090F912490860142216
:10B3B0000C49503106A8F5F738F8002106A805F029
:10B3C00084F90D49086014220649643101A8F5F793
:10B3D0002CF8002101A805F078F9084908601FB091
:10B3E00000BD0000EC19010804000024080000243E
:10B3F0000C00002410000024140000241800002475
:10B4000000B587B0142102A8F5F728F800BF554809
:10B41000006840F00400534908600846006800F0E6
:10B420000400019000BF00BF00BF0846006840F064
:10B43000800008600846006800F08000019000BFAE
:10B4400000BF00BF0846006840F0010008600846E1
:10B45000006800F00100019000BF00BF00BF084677
:10B46000006840F0020008600846006800F0020032
:10B47000019000BF00BF00BF0846006840F0100008
:10B4800008600846006800F01000019000BF00BF8F
:10B4900000BF0846006840F00800086008460068E1
:10B4A00000F00800019000BF00BF00224FF4C0412F
:10B4B0002D48FAF781FE012209212B48FAF77CFE7C
:10B4C000012204212948FAF777FE01224FF408519E
:10B4D0002748FAF771FE4FF4C04002900120039014
:10B4E00000200490059002A91F48FAF76DFD09207D
:10B4F000029001200390002004900320059002A9EF
:10B500001948FAF761FD0120029000200390012004
:10B51000049002A91548FAF757FD04200290012073
:10B52000039004900320059002A91048FAF74CFDFF
:10B530004FF40850029001200390049003200590DE
:10B5400002A90B48FAF740FD4FF4A05002904FF4C7
:10B55000881003900020049002A90548FAF734FDF2
:10B5600007B000BDE044025800080258000002582D
:10B570000010025810B51648164908604FF48000B4
:10B5800048600021134881600721C1604FF00071BD
:10B59000016149104161890081610901C161002196
:10B5A000016241628162C1624FF0804141630021CA
:10B5B0008163C163016441648164C1640165416563
:10B5C0008165FDF7F3FC08B1F6F70EFD10BD000034
:10B5D00000380040CC05002400B58BB00020089056
:10B5E00009900A901C2101A8F4F738FF184819495E
:10B5F00008601720486000211648816040F2CF7132
:10B60000C160002101618161FEF7E3FA08B1F6F73C
:10B61000EBFC002008900A9008A90E48FDF7E2FF15
:10B6200008B1F6F7E1FC602001904FF47A700290C7
:10B63000002003900590042201A90648FEF711FAA4
:10B6400008B1F6F7D1FC0348FEF7BAF90BB000BD1C
:10B65000001800409007002400B58BB0002008902F
:10B6600009900A901C2101A8F4F7F8FE184819491E
:10B6700008601720486000211648816042F20F716F
:10B68000C1600021016180218161FEF7A2FA08B149
:10B69000F6F7AAFC002008900A9008A90D48FDF7CB
:10B6A000A1FF08B1F6F7A0FC6020019000200290F5
:10B6B000039005900C2201A90648FEF7D2F908B1C3
:10B6C000F6F792FC0348FEF77BF90BB000BD0000D3
:10B6D000000400404407002410B5194819490860C7
:10B6E000194848604FF48051164881604900C16094
:10B6F000C91001610C21416100218161C1610162B8
:10B70000416200200F4988620846FEF7A5FD08B196
:10B71000F6F76AFC00210B48FEF721FB08B1F6F7AB
:10B7200063FC00210748FEF7EBFA08B1F6F75CFC72
:10B730000448FEF7BCFA08B1F6F756FC10BD00004D
:10B7400000500040DC070024A086010010B5184816
:10B750001849086018484860002116488160C16097
:10B760004FF4806101610C21416100218161C1615F
:10B770000162416200200F4988620846FEF76CFDB5
:10B7800008B1F6F731FC00210A48FEF7E8FA08B1E3
:10B79000F6F72AFC00210748FEF7B2FA08B1F6F7DF
:10B7A00023FC0448FEF783FA08B1F6F71DFC10BD30
:10B7B0000048004070080024A086010000BFFEE79A
:10B7C00000BFFEE700BF00F051F9FCE710B52DED1A
:10B7D000028B0446B0EE408BD4F8060090ED010ACF
:10B7E0008A4880ED000A00201DE054F8062F411C15
:10B7F00002EB810191ED000A8449D1ED000A30EE9F
:10B80000600A216801EB800181ED000A6268411C39
:10B8100002EB810191ED000AA41F02EB800181ED92
:10B82000000A411C88B22188491E8142DDDCD4F81F
:10B8300006102088801E01EB800090ED000A30EE9B
:10B84000080A2088401E01EB800080ED000AD4F831
:10B850000A102088401E01EB8000C0ED008AD4F859
:10B8600002002188884204D2D4F80200401CC4F8A7
:10B870000200102104F11A00F4F7F0FD218862881B
:10B88000891A88B24AE054F8061F01EB8001D1ED15
:10B89000000A216801EB800191ED001A616900EE58
:10B8A000101A00EE810A10EE101A616154F80619A0
:10B8B00001EB8001D1ED000AD4F81E1000EE101A41
:10B8C00030EE800A10EE101AC4F81E10D4F80610DC
:10B8D00001EB8001D1ED000AD4F80A1001EB8001E0
:10B8E00091ED001AD4F8221000EE101A00EE810A31
:10B8F00010EE101AC4F82210D4F80A1001EB8001DF
:10B90000D1ED000AD4F8261000EE101A30EE800AAD
:10B9100010EE101AC4F82610411C88B2218881420A
:10B92000B1DCD4F8220000EE100A208800EE900A64
:10B93000F8EE600A20EE200AD4F81E0000EE900A0D
:10B94000D4F8260001EE100A00EEC10AD4F81A005D
:10B9500000EE900A208801EE100AB8EE411A60EE5F
:10B96000811AD4F81E0000EE900A01EE100A40EE93
:10B97000C11AC0EE210A10EE900AC4F80E009FED25
:10B98000240A10EE100AC4F8160021886288891A69
:10B9900088B221E054F8061F01EB8001D1ED001AB6
:10B9A000E16800EE901AA16801EE101A41EE210A3A
:10B9B000616801EB800191ED001A30EEC10AF0EEF2
:10B9C000C00A216900EE101A30EE800A10EE101A3B
:10B9D0002161A41F411C88B221888142DADCD4F89D
:10B9E000160000EE100A208800EE900AB8EE601AE9
:10B9F000C0EE010A10EE900AC4F81600D4F80E004A
:10BA000000EE100ABDEC028B10BD0000B000002457
:10BA10000000000070B504460D46A41C24F8025C2A
:10BA200000202060A80005F08BF86060A80005F0F9
:10BA300087F8A0609FED0C0A10EE100AE0609FED01
:10BA40000A0A10EE100A2061A9006068F4F706FDEA
:10BA5000A900A068A41EF4F701FD102104F11A004A
:10BA6000F4F7FCFC70BD0000000000002DED028B1F
:10BA700002E0012004F018FE624890F890000028CF
:10BA8000F7D0614805F078FFBBE06048D0F81001BE
:10BA9000B0F9020000EE100AB8EEC00ADFED5C0A51
:10BAA00080EE201A574890ED050A31EE400A5948B9
:10BAB000D0ED0E0A30EE600A574880ED000A554876
:10BAC000D0ED0D0AB0EE600AF4F730FD5148D0ED2C
:10BAD0000B0A90ED0E1A60EE810A20EE208A4E4885
:10BAE00090ED000ADFED4D0A00EE208A4948D0EDC6
:10BAF0000D0AB0EE600AF4F765FD4648D0ED280A5D
:10BB000000EE808A464880ED008A4048D0F8FC006C
:10BB1000B0F90200404200EE100AB8EEC00ADFEDB4
:10BB20003C0A80EE201A374890ED050A31EE400AB3
:10BB30003C48D0ED0E0A30EE600A3B4880ED000A2A
:10BB40003848D0ED0D0AB0EE600AF4F7EFFC354846
:10BB5000D0ED0B0A90ED0E1A60EE810A20EE208ADD
:10BB6000314890ED000ADFED2D0A00EE208A2D48C5
:10BB7000D0ED0D0AB0EE600AF4F724FD2948D0EDAF
:10BB8000280A00EE808A294880ED008AD0ED000A5C
:10BB9000274890ED000A02F045FF254880ED000A95
:10BBA0001F48D0ED000A234890ED000A02F03AFF4A
:10BBB000204880ED000A1E4890ED000A1D48D0ED97
:10BBC000000A30EE200A1C4880ED000A90ED000AC1
:10BBD0000E4880ED560A194890ED000AB8EE400A6A
:10BBE0009FED171AC0EE010A084890ED570A90ED34
:10BBF000561A01EE200A80ED570A1048006804F03A
:10BC000053FD42E79C830024CC8400241C8600243E
:10BC10000000234388880024940100242DB29D3D18
:10BC20009C010024D087002498010024A001002456
:10BC30004001002444010024A401002490010024B8
:10BC400000007A4400B5AFB0B8216846F4F706FCAE
:10BC50004FF408210020CDE9001018200290C821DF
:10BC60000391022104910591069100210791202161
:10BC70000891002109914FF000501B90002028905E
:10BC80006846FBF70FFB08B1F6F7AEF92FB000BD21
:10BC90002DE9F04104460E4600275548006800F0A3
:10BCA0000300032802D10120BDE8F0815048283864
:10BCB000006820F080604E4928390860FAF782FA5F
:10BCC000054606E0FAF77EFA401B022801D9032058
:10BCD000EAE7474828380068C0F3C0600028F1D17F
:10BCE00000BF4348006820F47C30216840EA0130FE
:10BCF0003F490860A088401EC0F30800A168491EA3
:10BD00004FF47E4202EA41210843A189491ED20133
:10BD100002EA01410843217C491E120202EA016144
:10BD2000084333491031086000BF3148001D0068E6
:10BD300020F0C000616908432D49091D08600846CC
:10BD4000006820F02000A16908432949091D086006
:10BD50000846006820F0100008602548143000688C
:10BD60004FF6F8718843E16940EAC1002049143177
:10BD700008601F48001D006840F010001C49091DA4
:10BD800008602EB90846006840F40020086012E000
:10BD9000012E08D11648001D006840F48010144997
:10BDA000091D086007E01248001D006840F40010FB
:10BDB0000F49091D08600E482838006840F080606F
:10BDC0000B4928390860FAF7FDF9054606E0FAF74D
:10BDD000F9F9401B022801D9032065E704482838F7
:10BDE0000068C0F3C0600028F1D038465CE700006E
:10BDF000284402582DE9F04104460E4600275548D4
:10BE0000006800F00300032802D10120BDE8F081A2
:10BE100050482838006820F080504E492839086082
:10BE2000FAF7D0F9054606E0FAF7CCF9401B0228EC
:10BE300001D90320EAE7474828380068C0F340707A
:10BE40000028F1D100BF4348006820F07C702188B1
:10BE500040EA01503F490860A088401EC0F3080036
:10BE6000A168491E4FF47E4202EA41210843A1899C
:10BE7000491ED20102EA01410843217C491E1202F7
:10BE800002EA0161084333491831086000BF3148B4
:10BE9000001D006820F44060616908432D49091DB8
:10BEA00008600846006820F40070A1690843294929
:10BEB000091D08600846006820F480700860254865
:10BEC0001C3000684FF6F8718843E16940EAC10010
:10BED00020491C3108601F48001D006840F4807034
:10BEE0001C49091D08602EB90846006840F480000E
:10BEF000086012E0012E08D11648001D006840F4C9
:10BF000000001449091D086007E01248001D006880
:10BF100040F080700F49091D08600E4828380068FD
:10BF200040F080500B4928390860FAF74BF9054674
:10BF300006E0FAF747F9401B022801D9032065E71C
:10BF4000044828380068C0F340700028F1D0384613
:10BF50005CE7000028440258D0ED0D4A64EEA44A84
:10BF6000B0EE640AD0ED0E4A64EEA44AF0EE640A24
:10BF7000D0ED0F4A64EEA44AB0EE641AD0ED0C4A3C
:10BF800090ED0D5A64EE854AF0EE641AD0ED0C4A3D
:10BF900090ED0E5A64EE854AB0EE642AD0ED0C4A5C
:10BFA00090ED0F5A64EE854AF0EE642AD0ED0D4A0A
:10BFB00090ED0E5A64EE854AB0EE643AD0ED0D4A2B
:10BFC00090ED0F5A64EE854AF0EE643AD0ED0E4AD9
:10BFD00090ED0F5A64EE854AB0EE644AF7EE004ADF
:10BFE000B0EE005A45EE604AB0EE005A45EE414AC6
:10BFF000C0ED104A73EE624AB0EE005A64EE854A14
:10C00000C0ED114A73EE824AB0EE005A64EE854AE2
:10C01000C0ED124A73EE224AB0EE005A64EE854A31
:10C02000C0ED134AF7EE004AB0EE005A45EE404A22
:10C03000B0EE005A45EE414AC0ED144A74EE614A32
:10C04000B0EE005A64EE854AC0ED154A73EEC24A5E
:10C05000B0EE005A64EE854AC0ED164A74EE214AED
:10C06000B0EE005A64EE854AC0ED174AF7EE004A7A
:10C07000B0EE005A45EE404AB0EE005A45EE604A36
:10C08000C0ED184A7047000010B50248FCF744FEA6
:10C0900010BD0000CC050024026851690268926955
:10C0A00042F0080203689A610268926942F0100245
:10C0B00003689A610268126822F0010203681A603C
:10C0C0000268126940F26F339A4303681A6102688A
:10C0D000926822F4404203689A6090F88120042A12
:10C0E0000ED001F020025AB1D0F8842042F0800234
:10C0F000C0F884200268926942F0200203689A61C5
:10C1000090F88120032A0ED001F040025AB1D0F8F5
:10C11000842042F00402C0F884200268926942F050
:10C12000400203689A6101F400725AB1D0F8842089
:10C1300042F00102C0F884200268926942F4007261
:10C1400003689A6101F480725AB1D0F8842042F0F9
:10C150000802C0F884200268926942F48072036881
:10C160009A610022A0F86220A0F86A20704770B59A
:10C170000546AC6B00206234208120800120E077EE
:10C18000623C2046FCF7C6FD70BD10B50146012497
:10C19000C86B04EB5013C868421CD01DC20802FBD8
:10C1A00003F010BD2DE9F04106460D4617461C462A
:10C1B000DDF818800BE0FAF705F8A0EB0800A042C4
:10C1C00001D3601C00B914B90320BDE8F0813068C8
:10C1D00040692840A84201D1012000E00020B84277
:10C1E000E9D00020F1E700BF4FF47A7004F05CFA68
:10C1F000FAE7000010B500BF502080F31188BFF3AC
:10C200004F8FBFF36F8F00BF05F090FA18B14FF05A
:10C2100080500449086000BF002080F3118800BFEF
:10C2200010BD000004ED00E000B59DB04C210AA84F
:10C23000F4F714F9202102A8F4F710F90220FAF714
:10C24000D1F800BF002001902348006820F440404E
:10C25000214908600846006800F44040019000BF92
:10C2600000BF00BF1C48006800F40050B0F5005F3C
:10C27000F8D101200A9000040B90022013900221B3
:10C2800014911591282116910121179102211891DD
:10C2900019910C211A9100211B911C910AA8FCF7FD
:10C2A0008BF908B1F5F7A0FE3F2002900320039020
:10C2B000002004900820059040200690079000017F
:10C2C000089040200990032102A8FBF74FFE08B117
:10C2D000F5F78AFE1DB000BD184802582F480068C7
:10C2E00040F470002D4908602D48006800F00F00F0
:10C2F000072806D22A48006820F00F00C01D2849F0
:10C3000008602848006840F00100264908600020C5
:10C310002449103108602348006823490840214916
:10C3200008601F48006800F00F00072806D91C4865
:10C33000006820F00F00C01D19490860002019494D
:10C3400018310860091D0860091D08601748154963
:10C35000283108601648091D08601648091D086044
:10C360000020091D08601348091D08600020091DF0
:10C3700008601048091D08600020091D0860094870
:10C38000006820F4802007490860002005496031DA
:10C39000086043F2D20008490860704788ED00E069
:10C3A00000200052004402587FEDF6EA000202022B
:10C3B0000000FF01800201010040005210B5024858
:10C3C000FDF721FA10BD0000F409002410B5026841
:10C3D0002C4B98420ED0B0F1804F0BD02A4B984294
:10C3E00008D02A4B984205D0294B984202D0294BBD
:10C3F000984203D122F070024B681A43214B9842B5
:10C400001DD0B0F1804F1AD01F4B984217D01F4B50
:10C41000984214D01E4B984211D01E4B98420ED019
:10C420001D4B98420BD01D4B984208D01C4B984294
:10C4300005D01C4B984202D01B4B984203D122F4EA
:10C440004072CB681A4322F080034C6943EA04022D
:10C4500002608B68C3620B6883620A4B98420BD000
:10C460000C4B984208D00C4B984205D00B4B98428D
:10C4700002D00B4B984201D10B6903630123436146
:10C4800010BD000000000140000400400008004012
:10C49000000C004000040140004001400044014005
:10C4A0000048014000E0004000E4004030B5056A6B
:10C4B00025F001050562026A43688469204D2C401D
:10C4C00024F003040D682C4322F002028D682A43F5
:10C4D0001C4DA84200D10FE01B4DA84200D10BE03B
:10C4E0001A4DA84200D107E0194DA84200D103E03F
:10C4F000184DA84206D100BF22F00802CD682A4399
:10C5000022F004020F4DA8420BD00F4DA84208D0D4
:10C510000E4DA84205D00E4DA84202D00D4DA842A6
:10C5200007D123F4807323F400734D692B438D6985
:10C530002B43436084614D684563026230BD000057
:10C540008FFFFEFF00000140000401400040014059
:10C55000004401400048014030B5056A25F010054F
:10C560000562026A43688469224D2C4024F44074B9
:10C570000D6844EA052422F020028D6842EA051283
:10C580001D4DA84200D10FE01C4DA84200D10BE088
:10C590001B4DA84200D100BF1A4DA84200D100BFD8
:10C5A000194DA84207D106E022F08002CD6842EA88
:10C5B000051222F04002104DA8420BD00F4DA842A8
:10C5C00008D00F4DA84205D00E4DA84202D00E4D06
:10C5D000A84209D123F4806323F400634D6943EA40
:10C5E00085038D6943EA8503436084614D688563F3
:10C5F000026230BDFF8FFFFE0000014000040140D9
:10C6000000400140004401400048014030B5056A47
:10C6100025F480750562026A4368C469224D2C4086
:10C6200024F003040D682C4322F400728D6842EA62
:10C6300005221E4DA84200D10FE01D4DA84200D199
:10C640000BE01C4DA84200D100BF1B4DA84200D1F9
:10C6500000BF1A4DA84207D106E022F40062CD685F
:10C6600042EA052222F48062104DA8420BD0104D00
:10C67000A84208D00F4DA84205D00F4DA84202D0C5
:10C680000E4DA84209D123F4805323F400534D6981
:10C6900043EA05138D6943EA05134360C4614D689D
:10C6A000C563026230BD00008FFFFEFF0000014045
:10C6B00000040140004001400044014000480140A6
:10C6C00030B5056A25F480550562036A4468C2697D
:10C6D000124D2A4022F440720D6842EA052223F4EA
:10C6E00000538D6843EA05330D4DA8420BD00D4D24
:10C6F000A84208D00C4DA84205D00C4DA84202D04B
:10C700000B4DA84204D124F480444D6944EA8514B9
:10C710004460C2614D680564036230BDFF8FFFFE57
:10C72000000001400004014000400140004401407D
:10C730000048014030B5056A25F480350562026A7B
:10C740004368446D114D2C400D682C4322F4003297
:10C750000D8942EA05420E4DA8420BD00D4DA8426C
:10C7600008D00D4DA84205D00C4DA84202D00C4D6A
:10C77000A84204D123F480334D6943EA0523436082
:10C7800044654D688565026230BD00008FFFFEFF85
:10C79000000001400004014000400140004401400D
:10C7A0000048014030B5056A25F480150562026A2B
:10C7B0004368446D114D2C400D6844EA052422F471
:10C7C00000120D8942EA05520D4DA8420BD00D4DC5
:10C7D000A84208D00C4DA84205D00C4DA84202D06A
:10C7E0000B4DA84204D123F480234D6943EA8523ED
:10C7F000436044654D68C565026230BDFF8FFFFE32
:10C80000000001400004014000400140004401409C
:10C810000048014010B50348FDF7D4FA014804F080
:10C820001DFB10BDDC07002470B5456E2DB9012538
:10C83000A0F86A50A0F868501CE010231024056886
:10C84000AD68C5F342610568AD686A0F0A4DAD5C1D
:10C8500015FB04F5094EB65C95FBF6F5A0F86A5099
:10C86000054D6D5C15FB03F5044E765C95FBF6F506
:10C87000A0F8685070BD0000E01A0108E81A01082D
:10C8800090F8281001F0010139B10168496821F4DC
:10C890000031C26A11430268516090F8281001F01B
:10C8A0000201022907D10168496821F48031026B35
:10C8B00011430268516090F8281001F00401042926
:10C8C00007D10168496821F48021426B1143026855
:10C8D000516090F8281001F00801082907D101687B
:10C8E000496821F40041826B11430268516090F85D
:10C8F000281001F01001102907D10168896821F47E
:10C900008051C26B11430268916090F8281001F0C9
:10C910002001202907D10168896821F40051026CA7
:10C9200011430268916090F8281001F040014029FD
:10C9300013D10168496821F48011426C11430268E7
:10C940005160416CB1F5801F07D10168496821F43D
:10C95000C001826C11430268516090F8281001F008
:10C960008001802907D10168496821F40021C26C47
:10C97000114302685160704738B504460020C4F87E
:10C980009000F9F71FFC05462068006800F00800D9
:10C99000082821D16FF07E402B4600224FF4001171
:10C9A0000090204600F0CCFBB0B100BF00BF216872
:10C9B00051E8001F21F08000226842E800010029B0
:10C9C000F5D100BF2020C4F8880000BF002084F803
:10C9D000840000BF032038BD2068006800F0040018
:10C9E000042830D16FF07E402B4600224FF48001A6
:10C9F0000090204600F0A4FB28B300BF00BF2168D0
:10CA000051E8001F21F49070226842E800010029DB
:10CA1000F5D100BF00BF00BF2168083151E8001FF9
:10CA200021F001002168083141E80002002AF3D119
:10CA300000BF2020C4F88C0000BF002084F88400D0
:10CA400000BF0320C7E72020C4F88800C4F88C008A
:10CA50000020E066206700BF84F8840000BF00BFAC
:10CA6000B9E770B50546AC6B0020A4F85E00A4F8E9
:10CA700056002046FDF7A4F970BD000000BF00BFBE
:10CA8000026852E8002F22F49071036843E8001214
:10CA9000002AF5D100BF00BF00BF0268083252E88B
:10CAA000002F104B02EA03010268083242E800132B
:10CAB000002BF2D100BFC16E01290CD100BF00BF15
:10CAC000026852E8002F22F01001036843E80012C8
:10CAD000002AF5D100BF2021C0F88C100021C166CA
:10CAE00041677047FEFFFFEF10B5044600BF00BF6F
:10CAF000216851E8001F21F04000226842E800014F
:10CB00000029F5D100BF2020C4F888000020A067CC
:10CB10002046FDF7DFFC10BD2DE9F04F89B005463A
:10CB200000200890F8492868884200D100E000BF42
:10CB30002969A868084369690843E96940EA010866
:10CB400028680068F149084040EA08002968086040
:10CB50002868406820F44050E96808432968486024
:10CB6000D5F81880E8492868884202D0286A40EA47
:10CB7000080828688068E649084040EA08002968F3
:10CB800088602868C06A20F00F00696A0843296835
:10CB9000C86200BFDF492868884220D1DE480068AB
:10CBA00000F03800182811D005DC48B1082809D059
:10CBB000102811D108E020280AD028280CD109E03B
:10CBC00001240BE0042409E0082407E0102405E018
:10CBD000202403E0402401E0802400BF42E1CF494B
:10CBE0002868884219D1CC48006800F00700062860
:10CBF00010D2DFE800F0030507090B0D00240BE05D
:10CC0000042409E0082407E0102405E0202403E0C0
:10CC1000402401E0802400BF24E1C1492868884203
:10CC200019D1BD48006800F00700062810D2DFE8DF
:10CC300000F0030507090B0D00240BE0042409E0B4
:10CC4000082407E0102405E0202403E0402401E04C
:10CC5000802400BF06E1B3492868884219D1AE4854
:10CC6000006800F00700062810D2DFE800F0030596
:10CC700007090B0D00240BE0042409E0082407E059
:10CC8000102405E0202403E0402401E0802400BFBC
:10CC9000E8E0A5492868884219D19F48006800F05B
:10CCA0000700062810D2DFE800F0030507090B0D86
:10CCB00000240BE0042409E0082407E0102405E028
:10CCC000202403E0402401E0802400BFCAE097490B
:10CCD0002868884220D19048006800F03800182861
:10CCE00011D005DC48B1082809D0102811D108E07E
:10CCF00020280AD028280CD109E001240BE00424C4
:10CD000009E0082407E0102405E0202403E0402483
:10CD100001E0802400BFA5E085492868884219D138
:10CD20007D48006800F00700062810D2DFE800F018
:10CD3000030507090B0D00240BE0042409E0082477
:10CD400007E0102405E0202403E0402401E08024D3
:10CD500000BF87E077492868884219D16E4800688B
:10CD600000F00700062810D2DFE800F003050709ED
:10CD70000B0D00240BE0042409E0082407E0102434
:10CD800005E0202403E0402401E0802400BF69E0A6
:10CD900069492868884220D15F48006800F038005F
:10CDA000182811D005DC48B1082809D0102811D165
:10CDB00008E020280AD028280CD109E001240BE043
:10CDC000042409E0082407E0102405E0202403E0FF
:10CDD000402401E0802400BF44E05849286888428C
:10CDE00020D14D48006800F03800182811D005DC2B
:10CDF00048B1082809D0102811D108E020280AD00D
:10CE000028280CD109E001240BE0042409E00824BF
:10CE100007E0102405E0202403E0402401E0802402
:10CE200000BF1FE03849286888421AD13A48001DDF
:10CE3000006800F00700062810D2DFE800F00305C4
:10CE400007090B0D02240BE0042409E0082407E085
:10CE5000102405E0202403E0402401E0802400BFEA
:10CE600000E0802400BF2849286888424BD1102C5C
:10CE70001AD006DC022C09D0042C0BD0082C29D1A6
:10CE80000DE0202C21D0402C24D120E0F9F7DAFA53
:10CE9000064623E005A8F9F7FFFB069E1EE002A860
:10CEA000F9F712FD039E19E01B4854380068C0F3DF
:10CEB000401040B1184854380068C0F3C101204800
:10CEC00020FA01F600E01E4E08E01E4E06E04FF488
:10CED000004603E000260120089000BF00BF002E9E
:10CEE00010D01949686A31F81000B6FBF0F968688B
:10CEF00000EB4000484503D868680003484525D248
:10CF00000120089007E153E0000C0058F369FFCFBF
:10CF1000FFF4FF1100100140544402580044004047
:10CF200000480040004C0040005000400014014008
:10CF300000780040007C004000180140001C0140C7
:10CF40000090D00300093D00C81A01087849686ABA
:10CF500031F810C06246002330461946F3F734FA20
:10CF60004FF4807C00220346A3FB0C0B01FB0CB1A9
:10CF700003FB02136968490884461CEB010143EB7B
:10CF80000200CDE90010D5F804C06246002308462F
:10CF90000199F3F719FA0746B7F5407F05D3B7F5BE
:10CFA000801F02D22868C760B5E001200890B2E077
:10CFB000E869B0F5004F5BD1082C1AD005DC5CB1F4
:10CFC000012C0DD0042C2DD10EE0102C16D0202CCD
:10CFD00023D0402C26D122E0FBF7B4F9064625E009
:10CFE000FBF7C2F9064621E005A8F9F755FB069EB6
:10CFF0001CE002A8F9F768FC039E17E04D480068A2
:10D00000C0F3401038B14B480068C0F3C1014A4832
:10D0100020FA01F600E0484E08E0484E06E04FF4E2
:10D02000004603E000260120089000BF00BF7EB349
:10D030003F49686A31F81000B6FBF0F040006968BB
:10D0400000EB5100B0FBF1F7102F0ED3B7F5803F86
:10D050000BD24FF6F07007EA000AC7F342004AEA23
:10D06000000A2868C0F80CA055E00120089052E0A2
:10D07000082C1BD005DC64B1012C0ED0042C2ED161
:10D080000FE0102C17D0202C24D0402C27D123E0E7
:10D0900041E0FBF757F9064625E0FBF765F9064640
:10D0A00021E005A8F9F7F8FA069E1CE002A8F9F7B6
:10D0B0000BFC039E17E01F480068C0F3401038B116
:10D0C0001C480068C0F3C1011B4820FA01F600E0CB
:10D0D000194E08E0194E06E04FF4004603E0002622
:10D0E0000120089000BF00BFAEB11149686A31F855
:10D0F0001000B6FBF0F0696800EB5100B0FBF1F7EF
:10D10000102F06D3B7F5803F03D2B8B22968C860A4
:10D1100001E0012008900120A5F86A00A5F8680048
:10D1200000206867A867089809B0BDE8F08F000084
:10D13000C81A0108004402580090D00300093D00BD
:10D140002DE9F04104460D4617469846069E3CE000
:10D15000701CC8B3F9F736F8A0EB0800B04200D84D
:10D1600016B90320BDE8F0812068006800F00400D3
:10D1700050B32068C069C0F3C00078B108202168AE
:10D1800008622046FFF77AFC0820C4F8900000BF30
:10D19000002084F8840000BF0120E3E72068C06914
:10D1A000C0F3C02080B14FF40060216808622046BF
:10D1B000FFF764FC2020C4F8900000BF002084F832
:10D1C000840000BF0320CDE7FFE72068C069284046
:10D1D000A84201D1012000E00020B842B8D00020D0
:10D1E000C0E710B500BF012003F05EFAFBE70000C6
:10D1F00038B5FE48006800F0100000287ED0FB48DB
:10D2000000680090F94808300068009000BFF848B6
:10D21000D0F880000468206800F4002000286ED157
:10D22000F348D0F880000068F24988427AD0F0488C
:10D23000D0F880000068EF491831884272D0EC487D
:10D24000D0F880000068EB49303188426AD0E84865
:10D25000D0F880000068E7494831884262D0E4484D
:10D26000D0F880000068E349603188425AD0E04835
:10D27000D0F880000068DF497831884252D0DC481D
:10D28000D0F880000068DB49903188424AD0D84805
:10D29000D0F880000068D749A831884242D0D448ED
:10D2A000D0F880000068D44988423BD0D048D0F8FC
:10D2B00080000068D0491831884233D0CC48D0F87B
:10D2C00080000068CC49303188422BD0C848D0F863
:10D2D00080000068C8494831884223D0C448D0F84B
:10D2E00080000068C449603188421BD0C048D0F833
:10D2F00080000068C0497831884202E0FEE3F2E134
:10D3000010E00FD0BA48D0F880000068BA499031D8
:10D31000884207D0B648D0F880000068B649A831E6
:10D3200088420CD1B248D0F880000068006820F034
:10D330000100AF49D1F88010096808600BE0AC48E3
:10D34000D0F880000068006820F00100A849D1F8FA
:10D35000801009680860A648D0F880000068A549D8
:10D36000884276D0A248D0F880000068A1491831E0
:10D3700088426ED09E48D0F8800000689D493031C8
:10D38000884266D09A48D0F88000006899494831B0
:10D3900088425ED09648D0F8800000689549603198
:10D3A000884256D09248D0F8800000689149783180
:10D3B00088424ED08E48D0F8800000688D49903168
:10D3C000884246D08A48D0F8800000688949A83150
:10D3D00088423ED08648D0F880000068864988425E
:10D3E00037D08348D0F880000068834918318842DC
:10D3F0002FD07F48D0F8800000687F4930318842C4
:10D4000027D07B48D0F8800000687B4948318842AB
:10D410001FD07748D0F88000006877496031884293
:10D4200017D07348D0F8800000687349783188427B
:10D430000FD06F48D0F8800000686F499031884263
:10D4400007D06B48D0F8800000686B49A83188424B
:10D4500005D16748D0F880000068406804E064485F
:10D46000D0F8800000684068C0F50070634908800B
:10D470005F48D0F8800000685E49884276D05C48FA
:10D48000D0F8800000685B49183188426ED0584857
:10D49000D0F88000006857493031884266D054483F
:10D4A000D0F8800000685349483188425ED0504827
:10D4B000D0F8800000684F496031884256D04C480F
:10D4C000D0F8800000684B49783188424ED04848F7
:10D4D000D0F88000006847499031884246D04448DF
:10D4E000D0F8800000684349A83188423ED04048C7
:10D4F000D0F8800000684049884237D03C48D0F8D6
:10D50000800000683C49183188422FD03848D0F854
:10D510008000006838493031884227D03448D0F83C
:10D52000800000683449483188421FD03048D0F824
:10D530008000006830496031884217D02C48D0F80C
:10D54000800000682C49783188420FD02848D0F8F4
:10D550008000006828499031884207D02448D0F8DC
:10D56000800000682449A831884207D14FF4007038
:10D570001F49D1F880100968486006E04FF4007038
:10D580001B49D1F8801009684860206840F40020E9
:10D5900020601748D0F880000068164988427DD086
:10D5A0001348D0F8800000681249183188427AD0B8
:10D5B0000F48D0F8800000680E493031884272D0A0
:10D5C0000B48D0F8800000680A49483188426AD088
:10D5D0000748D0F88000006806496031884262D070
:10D5E0000348D0F880000068024909E01C48004068
:10D5F000700800241000024010040240AA02002417
:10D60000783188424FD0FE48D0F880000068FD494C
:10D61000884248D0FA48D0F880000068F9491831AB
:10D62000884240D0F648D0F880000068F649884229
:10D6300039D0F348D0F880000068F34918318842A7
:10D6400031D0EF48D0F880000068EF49303188428F
:10D6500029D0EB48D0F880000068EB494831884277
:10D6600021D0E748D0F880000068E749603188425F
:10D6700019D0E348D0F880000068E3497831884247
:10D6800011D0DF48D0F880000068DF49903188422F
:10D6900009D0DB48D0F88000006800E003E0DA49F8
:10D6A000A83188420CD1D648D0F8800000680068C4
:10D6B00040F00100D249D1F88010096808600BE001
:10D6C000CF48D0F880000068006840F00100CC49E5
:10D6D000D1F8801009680860CC480288CC49CD4850
:10D6E00002F039FC60E2C648D0F880000068C54905
:10D6F0009039884275D0C248D0F880000068C1498E
:10D70000783988426DD0BE48D0F880000068BD49A5
:10D710006039884265D0BA48D0F880000068B949BD
:10D72000483988425DD0B648D0F880000068B549D5
:10D730003039884255D0B248D0F880000068B149ED
:10D74000183988424DD0AE48D0F880000068AD4905
:10D75000884246D0AA48D0F880000068A94918310C
:10D7600088423ED0A648D0F880000068A64988428A
:10D7700037D0A348D0F880000068A3491831884208
:10D780002FD09F48D0F8800000689F4930318842F0
:10D7900027D09B48D0F8800000689B4948318842D8
:10D7A0001FD09748D0F880000068974960318842C0
:10D7B00017D09348D0F880000068934978318842A8
:10D7C0000FD08F48D0F8800000688F499031884290
:10D7D00007D08B48D0F8800000688B49A831884278
:10D7E0000CD18748D0F880000068006820F0010064
:10D7F0008349D1F88010096808600BE08048D0F8B0
:10D8000080000068006820F001007D49D1F8801098
:10D81000096808607A48D0F8800000687949903932
:10D82000884275D07648D0F880000068754978390C
:10D8300088426DD07248D0F8800000687149603924
:10D84000884265D06E48D0F8800000686D4948393C
:10D8500088425DD06A48D0F8800000686949303954
:10D86000884255D06648D0F880000068654918396C
:10D8700088424DD06248D0F88000006861498842F3
:10D8800046D05F48D0F8800000685E491831884271
:10D890003ED05B48D0F8800000685B49884237D0B2
:10D8A0005748D0F8800000685749183188422FD077
:10D8B0005348D0F88000006853493031884227D05F
:10D8C0004F48D0F8800000684F49483188421FD047
:10D8D0004B48D0F8800000684B496031884217D02F
:10D8E0004748D0F8800000684749783188420FD017
:10D8F0004348D0F88000006843499031884207D0FF
:10D900003F48D0F8800000683F49A831884205D1DF
:10D910003B48D0F880000068406804E03848D0F800
:10D92000800000684068C0F50070384908803448BD
:10D93000D0F8800000683349903988425FD0304881
:10D94000D0F8800000682F49783988427AD02C4876
:10D95000D0F8800000682B496039884272D028488E
:10D96000D0F8800000682749483988426AD02448A6
:10D97000D0F88000006823493039884262D02048BE
:10D98000D0F8800000681F49183988425AD01C48D6
:10D99000D0F8800000681B49884253D01848D0F85E
:10D9A000800000681749183188424BD01448D0F8DD
:10D9B000800000681449884244D01148D0F88000A3
:10D9C00000681149183188423CD00D48D0F88000D9
:10D9D00000680D493031884234D00948D0F88000C1
:10D9E00000680949483188422CD00548D0F88000A9
:10D9F000006805496031884224D001480CE021E0EC
:10DA000070080024A000024010040240AA02002472
:10DA1000E8890024E88D0024D0F88000006863497C
:10DA200088420FD06248D0F8800000685F49183102
:10DA3000884207D05E48D0F8800000685B493031EA
:10DA4000884207D14FF400705949D1F88010096815
:10DA5000486006E04FF400705549D1F8801009681D
:10DA60004860206820F4002020605148D0F88000F1
:10DA700000685049884278D04D48D0F8800000684E
:10DA80004C491831884270D04948D0F8800000686D
:10DA900048493031884268D04548D0F88000006855
:10DAA00044494831884260D04148D0F8800000683D
:10DAB00040496031884258D03D48D0F88000006825
:10DAC0003C497831884250D03948D0F8800000680D
:10DAD00038499031884248D03548D0F880000068F5
:10DAE0003449A831884240D03148D0F880000068DD
:10DAF0002E497839884238D02D4800E055E0D0F8DA
:10DB0000800000682949603988422ED02848D0F822
:10DB10008000006825494839884226D02448D0F83A
:10DB2000800000682149303988421ED02048D0F852
:10DB3000800000681D491839884216D01C48D0F86A
:10DB400080000068194988420FD01948D0F8800039
:10DB5000006816491831884207D01548D0F880006F
:10DB600000681249303188420CD11148D0F8800049
:10DB70000068006840F001000D49D1F88010096884
:10DB800008600BE00A48D0F880000068006840F0A8
:10DB900001000749D1F8801009680860064802882A
:10DBA0000649074802F0D7F900BF38BD8804024093
:10DBB0007008002410000240AA020024E88B002410
:10DBC000E88D002400BFFEE770B52DED048B044600
:10DBD0000D46B0EE409A95ED1D0ADFEDAF0A30EE2E
:10DBE000C00AAE4880ED000A95ED050ADFEDAA0AED
:10DBF00030EEC00AAA4880ED000AD4ED180AB0EE53
:10DC0000600AF2F7DFFCD4ED040A20EE200A84ED6E
:10DC1000080AD4ED170AB0EE600AF2F7D3FCD4ED8F
:10DC2000010A20EE200A84ED060AD4ED180AB0EEAF
:10DC3000600AF2F77BFCD4ED000A94ED041A41EE81
:10DC4000000AC4ED070AD4ED170AB0EE600AF2F735
:10DC50006DFCD4ED010A20EE200A84ED050A94ED56
:10DC6000071AD4ED051A31EE611A21EE011AD4ED2E
:10DC7000081A94ED062A71EEC21A94ED082AD4ED22
:10DC8000062A32EE622A01EE821AB7EEC11AB0EE0F
:10DC9000410B00F049FEB7EEC00B84ED0F0A94ED86
:10DCA000070AD4ED050A30EE600AD4ED020AB0EEA0
:10DCB000001A60EE810A20EE200A84ED120A94ED2B
:10DCC000080AD4ED060A30EE600AD4ED020AB0EE7E
:10DCD000001A60EE810A20EE200A84ED130A94ED0A
:10DCE000020A20EE000AD4ED0F0A94ED0F1A00EE9E
:10DCF000810AD4ED030A94ED031A00EEC10A84ED03
:10DD0000140A94ED121A21EE011AD4ED131A94EDAF
:10DD1000132A01EE821AD4ED141A94ED142A01EE9E
:10DD2000C21AB7EEC11AB0EE410B00F0FDFD94ED42
:10DD3000131AB7EEC11A30EE010BB7EEC00BB0EEFE
:10DD4000408A94ED120A94ED141A30EE010AF0EEB6
:10DD5000400AB0EE480A00F08DFCF0EE000A20EE1A
:10DD6000200A84ED150AD4ED150AB0EE600AF2F728
:10DD7000DDFBD4ED050A94ED071A70EEC10A94EDAF
:10DD8000021A41EE000AB0EE608AD4ED150AB0EE38
:10DD9000600AF2F717FCD4ED060A94ED081A70EE4B
:10DDA000C10A94ED021A41EE000AF0EE608AF0EE2C
:10DDB000480AB0EE680A00F05DFC84ED160AD4ED66
:10DDC000170AB0EE600AF2F7B1FBD4ED010A20EEBB
:10DDD000208AD4ED150AB0EE600AF2F7A7FBD4ED65
:10DDE000020A00EE808A84ED098AD4ED170AB0EEAB
:10DDF000600AF2F7E7FBD4ED010A20EE208AD4EDA9
:10DE0000150AB0EE600AF2F7DDFBD4ED020A00EE6F
:10DE1000808A84ED0A8A94ED000AB0EE001AC0EE02
:10DE2000010A94ED090A30EE600A20EE000AD4EDF2
:10DE30000A0A94ED0A1A00EE810AB7EEC00AB0EEA3
:10DE4000408B00F071FDB7EEC00B84ED0B0AD4EDF2
:10DE5000000AB0EE001A80EE810AD4ED090A30EE15
:10DE6000C00AB0EE408AD4ED0A0AB0EE600AF0EEC5
:10DE7000480A00F0FFFB84ED0C0A94ED0C0ADFED7C
:10DE8000090A30EEC00AD5ED1D0A30EE200A84EDF5
:10DE90000D0ABDEC048B70BD00000000940000244E
:10DEA00098000024DA0FC93F70B52DED048B0446AD
:10DEB0000D46B0EE409A95ED1D0AAB4880ED000A84
:10DEC00095ED050AA94880ED000AD4ED180AB0EED8
:10DED000600AF2F777FBD4ED040A20EE200A84ED05
:10DEE000080AD4ED170AB0EE600AF2F76BFBD4ED26
:10DEF000010A20EE200A84ED060AD4ED180AB0EEDD
:10DF0000600AF2F713FBD4ED000A94ED041A41EE17
:10DF1000000AC4ED070AD4ED170AB0EE600AF2F762
:10DF200005FBD4ED010A20EE200A84ED050A94EDEC
:10DF3000071AD4ED051A31EE611A21EE011AD4ED5B
:10DF4000081A94ED062A71EEC21A94ED082AD4ED4F
:10DF5000062A32EE622A01EE821AB7EEC11AB0EE3C
:10DF6000410B00F0E1FCB7EEC00B84ED0F0A94ED1D
:10DF7000070AD4ED050A30EE600AD4ED020AB0EECD
:10DF8000001A60EE810A20EE200A84ED120A94ED58
:10DF9000080AD4ED060A30EE600AD4ED020AB0EEAB
:10DFA000001A60EE810A20EE200A84ED130A94ED37
:10DFB000020A20EE000AD4ED0F0A94ED0F1A00EECB
:10DFC000810AD4ED030A94ED031A00EEC10A84ED30
:10DFD000140A94ED121A21EE011AD4ED131A94EDDD
:10DFE000132A01EE821AD4ED141A94ED142A01EECC
:10DFF000C21AB7EEC11AB0EE410B00F095FC94EDD9
:10E00000131AB7EEC11A30EE010BB7EEC00BB0EE2B
:10E01000408A94ED120A94ED141A30EE010AF0EEE3
:10E02000400AB0EE480A00F025FBF0EE000A20EEB0
:10E03000200A84ED150AD4ED150AB0EE600AF2F755
:10E0400075FAD4ED050A94ED071A70EEC10A94ED45
:10E05000021A41EE000AB0EE608AD4ED150AB0EE65
:10E06000600AF2F7AFFAD4ED060A94ED081A70EEE2
:10E07000C10A94ED021A41EE000AF0EE608AF0EE59
:10E08000480AB0EE680A00F0F5FA84ED160AD4EDFD
:10E09000170AB0EE600AF2F749FAD4ED010A20EE51
:10E0A000208AD4ED150AB0EE600AF2F73FFAD4EDFB
:10E0B000020A00EE808A84ED098AD4ED170AB0EED8
:10E0C000600AF2F77FFAD4ED010A20EE208AD4ED3F
:10E0D000150AB0EE600AF2F775FAD4ED020A00EE06
:10E0E000808A84ED0A8A94ED000AB0EE001AC0EE30
:10E0F000010A94ED090A30EE600A20EE000AD4ED20
:10E100000A0A94ED0A1A00EE810AB7EEC00AB0EED0
:10E11000408B00F009FCB7EEC00B84ED0B0AD4ED88
:10E12000000AB0EE001A80EE810AD4ED090A30EE42
:10E13000C00AB0EE408AD4ED0A0AB0EE600AF0EEF2
:10E14000480A00F097FA84ED0C0A94ED0C0ADFED12
:10E15000080A30EEC00AD5ED1D0A30EE200A84ED23
:10E160000D0ABDEC048B70BD8C00002490000024CF
:10E17000DA0FC93F10B52DED028B0446D4ED0C0A21
:10E1800094ED161A70EEC10AB0EE600AF2F71AFAB0
:10E19000D4ED010A20EE208AD4ED170A94ED151A69
:10E1A00070EEC10AB0EE600AF2F70CFA28EE008AAF
:10E1B000D4ED160A94ED151A70EEC10AB0EE600A9D
:10E1C000F2F700FAC8EE000AC4ED1B0AD4ED0C0AFF
:10E1D00094ED161A70EEC10AB0EE600AF2F7A6F9D5
:10E1E000D4ED010A20EE208AD4ED170A94ED151A19
:10E1F00070EEC10AB0EE600AF2F7E4F928EE008A88
:10E20000D4ED160A94ED151A70EEC10AB0EE600A4C
:10E21000F2F7D8F9D4ED0B0A20EE200AC8EE000A76
:10E22000C4ED1C0AD4ED0C0A94ED151A70EEC10A67
:10E23000B0EE600AF2F7C6F9D4ED040A20EE208AA7
:10E24000D4ED160A94ED181A70EEC10AB0EE600A09
:10E25000F2F7B8F928EE008AD4ED160A94ED151AF3
:10E2600070EEC10AB0EE600AF2F7ACF9C8EE000A2F
:10E27000C4ED1D0AD4ED0C0A94ED151A70EEC10A16
:10E28000B0EE600AF2F752F9D4ED040A20EE208ACB
:10E29000D4ED160A94ED181A70EEC10AB0EE600AB9
:10E2A000F2F790F928EE008AD4ED160A94ED151ACB
:10E2B00070EEC10AB0EE600AF2F784F9D4ED0B0AF1
:10E2C00020EE200AC8EE000AC4ED1E0A94ED1B0AD7
:10E2D000D4ED210A20EE200AD4ED1C0A94ED221A76
:10E2E00000EE810A84ED1F0A94ED1D0AD4ED210A87
:10E2F00020EE200AD4ED1E0A94ED221A00EE810AC7
:10E3000084ED200ABDEC028B10BD10B52DED028B03
:10E310000446D4ED0C0A94ED161A70EEC10AB0EE64
:10E32000600AF2F74FF9D4ED010A20EE208AD4ED0D
:10E33000170A94ED151A70EEC10AB0EE600AF2F7F2
:10E3400041F928EE008AD4ED160A94ED151A70EE04
:10E35000C10AB0EE600AF2F735F9C8EE000AC4ED62
:10E360001B0AD4ED0C0A94ED161A70EEC10AB0EE39
:10E37000600AF2F7DBF8D4ED010A20EE208AD4ED32
:10E38000170A94ED151A70EEC10AB0EE600AF2F7A2
:10E3900019F928EE008AD4ED160A94ED151A70EEDC
:10E3A000C10AB0EE600AF2F70DF9D4ED0B0A20EEC7
:10E3B000200AC8EE000AC4ED1C0AD4ED0C0A94ED44
:10E3C000151A70EEC10AB0EE600AF2F7FBF8D4ED50
:10E3D000040A20EE208AD4ED160A94ED181A70EE85
:10E3E000C10AB0EE600AF2F7EDF828EE008AD4ED2B
:10E3F000160A94ED151A70EEC10AB0EE600AF2F733
:10E40000E1F8C8EE000AC4ED1D0AD4ED0C0A94ED43
:10E41000151A70EEC10AB0EE600AF2F787F8D4ED73
:10E42000040A20EE208AD4ED160A94ED181A70EE34
:10E43000C10AB0EE600AF2F7C5F828EE008AD4ED02
:10E44000160A94ED151A70EEC10AB0EE600AF2F7E2
:10E45000B9F8D4ED0B0A20EE200AC8EE000AC4ED8C
:10E460001E0A94ED1B0AD4ED210A20EE200AD4EDF9
:10E470001C0A94ED221A00EE810A84ED1F0A94ED25
:10E480001D0AD4ED210A20EE200AD4ED1E0A94EDD7
:10E49000221A00EE810A84ED200ABDEC028B10BD29
:10E4A0009FED0A0A80ED000A9FED080A80ED010A3F
:10E4B0009FED070A80ED020A9FED050A80ED030A31
:10E4C0009FED020A80ED040A704700009A99193EF8
:10E4D000713D8A3E4100080218BF04200A0E18BF91
:10E4E00040F001004FF07F4232EA010108BF40F0E6
:10E4F0000200012808BF052070470000024800689C
:10E50000C0F30220704700000CED00E010B50028B9
:10E5100004DB0A07130E054A135406E00A07140E1B
:10E52000034A00F00F031B1FD45410BD00E400E0A9
:10E5300018ED00E0EFF310807047000010B54FF0C9
:10E540000E402DED028BB0EE408A18EE104A00EB23
:10E550004400B0F1506F4AD84FF0FC40B0EB440F8C
:10E5600022D2B0EEC80ADFED360A30EEC00ADFED87
:10E57000350A60EE208A18EE900A02F028FC01EEBF
:10E58000100A14F0004F1DBFDFED2F0A9FED2F0A78
:10E59000B1EE411ADFED2E0A08BF9FED2E0ADFED26
:10E5A0002E1A21EE218A05E0DFED2C0A68EE088A9A
:10E5B000B0EE600A9FED2A1ADFED2A1A30EE080A43
:10E5C00048EE811A9FED281A08EEA11ADFED271AEE
:10E5D00048EE811A9FED261A08EEA11A68EE281A55
:10E5E000BDEC028B01EE810A30EE200A10BD4FF027
:10E5F000E440B0EB440F0CD918EE100AFFF76AFFA5
:10E60000042808BF00F0EEF9B0EE480ABDEC028B1A
:10E6100010BD4FF07F40B0EB440F07D2B0EE480A78
:10E62000BDEC028BBDE8104000F0CEB9012000F037
:10E63000F3F9BDEC028BBDE8104000F0CBB900004F
:10E640000000803F0000003F0000C9BF22AAFDB9C2
:10E650000000C93F22AAFD39000000C000000000F0
:10E6600024FE1C3DC78AD83C1E67383D1B93993D4C
:10E67000AFAA2A3E70B54FF068422DED048BF0EE44
:10E68000408A18EE900AB0EE608A18EE101A02EB7B
:10E690004003B3F1654F3CBF02EB4102B2F1654F5D
:10E6A0007DD200BFC0F3C753C1F3C7529A1A1B2AC9
:10E6B00009DD10F0004F14BF9FED830A9FED830A20
:10E6C000BDEC048B70BD12F11A0F36DA11F0004F59
:10E6D00009D010F0004F0CBF9FED7D0A9FED7D0A21
:10E6E000BDEC048B70BD88EE889A19EE100AFFF716
:10E6F000F1FE042808BF00F075F918EE900AFFF744
:10E70000E9FE054618EE100AFFF7E4FE044619EE8E
:10E71000100AFFF7DFFE042D18BF052D08D1042CC9
:10E7200018BF052C04D1002804BF022000F074F9A2
:10E73000B0EE490ABDEC048B70BD4200B2EB410F54
:10E740003AD910F0004F19BFDFED630A9FED630A5D
:10E75000DFED630A9FED630AB0EE481A0A46B1EE98
:10E76000688A80F00041F0EE418A10460A1A520091
:10E77000B2F1807F34D2484010F0004FDFED5A1ADA
:10E780009FED5A2A1DBF9FED5A1A70EEE10A30EE36
:10E79000420A9FED581A08BF70EEA10A00E040E05F
:10E7A00008BF30EE020AB0EE682A01EE482A08EEF1
:10E7B000818AC2EE081A15E011F0004F04BF9FEDE8
:10E7C0004E0AF0EE400AD1D010F0004F19BFDFED35
:10E7D0004B0A9FED4B0ADFED4B0A9FED4B0AC5E755
:10E7E000C8EE881A21EEA11A9FED482ADFED482ACB
:10E7F00041EE022A9FED472A01EE222ADFED462A4A
:10E8000041EE022A9FED452ABDEC048B01EE222A3F
:10E8100021EE811A01EE020A30EE210A30EE200AC2
:10E8200070BD4FF07F42B2EB400F28BFB2EB410FFB
:10E8300009D2F0EE480AB0EE680ABDEC048BBDE8E0
:10E84000704000F0C4B840EA01035B0008BF41F02B
:10E85000FF410BD0B2EB400F08BFB2EB410F08D124
:10E8600020F0804008EE900A21F0804108EE101A56
:10E8700018E7B2EB400F12BF5FEA410340F0FF40E0
:10E8800001F000413FF40EAFB2EB410F12BF5FEA5F
:10E89000400200F0004041F0FF413FF403AF4A0066
:10E8A00092EA40033FF5FEAE002AACBF9FED1C0A82
:10E8B0009FED1C0A68EE808A28EE008A18EE900A06
:10E8C00018EE101AEEE60000DB0FC9BFDB0FC93FE0
:10E8D000DB0F4940DB0F49C00000C9BF22AAFDB9C8
:10E8E0000000C93F22AAFD390060ED3EC30ACE37C1
:10E8F000000000BF0000003F00000000000049C011
:10E9000022AA7DBA0000494022AA7D3A2DAD65BDFC
:10E910008FB8D53D0FB511BE61C84C3EA8AAAABE9E
:10E920000000804F0000802F00B52DED028BB1EE6E
:10E93000C08B83B018EE100A18EE901A8DED008B84
:10E94000002818BF0120084320F00040C0F17F607C
:10E9500000F1E040C00F14D010EE101A10EE900A33
:10E960008DED000B002918BF0121084320F0004065
:10E97000C0F17F6000F1E040C00F04BF012000F053
:10E980004BF8B0EE480B03B0BDEC028B00BD10B5E8
:10E990002DED028BB1EEC08A18EE100A20F0004077
:10E9A000C0F1FF40C00F0AD010EE100A20F0004066
:10E9B000C0F1FF40C00F04BF012000F02DF8B0EE01
:10E9C000480ABDEC028B10BD30EE000A704730EEF5
:10E9D000200A7047DFED020A80EEA00A70470000AF
:10E9E000000000009FED020A20EE000A70470000C0
:10E9F0000000001002E008C8121F08C1002AFAD166
:10EA000070477047002001E001C1121F002AFBD1AE
:10EA1000704780F310887047014908607047000014
:10EA200000030024B0EE401A30EEC10AF0EE401AA6
:10EA30009FED110AF4EEC01AF1EE10FA06DD9FED1B
:10EA40000E0A31EE000AF0EE400A0CE09FED0B0AD0
:10EA5000F4EEC01AF1EE10FA05D29FED070A31EE7E
:10EA6000400AF0EE400A9FED060A20EE800A9FED74
:10EA7000052A02EE010A70478FC2F53C8FC2F5BC31
:10EA80009A99993E3333333F10B5F1F793FF8020C5
:10EA9000F2F7C6F95520F2F7C3F95520F2F7C0F99D
:10EAA00050490870F1F77CFF0120F6F759FBF1F7A8
:10EAB00081FF8020F2F7B4F95520F2F7B1F9552023
:10EAC000F2F7AEF947490870F1F76AFF0120F6F74F
:10EAD00047FBF1F76FFFB6217E20F2F7B3F9F1F7AC
:10EAE0005FFF5020F6F73CFBF1F764FF8020F2F760
:10EAF00097F95520F2F794F95520F2F791F9394931
:10EB00000870F1F74DFF0120F6F72AFBF1F752FFED
:10EB10008020F2F785F95520F2F782F95520F2F7B7
:10EB20007FF930490870F1F73BFF0120F6F718FB39
:10EB30002C4800781E2801D0FF2010BD00202A4953
:10EB4000087049E0F1F736FF274A127802EB4202DB
:10EB5000264B1A445178244A127802EB4202985C00
:10EB6000F2F770F9F1F71CFF0120F6F7F9FAF1F767
:10EB700021FF1D49097801EB41011C4A515C41F01C
:10EB80008000F2F74DF95520F2F74AF95520F2F7D7
:10EB900047F914490870F1F703FF0120F6F7E0FA8E
:10EBA0001148007800EB40001049084440780D49B6
:10EBB000097888420BD00C48007800EB40000B49E4
:10EBC000084480780A4909780843094908700648CA
:10EBD0000078401C04490870034800780628B1DB1F
:10EBE0000020AAE73C0000243D0000244800002447
:10EBF0003E00002410B5F1F7F1FE45490020F2F780
:10EC000002F9F1F7E1FE0120F6F7AAFAF1F7E6FEC4
:10EC10003F490020F2F7F7F8F1F7D6FE0120F6F7AA
:10EC20009FFAF1F7DBFEB6211420F2F70BF9F1F7AA
:10EC3000CBFE5020F6F794FAF1F7D0FE34490020CD
:10EC4000F2F7E1F8F1F7C0FE0120F6F789FAF1F7E3
:10EC5000C5FE2F490020F2F7D6F8F1F7B5FE0120E6
:10EC6000F6F77EFA2A4800780F2801D0FF2010BD61
:10EC700000202849087045E0F1F7B0FE254A1278D7
:10EC800002EB4202244B1A445178224A127802EBDA
:10EC90004202985CF2F7D6F8F1F796FE0120F6F7FB
:10ECA0005FFAF1F79BFE1B49097801EB41011A4A13
:10ECB000505C1749F2F7A7F8F1F786FE0120F6F746
:10ECC0004FFA1448007800EB40001349084440789C
:10ECD0000F490978884210D00E480078401E0D492F
:10ECE00008700846007800EB40000C490844807822
:10ECF0000B49097808430A49087006480078401C07
:10ED000004490870034800780628B5DB0020AEE708
:10ED10003C0000243D0000245A0000244800002448
:10ED20003E000024F0B589B006460D4617461C4645
:10ED30000095002001900290082C02D82004039036
:10ED400021E00C2C03D14FF4102003901BE0102C79
:10ED500003D14FF42020039015E0142C03D14FF47D
:10ED6000302003900FE0182C02D1E00303900AE05A
:10ED7000302C03D14FF46020039004E0402C02D1EA
:10ED80004FF47020039000200490059006900790A7
:10ED900008903A4669463046F6F74AFA002009B02C
:10EDA000F0BD00002DE9F0412DED068B04460F4625
:10EDB00015461E46DDF83080FE4890ED000AB8EE9C
:10EDC000400AF0EE000A20EE200ADFEDFB0A80EE9A
:10EDD000201AF0EE41AAB0EE6A0A41462846FEF734
:10EDE000F3FEF44890ED000AB8EE400AF0EE000A97
:10EDF00020EE200ADFEDF00A80EE201AF0EE41AAA4
:10EE0000B0EE6A0A41463046FFF74EF895ED0B0A20
:10EE1000F0EE400A9FEDE90AE948FCF7D7FC85EDE2
:10EE2000280A96ED0B0AF0EE400A9FEDE40AE54849
:10EE3000FCF7CCFC86ED280A95ED0D0AF0EE400AB1
:10EE40009FEDDE0AE048FCF7C1FC85ED0E0A96ED69
:10EE50000D0AF0EE400A9FEDD90ADC48FCF7B6FC3B
:10EE600086ED0E0A94F8840102287DD194ED570AAC
:10EE7000D4ED480A30EE600AD548D0ED000A20EE05
:10EE8000200AD4ED560A94ED461A70EEC10A90EDB0
:10EE9000011A01EE200AD4ED5B0A94ED491A70EED6
:10EEA000C10A90ED021A01EE200AD0ED030AC9480A
:10EEB00090ED061ADFEDC81A31EE611A00EE810AF4
:10EEC000C348D0ED040A95ED0D1ADFEDC31A31EEFB
:10EED000611A00EE810AD0ED050A95ED0E1ADFEDFC
:10EEE000BE1A31EE611A00EE810AD0ED060A96EDE7
:10EEF0000D1ADFEDB91A31EE611A00EE810AD0ED7C
:10EF0000070A96ED0E1ADFEDB41A31EE611A00EE23
:10EF1000810AD0ED080A94ED581ADFEDAF1A31EEF0
:10EF2000611A00EE810AD0ED090A94ED591ADFED5D
:10EF3000AA1A31EE611A00EE810A84ED3D0A94EDC1
:10EF4000570AD4ED480A30EE600AD0ED0A0A20EEE6
:10EF5000200AD4ED560A94ED461A70EEC10A90EDDF
:10EF60000B1A01EE200A00E038E1D4ED5B0A94EDC3
:10EF7000491A70EEC10A90ED0C1A01EE200AD0ED8C
:10EF80000D0A944890ED061ADFED931A31EE611ADE
:10EF900000EE810A8E48D0ED0E0A95ED0D1ADFEDD8
:10EFA0008E1A31EE611A00EE810AD0ED0F0A95ED4E
:10EFB0000E1ADFED891A31EE611A00EE810AD0EDEA
:10EFC000100A96ED0D1ADFED841A31EE611A00EE8B
:10EFD000810AD0ED110A96ED0E1ADFED7F1A31EE9F
:10EFE000611A00EE810AD0ED120A94ED581ADFED95
:10EFF0007A1A31EE611A00EE810AD0ED130A94ED0F
:10F00000591ADFED751A31EE611A00EE810A84EDAE
:10F01000420A94ED570AD4ED480A30EE600AD0ED6A
:10F02000140A20EE200AD4ED560A94ED461A70EE2A
:10F03000C10A90ED151A01EE200AD4ED5B0A94ED99
:10F04000491A70EEC10A90ED161A01EE200AD0EDB1
:10F05000170A604890ED061ADFED5F1A31EE611A6B
:10F0600000EE810A5A48D0ED180A95ED0D1ADFED31
:10F070005A1A31EE611A00EE810AD0ED190A95EDA7
:10F080000E1ADFED551A31EE611A00EE810AD0ED4D
:10F090001A0A96ED0D1ADFED501A31EE611A00EEE4
:10F0A000810AD0ED1B0A96ED0E1ADFED4B1A31EEF8
:10F0B000611A00EE810AD0ED1C0A94ED581ADFEDBA
:10F0C000461A31EE611A00EE810AD0ED1D0A94ED68
:10F0D000591ADFED411A31EE611A00EE810A85ED11
:10F0E000220A94ED570AD4ED480A30EE600AD0EDBA
:10F0F0001E0A20EE200AD4ED560A94ED461A70EE50
:10F10000C10A90ED1F1A01EE200AD4ED5B0A94EDBE
:10F11000491A70EEC10A90ED201A01EE200AD0EDD6
:10F12000210A2C4890ED061ADFED2B1A31EE611AF8
:10F1300000EE810A2648D0ED220A95ED0D1ADFED8A
:10F14000261A31EE611A00EE810AD0ED230A95ED00
:10F150000E1ADFED211A31EE611A00EE810AD0EDB0
:10F16000240A96ED0D1ADFED1C1A31EE611A00EE3D
:10F17000810AD0ED250A96ED0E1ADFED171A31EE51
:10F18000611A00EE810AD0ED260A94ED581ADFEDDF
:10F19000121A31EE611A00EE810AD0ED270A94EDC1
:10F1A000591ADFED0D1A31EE611A00EE810A86ED73
:10F1B000220A70E09402002400007A446F12033B9C
:10F1C000408900246A89002494890024BE8900248F
:10F1D000D80100249C83002400000000FE4890ED2C
:10F1E000000AD5ED0D0A1FED041A70EEC10A20EEDB
:10F1F000200AD0ED010A95ED0E1A5FED091A31EEE5
:10F20000611A00EE810AD0ED040A94ED581A5FED00
:10F210000E1A31EE611A00EE810AD0ED050A94ED66
:10F22000591A5FED131A31EE611A00EE810A84ED6E
:10F230003D0A90ED000AD6ED0D0A1FED191A70EE89
:10F24000C10A20EE200AD0ED010A96ED0E1A5FEDFC
:10F250001E1A31EE611A00EE810AD0ED040A94ED17
:10F26000581A5FED231A31EE611A00EE810AD0EDD3
:10F27000050A94ED591A5FED281A31EE611A00EE75
:10F28000810A84ED420A1FED2C0A85ED220A1FED4A
:10F290002E0A86ED220A94F8840102287DD194ED8D
:10F2A000530AD4ED5A0A30EE600ACC48D0ED000A79
:10F2B00020EE200AD0ED010AC94890ED041A5FED56
:10F2C0003A1A31EEC11AB0EE408A00EE818A97ED0B
:10F2D000040AD7ED020A20EE200AB7EEC00A97ED25
:10F2E000001AB7EEC11AB6EE002B02EE010B97ED35
:10F2F000011AB7EEC11A20EE010BF7EEC08B97EDA5
:10F30000040AD7ED020A20EE200AB7EEC00A97EDF4
:10F31000001AB7EEC11AB6EE002B02EE010B95ED06
:10F320000B1AD6ED0B1A31EE211AB7EEC11AB5EE53
:10F33000002B21EE022B98ED061AB7EEC11A22EE31
:10F34000012B94ED561AB7EEC11A22EE011B20EEE6
:10F35000010B97ED031AB7EEC11A80EE012BB7EE41
:10F36000C29B94ED4B0AD5ED0B0A30EE600A9D4826
:10F37000D0ED000A20EE200AD0ED010A95ED281A02
:10F380005FED6B1A31EEC11AF0EE409A40EE819AB1
:10F3900094ED4B0AD6ED0B0A00E02DE030EE600A4A
:10F3A000D0ED000A20EE200AD0ED010A96ED281AD1
:10F3B0005FED771A31EEC11AB0EE40AA00EE81AAD5
:10F3C00039EE880A30EE280A30EE490A85ED210A26
:10F3D0003AEE480A30EE280A30EE090A86ED210A94
:10F3E0004146284600F02AFE7F49087041463046D3
:10F3F00000F066FE7D4908707C48007801286CD1D9
:10F4000079480078012868D11FED8D0A84ED3D0A06
:10F410001FED8F0A84ED420A754890ED180AD5ED6C
:10F420000D0A1FED931A70EEC10A20EE200AD0EDEE
:10F43000190A95ED0E1A5FED981A31EE611A00EE79
:10F44000810AD0ED1A0A96ED0D1A5FED9D1A31EE84
:10F45000611A00EE810AD0ED1B0A96ED0E1A5FEDDF
:10F46000A21A31EE611A00EE810A85ED220A90EDB2
:10F47000220AD5ED0D0A1FEDA81A70EEC10A20EE82
:10F48000200AD0ED230A95ED0E1A5FEDAD1A31EE8C
:10F49000611A00EE810AD0ED240A96ED0D1A5FED97
:10F4A000B21A31EE611A00EE810AD0ED250A96ED0E
:10F4B0000E1A5FEDB71A31EE611A00EE810A86ED81
:10F4C000220A1FEDBB0A84ED570A94ED570A84ED1A
:10F4D000480A94ED5B0A84ED490ADFED460A9FED88
:10F4E000460A05F1840001F0CBF8DFED420A9FEDFA
:10F4F000420A06F1840001F0C3F82846FEF73AFEFE
:10F500003046FEF702FF94ED3D0ADFED3C0A20EEA7
:10F51000200ADFED3B0A20EE200ADFED3A0A20EE5A
:10F52000200ABDEEC00A10EE100A01B2F820015305
:10F5300094ED420ADFED310A20EE200ADFED300AB9
:10F5400020EE200ADFED2F0A20EE200ABDEEC00AD1
:10F5500010EE100A01B2A4F80C1194F88401F8B965
:10F560002948C08800EB800001B2F82001532648EA
:10F57000C08800EB800001B2A4F80C111FEDEA0A6C
:10F58000224880ED1F0A1FEDEC0A80ED200A1FEDD6
:10F59000EE0A1F4880ED1F0A1FEDF10A80ED200AD8
:10F5A000F2EE040ABAEE040A05F1800001F068F8F0
:10F5B000F2EE040ABAEE040A05F17C0001F060F8EC
:10F5C000F2EE040ABAEE040A06F1800001F058F8DF
:10F5D000F2EE040A1EE00000A801002478020024D4
:10F5E0009C830024800200249802002499020024B5
:10F5F000D80100240000C8420000C8C2C7449A3F96
:10F60000ABAA2A40CDCC4C442F940024D0870024B0
:10F6100088880024BAEE040A06F17C0001F030F874
:10F62000B4F90C01B0F57A5F04DD4FF47A51A4F817
:10F630000C1108E0B4F90C0110F57A5F03DA4CF212
:10F640008011A4F80C11B4F9F800B0F57A5F04DD6C
:10F650004FF47A51F820015308E0B4F9F80010F59E
:10F660007A5F03DA4CF28011F8200153BDEC068B6F
:10F67000BDE8F08130B504460D4604B930BDCA4836
:10F68000C07A022803D10020C84908700EE0C6489D
:10F69000C07A032803D0C448C07A012803D10420CB
:10F6A000C249087002E00020C049087094F8380090
:10F6B00084F8390094F8741084F8751094F8B01038
:10F6C00084F8B11094F8EC1084F8ED104FF48070C9
:10F6D000015D401C015594F8141184F81511B348CC
:10F6E000007878B9002084F83800002184F874107C
:10F6F00084F8B01084F8EC104FF48070015584F851
:10F70000141137E0A948007804280ED1012084F8AC
:10F710003800012184F8741084F8B01084F8EC10DB
:10F720000002015584F8141124E0A048007805284F
:10F730000ED1012084F83800012184F8741084F877
:10F74000B01084F8EC100002015584F8141111E097
:10F750009648007806280DD1012084F83800012150
:10F7600084F8741084F8B01084F8EC10000201558D
:10F7700084F8141194F8840184F8840194F8390011
:10F78000012812D194F8380078B99FED890A82EDEA
:10F79000220A85ED220A9FED860A82ED210A85ED77
:10F7A000210A002084F8840110E094F8390068B937
:10F7B00094F83800012809D194ED570A84ED480ADD
:10F7C00094ED5B0A84ED490A84F8840194F884017D
:10F7D000012819D177480088B0F5FA7F05DA754815
:10F7E0000088401C7349088011E00020714908809E
:10F7F000022084F8840194ED570A84ED480A94EDC0
:10F800005B0A84ED490A02E000206A4908806648E4
:10F81000B0F9060000EE100AB8EEC00ADFED660A85
:10F8200020EE200A84ED470A9FED640A04F58C71EE
:10F83000081D01F092FA5C48C08880B194ED570A27
:10F84000D4ED460A9FED5E1A20EE811A5D48D0ED98
:10F85000000AF8EE600A01EE200A84ED480A5248D8
:10F86000C07A01280CD194ED490AB7EEC00A9FED89
:10F87000561B30EE410BB7EEC00B84ED490A0EE08B
:10F8800094ED490A4848B0F9000000EE900AF8EEFD
:10F89000E00A9FED4F1A00EEC10A84ED490A424882
:10F8A000807A022804D19FED4B0A84ED4B0A15E0C3
:10F8B0003D48807A032804D19FED470A84ED4B0A26
:10F8C0000CE03948807A012804D19FED440A84ED88
:10F8D0004B0A03E09FED3F0A84ED4B0A9FED340A8B
:10F8E00084ED540A9FED3E0A04F5A671081D01F04F
:10F8F00034FA94ED4B0A84ED4E0A94ED4B0A84EDF4
:10F900004F0AF5EE000A9FED370A04F59C7000F0EF
:10F91000B7FEF5EE000A9FED330A04F59E7000F085
:10F92000AFFE94ED070ADFED300A30EEC00AD5EDE8
:10F93000190A30EE200A85ED170A94ED160ADFED5C
:10F940002B0A30EEC00AD5ED1A0A30EE200A85EDFA
:10F95000180A94ED250ADFED240A30EE200AD2EDD4
:10F96000190A30EE600A82ED170A94ED340ADFEDD1
:10F970001F0A30EE200AD2ED1A0A30EE600A82ED3C
:10F98000180A93ED1D0A84ED580A93ED050A84EDDB
:10F99000590A93ED1F0A84ED5B0A93ED1C0A84ED6E
:10F9A0005A0A00BF6AE600002F9400249002002447
:10F9B000000000009A020024A69BC43B0AD7A33B88
:10F9C0006F12033B94020024B81E85EB51B88E3FA2
:10F9D000ACC5A737AE47E13D9A99193EEC51383E88
:10F9E0008FC2F53BCDCCCC3DCE0D6E40CFF713BFD3
:10F9F0002DE9F04104460E4617461D46002201211E
:10FA000004F1780000F09EFB0022022104F1B40012
:10FA100000F098FB00220121204600F093FB002219
:10FA2000022104F13C0000F08DFB3046FEF738FD6A
:10FA30003846FEF735FD9FED540A85ED010AB1EE1B
:10FA4000040A85ED000A9FED510A85ED020A9FED3B
:10FA5000500A85ED040A9FED4F0A85ED030A022145
:10FA60004D48FBF7D7FF02214C48FBF7D3FF02219B
:10FA70004B48FBF7CFFF02214A48FBF7CBFF4FF083
:10FA800000080BE0B4F8B420B820015B464800F051
:10FA90003CFA012000F008FE08F10108B8F10A0F55
:10FAA000F0DB4FF000080BE0B4F878207C20015B1D
:10FAB0003D4800F02AFA012000F0F6FD08F10108A7
:10FAC000B8F10A0FF0DB4FF000080AE0A28F4020E7
:10FAD000015B364800F019FA012000F0E5FD08F15D
:10FAE0000108B8F10A0FF1DB4FF0000809E02288A5
:10FAF000A1882E4800F009FA012000F0D5FD08F198
:10FB00000108B8F10A0FF2DBE08820B92288A18849
:10FB1000264800F0FAF9B4F8420028B9A28F402034
:10FB2000015B224800F0F1F9B4F87E0030B9B4F876
:10FB300078207C20015B1C4800F0E7F9B4F8BA009B
:10FB400030B9B4F8B420B820015B174800F0DDF9F3
:10FB5000002000F069FAFC210851012000F064FA4D
:10FB6000C4F8100194ED070A86ED190A94ED160AFF
:10FB700086ED1A0A94ED250A87ED190A94ED340AE8
:10FB800087ED1A0ABDE8F081CDCC1C416666A63F20
:10FB9000CDCCCC3D8FC2753E408900246A890024BB
:10FBA00094890024BE8900248C040024EC030024E2
:10FBB00008B502E0012000F077FD964890F890002B
:10FBC0000028F7D0944B954A95499648FFF710FFC7
:10FBD0001FE1904B914A92499248FFF74BFD8D48A7
:10FBE0008E4B8F4A8C4900908E48FFF7DBF88D488A
:10FBF00090F88401022860D1884890ED200AB0EE88
:10FC0000402A8848B0F8B810DFED871A9FED861AB1
:10FC1000DFED850A9FED840A844800F0B9FC804836
:10FC200090ED200AB1EE400AB0EE402A7D48B0F8CF
:10FC30004010DFED7D1A9FED7C1ADFED7B0A9FED12
:10FC40007A0A7B4800F0A4FC744890ED1F0AB0EEDD
:10FC5000402A7448B0F87C10DFED731A9FED721AD9
:10FC6000DFED710A9FED700A704800F091FC6C485E
:10FC700090ED1F0AB1EE400AB0EE402A6948818833
:10FC8000DFED691A9FED681ADFED670A9FED660ADE
:10FC9000674800F07DFC6748006800F005FD614A98
:10FCA000B2F90C11B2F8F820524210B2F1F784F90F
:10FCB0006048006800F0F8FCABE05A4890F8840116
:10FCC000012850D15748B0F8B810BFEE002ADFED38
:10FCD000561A9FED551ADFED540A9FED530A53480B
:10FCE00000F056FC4F48B0F84010B7EE002ADFEDA8
:10FCF0004E1A9FED4D1ADFED4C0A9FED4B0A4C4812
:10FD000000F046FC4748B0F87C10B7EE002ADFED63
:10FD1000461A9FED451ADFED440A9FED430A43481A
:10FD200000F036FC3F488188BFEE002ADFED3E1A26
:10FD30009FED3D1ADFED3C0A9FED3B0A3C4800F089
:10FD400027FC3C48006800F0AFFC364AB2F90C11C1
:10FD5000B2F8F820524210B2F1F72EF93548006897
:10FD600000F0A2FC55E02F4890F88401E8BB2D4834
:10FD7000B0F8B8109FED2C2ADFED2B1A9FED2A1A50
:10FD8000DFED290A9FED280A284800F001FC2548EC
:10FD9000B0F840109FED242ADFED231A9FED221AC0
:10FDA000DFED210A9FED200A214800F0F1FB1D48FC
:10FDB000B0F87C109FED1C2ADFED1B1A9FED1A1A7C
:10FDC000DFED190A9FED180A184800F0E1FB15480D
:10FDD00081889FED152ADFED141A9FED131ADFEDD0
:10FDE000120A9FED110A124800E012E000F0D0FB69
:10FDF0001048006800F058FC0A4AB2F90C11B2F839
:10FE0000F820524210B2F1F7D7F80A48006800F023
:10FE10004BFCDEE69C830024BC87002488880024F9
:10FE2000D08700241C860024000000008C040024DD
:10FE3000EC0300249402002410B51020084909683E
:10FE4000086207480068006840F01000044909682B
:10FE5000086032220349024800F0D8FF10BD0000BC
:10FE6000DC0700240494002430B503460C461546F4
:10FE7000B5F5002F44D1207800F00F00988020784D
:10FE80000111D980A078617840EA01219960E07879
:10FE90000001217940EA2111D9606079217901F0CE
:10FEA0000F0140EA012119611021F2EE090ABAEEB0
:10FEB000090A986801F084F983ED070A0C21F3EE32
:10FEC0000E0ABBEE0E0AD86801F07AF983ED080A33
:10FED0000C21F2EE040ABAEE040A186901F070F976
:10FEE00083ED090AA07900EE100AB8EE400A83ED0E
:10FEF0000C0AE07900EE100AB8EE400A83ED0D0A14
:10FF000030BD0146486880B270472DE9FC41064685
:10FF10000C461546601987B2FF208DF800008DF859
:10FF200001008DF802008DF803008DF804008DF8B3
:10FF300005008DF80600FC208DF8070008236A46AE
:10FF400039463046FEF7EEFEBDE8FC81F0EE400A91
:10FF5000B0EEE00A70472DE9F047044688461546A2
:10FF6000FEF7E8FA824672B6B8F1000F00D13CE025
:10FF7000A06800B939E061686069884201D92068E9
:10FF80006061A068A84201DD284600E0A06805463F
:10FF900061696068401A461CAE4209DB2E46324653
:10FFA00041466069F0F741FA6069304460610FE0F2
:10FFB000A5EB0609324641466069F0F736FA08EBD0
:10FFC00006014A462068F0F730FA2068484460612C
:10FFD000A068401BA060E0682844E0602F465046BF
:10FFE000FEF717FD3846BDE8F0875046FEF711FDD5
:10FFF0004FF0FF30F7E7014671EE602AF0EE621A2B
:020000040801F1
:10000000B0EE602A30EE423A01208840401E02EEF7
:10001000900AF8EEE22A63EE222A82EEA13AFDEE81
:10002000C32A12EE900A70470146C1EBC100024A92
:1000300002EB400070470000C4930024024692ED9A
:10004000210A82ED2C0A1C4890ED010A80ED000A7D
:1000500090ED020A80ED010A90ED030A80ED020A9C
:1000600092ED2C0A80ED030A90ED000AF5EE000AED
:1000700020EE200AD0ED010AB5EE001A01EE200AAA
:10008000D0ED020AB5EE001A01EE200AD0ED030A07
:10009000B5EE001A01EE200A084880ED000A90ED46
:1000A000000AF0EE080AB4EEE00AF1EE10FA01D20E
:1000B000012070470020FCE79C0A002488000024EF
:1000C000024692ED210A82ED2C0A1C4890ED010AAD
:1000D00080ED000A90ED020A80ED010A90ED030A1E
:1000E00080ED020A92ED2C0A80ED030A90ED000AE1
:1000F000F5EE000A20EE200AD0ED010AB5EE001A56
:1001000001EE200AD0ED020AB5EE001A01EE200A37
:10011000D0ED030AB5EE001A01EE200A084880ED82
:10012000000A90ED000AF2EE080AB4EEE00AF1EEE1
:1001300010FA01D2012070470020FCE78C0A00244D
:1001400084000024028081807047000080ED000A56
:10015000C0ED010A80ED021AF7EE001AC0ED0C1A8C
:1001600004494167044981670449C1670449C0F8EB
:100170008010704785010108ED010108A301010805
:1001800059BF000801B52DED060B9DE80E00C0E932
:100190000423C16003A90EC9C0E90723816107B028
:1001A00000BD10B50446D4ED160AB0EE600AFEF7A5
:1001B000C5F9B1EE400A84ED190A94ED181AF0EE73
:1001C000410A94ED171AB0EE410AFEF753FA84ED96
:1001D0001A0A94ED101AF0EE410A94ED131AB0EEDB
:1001E000410AFEF747FA84ED1B0A10BD10B52DED4C
:1001F0000A8B044694ED061A21EE011AD4ED071A73
:1002000094ED072A01EE821AD4ED081A94ED082A1B
:1002100001EE821AB7EEC11AB0EE410BFEF784FB75
:10022000B7EEC00BB0EE408A94ED060AC0EE080AA5
:10023000C4ED060A94ED070AC0EE080AC4ED070AE9
:1002400094ED080AC0EE080AC4ED080A94ED070A06
:10025000D4ED180A20EE200AD4ED080A94ED171AFE
:1002600000EEC10AB0EE40BA94ED080AD4ED160AC9
:1002700020EE200AD4ED060A94ED181A00EEC10A09
:10028000F0EE40BA94ED060AD4ED170A20EE200AEB
:10029000D4ED070A94ED161A00EEC10AB0EE40CA7A
:1002A00094ED090AD4ED010A60EE8B0A94ED021A6E
:1002B00000EE810A84ED090A94ED0A0AD4ED010AE0
:1002C00060EEAB0A94ED021A00EE810A84ED0A0A90
:1002D00094ED0B0AD4ED010A60EE8C0A94ED021A3B
:1002E00000EE810A84ED0B0A94ED090AD4ED000AB0
:1002F00000EE8B0AD4ED030A30EE200A84ED030AE7
:1003000094ED0A0AD4ED000A00EEAB0AD4ED040A1B
:1003100030EE200A84ED040A94ED0B0AD4ED000AB5
:1003200000EE8C0AD4ED050A30EE200A84ED050AB1
:1003300094ED0C0AB0EE409A94ED0D0AF0EE409A5E
:1003400094ED0E0AB0EE40AA94ED0F0AF0EE40AA2A
:1003500094ED020AF6EE000A20EE200AF0EE408A42
:1003600094ED030AF1EE690A20EE200AD4ED040AA6
:100370000AEE600AD4ED050A0AEEE00AD4ED0C0A92
:1003800040EE280AC4ED0C0A94ED030A20EE090A97
:10039000D4ED050A0AEE200AD4ED040A0AEEE00ABA
:1003A000D4ED0D0A40EE280AC4ED0D0A94ED040ABE
:1003B00020EE090AD4ED050A09EEE00AD4ED030A9D
:1003C0000AEEA00AD4ED0E0A40EE280AC4ED0E0A89
:1003D00094ED050A20EE090AD4ED040A09EEA00AFC
:1003E000D4ED030A0AEE600AD4ED0F0A40EE280AA3
:1003F000C4ED0F0A94ED0C1A21EE011AD4ED0D1A7A
:1004000094ED0D2A01EE821AD4ED0E1A94ED0E2A07
:1004100001EE821AD4ED0F1A94ED0F2A01EE821A22
:10042000B7EEC11AB0EE410BFEF77EFAB7EEC00B85
:10043000B0EE408A94ED0C0AC0EE080AC4ED0C0A36
:1004400094ED0D0AC0EE080AC4ED0D0A94ED0E0AF3
:10045000C0EE080AC4ED0E0A94ED0F0AC0EE080AB9
:10046000C4ED0F0A2046D4F880108847BDEC0A8BF3
:1004700010BD0000F5F7B8FEFBF7D6FEFBF7E2FB78
:10048000FAF7BEFFFAF768FEFBF774F8FAF79EFE7C
:10049000FAF7DCFEFBF7E0F8FAF718FFFBF71CF9B8
:1004A000FAF7F8FDFBF798F8FBF750F94FF4F07006
:1004B000F1F750FCFFF7C0FC00BF00211148F0F736
:1004C0002FFC0028F9D1012251030F48F5F774FEE3
:1004D000012291030C48F5F76FFEF1F789FDF1F762
:1004E000BFFD40F2FF7200210848F1F773FF0222BE
:1004F00007490648F2F75CFEFAF728FF00F0E0F83B
:1005000000BFFEE7CC0500240008025804030024C5
:100510000000002401460020842901D0CA1C104498
:1005200070470000F0B50B30154D20F00701002496
:10053000144A0FE003688B420BD38B4205D95E1A35
:1005400043184768C3E9006700E04368136002C0CE
:1005500004E0021D10680028ECD12046002802D1DA
:10056000286808B10020F0BD064A07481060074A15
:10057000121A22F00702C0E9002401202860D7E700
:10058000FC020024F8020024449400244096002435
:100590002DE9F04F2DED068B83B082460C46B0EE70
:1005A00040AAB0EE608AF0EE418AB0EE619AF0EEB9
:1005B000429A1FFA84FB1020B2EE091AFAEE090AD9
:1005C000B0EE4A0AFFF717FD85B20C20B3EE0E1A03
:1005D000FBEE0E0AB0EE480AFFF70DFD86B20C20C6
:1005E0009FED251ADFED250AB0EE680AFFF703FD3F
:1005F00087B20C20B1EE041ADFED200AB0EE490AF2
:10060000FFF7F9FC1FFA80F80C20B2EE041AFAEE9C
:10061000040AB0EE690AFFF7EEFC1FFA80F928120F
:100620008DF80400E8B28DF80500C6F307108DF8C8
:1006300006003007000E40EA27208DF80700F8B2C8
:100640008DF80800C8F307108DF809004FEA08700C
:10065000000E40EA29208DF80A0009F0FF008DF80D
:100660000B00082301AA59465046FEF75BFB03B076
:10067000BDEC068BBDE8F08F0000FA4300000000DF
:1006800090ED001AB4EEC01AF1EE10FA02D280ED2D
:10069000000A08E090ED001AB4EEE01AF1EE10FA4C
:1006A00001DDC0ED000A704770B5044625460DB166
:1006B000294600E00121084600F094FE002070BDAC
:1006C00010B500F0BDFE002010BDFEB504460D467D
:1006D000B4F90800FFF71EFF064602A8CDE9006046
:1006E000238A9AB22B46D4E9001000F0EFFF0128CC
:1006F00001D00020FEBD0298FCE700002DE9F0418A
:1007000005460E461C4807681C480068001D00F09E
:1007100071FD50B91948006890F82C1001208840EC
:1007200017490968814316480160681C38B936B119
:1007300012480168091D134800F09AFD1AE07C195F
:100740000E4800684460BC4207D20C480168091D8D
:100750000D48006800F072FD0CE008480168091DB2
:100760000A48006800F06AFD09480068844201D226
:1007700007480460BDE8F081CC000024B8000024E4
:10078000D0000024880B0024C0000024BC000024FA
:10079000E800002410B5044600F076FD2348006808
:1007A000401C224908602248006840B92048046083
:1007B0000846006801280DD100F020F90AE01D4824
:1007C000006838B91A480068C06AE16A884201D8EE
:1007D0001748046018480068401C1749086094F8DE
:1007E0002C10012088401549096808431349086006
:1007F000E16A01EB8101124A02EB8100211D00F048
:1008000037FD00F06BFD0B48006868B108480068D0
:10081000C06AE16A884207D24FF0805009490860F7
:10082000BFF34F8FBFF36F8F10BD0000C8000024CF
:10083000B8000024D4000024E4000024D0000024E8
:10084000AC0A002404ED00E010B516E000F01CFD39
:100850000C48C068C468201D00F0CCFC0A48006841
:10086000401E0949086009480068401E07490860A1
:1008700000F034FD204600F00BF804480068002822
:10088000E4D110BD740B0024C8000024C40000246F
:1008900010B50446206B00F03FFD204600F03CFD03
:1008A00010BD000030B54FF4F043174800F00704C6
:1008B0002CB1C01D20F00700134C041B1B1B02466B
:1008C000124C22600024114D6C60D018083820F0C2
:1008D00007000F4C206000240D4D2D686C600C4DFE
:1008E0002D682C601146441A4C60094C24680C6039
:1008F000084D4C682C60084D4C682C604FF000444B
:10090000064D2C6030BD00009C0B0024F400002438
:10091000FC00002404010024000100241001002434
:1009200000BFFFF791FF064800680128F9D94FF092
:10093000805004490860BFF34F8FBFF36F8FF0E71B
:10094000AC0A002404ED00E02DE9FF5F81460E466D
:100950009246DDE90E7B109CAAF10100216B01EBB0
:10096000800828F0070808F0070008B9012000E017
:10097000002050B900BF502080F31188BFF34F8F83
:10098000BFF36F8F00BF00BFFEE786B1002507E011
:10099000715D04F134004155705D00B902E06D1CD9
:1009A000102DF5D300BF00214320015502E00020A7
:1009B00084F83400072F00D30627E762676400201D
:1009C000A064201D00F037FC04F1180000F033FC97
:1009D0002461C7F10700A06164620020E06484F82C
:1009E000500049464046039A00F050F92060BBF1A0
:1009F000000F01D0CBF80040BDE8FF9F10B50024E8
:100A000007E004EB84010F4A02EB810000F006FCD2
:100A1000641C072CF5D30C4800F000FC0B4800F0D8
:100A2000FDFB0B4800F0FAFB0A4800F0F7FB0A4810
:100A300000F0F4FB044809490860044808490860CC
:100A400010BD0000AC0A0024380B00244C0B00241D
:100A5000600B0024740B0024880B0024BC000024CD
:100A6000C000002410B50146164800E00068036885
:100A70008B42FBD30246436813448B4204D1436844
:100A80004C682344436001460A464B68134404689B
:100A9000A34211D10C4C03682468A34208D04B68D0
:100AA0000468646823444B6003681B680B6005E0BE
:100AB000054B1B680B6001E003680B60884200D0A7
:100AC000016010BDF4000024FC0000240A490968FC
:100AD000096809B9012100E0002121B14FF0FF317F
:100AE000064A116006E004490968C968C868034AF3
:100AF0004168116070470000BC000024E800002439
:100B00000E480068401C08B9012000E0002050B9E0
:100B100000BF502080F31188BFF34F8FBFF36F8F5A
:100B200000BF00BFFEE700BF502080F31188BFF375
:100B30004F8FBFF36F8F00BF00BFFEE7140100248B
:100B40002DE9F04104464FF0000800F0BDFC494893
:100B5000006808B9FFF7A6FE474800682040002853
:100B600070D1D4B1083404F00700B0B104F007002C
:100B7000C0F10800044404F0070008B9012000E0B7
:100B8000002050B900BF502080F31188BFF34F8F71
:100B9000BFF36F8F00BF00BFFEE7002C52D0374875
:100BA000006884424ED8364E3046056801E02E4635
:100BB0002D686868A04202D228680028F7D12D4825
:100BC000006885423ED0306800F10808286830602F
:100BD0006868001B102819D92F1907F0070008B9F9
:100BE000012000E0002050B900BF502080F31188A0
:100BF000BFF34F8FBFF36F8F00BF00BFFEE7686882
:100C0000001B78606C603846FFF72CFF1B49686852
:100C10000968081A194908600846006819490968EE
:100C2000884203D21548006816490860124968686E
:100C30000968084368600020286013480068401C69
:100C40001149086000F016FE08F0070008B90120FD
:100C500000E0002050B900BF502080F31188BFF39E
:100C60004F8FBFF36F8F00BF00BFFEE74046BDE868
:100C7000F0810000FC000024100100240001002489
:100C8000F40000240401002408010024001F4FF098
:100C900080730360001F21F001030360001F054BF8
:100CA000036014380260001F6FF0020303602038F5
:100CB00070470000010B01080A784B7842EA0322D2
:100CC000C2F30A0202800288A2F5806212B2028098
:100CD0004A78D2108B7842EA4312C2F30A02428069
:100CE0004288A2F5806212B242808A789211CB7853
:100CF00042EA83020B7942EA8322C2F30A0282802B
:100D00008288A2F5806212B282800A7952104B79F1
:100D100042EAC312C2F30A02C280C288A2F580620C
:100D200012B2C2800A7C4B7C42EA0322C2F30A025E
:100D300002810289A2F5806212B202814A791211FF
:100D4000920882724A79C2F30112C272704710B5DA
:100D500000BF0120FFF7A8FCFBE7D0ED000A91EDF2
:100D6000001AF4EEC10AF1EE10FA13DDD1ED000A1B
:100D700070EE800AC1ED000AD1ED000A90ED001A74
:100D8000F4EEC10AF1EE10FA20DBD0ED000AC1ED5D
:100D9000000A1BE0D0ED000A91ED001AF4EEC10A42
:100DA000F1EE10FA12D2D1ED000A70EEC00AC1EDD8
:100DB000000AD1ED000A90ED001AF4EEC10AF1EE3E
:100DC00010FA03D8D0ED000AC1ED000A704710B543
:100DD00000EE100A2DED028BB1EEC08A18EE100A5B
:100DE00020F00040C0F1FF40C00F0AD010EE100A02
:100DF00020F00040C0F1FF40C00F04BF0120FDF70C
:100E00000BFE18EE100ABDEC028B10BD2DE9F0416F
:100E100004460D4616460027D4F88C70202F1BD1AF
:100E200005B116B90120BDE8F081A565A4F85C60A4
:100E30000020C4F89000226802F1240133462A46BB
:100E4000D4F88000F3F7ACFE2068806840F04000E2
:100E5000216888600020E6E70220E4E710B5044638
:100E60002068C06900F01000102807D120680068D1
:100E7000C0F3001010B1204600F002F810BD0000D1
:100E800010B50446102021680862C848844278D111
:100E9000D4F880000068C649884267D0D4F8800042
:100EA0000068C3491831884260D0D4F880000068D7
:100EB000BF493031884259D0D4F880000068BC491D
:100EC0004831884252D0D4F880000068B849603177
:100ED00088424BD0D4F880000068B5497831884208
:100EE00044D0D4F880000068B149903188423DD0A8
:100EF000D4F880000068AE49A831884236D0D4F8D2
:100F000080000068AB49884230D0D4F88000006887
:100F1000A8491831884229D0D4F880000068A54932
:100F20003031884222D0D4F880000068A14948318D
:100F300088421BD0D4F8800000689E496031884206
:100F400014D0D4F8800000689A49783188420DD0D6
:100F5000D4F88000006897499031884206D0D4F8D0
:100F6000800000689349A83188420BD1D4F88000F2
:100F70000068006820F00100D4F88010096808605B
:100F80000AE012E1D4F880000068006820F0010057
:100F9000D4F8801009680860D4F880100868FEF75B
:100FA000B0FFC0F13200122803D183498348FFF714
:100FB00083FED4F8800000687D49884267D0D4F869
:100FC000800000687A491831884260D0D4F88000E7
:100FD000006877493031884259D0D4F880000068E1
:100FE00073494831884252D0D4F880000068704973
:100FF000603188424BD0D4F8800000686C49783169
:10100000884244D0D4F88000006869499031884211
:101010003DD0D4F8800000686549A831884236D0B8
:10102000D4F8800000686349884230D0D4F880004A
:10103000006860491831884229D0D4F880000068DF
:101040005C493031884222D0D4F880000068594988
:10105000483188421BD0D4F880000068554960317F
:10106000884214D0D4F88000006852497831884210
:101070000DD0D4F8800000684E499031884206D0E7
:10108000D4F8800000684B49A831884205D132204D
:10109000D4F880100968486004E03220D4F8801049
:1010A00009684860D4F8800000684149884267D0E8
:1010B000D4F8800000683E491831884260D0D4F8E6
:1010C000800000683A493031884259D0D4F8800015
:1010D000006837494831884252D0D4F8800000680F
:1010E0003349603188424BD0D4F8800000683049E1
:1010F0007831884244D0D4F8800000682C4990317F
:1011000088423DD0D4F8800000682949A83188423F
:1011100036D0D4F8800000682649884230D0D4F810
:101120008000006823491831884229D0D4F8800013
:10113000006820493031884222D0D4F8800000680D
:101140001C49483188421BD0D4F8800000681949F6
:101150006031884214D0D4F8800000681549783195
:1011600088420DD0D4F8800000681249903188423E
:1011700006D0D4F8800000680E49A83188420AD110
:10118000D4F880000068006840F00100D4F88010B6
:101190000968086009E0D4F880000068006840F041
:1011A0000100D4F880100968086010BDDC07002435
:1011B0001000024010040240049400242F940024E4
:1011C000B0EE401A30EEC10AF0EE401AB0EE412AFD
:1011D00000EE100AB8EEC00A60EE212A01228A4011
:1011E000521E00EE102AB8EEC03A82EE830A30EEAC
:1011F000020A704701460A69D1E901309860D1E9D5
:10120000010358605068884201D18868506000200E
:1012100008611068401E10601068704700F10801F6
:1012200041604FF0FF31816000F10801C160016150
:1012300000210160704700210161704710B502462E
:101240000B685C1C0CB9106907E002F1080000E0B3
:101250004068446824689C42FAD944684C604C68F1
:10126000A160886041600A611468641C146010BD4C
:1012700042684A6093688B60936859609160086126
:1012800003685B1C0360704700BF502080F3118827
:10129000BFF34F8FBFF36F8F00BF0E480068401C35
:1012A0000C49086008460068012812D10A48006805
:1012B000C0B208B9012000E0002050B900BF5020A2
:1012C00080F31188BFF34F8FBFF36F8F00BF00BF54
:1012D000FEE770471401002404ED00E00D480068AB
:1012E00050B900BF502080F31188BFF34F8FBFF378
:1012F0006F8F00BF00BFFEE706480068401E05492B
:1013000008600846006820B9002080F3118800BFFB
:1013100000BF70471401002470B506463546002E04
:1013200044D0083D2C46224960680968084008B14D
:10133000012000E0002050B900BF502080F3118848
:10134000BFF34F8FBFF36F8F00BF00BFFEE7206872
:1013500008B9012000E0002050B900BF502080F300
:101360001188BFF34F8FBFF36F8F00BF00BFFEE741
:101370000F49606809680840C0B12068B0B90C49DD
:10138000606809688843606000F09EF809496068F9
:1013900009680844074908602046FFF763FB0648D0
:1013A0000068401C0449086000F064FA70BD000049
:1013B00010010024000100240C01002400204FF043
:1013C000E02108618861064800684FF47A71B0FB3B
:1013D000F1F0401E4FF0E02148610720086170479E
:1013E0002C00002470B504460025D4B112480068D2
:1013F00008B9012000E0002050B900BF502080F360
:101400001188BFF34F8FBFF36F8F00BF00BFFEE7A0
:1014100000F05AF800212046FFF770F900F02AFA90
:1014200005463DB94FF0805004490860BFF34F8F27
:10143000BFF36F8F70BD0000F000002404ED00E0EA
:101440001CB51A4800210B468022CDE9001018A1D6
:10145000194800F03BF90446012C15D100BF50207B
:1014600080F31188BFF34F8FBFF36F8F00BF4FF032
:10147000FF3012490860012011490860002011491D
:10148000086000F06FF810E0601C08B1012000E077
:10149000002050B900BF502080F31188BFF34F8F58
:1014A000BFF36F8F00BF00BFFEE71CBDEC00002440
:1014B00049444C450000000021090108E8000024CF
:1014C000D4000024CC00002402480068401C0149DC
:1014D00008607047F00000241D48006818B1012022
:1014E0001C49086032E000201A4908601A48006868
:1014F000B0FA80F0C0F11F0101EB8100174A52F8E9
:10150000200008B1012000E0002050B900BF5020A9
:1015100080F31188BFF34F8FBFF36F8F00BF00BF01
:10152000FEE701EB81020D4B03EB8200426852683B
:10153000426000F108024368934202D14268526857
:1015400042604268D268064B1A6000BF70470000D4
:10155000F0000024DC000024D0000024AC0A0024A9
:10156000B80000241CB5524800685249884201D096
:10157000012000E0002050B900BF502080F3118806
:10158000BFF34F8FBFF36F8F00BF00BFFEE7484828
:1015900000684849491E884201D0012000E000202F
:1015A00050B900BF502080F31188BFF34F8FBFF3B5
:1015B0006F8F00BF00BFFEE73F49084600780190EB
:1015C000FF200A4610700846007800909DF8000041
:1015D00000F0F0009DF80020904201D1012000E0D1
:1015E000002050B900BF502080F31188BFF34F8F07
:1015F000BFF36F8F00BF00BFFEE79DF8000000F053
:1016000050002E4A107007202D4A106009E02C4827
:101610000068401E2A4A10609DF800004006000E37
:1016200000909DF8000000F080008028EFD0244852
:101630000068C0F10700042801D1012000E000206B
:1016400050B900BF502080F31188BFF34F8FBFF314
:101650006F8F00BF00BFFEE7194800680002184AFC
:1016600010601046008800F4E0601060124A019893
:1016700010700F482030006840F470000C49203191
:1016800008600846006840F070400860FFF796FE6A
:1016900000200C490860EEF749FE0B48006840F056
:1016A000404009490860EEF72DFE00201CBD0000F7
:1016B00000ED00E071C20F4100E400E018010024D9
:1016C0001C0100241401002434EF00E02DE9FF4F39
:1016D00085B0804689461746DDE912ABB800FFF7B2
:1016E0002FFA064656B15420FFF72AFA04460CB1E9
:1016F000266304E03046FFF70FFE00E000247CB1D3
:101700000020CDE900ABCDE902403A4649464046CB
:10171000089BFFF719F92046FFF73CF8012501E087
:101720004FF0FF35284609B0BDE8F08F2DE9F041B4
:101730004FF000084448006800287CD14348006806
:10174000451C4248056015BB41480068006808B95F
:10175000012000E0002050B900BF502080F3118824
:10176000BFF34F8FBFF36F8F00BF00BFFEE7384856
:1017700007683848006836490860364807603648C8
:101780000068401C34490860FFF7A0F900BF3348E7
:10179000006885423CD300BF2D480068006808B946
:1017A000012000E0002020B14FF0FF302B490860FD
:1017B0002DE027480068C068C4686668B54202D258
:1017C0002648066023E0201DFFF714FDA06A18B12B
:1017D00004F11800FFF70EFD94F82C10012088404A
:1017E0001F49096808431E490860E16A01EB81014D
:1017F0001C4A02EB8100211DFFF73AFD1A49E06AFD
:101800000968C96A8842C7D34FF00108C4E700BF1E
:1018100015480068C06A00EB8000124951F82000AA
:10182000012801D94FF001081048006808B14FF0B5
:10183000010805E0FFE70E480068401C0C490860FD
:101840004046BDE8F0810000F0000024CC000024F8
:10185000BC000024C0000024E0000024E8000024B4
:10186000D0000024AC0A0024B8000024DC000024CE
:10187000D800002470B5002400263648006850B90E
:1018800000BF502080F31188BFF34F8FBFF36F8FDD
:1018900000BF00BFFEE7FFF7F7FC2E480068401EC0
:1018A0002C4908600846006800284FD12A48006883
:1018B00000284BD024E02948C068C46804F118000F
:1018C000FFF798FC201DFFF795FC94F82C100120E1
:1018D000884023490968084321490860E16A01EB0F
:1018E0008101204A02EB8100211DFFF7C1FC1E4946
:1018F000E06A0968C96A884202D301201B4908606E
:101900001648006808B9012000E000200028D2D065
:101910000CB1FFF7DBF81648056865B100BFFFF7AB
:1019200005FF10B10120114908606D1E002DF6D190
:1019300000200F4908600D48006838B101263007C3
:101940000C490860BFF34F8FBFF36F8FFFF7C6FCE2
:10195000304670BDF0000024C8000024600B002455
:10196000D0000024AC0A0024B8000024DC000024CD
:10197000D800002404ED00E070B5044602230022E4
:1019800019462046F8F784FF04F580741249A068D0
:1019900091E82C00C96880E82C00C1600F492068DC
:1019A000D1E901530A68C968C0E901530260C16006
:1019B0000B4D206AD5E901132A68ED68061D2AC679
:1019C0000260084D636A27CD27C3A369A4F580741C
:1019D000054D27CD27C370BD4801002458010024C0
:1019E0006801002478010024081B01084C1B010831
:1019F000E7C10008FDFF00000000000080000000BB
:101A0000401B01081DA500080300000000000000A5
:101A100000020000301B01088516000801000000CC
:101A20000000000000020000201B0108C5B70008EC
:101A3000020000000000000000020000181B010866
:101A40004F0D0108010000000000000080000000B0
:101A5000581B0108E3D10008FDFF00000000000052
:101A60000001000000061016000610160001020317
:101A700004050607080C1014182030400000000070
:101A80000000000000000000000000000000000056
:101A9000010000000200000003000000040000003C
:101AA0000000000005000000000000000000000031
:101AB0000000000006000000000000000000000020
:101AC0000000000007000000010002000400060002
:101AD00008000A000C0010002000400080000001F7
:101AE00001010103070100000804020408010101CB
:101AF00000000000010203040102030406070809B4
:101B00009A99993E8FC2F53C0000803F000000008A
:101B1000000000000000803F524546455245450008
:101B20004F4253455256455F5441534B000000000D
:101B3000434841535349535F5441534B0000000005
:101B4000494E535F5441534B000000006465666189
:101B5000756C745461736B0055695F7461736B00CD
:101B600000000000920E493CB10AC93C2BC3163D4F
:101B70002EFB483D752B7B3D04A9963D80B6AF3DBD
:101B800036BDC83D2FBCE13D73B2FA3D87CF093E5B
:101B90008340163EB5AB223EA2102F3ECF6E3B3E99
:101BA000C2C5473E0115543E135C603E7F9A6C3EB1
:101BB000CCCF783EC07D823E938E883E229A8E3E68
:101BC00032A0943E86A09A3EE59AA03E128FA63E91
:101BD000D47CAC3EEF63B23E2A44B83E491DBE3EC3
:101BE00015EFC33E53B9C93ECA7BCF3E4136D53E01
:101BF00080E8DA3E4F92E03E7533E63EBBCBEB3EEB
:101C0000EA5AF13ECBE0F63E275DFC3EE4E7003FBA
:101C10003D9C033F824B063F9BF5083F6B9A0B3F71
:101C2000DA390E3FCDD3103F2A68133FD9F6153F5E
:101C3000C07F183FC6021B3FD17F1D3FCBF61F3F21
:101C40009967223F25D2243F5636273F1594293FD6
:101C50004AEB2B3FDE3B2E3FBB85303FC9C8323FAE
:101C6000F304353F233A373F4268393F3B8F3B3FD0
:101C7000F9AE3D3F67C73F3F70D8413F01E2433F68
:101C800003E4453F65DE473F12D1493FF8BB4B3F78
:101C9000029F4D3F207A4F3F3D4D513F4918533FE2
:101CA00031DB543FE595563F5348583F6AF2593F60
:101CB0001A945B3F532D5D3F05BE5E3F2146603F5A
:101CC00097C5613F5A3C633F59AA643F880F663FFE
:101CD000D86B673F3CBF683FA7096A3F0C4B6B3F1F
:101CE0005E836C3F93B26D3F9ED86E3F73F56F3F3E
:101CF0000809713F5213723F4714733FDD0B743F65
:101D00000BFA743FC6DE753F07BA763FC58B773F47
:101D1000F853783F9812793F9DC7793F02737A3F15
:101D2000BE147B3FCDAC7B3F283B7C3FC9BF7C3F93
:101D3000AC3A7D3FCCAB7D3F23137E3FB0707E3FFE
:101D40006DC47E3F580E7F3F6D4E7F3FAB847F3F1B
:101D50000FB17F3F97D37F3F43EC7F3F11FB7F3F26
:101D60000000803F11FB7F3F43EC7F3F97D37F3FD5
:101D70000FB17F3FAB847F3F6D4E7F3F580E7F3F5B
:101D80006DC47E3FB0707E3F23137E3FCCAB7D3F62
:101D9000AC3A7D3FC9BF7C3F283B7C3FCDAC7B3F0D
:101DA000BE147B3F02737A3F9DC7793F9812793FFB
:101DB000F853783FC58B773F07BA763FC6DE753F4D
:101DC0000BFA743FDD0B743F4714733F5213723F9D
:101DD0000809713F73F56F3F9ED86E3F93B26D3F18
:101DE0005E836C3F0C4B6B3FA7096A3F3CBF683F6B
:101DF000D86B673F880F663F59AA643F5A3C633FE0
:101E000097C5613F2146603F05BE5E3F532D5D3F54
:101E10001A945B3F6AF2593F5348583FE595563F45
:101E200031DB543F4918533F3D4D513F207A4F3FDE
:101E3000029F4D3FF8BB4B3F12D1493F65DE473F04
:101E400003E4453F01E2433F70D8413F67C73F3F4E
:101E5000F9AE3D3F3B8F3B3F4268393F233A373F26
:101E6000F304353FC9C8323FBB85303FDE3B2E3FD0
:101E70004AEB2B3F1594293F5636273F25D2243F66
:101E80009967223FCBF61F3FD17F1D3FC6021B3F04
:101E9000C07F183FD9F6153F2A68133FCDD3103FB6
:101EA000DA390E3F6B9A0B3F9BF5083F824B063F9A
:101EB0003D9C033FE4E7003F275DFC3ECBE0F63E60
:101EC000EA5AF13EBBCBEB3E7533E63E4F92E03E25
:101ED00080E8DA3E4136D53ECA7BCF3E53B9C93E93
:101EE00015EFC33E491DBE3E2A44B83EEF63B23EE5
:101EF000D47CAC3E128FA63EE59AA03E86A09A3EC8
:101F000032A0943E229A8E3E938E883EC07D823EC1
:101F1000CCCF783E7F9A6C3E135C603E0115543EF8
:101F2000C2C5473ECF6E3B3EA2102F3EB5AB223E10
:101F30008340163E87CF093E73B2FA3D2FBCE13D88
:101F400036BDC83D80B6AF3D04A9963D752B7B3D9F
:101F50002EFB483D2BC3163DB10AC93C920E493CAD
:101F600000000000920E49BCB10AC9BC2BC316BDCB
:101F70002EFB48BD752B7BBD04A996BD80B6AFBDB9
:101F800036BDC8BD2FBCE1BD73B2FABD87CF09BE57
:101F9000834016BEB5AB22BEA2102FBECF6E3BBE95
:101FA000C2C547BE011554BE135C60BE7F9A6CBEAD
:101FB000CCCF78BEC07D82BE938E88BE229A8EBE64
:101FC00032A094BE86A09ABEE59AA0BE128FA6BE8D
:101FD000D47CACBEEF63B2BE2A44B8BE491DBEBEBF
:101FE00015EFC3BE53B9C9BECA7BCFBE4136D5BEFD
:101FF00080E8DABE4F92E0BE7533E6BEBBCBEBBEE7
:10200000EA5AF1BECBE0F6BE275DFCBEE4E700BFB6
:102010003D9C03BF824B06BF9BF508BF6B9A0BBF6D
:10202000DA390EBFCDD310BF2A6813BFD9F615BF5A
:10203000C07F18BFC6021BBFD17F1DBFCBF61FBF1D
:10204000996722BF25D224BF563627BF159429BFD2
:102050004AEB2BBFDE3B2EBFBB8530BFC9C832BFAA
:10206000F30435BF233A37BF426839BF3B8F3BBFCC
:10207000F9AE3DBF67C73FBF70D841BF01E243BF64
:1020800003E445BF65DE47BF12D149BFF8BB4BBF74
:10209000029F4DBF207A4FBF3D4D51BF491853BFDE
:1020A00031DB54BFE59556BF534858BF6AF259BF5C
:1020B0001A945BBF532D5DBF05BE5EBF214660BF56
:1020C00097C561BF5A3C63BF59AA64BF880F66BFFA
:1020D000D86B67BF3CBF68BFA7096ABF0C4B6BBF1B
:1020E0005E836CBF93B26DBF9ED86EBF73F56FBF3A
:1020F000080971BF521372BF471473BFDD0B74BF61
:102100000BFA74BFC6DE75BF07BA76BFC58B77BF43
:10211000F85378BF981279BF9DC779BF02737ABF11
:10212000BE147BBFCDAC7BBF283B7CBFC9BF7CBF8F
:10213000AC3A7DBFCCAB7DBF23137EBFB0707EBFFA
:102140006DC47EBF580E7FBF6D4E7FBFAB847FBF17
:102150000FB17FBF97D37FBF43EC7FBF11FB7FBF22
:10216000000080BF11FB7FBF43EC7FBF97D37FBFD1
:102170000FB17FBFAB847FBF6D4E7FBF580E7FBF57
:102180006DC47EBFB0707EBF23137EBFCCAB7DBF5E
:10219000AC3A7DBFC9BF7CBF283B7CBFCDAC7BBF09
:1021A000BE147BBF02737ABF9DC779BF981279BFF7
:1021B000F85378BFC58B77BF07BA76BFC6DE75BF49
:1021C0000BFA74BFDD0B74BF471473BF521372BF99
:1021D000080971BF73F56FBF9ED86EBF93B26DBF14
:1021E0005E836CBF0C4B6BBFA7096ABF3CBF68BF67
:1021F000D86B67BF880F66BF59AA64BF5A3C63BFDC
:1022000097C561BF214660BF05BE5EBF532D5DBF50
:102210001A945BBF6AF259BF534858BFE59556BF41
:1022200031DB54BF491853BF3D4D51BF207A4FBFDA
:10223000029F4DBFF8BB4BBF12D149BF65DE47BF00
:1022400003E445BF01E243BF70D841BF67C73FBF4A
:10225000F9AE3DBF3B8F3BBF426839BF233A37BF22
:10226000F30435BFC9C832BFBB8530BFDE3B2EBFCC
:102270004AEB2BBF159429BF563627BF25D224BF62
:10228000996722BFCBF61FBFD17F1DBFC6021BBF00
:10229000C07F18BFD9F615BF2A6813BFCDD310BFB2
:1022A000DA390EBF6B9A0BBF9BF508BF824B06BF96
:1022B0003D9C03BFE4E700BF275DFCBECBE0F6BE5C
:1022C000EA5AF1BEBBCBEBBE7533E6BE4F92E0BE21
:1022D00080E8DABE4136D5BECA7BCFBE53B9C9BE8F
:1022E00015EFC3BE491DBEBE2A44B8BEEF63B2BEE1
:1022F000D47CACBE128FA6BEE59AA0BE86A09ABEC4
:1023000032A094BE229A8EBE938E88BEC07D82BEBD
:10231000CCCF78BE7F9A6CBE135C60BE011554BEF4
:10232000C2C547BECF6E3BBEA2102FBEB5AB22BE0C
:10233000834016BE87CF09BE73B2FABD2FBCE1BD84
:1023400036BDC8BD80B6AFBD04A996BD752B7BBD9B
:102350002EFB48BD2BC316BDB10AC9BC920E49BCA9
:102360000000008084230108000000240403000012
:10237000D404000880240108040300243C9B0000CE
:1023800004EA00080124321042012C90D00304809A
:10239000093333EB3A58A08B3A291C157D04017C94
:1023A000100F0240AB034101055308065804070F04
:1023B000160810810911160A15800B16450C180114
:1023C0000D052C701770170273071AAA010110056A
:1023D0001EC3F51C416F803FA69B443B0C490489FA
:1023E0001C091010A34843890C0217037808910FA9
:1023F0007641B1BFEC4400091861546C41A3011847
:10240000409829A1F8D13F24973340E10B8740172A
:10241000B7B13F750227415DDC263FD5E7B4404D9B
:1024200015CC3E2742A441F4FD8C3F281AC0286AEF
:10243000BF2069306928982933C499400AD70141DF
:1024400061C39540A301C43FB30C2C4232551840E0
:1024500076711AC17C6132BEF1A395C239D621C012
:10246000281AC0286ABF206930692849F4137041CE
:102470002480BB4413C8423C803B450831026F01B5
:04000005080002CD20
:00000001FF
