:020000040800F2
:1000000050E10020E5030008D5B200085D94000827
:10001000A9B100083B360008D5E300080000000045
:1000200000000000000000000000000025030008A0
:10003000034F0008000000008103000895D5000868
:10004000FF030008FF030008FF030008FF03000888
:10005000FF030008FF030008054F0008FF03000826
:10006000FF0300080B4F0008114F0008FF030008B2
:10007000FF030008FF030008FF030008FF03000858
:10008000FF030008FF030008FF030008FF03000848
:100090003D360008FF030008FF030008174F000863
:1000A000FF030008FF030008FF030008FF03000828
:1000B000FF030008FF030008FF030008FF03000818
:1000C000FF030008FF030008FF030008FF03000808
:1000D000FF03000835E20008FF03000841E20008C2
:1000E000FF030008FF030008FF030008FF030008E8
:1000F000FF030008FF030008FF030008D1480008C1
:10010000FF030008FF030008FF030008FF030008C7
:10011000FF030008FF030008FF030008FF030008B7
:10012000FF0300082949000835490008FF030008BB
:10013000FF030008FF030008FF030008FF03000897
:1001400049360008FF030008FF030008FF0300080A
:10015000FF030008014E00080D4E000811E30008DF
:10016000FF030008FF030008FF030008FF03000867
:10017000FF030008FF030008FF0300080000000061
:10018000FF030008FF03000800F002F800F0BAF8CF
:100190000AA090E8000C82448344AAF10107DA45E2
:1001A00001D100F0AFF8AFF2090EBAE80F0013F07A
:1001B000010F18BFFB1A43F0010318474C960100CA
:1001C0006C96010010F8013B0A4413F0030408BFC9
:1001D00010F8014B1D1108BF10F8015B641E05D01B
:1001E00010F8016B641E01F8016BF9D1002D15D0D8
:1001F00010F8014B03F00C030C2BA1EB04040ABF15
:1002000010F8013BA4EB8314A4EB032405F10103D4
:1002100014F8016B5B1E01F8016BF9D5914238BFF0
:1002200010F8013BD1D3704700230024002500269D
:10023000103A28BF78C1FBD8520728BF30C148BF49
:100240000B6070476E2901F08182702900F073877E
:10025000662917F03F84652917F03C84672917F059
:100260003984612917F0388403681B0A28BF41F0DC
:100270008001692901F02E82642901F02B82752901
:1002800001F028826F2901F05083782900F03F8720
:10029000E92901F0EB82E42901F0E882F52901F077
:1002A000E582EF2901F04D83F82900F03E870368CD
:1002B000DB0928BF41F08001632901F065877329BC
:1002C00001F06A87E32901F07587F32901F07A8745
:1002D000002070471FB517F045FB9DE8030001F0B3
:1002E00023F901F0C9FF04000020002115F000FFF0
:1002F000401C60600020002115F0E4FEE0601FBD9E
:1003000010B510BD01F08AFF1146FFF7E3FF13F0AF
:10031000DAF802F067F803B4FFF7F2FF03BC02F06B
:100320009FF800002C4B19680868B0E8F04F80F384
:100330000988BFF36F8F4FF0000080F3118870477A
:100340000000000008480068006880F308884FF04B
:10035000000080F3148862B661B6BFF34F8FBFF31D
:100360006F8F00DF00BF00BF08ED00E0DFF80C007A
:10037000016841F470010160704700BF88ED00E042
:10038000EFF30980BFF36F8F134B1A681EF0100F45
:1003900008BF20ED108A20E9F04F106009B44FF03B
:1003A000500080F31188BFF34F8FBFF36F8F15F0AC
:1003B00079F84FF0000080F3118809BC19680868CB
:1003C000B0E8F04F1EF0100F08BFB0EC108A80F3B9
:1003D0000988BFF36F8F704780070020EFF3058017
:1003E000704700000948804709480047FEE7FEE7DC
:1003F000FEE7FEE7FEE7FEE7FEE7FEE7FEE7FEE7D5
:1004000004480549054A064B7047000061D60008BC
:100410008901000850A1002050E1002050C10020B7
:1004200050C100209FED1A1AF5EE000A40EE010AB5
:10043000BDEEE00AF5EEC00A10EE100AF1EE10FA79
:1004400038BF401E00EE100A1349F7EE001AB8EE4E
:10045000C00A30EEC00ADFED0F0A20EE200AFCEEE3
:10046000C00A10EE900AC0F3080000EE900A01EBFB
:100470008000F8EE600A90ED011A70EE600A90EDCF
:10048000000A71EEE01A21EE800A00EE810A704740
:1004900083F9223E00000044CC8C0108DFED190AEC
:1004A000B5EEC00A60EE200ABDEEE01A11EE100AA9
:1004B000F1EE10FA38BF401E00EE100A1349F7EEB5
:1004C000001AB8EEC00A30EEC00ADFED0F0A60EE87
:1004D000200ABCEEE00A10EE100AC0F3080000EE9D
:1004E000100A01EB8000B8EE400A90ED011A70EEA0
:1004F000C00A90ED000A71EEE01A21EE800A00EECB
:10050000810A704783F9223E00000044CC8C010828
:1005100070B405880E884468D1F804C05368B542A9
:1005200008D140884988884201BF11888D4251888E
:10053000884203D070BC6FF00200704705FB00F1E9
:10054000880827D094ED001ADCED000A94ED010A2A
:10055000DCED011A31EE201AD4ED020A70EE211AF8
:100560009CED020A83ED001AC3ED011A94ED031A03
:10057000DCED031A30EE800A401E71EE210A83ED95
:10058000020A04F11004C3ED030A03F110030CF195
:10059000100CD7D111F0030030D0B0F1004F30D2A1
:1005A00000282BDD211F1B1FACF1040210F0010FEE
:1005B0000AD091ED010AD2ED010A091D121D30EE9B
:1005C000200A83ED010A1B1D400817D091ED010A96
:1005D000D2ED010A401E30EE200A83ED010A91EDB2
:1005E000020AD2ED020A01F1080102F1080230EE1E
:1005F000200A83ED020A03F10803E7D170BC002052
:100600007047B4EC010A401EFCEC010A30EE200AEF
:10061000A3EC010AF5D1F1E7018042804360704705
:100620002DE9F34F84B00498406800904868019029
:100630000498B0F800E04588DFEDFE0A0020029043
:10064000B0EE600AAE4506D108884988884204BFEA
:100650007146864504D06FF0020006B0BDE8F08F09
:1006600001985FEA010C18BFB7EE001A3DD000BF39
:10067000BEEB0C0117D0B1F1004F80F01F820029B2
:1006800011DD021F11F0010F1CBFC2ED010A121D86
:100690004B1006D0C2ED010AC2ED020A08325B1E01
:1006A000F8D100EB8100BCF10102A0EC011A19D0D5
:1006B000B2F1004F80F00882002A13DD031F12F010
:1006C000010F1CBFC3ED010A1B1D511008D000BF54
:1006D000C3ED010AC3ED020A491E03F10803F7D175
:1006E00000EB8200BCF1010CC2D14FF00008039571
:1006F000002D14BFB0EE602A002000F0BF8100BFC3
:10070000009908FB05F001EB800B0199DBED002A55
:1007100001EB80000346F0EE421AC64552D9AEEB1B
:100720000802ABEB850112F0010F17D001EB850138
:1007300091ED000AB5EEC00AF1EE10FA07DDB4EE55
:10074000E10AF1EE10FA09DDF0EE401A06E0B1EE32
:10075000400AF4EEC01AF1EE10FAF5D3521031D07F
:1007600001EB850C9CED000AB5EEC00AF1EE10FA23
:1007700005DDB4EEE10AF1EE10FA09DD06E0B1EEB6
:10078000400AF4EEC01AF1EE10FA01D2F0EE401A6F
:1007900001EBC50191ED000AB5EEC00AF1EE10FAC9
:1007A00005DDB4EEE10AF1EE10FA09DD06E0B1EE86
:1007B000400AF4EEC01AF1EE10FA01D2F0EE401A3F
:1007C000521ECDD1F5EEC01AF1EE10FA00F0738191
:1007D000F5EEC02A0126F1EE10FA0099D4BFB1EE71
:1007E000620AB0EE620AB4EE610AF1EE10FA1CBFC2
:1007F000AEEB0802B2F1010C47D005FB08F201EBA9
:10080000820292ED001A00BFB0EE410A05FB06F429
:10081000B5EEC00A00EB8404F1EE10FACCBFF0EEA6
:10082000400AF1EE400AF4EE610AF1EE10FA28D126
:10083000B5EB080C11D0BCF1004F7DD2BCF1000F1C
:100840000BDD00BF92ED000AD1ED000ABCF1010CF6
:10085000E2EC010AA1EC010AF4D129000ED0B1F1B9
:10086000004F6AD2002909DD94ED000AD0ED000A9C
:10087000491EE4EC010AA0EC010AF5D10120029026
:100880000BE0761CBCF1010CBED10298012804D00B
:10089000F5EEC02AF1EE10FA7ED09BED000AB5EB22
:1008A00008009A465946064622D0B0F1004F74D24D
:1008B00000281DDD091F10F0010F06D0F0EE400AE0
:1008C00080EEA01A81ED011A091D401010D000BF62
:1008D000D1ED010A401E80EE801A81ED011A91EDE2
:1008E000021AC1EE000AC1ED020A01F10801EFD1BE
:1008F000280026D0B0F1004F7ED2002821DDAAF1D9
:10090000040110F0010F06D0D1ED010A80EE801A2B
:1009100081ED011A091D401013D000BFD1ED010A6D
:10092000401E80EE801A81ED011AD1ED020A80EEA0
:10093000801A81ED021A01E0CBE0D6E001F1080156
:10094000ECD1DDE900124FF000095FEA0E0773D029
:10095000C14504BF01EB860102EB850274D091ED25
:10096000000ADC465046330035D01C46B6F1004F35
:100970007ED2002C2FDD0B1FABF1040C16F0010F03
:100980000FD0F0EE400ADCED011AB0EE601A00EE76
:10099000E11A83ED011A01E08DE0B1E01B1D0CF1BD
:1009A000040C741015D000BFD3ED010A9CED011AA0
:1009B00040EE410AC3ED010AD3ED020A9CED021A92
:1009C0000CF1080C40EE410AC3ED020A0833641E24
:1009D000EAD101EB86012B0036D0B3F1004F72D281
:1009E000002B31DDA2F1040CAAF1040013F0010F79
:1009F0000CD0DCED010A00E08BE090ED011A001D47
:100A000040EE410ACCED010A0CF1040C5C1019D047
:100A1000DCED010A90ED011A40EE410ACCED010A2D
:100A2000DCED020A90ED021A083040EE410ACCEDEE
:100A3000020A03E0000000000DE005E0641E0CF176
:100A4000080CE5D102EB830201EB88017F1E09F15E
:100A500001097FF47DAF009808F10108001D0090A6
:100A60000398401E03907FF44BAE0299012900E0E9
:100A700058E004BF06B0BDE8F08F00BFB5EEC00A75
:100A8000F1EE10FA7FF4E9AD04990EFB05F3002BAB
:100A90004A684FF000010BD902EB810C9CED000A73
:100AA000B5EEC00AF1EE10FA02D1491C8B42F3D820
:100AB0008B427FF4D2AD6FF00400CEE5E0EC010A8A
:100AC000491EFBD1EFE538E0E0EC010A521EFBD1F4
:100AD00008E692ED000AD1ED000ABCF1010CE2EC4F
:100AE000010AA1EC010AF4D1B7E694ED000AD0EDB9
:100AF000000A491EE4EC010AA0EC010AF5D1BDE6AA
:100B0000D1ED000A401E80EE801AA1EC011AF7D147
:100B1000EEE6D3ED000A401E80EE801AA3EC011A27
:100B2000F7D10EE7BCEC011AD1ED000A5B1E40EED6
:100B3000410AE1EC010AF5D14DE7B0EC011AD2ED22
:100B4000000A5B1E40EE410AE2EC010AF5D17BE7A8
:100B50002DE9F04F82B046685368019305884788B5
:100B60004B88002000900888874201BFB2F800C07F
:100B70006545528893421EBF6FF0020002B0BDE887
:100B8000F08F9FED412A4FEA970EC7F3400B00BF4D
:100B9000DDE9000202EB800A4A6898464FF000093E
:100BA000B0EE420AB4465FEA0E0025D092ED001A7C
:100BB000DCED001A02EB8302DCED010A01EE810A92
:100BC00092ED001A02EB8302401ED2ED001A02EBF6
:100BD000830200EE810A9CED021ADCED030A000498
:100BE0000CF1100C000C01EE210A92ED001A02EB40
:100BF000830200EE810AD9D117F0030026D0ACF1B0
:100C00000404A2EB830210F0010F08D002EB830270
:100C1000D4ED010A92ED001A241D00EE810A5FEA6C
:100C20000B0013D002EB830CD4ED010A9CED001AEB
:100C300002EBC302401E00EE810AD4ED020A92EDDF
:100C4000001A04F1080400EE810AEBD109F1010059
:100C5000AAEC010A1FFA80F9486800EB8902A8F1A2
:100C600001001FFA80F8B8F1000F99D1009806EB47
:100C70008706184480B20090681E05042D0C87D1A9
:100C800002B00020BDE8F08F0000000070B40588BD
:100C90000E884468D1F804C05368B54208D1408832
:100CA0004988884201BF11888D425188884203D00B
:100CB00070BC6FF00200704705FB00F1880827D078
:100CC00094ED001ADCED000A94ED010ADCED011A46
:100CD00031EE601AD4ED020A70EE611A9CED020A40
:100CE00083ED001AC3ED011A94ED031ADCED031A2B
:100CF00030EEC00A401E71EE610A83ED020A04F173
:100D00001004C3ED030A03F110030CF1100CD7D14A
:100D100011F0030030D0B0F1004F30D200282BDDAD
:100D2000211F1B1FACF1040210F0010F0AD091ED3E
:100D3000010AD2ED010A091D121D30EE600A83ED91
:100D4000010A1B1D400817D091ED010AD2ED010ADE
:100D5000401E30EE600A83ED010A91ED020AD2EDE9
:100D6000020A01F1080102F1080230EE600A83ED87
:100D7000020A03F10803E7D170BC00207047B4EC0D
:100D8000010A401EFCEC010A30EE600AA3EC010AE5
:100D9000F5D1F1E72DE9F04F02884768B0F80280FD
:100DA0004888D1F8049082B04FF0000A164682427B
:100DB00007BF098888456FF0020002B018BFBDE880
:100DC000F08F4FEA980B02EB42000190C8F340000D
:100DD000CDF8000009EB8A01BBF1000F33D0019878
:100DE00001EB820C01EB80043B46E64601EBC205B9
:100DF0004FEA0B0093ED000A401E81ED000A93EDCF
:100E0000010A01EB02118CED000A93ED020A0CEBD2
:100E1000021C85ED000A93ED030A05EB021584ED33
:100E2000000A04EB021403F11003E3D10EEB82007D
:100E300000EB820000EB8201ABF10100504307EBB5
:100E40000B1701EB001118F0030C21D03B1FA1EB95
:100E500082011CF0010F06D093ED010A01EB820123
:100E60001B1D81ED000A009880B100BF93ED010ABF
:100E700001EB820401EBC20184ED000A93ED020A4A
:100E8000401E81ED000A03F10803EFD107EB8C0748
:100E90000AF101001FFA80FA701E0604360C99D17F
:100EA00002B00020BDE8F08F70B5064600F020FBD0
:100EB000056806F10B0020F00704B4429CBF002037
:100EC00070BD2B466A68BAB11068A04210D304F115
:100ED000080188423CBF5068586007D35168101918
:100EE00041601168091B016058601460101D70BDDD
:100EF00013465268002AE7D12146284600F000FB3D
:100F00000028DED170BD70B50446051F00F0F0FA70
:100F10000068002C14BF446870BD002C18BFAC42A0
:100F20003CBF20466468F8D301680A18AA4218BF7B
:100F3000456003D12A6805461144016028684119BB
:100F4000A1421CBF6C6070BD616869602168084483
:100F5000286070BD53EA020C00F069802DE9F04B67
:100F60004FF00006002B1FBFB3FA83F503FA05F418
:100F700024FA05F65E4012BF1643B2FA82F502FA71
:100F800005F4C5F120051EBF22FA05FC44EA0C0455
:100F9000203556EA044C4FEA144418BF641C4FF045
:100FA00000084FF00009904271EB030C39D300297F
:100FB00019BFB1FA81F701FA07F6B0FA80F700FA23
:100FC00007F6C7F120071EBF20FA07FC46EA0C0609
:100FD0002037B6FBF4FCA7EB0507103F07F01F0B0B
:100FE000CBF120060CFA0BFB2CFA06F644BFB346F5
:100FF0000026202FA4BF5E464FF0000B5BEA060CD4
:1010000008BF4FF0010B19EB0B09ABFB027C48EB5F
:101010000608C01B06FB02CC0BFB03CC71EB0C01DA
:10102000C1E70B46024641464846BDE8F08B13B582
:101030004FF000004FF00001AFF30080BDE81C400E
:10104000704700001CB50C46064B7B446946009077
:10105000204600F094FB04460020694600F0A2FB05
:1010600020461CBD5707000070B50446856900681E
:10107000C10601D5302600E02026C00707D070BD8C
:10108000D4E9012130469047206A401C20626D1E41
:10109000F6D570BD70B5044685690078C00707D1E4
:1010A00070BDD4E9012120209047206A401C2062B5
:1010B0006D1EF6D570BD0000F0B40D46018809051F
:1010C00002D5214C7C4402E01F4C7C440E340021AC
:1010D00000F1240608E002F00F071209E75D42EA7A
:1010E00003721B097754491C52EA0307F3D10278B3
:1010F0000023120704D5702D06D009B10223113444
:101100002246F0BC00F08CBA01231034F8E770B529
:1011100004460D462146106800F050FA0246294662
:101120002046BDE870400023C6E7D21D22F0070329
:10113000D3E90023C0E70368126843F0200303608B
:101140000823C3610023B7E7088401002DE9F05F9D
:10115000894604464FF0000ADFF874B1FB44C0F83A
:1011600020A02046E1688847002874D0252806D0B2
:10117000D4E901219047206A401C2062F1E7002653
:101180005F462046E16888472028054607DB312D69
:1011900005D2781910F8200C08B10643F1E7B00722
:1011A00001D526F00406C4F81CA00027C4F818A036
:1011B0002A2D09D028460EF0BDFA38B304EB870873
:1011C000303DC8F8185019E059F8041B204604EBCC
:1011D00087029161E1688847012F054618D1E069CF
:1011E000002820DA26F020061DE0D8F8180000EBD1
:1011F000800005EB40003038C8F818002046E16850
:10120000884705460EF096FA0028EED1012F0AD045
:101210002E2D08D12046E16888477F1C0546022F05
:1012200046F02006C4DBA069002803DA404246F0FD
:101230000106A061F00701D026F010066C2D0BD03E
:10124000682D09D04C2D39D06A2D35D0742D35D06C
:101250007A2D33D016E038E0E1682F4620468847E3
:10126000B842054609D16C2F26D04FF48060E16862
:10127000064320468847054604E06C2F1AD04FF4F9
:10128000807006430DB3A5F14100192802D820351E
:1012900046F400664A462946204626604E46FEF73A
:1012A000D1FF80B101280BD0F61D26F0070000F118
:1012B000080956E74020E4E78020D8E70020D6E779
:1012C00006F104094DE7284652E7206ABDE8F09F81
:1012D0009883010040EA0103024630B59B0710D114
:1012E0004FF0013400E008C208C91D1B9D4315EAF8
:1012F000C41FF8D013F0FF0102F8011B0DD01B0A28
:10130000F8E711F8013B002B02F8013B05D011F87A
:10131000013B002B02F8013BF3D130BD10B5431C5B
:1013200002E010F8011B71B18107FAD14FF00132D0
:1013300002C88C1A8C4314EAC211F9D0C01A0A06EA
:1013400003D0C01E10BDC01A10BD0A0401D0801EFB
:1013500010BD0902FCD0401E10BD032A40F23080AF
:1013600010F0030C00F0158011F8013BBCF1020FE6
:10137000624498BF11F801CB00F8013B38BF11F867
:10138000013BA2F1040298BF00F801CB38BF00F87E
:10139000013B11F0030300F02580083AC0F00880FB
:1013A00051F8043B083A51F804CBA0E80810F5E7DF
:1013B000121D5CBF51F8043B40F8043BAFF30080C2
:1013C000D20724BF11F8013B11F801CB48BF11F837
:1013D000012B24BF00F8013B00F801CB48BF00F807
:1013E000012B704710B5203AC0F00B80B1E81850BF
:1013F000203AA0E81850B1E81850A0E81850BFF4FF
:10140000F5AF5FEA027C24BFB1E81850A0E818509D
:1014100044BF18C918C0BDE810405FEA827C24BFF1
:1014200051F8043B40F8043B08BF7047D20728BF7F
:1014300031F8023B48BF11F8012B28BF20F8023BCE
:1014400048BF00F8012B704702F0FF0343EA032274
:1014500042EA024200F002B84FF000020429C0F054
:10146000128010F0030C00F01B80CCF1040CBCF1D6
:10147000020F18BF00F8012BA8BF20F8022BA1EB28
:101480000C0100F00DB85FEAC17C24BF00F8012B0D
:1014900000F8012B48BF00F8012B70474FF0000205
:1014A00000B5134694469646203922BFA0E80C505A
:1014B000A0E80C50B1F12001BFF4F7AF090728BF35
:1014C000A0E80C5048BF0CC05DF804EB890028BFB1
:1014D00040F8042B08BF704748BF20F8022B11F0DA
:1014E000804F18BF00F8012B704770477047704756
:1014F00000487047F4A0002070477047704770475D
:1015000038B504460A4600206946AFF3008000283B
:1015100008BF38BD02460099204600F025FA012098
:1015200038BD012000F072BEF8B5AFF3008005466B
:1015300000200C46102000BF0646A819A0420DD975
:10154000324669460020AFF30080070008BF00F074
:101550005DFE0098A04218BF0546C419FFF7C8FFFA
:1015600005600746F01D20F007004619284600F0E8
:101570000AF8B44208BFF8BDA21B31463868BDE87E
:10158000F84000F0F1B900210160C0E90110704796
:101590001020704710B500F0E3F9006810BD10B5D9
:1015A000044600F0DDF9046010BD09684A0501D564
:1015B00040B27047C905FCD500B2704709684A05BA
:1015C00001D5C0B27047C905FCD580B2704770B56F
:1015D0000C460546012A05D02878800600D5EA6920
:1015E000002302E0012305E05B1C934202D2E05C91
:1015F0000028F9D1A869E618C01AA861286A184419
:1016000028622846FFF730FD04E0D5E9012114F8EF
:10161000010B9047B442F8D32846FFF73BFD70BD5D
:101620002DE9F0470D4699469246044600F12408FC
:101630000168880604D5E06921F01001216000E00E
:101640000120A84201DD471B00E00027A1697A19AB
:1016500002EB0900081AA0612078C00602D42046D7
:10166000FFF702FD002608E0D4E901211AF8060080
:101670009047206A401C761C20624E45F4DB20789F
:10168000C0060AD52046FFF7EFFC06E0D4E90121A9
:1016900030209047206A401C2062381EA7F10107C5
:1016A000F4DC07E0D4E9012118F805009047206A2E
:1016B000401C2062281EA5F10105F3DC2046FFF73F
:1016C000E9FC2078000602D50220BDE8F087012061
:1016D000FBE700002DE9F04106460024106875295B
:1016E000314616A510D0FFF760FF002802DA40420D
:1016F00013A507E031688A0701D512A502E0490762
:1017000004D511A5012401E0FFF758FF00210A22AA
:1017100006F1240709E0B0FBF2FCB0FBF2F302FB98
:101720001C00303078541846491C0028F3D1234659
:101730002A463046BDE8F041FFF772BF00000000C6
:101740002D0000002B00000020000000116802683E
:10175000006A530501D508700AE0D30501D5088059
:1017600006E0130603D5C217C1E9000200E00860D5
:101770000120704701694A1C02610878704700B572
:101780008FB0CDE901310021059105497944CDE9BA
:10179000031011466846FFF7D9FC0FB000BD0000EA
:1017A000E5FFFFFF0A6802F8010B0A6070470000BE
:1017B0002DE9FF5F15468A460446DFF8AC80F84401
:1017C0000027D8E900103E46CDE9001010E03AF8B5
:1017D00016106A4602A800F0F9FC411C07D02178D7
:1017E000890603D5E269391891420DD80744761C61
:1017F0002078800602D5E069B84205DDAE42E6DB1E
:101800003AF816000028E2D1A069C01BA06120466A
:10181000FFF72AFCD8E90010CDE90010002017E0FE
:101820003AF818106A4602A800F0D0FCB0F1FF3F69
:1018300081460BD000250DF1080B05E0D4E901210C
:101840001BF8050090476D1C4D45F7D308F10100CA
:10185000B0428046E4DB206A384420622046FFF72D
:1018600019FCBDE8FF9F0000E67D01002DE9F04175
:101870008046D21D22F007020025D2E90002F52998
:1018800015A614D0011E72F1000106DA0023D0EB78
:10189000030063EB020211A608E0D8F800108B07E2
:1018A00001D50FA602E0490701D50EA60125114674
:1018B000002408F1240704E000F070F830323A55B3
:1018C000641C50EA0102F7D12B46324621464046BD
:1018D000BDE8F041FFF7A4BE000000002D000000AD
:1018E0002B0000002000000030B4002100F124048F
:1018F00008E002F00705D208303542EA4372DB08FF
:101900006554491C52EA0305F3D10468002310A270
:10191000250707D5A40600D421B1C46901230DA26F
:10192000641EC46130BCFFF77BBE10B5044621467F
:101930001068FFF743FE02462046BDE81040002332
:10194000D2E7D21D22F00701D1E90023CCE7000045
:10195000000000003000000000487047ECA00020AC
:1019600000487047ECA00020034640688C460028E1
:1019700018BF88423CBF03464068F8D31868184433
:10198000884207D00CF1030020F00700001D411A27
:10199000521A0146081D0A60FFF7B5BA30B5B0F11A
:1019A0000A024FEA900E71F100034EEA817EB0EB1D
:1019B0000E0061EB91014FEA101E4EEA017E10EB22
:1019C0000E0041EB11114FEA102E4EEA016E10EBA2
:1019D0000E0041EB11214FEA104E4EEA014E10EB82
:1019E0000E0041EB1141401841F100014FEAD000D7
:1019F00040EA41704FEAD10110EB80054FEA8104C3
:101A000044EA907444EB01046D1944EB0404521B46
:101A1000A3414FF0000348BF0A3200D530BD401C3F
:101A200041F1000130BD00001FB584B000200A9CC8
:101A300006AB04AA02A90094AFF3008018B1DDE957
:101A4000020108B010BD0348204000F0D9FC00207E
:101A50000146F6E70000207C70472DE9FF4F0C4659
:101A60001E464FF0FF378BB0D2E90001DDF86080F1
:101A70000A908A46C1F30A5505B93D460021084639
:101A800016F018F8BAF1000F00F4400005DA00EB88
:101A900080004FF4400101EA50004FEA9059B9F13B
:101AA000010F00DDB9460A9850EA4A000ED044F60C
:101AB0001050A5F2FF3545432F14B8F1000F1ED08A
:101AC0007542291E1EDDC9F100021CE0B8F1010FAC
:101AD0004FF0000001D0302103E0F24305E0215433
:101AE000401CB042FBDB30460022002121540B9900
:101AF000C1F80880C1E900200FB0BDE8F08FBD1B20
:101B00006D1CDEE74A4600DA694206A800F0F8FBE1
:101B100006AB93E8070003AB83E8070050460A9939
:101B200000F05BFD8DE80700A0F500501F38009025
:101B30000398002D0ADD42F21F014A4608440023A3
:101B400003A90390684600F0C4FF09E0A0F5005027
:101B50004A461F38002303A90390684600F0CEFFD1
:101B60008DE807000004000C03D04FF0FF3041085F
:101B700000E01046B8F1000F03D000220092154695
:101B80001EE0751E05D4FFF709FF303262556D1E49
:101B9000F9D5B3460122084302D000227F1C04E09D
:101BA0002078302801D100227F1E002A099784D096
:101BB0001DE0112D07DAFFF7F1FE303262556D1C82
:101BC00050EA0102F5D1084302D00098C8B10EE0F6
:101BD0000021681E05E0235C625C63542254401EB1
:101BE000491C8142F7DBAB46A81B401E0990002030
:101BF00004F80B000B98099AC0F80880C0E9002B84
:101C00007AE711264FF0000857E72DE9F04F884694
:101C10000446D21D22F0070191B0D1E90001CDE9BF
:101C20000A010CF0D8FB02460B98C00F01D02D2002
:101C300007E02068810701D52B2002E0202101EA7E
:101C4000C000032A099001D0072A05DB034641465C
:101C5000204600F015FB0BE12078800601D5E069F5
:101C600000E00620B8F1650F814606D0B8F1660F96
:101C700018D0B8F1670F70D131E00020B9F1110F21
:101C8000009001DB112301E009F101030AAA01A977
:101C90000CA8FFF7E2FEDDE90C70002609F1010552
:101CA000834647E001204B4600904FF000470AAAC8
:101CB00001A90CA8FFF7D1FEDDE90DB00C995D4636
:101CC000002610B909F101000D18B9EB050003D485
:101CD000C0F1FF3609F10105A5EB09002BE0B9F1D0
:101CE000010F01DA4FF001090020B9F1110F009046
:101CF000484601DD112300E003460AAA01A90CA809
:101D0000FFF7ABFEDDE90C704D46002683462078D8
:101D100000070AD4AB4500DA5D4601A8012D04DDB9
:101D2000411911F8011C302907D04F4502DA17F18B
:101D3000040F04DA012082460FE06D1EEEE7002F4B
:101D400002DCED1B3E4403E0781CA84200DD7D1C54
:101D5000B81B00F1010A4FF000472078000703D4B8
:101D6000AA4501DB4FF0FF3A0021B7F1004F0DF11A
:101D700043088DF8431024D002202B23002F01DAD2
:101D80007F422D230A21021EA0F1010000DC5FB179
:101D900097FBF1FC97FBF1F201FB1C7C17460CF161
:101DA000300C08F801CDEEE7A8F10100037021889E
:101DB000090501D5452100E06521A0F1010800F8E1
:101DC000011C09980FA9A1EB0807FF1D00B1012014
:101DD000411901EBEA70A1693844081A401EA0615C
:101DE0002078C00602D42046FFF73EF9099828B1B2
:101DF000D4E901219047206A401C20622078C00667
:101E000022D52046FFF730F91EE0002E04DBB34553
:101E100002DD01A8805D00E03020D4E90121904777
:101E2000206A401C2062761CAAF101005FEA000AC9
:101E30000AD100F021FAC0680168405CD4E90121B0
:101E40009047206A401C2062281EA5F10105DCDCB9
:101E500007E0D4E9012118F8010B9047206A401CE3
:101E60002062381EA7F10107F3DC2046FFF712F9C4
:101E7000032011B041E600002DE9F04F04460D4665
:101E8000D21D22F0070089B0D0E9009748463946B4
:101E90000CF0A1FA0246F80F01D02D2307E02068CC
:101EA000810701D52B2302E0202101EAC0038DF830
:101EB00020300BB1012000E00020032A824601D02F
:101EC000072A04DB2946204600F0DAF93FE12078B2
:101ED000800601D40D2500E0E569C7F30A560D2DF3
:101EE00049DA00214FEA175B084615F0E3FD002FA1
:101EF00000F4400007DA00EB80004FF4400100EBF3
:101F0000D07001EA60008115012901DD4FF0FF3139
:101F100000224FEA850CBCF1180F06D31346ACF132
:101F200018004FF08052C24003E04FF4801323FAB0
:101F30000CF30CF10C0CBCF1200F04D3ACF1200C11
:101F400009FA0CF001E007FA0CF000294FF0004804
:101F500001DD18B90FE00ED140450CD319EB020991
:101F60005F4121B9404502D19F4329EA0209BBEBF9
:101F7000175F00D0761C2088000502D57B48784486
:101F800002E07A487844193808AA302302F80A3067
:101F9000037C0AF10101002E0AF1020A53546A4639
:101FA00002DC4FF0300101E04FF031014FF0010849
:101FB0008DF8001002D0A6F2FF3603E059EA47017F
:101FC00000D06B4E002D02DC2178090704D54FF0BC
:101FD00002082E218DF80110C44600210BE0C7F342
:101FE00003433F01C35C491C6D1E02F808300529FC
:101FF00008F1010801DA002DF1DC00210CE000EB12
:102000001973491C1B786D1E082902F808304FEA25
:10201000091908F1010801DA002DF0DC21688B06AE
:1020200002D516E0A8F10108E04505DD02EB080342
:1020300013F8013C302BF5D0B8F1000F09DD02EBAD
:10204000080313F8013C2E2B03D1090701D4A8F192
:102050000108002D05DD3E2102F808106D1E08F173
:102060000108407C002E02F8080008F1010804DA9B
:102070002D20764202F8080002E02B2002F808002A
:102080000A214FF47A70864208F101080BDB96FBB7
:10209000F0F3303302F8083096FBF0F308F1010852
:1020A00000FB136601E0642E0CDB642096FBF0F36A
:1020B000303302F8083096FBF0F308F1010800FB1A
:1020C000136601E00A2E06DB96FBF1F0303002F8D1
:1020D000080008F1010896FBF1F001FB10603030B8
:1020E00002F80800A16908F1010808EB050202EBFB
:1020F0000A00081AA0612078C00602D42046FEF724
:10210000B3FF216A08AE01EB0A00206204E0D4E9C3
:10211000012116F8010B9047BAF1010AF7D2207895
:10212000C00602D52046FEF79FFF6E4609E016F86E
:10213000010B3E280FD0D4E901219047206A401CB2
:102140002062B8F10108F2D22046FEF7A3FF09B0E1
:102150000320BDE8F08F206A2844206203E0D4E920
:102160000121302090476D1EEBD3F8E7697701001D
:1021700002FCFFFF10B5436913B1AFF3008001E02B
:10218000FFF725FA012010BD127800F124010A7032
:1021900000224A700122EDE711684FF0FF32E9E7B3
:1021A00010B5436913B1AFF3008001E0FFF700FB06
:1021B000012010BD128800F1240182840022C28413
:1021C0000122EDE711684FF0FF32E9E770B51646DE
:1021D0000C46054600F048F8036893F80101012811
:1021E00006D0FF2C0FD8185D68B101202C7070BD8F
:1021F000D3F807013246214603F207130344284669
:10220000BDE8704018474FF0FF3070BD10B500F0CA
:10221000FFF8BDE8104000F0EEB870477546FFF7D4
:102220009BFBAE4605006946534620F007008546F5
:1022300018B020B5FEF7E4F8BDE820404FF00006E6
:102240004FF000074FF000084FF0000B21F007019E
:10225000AC46ACE8C009ACE8C009ACE8C009ACE8E1
:10226000C0098D467047000010B500F005F8001D4C
:1022700010BD00BF7D3E0100004870470CA100204A
:102280002DE9F0411F46044603260168072A01F4A0
:10229000006004DB08B116A505E016A503E008B14F
:1022A00015A500E015A521F010002060A069C01E52
:1022B000A0610FB1401EA0612046FEF7D5FE4FB1D0
:1022C000D4E9012138469047206A401C2062C01C96
:1022D000206206E0206AFAE7D4E9012115F8010B33
:1022E0009047761EF8D22046FEF7D4FEBDE8F08176
:1022F0004E414E006E616E00494E4600696E6600AA
:102300002DE9F047814616468AB0354878440DC815
:102310008DE80D0032487844801C03AC0DC884E879
:102320000D0041F69B300844372190FBF1F290FB01
:10233000F1F5A5F1800501FB12041B3C02D56442B6
:10234000012000E00020DFF898A080460027FA4432
:10235000AAF1BE0A0EE0E0070AD03246684607EB53
:10236000470101230AEB810100F0C8FB8DE807005B
:1023700064107F1C002CEED1194F7F44AE3F19E052
:10238000E80715D007EB04100DF1180A90E80E00CD
:102390008AE80E00C068F04201D1981908903246D0
:1023A000012306A903A800F0A9FB03AB83E80700FB
:1023B0006D10641C002DE3D14FF0010332466946D5
:1023C000B8F1000F03A802D000F083FB01E000F099
:1023D00095FBC9E90001C9F808200AB0BDE8F087FB
:1023E0006C74010010B50446AFF300802046BDE8D0
:1023F0001040FDF790BF002801D000F031B87047C1
:1024000010B500F04DF8BDE81040FFF7F4BF000034
:1024100010B5012805D0002103A000F027F8012005
:1024200010BD09A1F8E7000053494752544D454DEE
:102430003A204F7574206F662068656170206D6565
:102440006D6F7279000000003A2048656170206D60
:10245000656D6F727920636F727275707465640058
:1024600001491820ABBEFEE72600020070B5054604
:102470000C460A2000E06D1C00F0A8F835B1287861
:102480000028F8D102E0641C00F0A0F814B1207814
:102490000028F8D1BDE870400A2000F097B800008D
:1024A00010B5022803D0410103D50DA112E0002090
:1024B00010BD010101D50FA10CE0C10001D511A192
:1024C00008E0810001D512A104E0400001D513A16C
:1024D00000E0002115A0FFF7C9FF012010BD00009A
:1024E000496E76616C6964204F7065726174696FC2
:1024F0006E000000446976696465204279205A655F
:10250000726F00004F766572666C6F770000000096
:10251000556E646572666C6F77000000496E657871
:1025200061637420526573756C74000053494746AB
:1025300050453A2041726974686D6574696320651D
:102540007863657074696F6E3A2000004FF0013C4B
:1025500050F8042B51F8043B9A4221D1A2EB0C0312
:10256000934313EACC1317D150F8042B51F8043BD2
:102570009A4215D1A2EB0C03934313EACC130BD16F
:1025800050F8042B51F8043B9A4209D1A2EB0C03FA
:10259000934313EACC13DBD04FF00000704700BF29
:1025A000D01A01BAB1FA81F101F0180122FA01F052
:1025B000CB40C1F12001DBB2C0B2C01A2CFA01F34A
:1025C000D11A914311EAC311E6D1704708B56946A3
:1025D0008DF800000320ABBE08BD5FEA400C08BFC9
:1025E00091F0000F4FEA8C234FEAC12243EA515188
:1025F0004FEA1C5018BF00F5F0404FEA300018BFFA
:1026000041F000415FEA6C5C00F02980BCF1FF3FC3
:1026100008BF40F080407047130C06BF12044FF013
:10262000100C4FF0000C130E04BF12020CF1080C3A
:10263000130F04BF12010CF1040C930F04BF92009E
:102640000CF1020CD30F04BF52000CF1010C114627
:102650004FF00002A0F11F00A0EB0C00704711F03A
:10266000004F08BF704731F000413FF4D5AF0B0C6D
:1026700006BF09044FF0100C4FF0000C0B0E04BF06
:1026800009020CF1080C0B0F04BF09010CF1040C3A
:102690008B0F04BF89000CF1020CCB0F04BF490063
:1026A0000CF1010CCCF12003A0EB0C0022FA03F397
:1026B00002FA0CF241EA030100F10100704720F038
:1026C0007F4C80EA030023F07F47ACEB070303F560
:1026D0007C5300F0004003F1FF032DE980494FEAED
:1026E000154B09B44FEA144325EA0B4E24EA03487C
:1026F0000FF2042606EB132749083E785FEA320200
:1027000003FB0667C7F5000707FB06F64FEA5437D9
:102710004FEAD64606F1020607FB066CCCF1005CD8
:102720004FEA1C472CEA074C07FB06F40CFB06F5A6
:1027300004EB15464FEA961634BF00204FF00040D8
:102740004FEAD13706FB07FC4FEA1C4C0CFB0BF79A
:10275000D21B03FB0CF761EB07010CFB0EF7B0EB90
:10276000074072EB17420CFB08F734BFA2EB07429D
:10277000B2EB074261EB17414FEA0C444FEA910775
:1027800006FB07FC4FEA1C4C0CFB0BF7B0EBC740F9
:1027900072EB573203FB0CF734BFA2EBC742B2EB2C
:1027A000C74261EB57310CFB0EF7B0EBC70072EB81
:1027B00057720CFB08F734BFA2EBC702B2EBC7029B
:1027C00061EB5771039F4FEA816141EA921104EB7B
:1027D000CC044FEAD1374FEA826206FB07FC42EA9B
:1027E00090124FEA80604FEA1C4C0CFB0BF7D21B97
:1027F00003FB0CF761EB07010CFB0EF7B0EB074096
:1028000072EB17420CFB08F734BFA2EB0742B2EBA6
:10281000074261EB17414FEA8C554FEA910704EBF1
:102820009C2406FB07FC4FEA1C4C0CFB0BF7B0EB9F
:10283000C74072EB573203FB0CF734BFA2EBC74221
:10284000B2EBC74261EB57310CFB0EF7B0EBC700A0
:1028500072EB57720CFB08F734BFA2EBC702B2EB66
:10286000C70261EB577115EB4C254FEA816141EAD4
:1028700092114FEA82624FEAD13742EA901206FB88
:1028800007FC44F100044FEA80604FEA1C4C0CFB4B
:102890000BF7D21B03FB0CF761EB07010CFB0EF7E8
:1028A000B0EB074072EB17420CFB08F734BFA2EB0A
:1028B0000742B2EB074261EB174115EB1C154FEADB
:1028C000813141EA92414FEA823242EA90424FEA34
:1028D00080304FEA0C7644F1000448EA03434EEAA4
:1028E0000B484FF0000EB2EB080C71EB030724BF4E
:1028F000624639464EEB0E0E4FF0000B0018524167
:1029000049414BEB0B0BB2EB080C71EB03077BF16E
:10291000000B24BF624639464EEB0E0E4FF0000B03
:102920000018524149414BEB0B0BB2EB080C71EB19
:1029300003077BF1000B24BF624639464EEB0E0EB7
:1029400051EA020718BF46F0010616EB0E7655F164
:10295000000254F1000103D5BDE88901BDE80088FB
:10296000BDE88901BDE80048B619524141EB0101BB
:10297000A3F10103704780807F7E7D7C7B7A79782C
:10298000777676757473727171706F6E6E6D6C6C34
:102990006B6A6A69686867666665646463636261D6
:1029A0006160605F5F5E5E5D5D5C5C5B5B5A5A5957
:1029B00059585857575656555555545453535252C3
:1029C0005251515050504F4F4F4E4E4D4D4D4C4C1B
:1029D0004C4B4B4B4A4A4A49494948484847474764
:1029E00047464646454545444444444343434342A1
:1029F000424242414141002B9C4630D477002BD0CB
:102A00001CB54FEA370703B44FF010004FF0100128
:102A1000BAF1000F06D0BCF1000FDCBF40F0080097
:102A200040F0080115F046F80FBCBDE810400BF16E
:102A3000010BBBF1010F08BF5FEA170722BF12F1BC
:102A4000010211F101014FF0004143F1000300F0D8
:102A5000004043EA00007047F9D35708D0E746EA40
:102A6000064613F1400F4FEA16461FDD13F1200F03
:102A7000DFBF16430A46002120335B42BED0C3F1BC
:102A8000200746EA064602FA07F74FEA164646EAE4
:102A90000706C3F1200722FA03F201FA07F721FA29
:102AA00003F14FF0000342EA0702A7E746EA0206F5
:102AB00046EA06464FEA164646EA0106BCBF46EA23
:102AC0000646360C4FF000034FF000024FF00001B5
:102AD00094E72DE9804C9A46934670B491E838000B
:102AE00007C831EA400C48BF34EA430C03D5FFF76E
:102AF000E6FDFFF780FFF0BCBDE8008C2DE9804CBF
:102B00009A46934670B491E8380007C810F0804F99
:102B100008BF13F0804F03D100F005F8FFF76BFFFB
:102B2000F0BCBDE8008C20F07F4780EA030023F072
:102B30007F4C07EB0C03A3F57C5300F00040A3F19E
:102B4000FE0392F0000F00F0B38095F0000F00F04C
:102B500077802DE901494FEA11404FEA144621EAF6
:102B6000004800FB06FC24EA064708FB06F607FBC4
:102B700008F800FB07F718EB06484CEB164C4FEA39
:102B8000124B18EB07484FEA15464CEB174022EA68
:102B90000B4E0BFB06FC25EA06470EFB06F607FB71
:102BA0000EFE0BFB07F71EEB064E4CEB164C4FF0E0
:102BB00000061EEB074E4CEB174B18EB0B0840F1D1
:102BC000000018EB0E0B58EB000840F100008F1AC4
:102BD0004FF000013CBFC943661B14BFB5EB040CAA
:102BE00000213CBFC943F61B4FEA17444EEA8E0E44
:102BF00027EA04454FEA1C4704FB07622CEA074C0E
:102C000005FB07F70CFB05F604FB0CFC16EB07466F
:102C100042EB174216EB0C4642EB1C421BEB06063E
:102C200058EB0202414146EA9E0601D5BDE8018902
:102C3000B619524141EB0101A3F10103BDE801893D
:102C40004FEA14454FEA114724EA054621EA074CAA
:102C500005FB07F406FB07F70CFB06F105FB0CFC74
:102C600011EB074144EB17444FEA124711EB0C41BB
:102C700044EB1C4422EA074C05FB07F206FB07F76E
:102C80000CFB06F605FB0CFC16EB074642EB174265
:102C900016EB0C4642EB1C456A1854F1000148BF84
:102CA0007047B619524141EB0101A3F1010370478E
:102CB00095F0000F37D04FEA11424FEA144721EA4E
:102CC000024624EA074C02FB07F106FB07F70CFB60
:102CD00006F402FB0CFC14EB074441EB17414FEAEE
:102CE000154714EB0C4441EB1C4125EA074C02FB51
:102CF00007F506FB07F70CFB06F602FB0CFC16EBD0
:102D0000074645EB174516EB0C4645EB1C421219DE
:102D100051F1000148BF7047B619524141EB010122
:102D2000A3F1010370474FEA14454FEA114724EA23
:102D3000054621EA074C05FB07F106FB07F70CFBEC
:102D400006F24FF0000605FB0CFC12EB074241EBCC
:102D5000174112EB0C4251EB1C4148BF70479218CF
:102D600041EB0101A3F10103704700004A494A68A1
:102D700022F440324A604A6843681A434A60016854
:102D80004A6822F480724A6001684A68036942EA2C
:102D900003224A6001684A6822F040724A60016872
:102DA0004A6883681A434A6001688A6822F40062AC
:102DB0008A6001688A68C3681A438A60816A6FF012
:102DC0007062D14214D001688A6822F070628A6011
:102DD00001688A68836A1A438A6001688A6822F0F7
:102DE00040528A6001688A68C36A1A438A6009E0AF
:102DF00001688A6822F070628A6001688A6822F03D
:102E000040528A6001688A6822F002028A60016882
:102E10008A68037E42EA43028A6090F8201089B1F2
:102E200001684A6842F400624A6001684A6822F414
:102E300060424A6001684A68436A5B1E42EA433264
:102E40004A6004E001684A6822F400624A6001684E
:102E5000CA6A22F47002CA620168CA6A838B5B1E66
:102E600042EA0352CA6201688A6822F400728A60E8
:102E700001688A6890F8303042EA43228A6001682B
:102E80008A6822F480628A6001688A68406942EA3E
:102E90008020886070470000002301400BF0C6BA14
:102EA0000BF0BEBDFDF7BEBAF0EE400AF5EEC00A6B
:102EB000F1EE10FA02DDB0EE600A7047B1EE600A82
:102EC000FBE70000002803D09FED020A80ED000A16
:102ED0007047000000000000002803D0B3EE060A8F
:102EE00080ED000A7047000070B52DED0C8B84B0AA
:102EF00006460C4615469FED990AF0EE408A9FED76
:102F0000970AB0EE409A9FED950AF0EE40BA9FED19
:102F1000930AF0EE409A9FED910AB0EE40AA0EB1EE
:102F200004B11DB904B0BDEC0C8B70BD8C48FFF72B
:102F3000C9FF8C48FFF7D0FF8A48D0ED000A9FED0B
:102F40008A1A60EE810AB0EE600A00F025F9F0EE10
:102F5000408A28EEA80AF0EE408A8248D0ED000AA6
:102F6000B0EE001A60EE810A9FED7F1A60EE810AD2
:102F7000B0EE600A00F010F9B0EE409A29EE090AAE
:102F8000B0EE409ADFED790AB7EE000A00EEA80A2B
:102F9000DFED770A00EEC90ADFED760A20EE200A9F
:102FA000754880ED000A6E4890ED000ADFED730A67
:102FB00080EE201AB7EE000A31EE000A20EE000A79
:102FC0006D48D0ED000A80EE801A6D4880ED001A41
:102FD00094ED000AB5EEC00AF1EE10FA0DD194EDB1
:102FE000010AB5EEC00AF1EE10FA06D194ED020A1C
:102FF000B5EEC00AF1EE10FA46D09FED580AB0EED9
:10300000408A0020019002900390D4ED000A60EE07
:10301000A00A94ED011AD4ED011A41EE210A94EDB3
:10302000021AD4ED021A41EE210AB0EE600A00F055
:10303000A9F8B0EE408A94ED000A20EE080A8DED62
:10304000010A94ED010A20EE080A8DED020A94EDC2
:10305000020A20EE080A8DED030ADDED010AF1EE09
:10306000600AB0EE600AFFF719FFF0EE409A9DED9E
:10307000031AF0EE410A9DED021AB0EE410AFFF785
:103080000FFFB0EE40AA07E09FED340AF0EE409A41
:103090009FED320AB0EE40AA95ED000AB5EEC00AE7
:1030A000F1EE10FA0DD195ED010AB5EEC00AF1EE80
:1030B00010FA06D195ED020AB5EEC00AF1EE10FA4B
:1030C0003CD0B0EE690A00F067F8B0EE408AB0EE8E
:1030D000690AFFF7E7FEB0EE40DAB0EE4A0A00F008
:1030E0005BF8F0EE40AAB0EE4A0AFFF7DBFEB0EE66
:1030F00040BA28EE2A0AD5ED010A20EE200AD5EDC5
:10310000000A0DEE200A68EE0B0A95ED021A00EE99
:10311000810AB0EE40CA95ED010A20EE0B0AD5ED0A
:10312000020A0AEEE00AF0EE40CAF0EE6C0AB0EED7
:103130004C0AFFF7B5FEF0EE40BA03E09FED070A38
:10314000F0EE40BAB0EE4A1AF0EE690AB0EE6B0A41
:1031500030460DF05BFE00BFE4E60000000000001A
:10316000840800208808002035FA8E3CC1BFAD3BA2
:103170009DF8C5362F7C1C418C080020506CC24A3B
:103180009008002010B50BF084FEB7EE001AC1EED7
:10319000000AB0EE600A10BDFDF780B92DE9F041DC
:1031A0002DED028B9AB00546B0EE408A0E461746CA
:1031B000984600201790189019901490159016902A
:1031C0004DB146B13FB1B8F1000F04D0B5EEC08AA1
:1031D000F1EE10FA05D100201AB0BDEC028BBDE86B
:1031E000F08196ED000A8DED170A96ED010A8DED3E
:1031F000180A96ED020A8DED190A97ED000A8DED79
:10320000140A97ED010A8DED150A97ED020A8DED6E
:10321000160A17AA14A928460DF02CFC402104A870
:10322000FEF73CF9002000900190029003900024EA
:1032300017A904A811F02AFE00BF30E004A800EB93
:10324000041090ED000AD5ED000A20EE200A04A833
:1032500000EB0410D0ED010A95ED011A00EE810A91
:1032600004A800EB0410D0ED020A95ED021A00EE5E
:10327000810A04A800EB0410D0ED030A95ED031AAF
:1032800000EE810A20EE080AF0EE000A80EE201A15
:10329000684600EB840080ED001A601CC4B2042C68
:1032A000CCDB002410E005EB840090ED000A6846BA
:1032B00000EB8400D0ED000A30EE200A05EB84001C
:1032C00080ED000A601CC4B2042CECDB284610F030
:1032D0009BFF012080E7000001221021014803F03C
:1032E00063BD00000000024000221021014803F0ED
:1032F0005BBD000000000240704700000122114643
:10330000014803F051BD00000004024000220121E9
:10331000014803F049BD00000004024030B5437885
:1033200004781B021BB2234300EE103A1B4CB8EE8C
:10333000C00AD4ED000A20EE200A81ED000AC3780D
:1033400085781B021BB22B4300EE103AF8EEC00A40
:1033500094ED000A60EE800AC1ED010A4379047918
:103360001B021BB2234300EE903AF8EEE00A20EE77
:10337000800A81ED020A017AC3790904807941EA61
:103380000321014300EE101ADFED050AB8EE400AF2
:1033900020EE200A82ED000A30BD00005C03002010
:1033A00000401C42704710F0E7B90FF0B7B90000B9
:1033B00010B542780378120212B21A4300EE102AB6
:1033C000124BB8EEC00AD3ED010A20EE200A81EDBF
:1033D000000AC2788478120212B2224300EE102A48
:1033E000F8EEC00A93ED010A60EE800AC1ED010A11
:1033F00042790079120212B2024300EE902AF8EEEE
:10340000E00A20EE800A81ED020A10BD5C03002074
:1034100010B5FFF771FFFFF7C5FF0DF067FE08B1AC
:10342000802402E00DF0D4FD04460EF025F810B122
:1034300044F0400010BD0DF0B1FF204310BD00006E
:103440002DE9FC4104460D461646002000900190EF
:10345000FFF74AFF922000F0BFF8062269461220CB
:1034600000F09CF8FFF738FF9DF801009DF8001070
:10347000000200B2084300EE100A474FB8EEC00A3F
:10348000D7ED000A20EE200A85ED000A9DF8030022
:103490009DF80210000200B2084300EE100AF8EE98
:1034A000C00A97ED000A60EE800AC5ED010A9DF89A
:1034B00005009DF80410000200B2084300EE900AD7
:1034C000F8EEE00A20EE800A85ED020AFFF71EFF03
:1034D00008226946002000F061F8FFF70FFF9DF811
:1034E00000000F2830D19DF803009DF80210000263
:1034F00000B2084300EE100AD7ED010AB8EEC00A88
:1035000020EE200A84ED000A9DF805009DF80410C5
:10351000000200B2084300EE100AF8EEC00A97ED70
:10352000010A60EE800AC4ED010A9DF807009DF8CB
:103530000610000200B2084300EE900AF8EEE00A1E
:1035400020EE800A84ED020AFFF7CEFEA22000F0F2
:1035500043F802226946222000F020F8FFF7BCFE63
:103560009DF800009DF80110C00040EA5110B0F530
:10357000806F02DBA0F5006000B200EE100AB4EE2E
:10358000001AF8EEC00AB3EE070A00EE810A86EDD3
:10359000000ABDE8FC8100005C03002070B50D4608
:1035A000144640F0800000F017F806E0552000F0C7
:1035B00013F805F8010B641EE4B2002CF6D170BDBF
:1035C00010B50C4640F0800000F006F8552000F0E1
:1035D00003F8207010BD000001B582B04FF47A707E
:1035E0000090012301AA02A9024804F085FE9DF87B
:1035F00004000EBD3811002002784078D20042EA63
:103600005010B0F5806F02DBA0F5006000B200EE54
:10361000100AB4EE001AF8EEC00AB3EE070A00EE84
:10362000810A81ED000A704710B50C46FFF7D4FF00
:103630002046BDE81040FFF7CFBFFEE7014802F08B
:10364000A4BB0000CC0F0020014802F09EBB00008C
:10365000F40F002008B5012300930F4B18600020E1
:103660009860D860082018610C4800688268520190
:103670000AD48268120102D50220009004E080681A
:10368000C00001D5042000900A466B460249034859
:1036900002F0B4F908BD0000D4200020CC0F0020B7
:1036A0002DE9F04704462DED048B84B04FF001085E
:1036B000CDF80C80DFED4F8A4FF0000A10EE100AB3
:1036C0004D49884202D3BBEE028A09E010EE100A8F
:1036D0004A49884202DBB3EE028A01E0B0EE408A3A
:1036E00010209FED471ADFED470AB0EE680A0FF091
:1036F000FAF805460C209FED441ADFED440AB0EEBF
:10370000680A0FF0F0F806460C209FED411AB0EE63
:10371000689AB0EE680AF0EE490A0FF0E4F807463E
:103720000C20B1EE041AF0EE490AB0EE680A0FF070
:10373000DAF881460C20B3EE021AFBEE020AB0EE74
:10374000480A0FF0D0F83349012C06D0022C07D0DC
:10375000032C08D0042C0BD108E081ED028A07E08D
:1037600081ED038A04E081ED048A01E081ED058AA0
:10377000290A8DF804108DF8055031098DF80610CE
:10378000310141EA17218DF807108DF808704FEAD2
:1037900019118DF809104FEA091141EA10218DF82D
:1037A0000A108DF80B001C480460C0F808A0C0F88F
:1037B0000CA008210161194800688168490102D5FF
:1037C000CDF80C800AE08168090102D5022003903F
:1037D00004E08068C00001D50420039003AB01AA77
:1037E0000D490E4802F00AF904B0BDEC048BBDE8A7
:1037F000F087000000000000000090C10000904130
:103800000000BF420000BFC200003442000034C2CA
:103810000000FA43B8010020D4200020CC0F002083
:103820000FB581B014484FF4207101600021816010
:10383000C1600821016111489DF8041001709DF8D4
:10384000051041709DF8081081709DF80910C17035
:103850009DF80C1001719DF80D1041719DF810102C
:1038600081719DF81110C17102466B4602490448EE
:1038700002F0C4F805B000BDD4200020D80100201B
:10388000F40F002038B50E4C40F2FF1525600025DE
:10389000A560E560082525610A4C050A2570607061
:1038A000080AA070E170100A20716271180AA071F4
:1038B000E3716B4622460249034802F09FF838BD87
:1038C000BC200020D0010020F40F00202DE9F041A1
:1038D00004462DED028B0125A0780026032838D15F
:1038E0002079062835D0206C13F086FF41EC100BB0
:1038F0000BF022FA9FED511B51EC100B53EC112BE6
:1039000013F01BFB01D8A57423E0D4F8540113F085
:1039100073FF41EC100B0BF00FFA9FED4A1B51ECBB
:10392000100B53EC112B13F02DF912D2206C13F065
:1039300063FF41EC100B0BF0FFF99FED441B51ECC2
:10394000100B53EC112B13F01DF902D2A07C00B127
:10395000A674204609F068FD207A052815D00428B1
:1039600013D03C4AD4F8F4013B4B3C4F3C499042C5
:1039700003DCD4F89CC09C4505DCD4F89CC0BC4555
:1039800006DB884204DC657303E0E673667311E0CE
:103990006673D4F8F801904203DCD4F8A4209A426C
:1039A00005DCD4F8A420BA4203DD884201DCE573CB
:1039B00000E0E673A07C012809D1A17B09B1217C3C
:1039C00029B9617B012936D0E17B012933D0012857
:1039D00000D06674607C234F08B1E6736673386A62
:1039E00013F00AFF41EC180BD4F8540113F004FF54
:1039F00041EC100B0BF0A0F953EC182B51EC100B11
:103A000013F09BFA13D2786A13F0F6FE41EC180B10
:103A1000206D13F0F1FE41EC100B0BF08DF953EC1F
:103A2000182B51EC100B13F088FA00D2E575BDECA1
:103A3000028BBDE8F0816574CCE700000000000057
:103A40000000D03F000000000000E03F000000A0A8
:103A50009999B93F00002041B81E053EC3F5A83E24
:103A60000000A0413C0000202DE9F04104462DED6E
:103A70000A8B20789FEDFE9A012823D0204606F07D
:103A8000B5FDE17BFB4E01292CD0607B012829D0BC
:103A9000A07A38B3D6ED0A0A94ED110A06F1A00017
:103AA000B1EE601AB4EEC10AF1EE10FA1FD2D4EDF5
:103AB000200A30EEC00AD0ED000A20EE200A86ED82
:103AC0001B0A26E084ED6F9A84ED709A84ED609A6B
:103AD00084ED619A84ED629A84ED639ABDEC0A8B61
:103AE000BDE8F08184ED699A84ED689A41E0B4EE16
:103AF000E00AF1EE10FA0ADDD4ED200A30EEC00A39
:103B0000D0ED000A20EE200A86ED1B0A01E086EDCA
:103B10001B9AD6ED0B0A94ED160AB1EE601AB4EEBC
:103B2000C10AF1EE10FA08D2D0ED010AB1EE400A56
:103B300020EE800A86ED1C0A0FE0B4EEE00AF1EEFA
:103B400010FA08DDD0ED010AB1EE400A20EE800A3D
:103B500086ED1C0A01E086ED1C9A96ED1B0AD6ED57
:103B60001C0A30EE200A84ED690AB1EE400A84EDA9
:103B7000680A207AF3EE049A04287DD00528FCD048
:103B8000BC4F20799837022877D004F58F6004F570
:103B9000986804F58065012970D0617B0129FBD00C
:103BA000A17804296BD0D4ED250A94ED270A07F0FB
:103BB00053FD95ED260A30EE290A84ED6F0AD4ED07
:103BC000260A94ED290A404607F046FD95ED380A8D
:103BD00030EE290A84ED700A207AA74D05287CD0A2
:103BE000207906287AD0A07A002878D0A0780428F6
:103BF000FBD094ED3E0AD4ED3C0A94ED441AD4ED8A
:103C0000151A30EE600AD5ED180A20EE200AD5ED1F
:103C1000190A00EE810AD4ED1F0A94ED101A70EE15
:103C2000C10A95ED1C1A01EE600A94ED221A71EE9C
:103C3000611A95ED1D1A01EE610A84ED600A94ED9A
:103C4000520A94ED511A30EE412A95ED140A94ED82
:103C5000551A62EE003A94ED560A70EE412A95ED3F
:103C6000150A94ED0F1A40EE223A94ED1E0A30EE3A
:103C7000413A95ED160A03E032E158E178E1BFE1FF
:103C800040EE033A94ED210A94ED141AD5ED174A4B
:103C900030EE414A44EE843AC4ED623AD4ED423A01
:103CA00094ED404AD4ED454A73EEC43A95ED244A6A
:103CB00063EE843A95ED254A44EE243A95ED264A82
:103CC00044EE603AD5ED270A50EEA13AC4ED613AD0
:103CD000D5ED1E0A62EE200A02E0B2E1DCE1E4E189
:103CE000D5ED1F1A31EE400A95ED211A41EEA20AD8
:103CF000D5ED201A41EE830A51EE000AC4ED630AA5
:103D000020799FED5E8B06287DD0F83495ED050A6D
:103D1000D4ED060A14ED021A14ED1CCAF1EE600A85
:103D200054ED29CA20EE200AD4ED000A70EEC10A33
:103D300095ED041A01EE600A54ED1F0A14ED2E1AD7
:103D400070EEC1BAD5ED080A95ED091A00EEEB0A3E
:103D50007CEE6C0A01EE200A10EE100A13F04CFD06
:103D600053EC182B12F04AFF12F0E4F9206794ED9F
:103D7000140AD4ED130A94ED171A30EE609A95EDFB
:103D8000000AD4ED180AB1EE400A30EEC1AA29EEBD
:103D9000000AD5ED010A14ED2F1A00EECA0A54EDFF
:103DA000200A70EEC1AAD5ED020A14ED2A1A00EE1F
:103DB000EA0A54ED1D0A30EEC1BAD5ED030A00EE51
:103DC000CB0A10EE100A13F017FD53EC182B12F06B
:103DD00015FF12F0AFF9A067D4ED070A95ED110AAF
:103DE00094ED021AF1EE600A20EE200AD4ED040AE6
:103DF00070EEC10A95ED101A01EE600AD5ED120AB7
:103E000000EEEB0A00E059E17CEECC0A95ED131AC6
:103E100011EE200A10EE100A13F0EEFC53EC182BF2
:103E200012F0ECFE12F086F9606795ED0A0AD5ED06
:103E30000B0AB1EE400A29EE000A00EECA0AD5EDDF
:103E40000C0A00EEEA0AD5ED0D0A10EE8B0A10EE10
:103E5000100A13F0D1FC53EC182B12F0CFFE12F025
:103E600069F9E067F83C94ED510AD4ED520A09E093
:103E7000000000003C000020583A0020D1915CFE78
:103E8000434A534030EE601A86ED121A94ED560AFA
:103E9000D4ED550A70EE600AC6ED130A94ED0F0AD0
:103EA000D4ED1E1A30EE610A86ED140AD4ED141A10
:103EB00094ED212A71EEC21AC6ED151A86ED161A76
:103EC000C6ED170A86ED180AC6ED191A204605F048
:103ED0008BFFE07B01287CD0607B0128FBD033E1A5
:103EE00094ED250AD4ED270AB34894ED331A30EE49
:103EF000600AD0ED000A20EE200AD0ED010A00EEA3
:103F0000C10A84ED6F0A94ED260AD4ED290A08301F
:103F100094ED341A30EE600AD0ED000A20EE200A4B
:103F2000D0ED010A00EEC10A84ED700A54E694ED6A
:103F3000250AD4ED270AD4ED2B1A70EE600A97ED0E
:103F4000000A20EE801AD7ED010A00EEE11A84ED96
:103F50006F1A94ED261AD4ED291A31EE611A21EE6A
:103F6000000A94ED2C1A00EEC10A84ED700A33E6C3
:103F7000617B01291CD0D4ED250A94ED270A07F0B6
:103F80006BFB95ED260A30EE290A84ED6F0AE07B83
:103F9000012822D0D4ED260A94ED290A404607F0E4
:103FA0005BFB95ED380A30EE290A84ED700A13E6C2
:103FB00094ED250AD4ED270A94ED2B1A30EE600A11
:103FC000D7ED000A20EE200AD7ED010A00EEC10A63
:103FD00000E0B6E084ED6F0AD9E794ED260AD4ED4F
:103FE000290A94ED2C1A30EE600AD7ED000A20EE73
:103FF000200AD7ED010A00EEC10A84ED700AEBE554
:1040000094ED250AD4ED270AD4ED2B1A70EE600A40
:1040100097ED000A20EE801AD7ED010A00EEE11AB2
:1040200084ED6F1A94ED261AD4ED291A31EE611A37
:1040300021EE000A94ED2C1A00EEC10A84ED700AFC
:10404000CAE594ED3E0AD4ED3C0A94ED441A30EEF4
:10405000600AD5ED180A20EE200AD5ED190A00EE07
:10406000810A84ED600AD4ED450A95ED250A94EDA8
:10407000401AF1EE600A20EE200AD4ED420A70EEFA
:10408000C10A95ED241A01EE600A84ED610A84EDFF
:10409000629A84ED639A33E684ED639A84ED619AC3
:1040A00084ED629A84ED609A2AE684ED639A84ED49
:1040B000619A84ED629A84ED609A21E684ED5A9AC1
:1040C00084ED5B9A94ED520AD4ED550A96ED02AA5E
:1040D00094ED0F1A30EE609AD4ED560AB1EE4A0A0A
:1040E00096ED03BA29EE000A70EEC1AAD4ED14BA17
:1040F00096ED04CA0BEE6A0A0CEE2B0ABDEEC00A5E
:1041000010EE100A12F006FD53EC182B12F076FD9B
:1041100012F010F8C4F870012AEE8B0A0AEE490A70
:104120001CEE2B0ABDEEC00A10EE100A12F0F2FCD3
:1041300053EC182B12F062FD11F0FCFFC4F874016F
:1041400091E620460EF01CFE1C49D4F87001DFED0C
:104150001C0A1C4A9FED1C0A884202DDC4ED5C0A61
:1041600003E0904201D984ED5C0AD4F874018842DE
:1041700002DDC4ED5D0A03E0904201D984ED5D0AE1
:10418000124AD4F888011249BBEE040A904202DDBB
:10419000C4ED629A03E0884201D984ED620AD4F842
:1041A0008C01904202DDC4ED639A97E48842FCD909
:1041B00084ED630A92E40000C400002000204B4616
:1041C00000204B4600204BC600204BC60000A041FB
:1041D0000000A0C170B504462DED0A8B01212046D8
:1041E000D4ED3C0A94ED270A0EF090FC84ED8B0A86
:1041F000D4ED3C0A94ED270A032120460EF086FCFC
:1042000084ED8C0AD4ED3C0A94ED270A0221204665
:104210000EF07CFC84ED8D0AD4ED3C0A94ED270A67
:10422000042120460EF072FC84ED8E0AD4ED400A83
:1042300094ED290A012120460EF068FC84ED8F0AD6
:10424000D4ED400A94ED290A032120460EF05EFCCD
:1042500084ED900AD4ED400A94ED290A022120460B
:104260000EF054FC84ED910AD4ED400A94ED290A35
:10427000042120460EF04AFC84ED920AD4ED5A0A3D
:1042800094ED5C1A70EE810AC4ED5E0A94ED5B1A3F
:10429000D4ED5D1A31EE211A84ED5F1A04F58065C4
:1042A000C5EDB40A85EDC01A10EE900AF64ADFEDAE
:1042B000F71AF7499FEDF72A904202DDC5EDB41ACF
:1042C00005E010EE900A884201D985EDB42A11EE7E
:1042D000100A904202DDC5EDC01A05E011EE100A89
:1042E000884201D985EDC02AD4ED600A94ED621AA6
:1042F00070EE812AC4ED662AD4ED610A94ED631A4A
:1043000070EE811AC4ED671AD4ED6F0A94ED681A45
:1043100030EE812A84ED732AD4ED700A94ED691A87
:1043200030EE811A84ED741AD4ED8D0AF1EE600A34
:1043300062EEA00AC4ED6C0A94ED8E3A22EE833A46
:1043400084ED6D3AD4ED912AF1EE622A61EEA23A43
:10435000C4ED6A3A21EE804A84ED6B4A94ED8B0AF3
:1043600062EE001AC4ED791A94ED8C0AB1EE400A9F
:1043700022EE002A84ED7A2A94ED8F0AB1EE400AEB
:1043800061EE002AC4ED772A94ED900A21EE001A1E
:1043900084ED781A9FEDC00ADFEDC04AF4EEC00A42
:1043A000F1EE10FA02DD84ED6C0A06E0F4EEE40AA8
:1043B000F1EE10FA01D2C4ED6C4AB4EEC03AF1EE5F
:1043C00010FA02DD84ED6D0A06E0B4EEE43AF1EE97
:1043D00010FA01D2C4ED6D4AF4EEC03AF1EE10FAD3
:1043E00002DD84ED6A0A06E0F4EEE43AF1EE10FA3A
:1043F00001D2C4ED6A4AB4EEC04AF1EE10FA02DD11
:1044000084ED6B0A06E0B4EEE44AF1EE10FA01D254
:10441000C4ED6B4A11EE902AA149A248B3EE0E0AF0
:10442000FBEE0E0A8A4202DD84ED790A05E011EE08
:10443000902A824201D9C4ED790A12EE102A8A42EA
:1044400002DD84ED7A0A05E012EE102A824201D9DB
:10445000C4ED7A0A12EE902A8A4202DD84ED770AD0
:1044600005E012EE902A824201D9C4ED770A11EEDE
:10447000102A9FED8DAB9FED8EBBF9EE04CA9FED28
:104480008E9BB1EE04CA9FED8E8ADFED8E8A8A4242
:1044900002DD84ED780A05E011EE101A814201D99F
:1044A000C4ED780A94ED6C0AD4ED790A30EE200A56
:1044B00085ED890A94ED6D0AD4ED7A0A30EE200A72
:1044C00085ED930A94ED6A0AD4ED770A30EE200A5E
:1044D00085ED9D0A94ED6B0AD4ED780A30EE200A42
:1044E00085EDA70AD4F80C06406813F085F941EC75
:1044F000100B0AF021FC53EC1A2B51EC100B12F0AC
:104500001CFD04D885ED8BCA85ED8C8A1AE0D4F8A1
:104510000C06406813F070F941EC100B0AF00CFC2B
:104520009FED691B51EC100B53EC112B12F02AFB81
:1045300004D8C5ED8B8AC5ED8CCA03E0C5ED8B8A26
:1045400085ED8C8AD4F85C06406813F055F941EC8F
:10455000100B0AF0F1FB53EC1B2B51EC100B12F07B
:1045600011FB04D8C5ED9F8A85EDA08A18E0D4F828
:104570005C06406813F040F941EC100B0AF0DCFBDC
:1045800053EC192B51EC100B12F0D7FC04D885ED2D
:104590009FCA85EDA08A03E0C5ED9F8A85EDA08ABC
:1045A000D4F83406406813F027F941EC100B0AF0F8
:1045B000C3FB53EC1B2B51EC100B12F0E3FA04D8A5
:1045C000C5ED958AC5ED96CA18E0D4F83406406862
:1045D00013F012F941EC100B0AF0AEFB53EC192B5F
:1045E00051EC100B12F0A9FC04D885ED95CA85EDAD
:1045F000968A03E0C5ED958A85ED968AD4F88406FF
:10460000406813F0F9F841EC100B0AF095FB53ECFD
:104610001A2B51EC100B12F090FC04D885EDA9CAAE
:1046200085EDAA8A18E0D4F88406406813F0E4F80F
:1046300041EC100B0AF080FB53EC192B51EC100BE2
:1046400012F07BFC04D8C5EDA98AC5EDAACA03E027
:10465000C5EDA98A85EDAA8A1D4AD5F824029FEDE9
:104660001D0A1D49DFED1D0A904202D985ED890A18
:1046700003E0884201DDC5ED890AD5F84C0290427D
:104680002ED985ED930A2FE000FC7F4600FC7F4683
:1046900000FC7FC600FC7FC60000FA440000FAC49C
:1046A0000000F0410000F0C10000000000003E40AA
:1046B0000000000000003EC000000000000051406B
:1046C000000048C30000484300000000000051C043
:1046D0000000C8C30000C8C30000C8430000C843AE
:1046E000884201DDC5ED930AD5F87402904202D9E3
:1046F00085ED9D0A03E0884201DDC5ED9D0AD5F8F0
:104700009C02904204D985EDA70ABDEC0A8B70BDCE
:104710008842FADDC5EDA70AF7E7000070B5044648
:104720002DED088B9FED5D8B9FED5EBA9FED5E9B3F
:104730009FED5FAB604D002C27D094ED270A30EE43
:104740004B0A10EE100A13F057F841EC100B0AF068
:10475000F3FA53EC182B51EC100B12F013FA18D299
:1047600094ED290A30EE4B0A10EE100A13F044F8CB
:1047700041EC100B0AF0E0FA53EC182B51EC100B43
:1047800012F000FA05D2012004E00020BDEC088BF5
:1047900070BD002068709FED498A94ED3C0A30EEB0
:1047A000480A10EE100A13F027F841EC100B0AF03B
:1047B000C3FA53EC192B51EC100B12F0E3F914D29D
:1047C00094ED400A30EE480A10EE100A13F014F887
:1047D00041EC100B0AF0B0FA53EC192B51EC100B12
:1047E00012F0D0F901D2012000E00020A870D4F826
:1047F000100113F001F841EC100B0AF09DFA53EC94
:104800001A2B51EC100B12F0BDF910D2D4F8140190
:1048100012F0F2FF41EC100B0AF08EFA53EC1A2B57
:1048200051EC100B12F0AEF901D2012000E0002093
:10483000E8709FED238B206C12F0DEFF41EC100B33
:104840000AF07AFA53EC182B51EC100B12F09AF98B
:1048500001D2012000E000202871607B08B9E07BD4
:10486000A0B1002068719FED188BD4F8540112F0AC
:10487000C3FF41EC100B0AF05FFA53EC182B51EC1C
:10488000100B12F05AFB03D2012002E00120E9E7ED
:104890000020A8710120E87178E7000000000040C6
:1048A000E17AA43F9A99193E000000E051B89E3F7A
:1048B000000000000000E03F3C00002084B8323ED1
:1048C00000000000BADAC23F000000A09999C93F79
:1048D00010B5124A506800011FD5114B114C4FF012
:1048E0000061586B0068A04203D90E484C38016043
:1048F0000EE00A4CB834A04203D90A48503801608F
:1049000006E0064C5834A04201D9D16000E0916025
:104910001868016841F40071016010BD0060024038
:104920007010002058640240014801F02BBF0000C5
:10493000981500202DE9F05FFA48FB4AFA4DC06C4B
:10494000FA4EF94F0068DFF8E4C3DFF8DC83DFF8E4
:10495000DC93DFF8D4A3DFF8D4B3DFF8CCE3F34C77
:10496000483D60361837D1140CF1180CA8F1300806
:1049700009F178090AF1300A0BF1300BAEF1180E8B
:1049800090423ED9E84A543A1368A04201D120220D
:1049900035E0A84201D1202231E0B04201D12022ED
:1049A0002DE0B84201D1202229E0604501D10A461C
:1049B00025E0404501D10A4621E0484501D10A469B
:1049C0001DE0504501D10A4619E0584502D14FF487
:1049D000001214E0704502D14FF400120FE0D34AE8
:1049E0009032904202D14FF4001208E0CE4A483291
:1049F000904202D14FF4001201E04FF000621340E8
:104A0000C3E0CA4AA83290423ED9C74A583A13680E
:104A1000A04201D1202235E0A84201D1202231E07C
:104A2000B04201D120222DE0B84201D1202229E05C
:104A3000604501D10A4625E0404501D10A4621E002
:104A4000484501D10A461DE0504501D10A4619E00A
:104A5000584502D14FF4001214E0704502D14FF4D2
:104A600000120FE0B14A9032904202D14FF400128E
:104A700008E0AD4A4832904202D14FF4001201E002
:104A80004FF00062134080E0A84A483290423ED97D
:104A9000A64A103A5368A04201D1202235E0A8422C
:104AA00001D1202231E0B04201D120222DE0B842D4
:104AB00001D1202229E0604501D10A4625E0404588
:104AC00001D10A4621E0484501D10A461DE0504582
:104AD00001D10A4619E0584502D14FF4001214E002
:104AE000704502D14FF400120FE0904A903290428C
:104AF00002D14FF4001208E08B4A4832904202D1B2
:104B00004FF4001201E04FF0006213403DE0874A8D
:104B1000103A1368A04201D1202235E0A84201D109
:104B2000202231E0B04201D120222DE0B84201D153
:104B3000202229E0604501D10A4625E0404501D107
:104B40000A4621E0484501D10A461DE0504501D101
:104B50000A4619E0584502D14FF4001214E070459E
:104B600002D14FF400120FE0704A9032904202D10D
:104B70004FF4001208E06C4A4832904202D14FF4E0
:104B8000001201E04FF000621340002B72D0664A21
:104B9000904235D9A04201D120212DE0A84201D177
:104BA000202129E0B04201D1202125E0B84201D1E5
:104BB000202121E060451FD040451DD048451BD035
:104BC000504519D0584502D14FF4001114E07045FA
:104BD00002D14FF400110FE054499031884202D1C4
:104BE0004FF4001108E050494831884202D14FF497
:104BF000001101E04FF000614B484C380160ADE01E
:104C00004A4AA832904236D9A04201D120212DE053
:104C1000A84201D1202129E0B04201D1202125E084
:104C2000B84201D1202121E060451FD040451DD070
:104C300048451BD0504519D0584502D14FF40011BA
:104C400014E0704502D14FF400110FE03749903164
:104C5000884202D14FF4001108E0334948318842BC
:104C600002D14FF4001101E04FF000612E4850389E
:104C7000016073E0B6E02D4A4832904235D9A04237
:104C800001D120212DE0A84201D1202129E0B0420C
:104C900001D1202125E0B84201D1202121E0604549
:104CA0001FD040451DD048451BD0504519D0584510
:104CB00002D14FF4001114E0704502D14FF40011FD
:104CC0000FE01A499031884202D14FF4001108E0F8
:104CD00015494831884202D14FF4001101E04FF0EC
:104CE000006112481038C16038E0A04201D1202193
:104CF00031E0A84201D120212DE0B04201D1202194
:104D000029E0B84201D1202125E0604523D040456B
:104D100021D048451FD050451DD0584508D14FF4EB
:104D2000001118E038110020586402401060024061
:104D3000704502D14FF400110DE02B49884202D199
:104D40004FF4001107E02949884202D14FF40011C5
:104D500001E04FF000612448A0388160244C2078A5
:104D600080070CD5207820F002002070207840F0D9
:104D700004002070012211461E4802F015F86078E8
:104D80001D4D80070CD5607820F0020060706078BF
:104D900040F00400607001221021284602F004F85F
:104DA000A07880070CD5A07820F00200A070A07831
:104DB00040F00400A07001221021284601F0F4FF09
:104DC0000EF092F8207840070CD5207820F00400EF
:104DD0002070207840F0080020700848016841F0F9
:104DE00001010160BDE8F09FA0600240A0640240A4
:104DF000E80000200004024000000240103C014096
:104E0000014801F0BFBC0000F8150020014801F086
:104E1000B9BC0000D814002001680A4BCAB2103A8D
:104E2000A3FB02321209084B9B5CC365032A04D919
:104E30006FF30901091D816502E06FF309018165C6
:104E4000806D7047ABAAAAAAB68901080146002066
:104E50008A6A8B69002B0FD0B3F5005F1DD08AB32F
:104E6000012A30D0022A2ED0032A04D1C96A11F0B7
:104E7000807F00D0012070471AB1012A07D0022A92
:104E8000F9D1C96A11F0807FF5D001207047C96A55
:104E9000B1F1C07FFAD1012070475AB1012A0BD07D
:104EA000022A07D0032AF7D1C96AB1F1C07FF3D132
:104EB0000120704701207047C96A11F0807FFAD045
:104EC00001207047FFE70120704710B4D0F800C000
:104ED000DCF8004024F48024CCF80040D0F800C076
:104EE000CCF804308368402B05D0036899600068D3
:104EF000C26010BC704703689A600068C16010BC53
:104F000070477047012001F02DBE082001F02ABE35
:104F1000102001F027BE202001F024BE70470000C1
:104F20002DE9F0412DED048B00285BD001231A46BA
:104F300002212E4804F086FF2C4900259C3101F8FF
:104F40008D5C2B4CC86D04F12402CCCACCC0486ED9
:104F5000D4E90F37D4E90D62C0E90237C0E9006235
:104F600004F14402886FCCCACCC0086FD4E9032393
:104F70000CC0C86F22680260C86E9FED1E9A80ED5B
:104F8000009AC86E9FED1C8A80ED018ADFED1B8AB6
:104F9000C1ED268A01231A460221194804F052FF66
:104FA00017499C3101F88D5C04F12402C86D6CCA6C
:104FB0006CC004F13402486E6CCA6CC004F1440247
:104FC000886F6CCA6CC0086FD4E903230CC0C86F2B
:104FD00022680260C86E80ED009AC86E80ED018A7A
:104FE000C1ED268ABDEC048BBDE8F081F02E0020D7
:104FF000A80200208D979A35FFF7163A00000000AE
:105000002830002070B505462DED028B002D37D0DD
:10501000234E29789FED238A706805F58064012965
:1050200031D094EDB20A80ED000AB06894EDB60A72
:1050300080ED000A1A4805F0EBF918B190ED000A6E
:1050400086ED4D0A96ED4D0A84EDB30A2878164D8B
:1050500001281ED0686894EDBE0A80ED000AA86899
:1050600094EDC20A80ED000A0F4805F0D1F918B19D
:1050700090ED000A85ED4D0A95ED4D0A84EDBF0ACD
:10508000BDEC028B70BD80ED008AB06880ED008AB7
:10509000D0E7686880ED008AA86880ED008AE3E7C1
:1050A000F02E002000000000283000202DE9F34100
:1050B00004462DED040B0F462DED108BF0EE60FA3B
:1050C000DFEDFE0A70EE201A9FEDFD0A61EE801AF8
:1050D000C1EEA08A30EEC11A21EE000A80EE208ACD
:1050E00018EE900A12F088FB41EC100B09F0C0FD9D
:1050F00051EC100B11F01EF80CEE900A18EE900A0D
:1051000012F07AFB41EC100B09F022FE51EC100B6F
:1051100011F010F80DEE900A18EE100A12F06CFB68
:1051200041EC100B09F0A4FD51EC100B11F002F84A
:105130000DEE100A18EE100A12F05EFB41EC100B97
:1051400009F006FE51EC100B10F0F4FF0EEE900A81
:105150009FEDDCBA9FEDDCEA0CEE8BEADFEDDBBA0B
:105160004DEE4BBA2DEE8BCA2EEE8BFA3BEECE0AED
:105170007FEE4C0A20EE001A00EEA01ADFEDD41AE2
:1051800060EE219A20EEA1AA9FEDD20A71EE000AEC
:1051900030EEC09A39EE890A10EE100A12F02CFB9C
:1051A00029EEA90A41EC180B0AEE0A0A09EE490A8F
:1051B00010EE100A12F020FB41EC100B09F02CFE4F
:1051C000B0EE409AF0EE609A1AEE100A12F014FB5C
:1051D00053EC192B11F010F953EC182B11F03EFA87
:1051E00041EC100B09F0B8F99FEDBB1B51EC100B13
:1051F00053EC112B11F002FD10F09CFF08EE100A89
:1052000018EE100A12F0F8FA41EC100B09F030FD1C
:105210009FEDB39B51EC100B53EC192B11F0EEFCEE
:1052200041EC1A0B1EEE100A12F0E6FA53EC1A2BA0
:1052300011F0E2F810F07EFF08EE900A18EE100A66
:1052400012F0DAFA41EC100B09F082FD53EC192B45
:1052500051EC100B11F0D2FC41EC1A0B1CEE100AB1
:1052600012F0CAFA53EC1A2B11F0C6F810F062FFD4
:105270000CEE100A28EEA80A0CEE0C0A10EE100A2A
:1052800012F0BAFA41EC100B09F0C6FD51EC100B0C
:1052900010F050FF05461CEE100A12F0ADFA41EC7A
:1052A0001A0B18EE900A12F0A7FA41EC100BB0EEB0
:1052B0004A1AF0EE6A1A09F0BBFA51EC100B10F022
:1052C00039FF0AEE100A9FED880A6FEE800A60EE41
:1052D000ADAA6FEE8B0A60EEACCADDED130A20EECC
:1052E000800A20EE2EEA9DED130A20EE0B0A20EE36
:1052F0000DDA7CEE4F0A38EEEB1A80EE810A10EEE2
:10530000100A12F079FA41EC100B09F025F951EC72
:10531000100B10F00FFF0CEE100A7CEE488A18EE0E
:10532000900A12F069FA41EC100B09F011FD53ECF0
:10533000192B51EC100B11F061FC41EC190B1CEE18
:10534000100A12F059FA41EC100B09F001FDB0EE11
:1053500040BA3DEE6C0AF0EE60BA10EE100A12F0A0
:105360004BFA53EC1B2B11F049FC41EC1B0B1CEED0
:10537000100A12F041FA41EC100B09F079FCB0EE82
:1053800040DA3EEE6A0AF0EE60DA10EE100A12F031
:1053900033FA53EC1D2B11F031FC53EC1B2B11F0A5
:1053A0002BF853EC192B11F059F910F0C3FE0BEE4A
:1053B000100A18EE900A12F01FFA41EC100B09F0D7
:1053C000C7FC18EE100A12F017FA41EC100B09F0A6
:1053D000BFFC18EE100A12F00FFA41EC100B09F0A6
:1053E00047FC18EE100A12F007FA41EC100B09F016
:1053F000AFFCB0EE409A9FED3D0AF0EE609A2BEEC6
:1054000000BA1BEE100A12F0F7F953EC192B11F049
:10541000F5FB41EC190B1AEE900A12F0EDF953EC82
:10542000192B11F0E7FE10F085FE064618EE100A63
:1054300012F0E2F941EC100B09F01AFCB0EE408AD0
:10544000F0EE608A1BEE100A12F0D6F953EC182B1E
:1054500011F0D4FB41EC180B1CEE900A12F0CCF9C1
:1054600053EC182B10F0C8FF10F064FE12F0C4F9D2
:1054700041EC180B1AEE100A12F0BEF941EC100BB9
:1054800009F0F6FB53EC182B51EC100B11F0B6FBA6
:1054900041EC180B304612F0AFF941EC190B1AEE43
:1054A000100A12F0A9F941EC100B09F045FC09F0C3
:1054B0004FFC51EC100B10F031FE19E000003443AA
:1054C000DB0F49409A99193E9A9999BD9A99993D4D
:1054D000713D0A3F994C953D0000000000000040DE
:1054E00000000020AE47D13F9A9919BE713D8A3E17
:1054F00053EC192B11F082FB53EC182B11F07AFEB0
:105500009FED211B53EC112B11F078FB10F012FED4
:1055100000EE100A9FED1E2ADFED1E2ADFED1E1A97
:10552000C7B1C4F89C5084ED3CAA84ED440AD4ED84
:10553000460A30EE603A83EE021A21EE221A00EE9D
:10554000A11A84ED481A84ED460ABDEC108B06B012
:10555000BDE8F081C4F8A450F1EE4A0AC4ED400A57
:10556000B1EE400A84ED450AD4ED470A30EE603AC8
:1055700083EE021A21EE221A00EEA11A84ED491AD6
:1055800084ED470AE1E70000000000000000084049
:105590006F12033BCDCCCC3E9A99193F38B44FF0F3
:1055A000000CCDF800C090F83C20012A1BD001224D
:1055B00080F83C200A680724092A17D90368DD68A7
:1055C0000A3A02EB420204FA02F225EA0202DA6027
:1055D0000A788B680A3A02EB420293400268D46868
:1055E0002343D36014E038BC0220704703681D6970
:1055F00002EB420204FA02F225EA02021A610A7878
:105600008B6802EB420293400268146923431361E2
:105610004A681F24072A15D203685D6B521E02EBED
:10562000820204FA02F225EA02025A630A8893B25D
:105630000A79521E02EB820293400268546B2343A4
:1056400053632CE00D2A15D203681D6BD21F02EBA9
:10565000820204FA02F225EA02021A630A8893B26D
:105660000A79D21F02EB820293400268146B234333
:10567000136314E00368DD6A0D3A02EB820204FA58
:1056800002F225EA0202DA620A8893B20A790D3A36
:1056900002EB820293400268D46A2343D362184A21
:1056A000184B04689C4206D10C68122C03D1546834
:1056B00044F48004546004689C421CD10B68102B95
:1056C00001D0112B17D1536843F4000353600968CC
:1056D000102910D10C490D4A0968B1FBF2F101EB18
:1056E000810149000091009929B10099491E00915A
:1056F00000990029F9D180F83CC038BC00207047DF
:1057000000230140002001407007002040420F00AC
:105710000068C06C704770B504460025002C03D0AB
:10572000206C002610B107E0012070BD204600F07B
:105730001DF8666484F83C60206C10F0100F04D0F3
:10574000012584F83C60284670BD206C20F4885008
:1057500040F0020020642046FDF708FB6664206CE0
:1057600020F0020040F001002064EAE710B586B0A6
:105770000446142101A8FBF791FE174B2068002274
:105780001649984209D1086840F48070086008689A
:1057900000F48070009006B010BD114B9842FAD111
:1057A000086840F480600860086800F48060009039
:1057B0000A481438016841F020010160006800F0D7
:1057C000200000901815019003200290039201A977
:1057D000044801F0D3F9DEE70020014044380240DC
:1057E00000220140001402402DE9F04104460D461C
:1057F000206881684FF0000711F4806F0CD080683A
:1058000010F4807F08D0206C40F02000206484F8E1
:105810003C700120BDE8F08101F0CEFA0646206818
:10582000006810F0020F12D1B5F1FF3F0AD025B188
:1058300001F0C2FA801BA84204D92068006810F069
:10584000020F12D02068006810F0020FECD021681F
:105850006FF012000860206C40F400702064206833
:10586000816811F0405F09D01EE0206C40F0040018
:10587000206484F83C700320BDE8F081217E99B952
:10588000C16A11F4700F03D0806810F4806F0BD1DF
:10589000206C20F480702064206C10F4805F03D1B1
:1058A000206C40F0010020640020BDE8F081000081
:1058B00081B00022009290F83C10012908D001210B
:1058C00080F83C1001688B6813F0010F03D016E0DC
:1058D000022001B070478B6843F001038B603949A7
:1058E000394B0968B1FBF3F101EB410100910099DB
:1058F00029B10099491E009100990029F9D1016848
:105900008B6813F0010F52D0036C23F0010323F4D2
:10591000C06343F4807303644B6813F4806F05D055
:10592000036C23F4005343F480530364036C13F4B7
:10593000805F04D0436C23F00603436400E04264BC
:1059400080F83C20214A6FF022030B60516811F06F
:105950001F0F1F4907D00068884230D1816811F0BD
:10596000405F1FD02BE00068884212D0194A904255
:1059700004D1D1F8042312F01F0F0AD0A0F1804205
:10598000B2F591321BD1D1F8041301F01F01102997
:1059900015D2816811F0405F11D1816841F08041DA
:1059A00081600CE0816841F08041816007E0016C1A
:1059B00041F010010164416C41F00101416400209B
:1059C00001B070477007002040420F0000230140E3
:1059D000002001400021014090F82020012A07D03A
:1059E000022A05D0416A41F48021416201207047BA
:1059F00000684269114341610020704770B490F81B
:105A00002040D0F800C0DCF808C0012C08D0022CDF
:105A100006D0416A41F48021416270BC0120704788
:105A20000CF080640CF000652C4302D11CF0805F08
:105A300055D0CCF3016C012404FA0CF41C608B6883
:105A40004FF4C0749BB1CD6804EB0C162B434D682A
:105A500043EAC5030568AB514FF4C273066803EB14
:105A60000C130D69F550097D012909D00DE00D8851
:105A7000CB6804EB0C1643EA45530568AB51EBE7E2
:105A80000168CD5845F48075CD501179D379557999
:105A900041EA036193791B0443EA052319434FF458
:105AA000C675036805EB0C1559511178D37841EA96
:105AB0000361937852781B0443EA022211434FF4A6
:105AC000C473026803EB0C13D150016804EB0C1093
:105AD0000A5842F001020A5070BC00207047416A27
:105AE00041F40011416270BC0120704790F8202001
:105AF000012A07D0022A05D0416A41F4802141627F
:105B0000012070474248D0F8002242F00102C0F85C
:105B10000022D0F8002222F47C52C0F80022D0F8F3
:105B200000224B6A42EA0322C0F800220A7D0123C8
:105B300002F01F0203FA02F2D0F81C329343C0F8BD
:105B40001C32CB69D3B9D0F80C329343C0F80C3275
:105B5000B1F80CC04B686CF31F43D1F814C000EBD4
:105B6000CC0CCCF84032B1F808C00B686CF31F4382
:105B7000D1F814C000EBCC0CCCF84432CB69012B2B
:105B80001AD1D0F80C321343C0F80C32B1F800C06F
:105B90004B686CF31F43D1F814C000EBCC0CCCF86D
:105BA0004032B1F808C0CB686CF31F43D1F814C081
:105BB00000EBCC0CCCF844328B697BB1D0F80432CA
:105BC0001343C0F804320B6973B1D0F81432134395
:105BD000C0F81432096A01290CD010E0D0F8043260
:105BE0009343C0F80432EEE7D0F814329343C0F880
:105BF0001432EFE7D0F81C121143C0F81C12D0F891
:105C0000001221F00101C0F80012002070470000CE
:105C100000640040704730B490F820C0BCF1010F20
:105C200009D0BCF1020F06D0416A41F480214162E3
:105C300030BC0120704739B1D0F800C0DCF810C08A
:105C40001CF0030F33D006E0D0F800C0DCF80CC025
:105C50001CF0030F24D04FF4D87C04680CEB011C1B
:105C600054F80C4004F0040494603CB3046854F805
:105C70000C40E4085460046854F80CC00CF0020CAA
:105C8000C2F80CC04FF4DA7C04680CEB011C54F829
:105C90000C5005F00F05082D16D30824146118E0E8
:105CA000416A41F40011416230BC01207047416AF1
:105CB00041F40011416230BC01207047046854F87F
:105CC0000C40640D1460D6E754F80C4004F00F0447
:105CD0001461046854F80C40C4F307249461046808
:105CE00054F80CC04FEA1C4CC2F814C04FF4DC72DC
:105CF000D0F800C002EB01125CF802C083F800C0CB
:105D0000D0F800C05CF802C04FEA1C2C83F801C038
:105D1000D0F800C05CF802C04FEA1C4C83F802C007
:105D2000D0F800C05CF80220120EDA704FF4DE7278
:105D3000D0F800C002EB01125CF802C083F804C086
:105D4000D0F800C05CF802C04FEA1C2C83F805C0F4
:105D5000D0F800C05CF802C04FEA1C4C83F806C0C3
:105D6000D0F800C05CF80220120EDA7139B1006878
:105D7000016941F02001016130BC002070470068DA
:105D8000C16841F02001C160F6E72DE9F05F0546EA
:105D9000002428684669D0F804908768D0F80CA0E1
:105DA000D0F810B0D0F8188016F0010F54D017F0CA
:105DB000010F17D00121816017F0020F03D0284690
:105DC00000F076FC0EE017F0040F02D04FF40064F0
:105DD00008E017F0080F02D04FF4805402E0284684
:105DE00000F065FC17F4807F19D029684FF48070AB
:105DF000886017F4007F03D0284600F05BFC0EE0BB
:105E000017F4806F02D044F4005408E017F4006FD8
:105E100002D044F4804402E0284600F04AFC17F423
:105E2000803F19D029684FF48030886017F4003F14
:105E300003D0284600F040FC0EE017F4802F02D07B
:105E400044F4004408E017F4002F02D044F48034F6
:105E500002E0284600F02FFC16F0080F07D01AF0D9
:105E6000100F04D044F4007429681020C86016F0A4
:105E7000040F4FF0080707D01AF0080F04D0286865
:105E8000C760284600F0D0F916F0020F07D0286846
:105E9000C06810F0030F02D0284600F0C7F916F0D2
:105EA000400F07D01BF0100F04D044F48064296821
:105EB0001020086116F0200F07D01BF0080F04D047
:105EC00028680761284600F0BDFB16F0100F07D0C8
:105ED0002868006910F0030F02D0284600F0B3FBD9
:105EE00016F4003F08D019F0100F05D029681020D3
:105EF0004860284600F0A8FB16F4803F07D019F050
:105F0000080F04D028684760284600F0D6FB16F436
:105F1000004F4AD019F0040F44D016F4807F04D00B
:105F200018F0010F01D044F0010416F4007F04D0F2
:105F300018F0020F01D044F0020416F4806F04D070
:105F400018F0040F01D044F0040416F4006F29D0B7
:105F500018F0700F26D008F07000402815D006DC2D
:105F6000102809D020280AD0302816D10AE050285D
:105F70000ED0602811D10EE044F008040DE044F08A
:105F800010040AE044F0200407E044F0400404E078
:105F900044F0800401E044F480742868816921F0B1
:105FA00070018161296804204860002C05D0686A6E
:105FB000204368622846FFF72DFEBDE8F09F70B5CC
:105FC0000446002C03D094F8200010B104E0012016
:105FD00070BD204600F0A8F82068016841F001017A
:105FE000016000F0E9FE0546206840684FF00506B4
:105FF00010F0010F11D100F0DFFE401B0A2807D975
:10600000606A40F40030606284F82060012070BD56
:106010002068406810F0010FEDD02068016821F081
:106020000201016000F0C8FE05462068406810F0DB
:10603000020F11D000F0C0FE401B0A2807D9606A89
:1060400040F40030606284F82060012070BD206858
:10605000406810F0020FEDD1207E01283FD020686B
:10606000016821F080010160607E01283DD0206838
:10607000016821F040010160A07E01283BD020682A
:10608000016821F020010160E07E012839D02068FC
:10609000016841F010010160207F012837D020689D
:1060A000016821F008010160607F012835D0206877
:1060B000016821F004010160E168A0686269084399
:1060C0002169114308436168491E08432168C8617A
:1060D00000206062012084F82000002070BD20684C
:1060E000016841F080010160BEE72068016841F06D
:1060F00040010160C0E72068016841F020010160B3
:10610000C2E72068016821F010010160C4E720683F
:10611000016841F008010160C6E72068016841F0AC
:1061200004010160C8E700002DE9F04186B0044693
:10613000142101A8FBF7B2F9364B374ADFF8D080BB
:1061400018682168344C03260227401C10320025B1
:106150004FF0090C414527D11860012807D110687C
:1061600040F000701060106800F00070009020682F
:1061700040F008002060206800F0080000900196C0
:10618000029703950496CDF814C001A9234800F0A6
:10619000F5FC00220621142001F0C8FA142001F0B9
:1061A000B7FA06B0BDE8F081DFF874804145F8D158
:1061B000116841F080611160116801F08061009107
:1061C0001860012807D1106840F000701060106856
:1061D00000F000700090206840F00200206020680D
:1061E00000F0020000906020019002970395049651
:1061F000CDF814C001A90B4800F0C0FC0022062114
:10620000402001F093FA402001F082FAC9E7000033
:10621000006400402C00002030380240000C024096
:106220000068004000040240704700002DE9F04182
:106230002DED028B8AB0F5499FEDF58A4FF480551C
:106240006E42F44FF44C88427BD101AB03AA00218B
:10625000FFF7E1FC9DF80400012805D0022803D0D7
:10626000032801D004285DD1401EC0B23870DFF889
:10627000A88308F1AC0808EB001090ED010A80ED4E
:10628000000A9DF806009DF8051040EA0120102143
:10629000DFEDE20A9FEDE20A0EF0B0FDDFEDE10A6C
:1062A000387820EE200A08EB001080ED010A10EE8D
:1062B000101ADD4A914203DD30EE480A80ED010AF2
:1062C00090ED010AD94A10EE101A914203D930EE2E
:1062D000080A80ED010A9DF807009DF808100001EA
:1062E00040EA11100C21DFEDD20A9FEDD20A0EF028
:1062F00085FD387808EB001080ED020A9DF8081043
:106300009DF8090001F00F0140EA01200C21F3EE95
:10631000020ABBEE020A0EF071FD387808EB00109D
:1063200080ED030A039840F20322A0F20321904279
:106330003DD007DCA0F50070013838D0012831D1FC
:1063400035E07CE0012932D00E292BD1BDF80400C4
:1063500000EE100AF8EE400A9FEDB70AAE4880EE54
:10636000801AEC3080ED001ABDF8061000EE901A8D
:10637000F8EE600A80EE801A80ED011ABDF8081070
:1063800000EE901AF8EE600A80EE801A80ED021A94
:10639000BDF80A1000EE901AF8EE600A80EE801A3E
:1063A00080ED031A0AB0BDEC028BBDE8F0810398C2
:1063B000401EC2B27A7002EB820104EB810034F815
:1063C000213003819DF805309DF8047043EA0723CE
:1063D00024F821309DF807309DF8067043EA072322
:1063E00043809DF809309DF8087043EA07238380B5
:1063F0009DF80A30837134F82130B0F90870DB1B46
:10640000AB4203DD03695B1E036104E0B34202DAC1
:1064100003695B1C036103694FF4B47534F8211000
:106420006B43694303EB513100EE101AB8EEC00A1A
:1064300080ED030A521CD0B20CF08CF9B2E77F4910
:106440008842AFD101AB03AA0021FFF7E4FB039818
:106450007149A0F58070413801F18C01DFED780AB7
:1064600006D0012828D0C4284AD0C6289AD185E071
:106470009DF8050008709DF806009DF8072040EA89
:10648000022048809DF808009DF8092040EA02207B
:1064900088809DF80A009DF80B2040EA0220C88001
:1064A000088100EE100AB8EE400A20EE200A20EE25
:1064B000080A81ED030A75E79DF8050008749DF848
:1064C00006009DF8072040EA022048829DF8080057
:1064D0009DF8092040EA022088829DF80A009DF874
:1064E0000B2040EA0220C882088300EE100AB8EEB2
:1064F000400A20EE200A20EE080A81ED070A51E743
:106500000420B8704449B4F9502001F15000A1F8BA
:1065100058209DF805109DF8043041EA0321A4F8A5
:1065200050109DF807309DF806C043EA0C234380C5
:106530009DF809309DF808C043EA0C2383809DF83C
:106540000A3083718A1AAA4204DD334A126E521E3F
:10655000026105E0B24203DA2F4A126E521C026158
:106560002D4A4FF4B473126E5A43594302EB513122
:1065700000EE101AB8EEC00A80ED030A0398401E20
:10658000C2B2FA7002EB820104EB810034F82130D0
:1065900003819DF805309DF8047043EA072324F831
:1065A00021309DF807309DF8067043EA07234380A9
:1065B0009DF809309DF8087043EA072383809DF811
:1065C0000A30837134F82130B0F90870DB1BAB421C
:1065D00003DD03695B1E036104E0B34202DA036971
:1065E0005B1C036103694FF4B47534F821106B43ED
:1065F000694303EB513100EE101AB8EEC00A80ED8A
:10660000030A521CD0B20CF0A5F8CBE6CC0F002048
:106610000000B443B8010020042100200000BF4264
:106620000000BFC20000704200003443000034C3C9
:1066300000003442000034C20000C842F40F0020C1
:106640000000803770477047704770B5044694F873
:106650002000012805D0606A40F40020606201201B
:1066600070BD022084F820002068016821F001013B
:10667000016000F0A1FB05462068406810F0010FA2
:1066800012D000F099FB401B0A2808D9606A40F438
:1066900000306062052084F82000012070BD206871
:1066A000406810F0010FECD10020606270BD7047AF
:1066B0007047704770477047704770472DE9F04149
:1066C0000446A66D00F078FB054694F835000027D7
:1066D000022806D08020606584F834700120BDE86F
:1066E000F0812068016821F016010160206841698D
:1066F00021F080014161206C08B9A06C20B12068B4
:10670000016821F0080101602068016821F00101A1
:1067100001602068006810F0010F12D000F04CFBFF
:10672000401B052808D920206065032084F8350027
:1067300084F83470BDE8F0812068006810F0010F23
:10674000ECD194F85C003F2101FA00F0B060012028
:1067500084F8350084F834700020BDE8F08190F8AA
:106760003510022903D080214165012070470521A1
:1067700080F835100068016821F0010101600020F7
:10678000704700002DE9F84304464FF00008CDF8AB
:10679000008076484FF416510068B0FBF1F7A56D04
:1067A0002E6894F85C00082101FA00F0304211D004
:1067B0002068026812F0040F0CD0026822F0040274
:1067C000026094F85C0001FA00F0A860606D40F08F
:1067D0000100606594F85C004FF0010909FA00F0CF
:1067E000304209D02168496911F0800F04D0A860B7
:1067F000606D40F00200606594F85C1004208840F1
:10680000304209D02168096811F0020F04D0A86055
:10681000606D40F00400606594F85C1010208840C2
:10682000304224D02168096811F0080F1FD0A860F9
:106830002068016811F4802F0DD0006810F4002F3B
:1068400004D0A16C99B12046884710E0216C71B149
:10685000204688470BE0016811F4807F03D101686E
:1068600021F008010160216C09B12046884794F8A5
:106870005C1020208840304251D02168096811F016
:10688000100F4CD0A86094F8350005280DD0206872
:10689000016811F4802F32D0006810F4002F29D045
:1068A000E16B59B32046884739E02068016821F040
:1068B000160101602068416921F080014161206C6E
:1068C00008B9A06C20B12068016821F008010160BE
:1068D00094F85C003F2101FA00F0A86084F835903C
:1068E00084F83480216D00293ED001B02046BDE8F7
:1068F000F0430847616C09B1204688470FE0016802
:1069000011F4807F07D1016821F01001016084F843
:10691000359084F83480E16B09B120468847606D7A
:10692000002821D0606D10F0010F15D0052084F8EB
:1069300035002068016821F0010101600098401CC9
:106940000090B84204D82068006810F0010FF5D11B
:1069500084F8359084F83480E16C002904D001B0CB
:106960002046BDE8F0430847BDE8F88370070020E3
:106970002DE9F041044600F01FFA0546DCB1022083
:1069800084F83500002684F834602068016821F01E
:10699000010101602068006810F0010F13D000F0C1
:1069A0000BFA401B052809D920206065032084F8D4
:1069B0003500BDE8F0810120BDE8F0812068006865
:1069C00010F0010FEBD121680868234A1040A3683A
:1069D0006268D4F810C01A43E36843EA0C031A4310
:1069E00063691A43A3691A43E3691A43236A1A4382
:1069F0001043626A042A03D1236BE26A1A431043EC
:106A000008602068406920F00701606A40EA0105DB
:106A1000012704280ED1A06A0543E06A50B1204640
:106A2000FEF714FA30B14020606584F8357001201B
:106A3000BDE8F081206845612046FEF7EDF994F845
:106A40005C103F2202FA01F18160666584F83570BE
:106A50000020BDE8F08100003F8010F070B50446D2
:106A60000025A66D94F8340001280DD0012084F88B
:106A7000340094F835C00020BCF1010F06D084F832
:106A800034000225284670BD022070BD4FF0020C74
:106A900084F835C060652046FEF717FA94F85C006C
:106AA0003F2101FA00F0B0602068016841F0160152
:106AB0000160206C20B12068016841F0080101608C
:106AC0002068016841F001010160DBE710B5234C4B
:106AD00010281AD020282AD0082836D0012813D10F
:106AE0000FF014F901280FD004F10C0120690EF009
:106AF000F3FBE068002807D019494FF08050086088
:106B0000BFF34F8FBFF36F8F10BD09200BF022FE34
:106B1000607840F001006070A07840F00100A07043
:106B200020790028F0D0BDE810400CF0DDB9082035
:106B30000BF010FE207840F0010020702079002832
:106B4000E2D0BDE810400CF0CFB90A200BF002FEF5
:106B5000E07840F00100E07010BD0000E800002087
:106B600004ED00E010B504490A68024202D0086052
:106B7000FFF7ACFF10BD0000143C01402DE9F84FB9
:106B80000022DFF818A2DFF810924FF0010E032761
:106B90004FF00F08AAF1040B0EFA02FC0B6803EA8F
:106BA0000C0363457DD10C7904F00304012C01D062
:106BB000022C14D18568540007FA04F6B543CE6858
:106BC00006FA04F42C438460446824EA0C0C0C7923
:106BD000C4F30014944044EA0C0CC0F804C0D1F88B
:106BE00004C037EA0C0C0CD0C4684FEA420C07FA18
:106BF0000CF5AC438D6805FA0CFC4CEA040CC0F8AB
:106C00000CC091F804C00CF0030CBCF1020F12D1BF
:106C10004FEAD20C00EB8C04256A4FEA427C4FEA23
:106C2000DC6C08FA0CF6B5430E6906FA0CFC4CEA6B
:106C3000050CC4F820C004684FEA420C07FA0CF5B2
:106C4000AC430D7905F0030505FA0CFC4CEA040C85
:106C5000C0F800C0D1F804C01CF4403F7DD0D9F882
:106C600000C04CF4804CC9F800C0D9F800C00CF446
:106C7000804CCDF800C022F0030C0CF1804505F5E6
:106C80009835D5F808C89407240F08FA04F62CEABA
:106C90000606A0F1804CBCF5003C64D0A0F1804C0D
:106CA00000E05AE0BCF5013C60D0A0F1804CBCF59E
:106CB000023C5ED0A0F1804CBCF5033C5CD0A0F15E
:106CC000804CBCF5043C5AD0A0F1804CBCF5053C8E
:106CD00058D0A0F1804CBCF5063C56D0A0F1804CB9
:106CE000BCF5073C54D04FF0080C0CFA04FC4CEAFD
:106CF000060CC5F808C8DAF800C02CEA030C4C688A
:106D000014F4801F01D04CEA030CCAF800C0244CD4
:106D1000D4F800C02CEA030C4D6815F4001F01D014
:106D20004CEA030CC4F800C0DBF800C02CEA030CEA
:106D30004C6814F4003F01D04CEA030CCBF800C0BF
:106D4000184CD4F800C02CEA030C4D6815F4803FB1
:106D500001D04CEA030CC4F800C0521C102AFFF406
:106D60001BAFBDE8F88F4FF0000CBEE74FF0010CF1
:106D7000BBE74FF0020CB8E74FF0030CB5E74FF05C
:106D8000040CB2E74FF0050CAFE74FF0060CACE790
:106D90004FF0070CA9E7000044380240083C0140CE
:106DA0000C3C0140003C0140002A01D08161704749
:106DB0000904816170470000014880687047000045
:106DC0007407002070B50446002C04D094F83D00F0
:106DD000002510B106E0012070BD84F83C5020462B
:106DE00000F09AFB242084F83D002068016821F01F
:106DF000010101602068016841F4004101602068E0
:106E0000016821F40041016000F06AFE544B6168A2
:106E1000994203D85349884203D304E05249884237
:106E200001D2012070BD5149B0FBF1F12268D2F8C6
:106E300004C02CF03F0C4CEA010CC2F804C062689C
:106E40009A4201D84A1C07E04FF4967251434FF41E
:106E50007A72B1FBF2F14A1C2168D1F820C02CF003
:106E60003F0C42EA0C020A626168994210D849005C
:106E7000401EB0FBF1F2521CC2F30B02042A01D2F5
:106E8000042026E0B0FBF1F0401CC0F30B0020E032
:106E9000A268002A50D001EBC10303EB0113A0F15B
:106EA000010CBCFBF3F35B1C43F480431B051B0D7F
:106EB0004AD0002A4AD001EBC10202EB0111401E68
:106EC000B0FBF1F0401CC0F30B0040F4804040F4F4
:106ED00000402168CA6922F0FF0222F44F421043A9
:106EE000C861216AE06901432068026822F0C0029B
:106EF00011430160E168206901432068826822F043
:106F0000FF0222F4034211438160A16960690143D9
:106F10002068C26822F0FF021143C1602068016846
:106F200041F0010101602564202084F83D002563C3
:106F300084F83E50002070BD01EB4103A0F1010C2C
:106F4000BCFBF3F35B1CB1E70120C2E701EB41019D
:106F5000401EB0FBF1F0401CC0F30B00B7E700008F
:106F6000A086010080841E0000093D0040420F0001
:106F70002DE9F84F04468A46904699460A9FFFF746
:106F80001BFF064694F83D00202802D00220BDE8F1
:106F9000F88F192301224C492046009602F017FC75
:106FA00010B10220BDE8F88F94F83C00012808D009
:106FB000012084F83C002068016811F0010F03D023
:106FC00006E00220BDE8F88F016841F00101016090
:106FD0002068016821F400610160212084F83D00EF
:106FE000102084F83E0000252564C4F82480A4F80D
:106FF0002A90608D20853548E06233463A465146F6
:10700000204602F045FA10B10120BDE8F88F206853
:10701000416980690090208D002846D0324639466B
:10702000204602F002FD50B1206C042804D12068F3
:10703000016841F4007101600120BDE8F88F606AC9
:10704000216800780861606A00F1010CC4F824C06E
:10705000608D401E6085208D401E80B22085226894
:10706000516911F0040F0CD058B19CF80000106168
:10707000606A401C6062608D401E6085208D401EED
:10708000208532463946204602F06EFB50B1206C16
:10709000042804D12068016841F4007101600120D6
:1070A000BDE8F88F208D0028B8D12068016841F430
:1070B00000710160202084F83D0084F83E5084F87F
:1070C0003C500020BDE8F88F020010000000FFFFD8
:1070D0002DE9FF4F83B004468A469346DDF844907D
:1070E000DDF84080129EFFF767FE054694F83D00EC
:1070F000202803D007B00220BDE8F08F1923012219
:10710000A5492046009502F062FB18B107B00220A5
:10711000BDE8F08F94F83C00012808D0012084F8E5
:107120003C002068016811F0010F04D007E007B0AF
:107130000220BDE8F08F016841F001010160206884
:10714000016821F400610160222084F83D004020A4
:1071500084F83E0000272764C4F82480A4F82A900D
:10716000608D20858D48E062019500965A46514613
:107170002046069B02F0E6F918B107B00120BDE8F1
:10718000F08F208D10B3012829D0022835D0206837
:10719000416980690290208D002800F0F180DFF8BD
:1071A0000082208D032800F2B780012834D0022805
:1071B0004AD03346002241462046009502F007FBA4
:1071C00000286CD007B00120BDE8F08F206841692D
:1071D00081690291016841F400710160DBE7206878
:1071E000016821F480610160206841698169029130
:1071F000016841F400710160CDE72068016821F465
:10720000806101602068016841F4006101602068CC
:10721000416980690290BEE72A463146204602F065
:10722000C1FB18B107B00120BDE8F08F20680069EC
:10723000616A0870606A401C6062208D401E208573
:10724000608D401E608597E033460022414620460F
:10725000009502F0BCFA18B107B00120BDE8F08F2C
:107260002068016841F40071016020680069616A6A
:107270000870606A401C6062218D491E2185618D05
:10728000491E6185216809690170606A401C60625D
:10729000208D401E2085608D401E60856CE020683A
:1072A000016821F48061016020680069616A0870EA
:1072B000606A401C6062208D401E2085608D401EEB
:1072C00060853346002241462046009502F07FFA51
:1072D00018B107B00120BDE8F08F2068016841F4C3
:1072E0000071016020680069616A0870606A401C72
:1072F0006062218D491E2185618D491E618521684D
:1073000009690170606A401C6062208D401E208502
:10731000608D401E60852FE02A463146204602F0EF
:1073200041FB18B107B00120BDE8F08F206800696B
:10733000616A0870606A401C6062208D401E82B2E3
:107340002285608D401E60852068416911F0040F20
:1073500012D0032A03D1016821F480610160206802
:107360000069616A0870606A401C6062208D401E7E
:107370002085608D401E6085208D00287FF411AF30
:10738000202084F83D0084F83E7084F83C7007B0FB
:107390000020BDE8F08F0000020010000000FFFF99
:1073A000040001002DE9FF4F83B004468A4693464E
:1073B000DDF84490DDF84080129EFFF7FDFC0546A5
:1073C00094F83D00202803D007B00220BDE8F08FDC
:1073D000192301224E492046009502F0F8F918B110
:1073E00007B00220BDE8F08F94F83C00012808D0D7
:1073F000012084F83C002068016811F0010F04D0DE
:1074000007E007B00220BDE8F08F016841F00101FC
:1074100001602068016821F400610160212084F886
:107420003D00402084F83E0000272764C4F82480F3
:10743000A4F82A90608D20853648E0620195009678
:107440005A4651462046069B02F026F918B107B06D
:107450000120BDE8F08F208D002836D02A46314625
:10746000204602F0E2FA58B1206C042804D12068CA
:10747000016841F40071016007B00120BDE8F08FA0
:10748000606A216800780861606A00F1010CC4F844
:1074900024C0208D401E80B22085618D491E6185EB
:1074A0002368596911F0040F0CD058B19CF8000002
:1074B0001861606A401C6062208D401E2085608DCE
:1074C000401E6085208D0028C8D12A4631462046BE
:1074D00002F04AF958B1206C042804D120680168F0
:1074E00041F40071016007B00120BDE8F08F206811
:1074F000016841F400710160202084F83D0084F8A7
:107500003E7084F83C7007B00020BDE8F08F0000AA
:10751000020010000000FFFF2DE9F04186B0044694
:10752000142101A8F9F7BAFF2168414C3F4B002212
:107530003F48122603250427103499421CD10168C4
:1075400041F002010160006800F002000090280292
:107550000190029603920495059701A93548FFF71B
:107560000DFB206840F400102060206800F400103B
:10757000009006B0BDE8F0812F4A4FF0010891421B
:1075800020D1016841F020010160006800F0200076
:10759000009001950296CDF80C800495059701A9FD
:1075A0002648FFF7EBFA206840F48000206020684E
:1075B00000F48000009022480068416841F40061B6
:1075C0004160D6E71F4A9142D3D1016841F00401DE
:1075D0000160016801F004010091016841F00101BE
:1075E0000160006800F001000090501501900296C3
:1075F000CDF80C800495059701A91348FFF7BEFA52
:107600004FF4807001900296CDF80C800495059798
:1076100001A90E48FFF7B2FA206840F4000020608C
:10762000206800F400000090A3E700000054004030
:10763000303802400004024000580040001402406C
:1076400070100020005C0040000802400000024072
:1076500002488168027811448160704774070020F5
:1076600010B50B48016841F400710160016841F4F4
:1076700080610160016841F480710160032000F0C5
:1076800089F80F2000F006F800F026F8002010BD61
:10769000003C024070B504460D4D4FF47A712878D5
:1076A000B1FBF0F00B490968B1FBF0F000F030FFDE
:1076B00008B1012070BD102C07D200222146501EB7
:1076C00000F034F86C60002070BD012070BD000037
:1076D000740700207007002082B00C48016841F454
:1076E00080410160006800F4804001900748001F5D
:1076F000016841F080510160006800F08050019005
:1077000000220F21901E02B000F010B84438024051
:1077100000280ADB00F01F01012202FA01F14009F2
:10772000800000F1E020C0F80011704710B4184B41
:107730001B68C3F30223C3F1070CBCF1040F01D98A
:107740004FF0040C1C1D072C01D2002300E0DB1EAF
:10775000012404FA0CFCACF1010C0CEA0101994083
:1077600004FA03F35B1E1A401143002806DB00F104
:10777000E020090180F8001410BC704700F00F00F1
:1077800000F1E020090180F8141D10BC70470000D2
:107790000CED00E000F00700064A11684FF6FF0309
:1077A000194041EA002040F0FD7040F08060106018
:1077B000704700000CED00E0BFF34F8F05480168F3
:1077C000054A01F4E06111430160BFF34F8F00BF30
:1077D000FDE700000CED00E00400FA052DE9F84398
:1077E00004464FF0010820784FF0000710F0050F15
:1077F00033D0DFF84491C9F86870FFF7DDFA064628
:107800004E4D286810F0006F0BD0FFF7D5FA801BA3
:10781000022802D90320BDE8F883286810F0006F21
:10782000F3D16068217A800140EA01704449086020
:10783000C9F86880FFF7C0FA0646286810F0006FA4
:107840000BD1FFF7B9FA801B022802D90320BDE84B
:10785000F883286810F0006FF3D0207810F0020F42
:107860005CD03848016841F080510160006800F048
:1078700080500090344D286840F480702860FFF7F5
:107880009BFA0646286810F4807F0BD1FFF794FA24
:10789000801B022802D90320BDE8F883286810F471
:1078A000807FF3D0294D286800F4407028B3A18967
:1078B00001F44071814220D0286820F440702449AE
:1078C000C1F800800F602860286810F0010F14D004
:1078D000FFF772FA0646286810F0020F0DD141F248
:1078E0008837FFF769FA801BB84202D90320BDE848
:1078F000F883286810F0020FF3D0E0684FF440716D
:1079000031EA000213490CD0086820F4F81008602E
:107910002868A189C1F30B01084328600020BDE855
:10792000F8830A6820F4407022F4F81220F07040C6
:1079300010430860ECE700000000474200380240B6
:1079400084380240403802400070004070380240E5
:10795000400E4742083802402DE9F04704460D46E4
:10796000002C13D0DFF85491D9F80000EFB200F0EA
:107970000700A8420DD289F80070D9F8000000F085
:107980000700A84205D00120BDE8F0870120BDE82E
:10799000F08720684A4E10F0020F14D010F0040F48
:1079A00003D0306840F4E0503060207810F0080FC9
:1079B00003D0306840F4604030603068A16820F047
:1079C000F00008433060207810F0010F3ED060686E
:1079D0003C49012808D002280DD003280BD00968A3
:1079E00011F0020F28D00AE0096811F4003F06D117
:1079F0000120BDE8F087096811F0007F19D03168D7
:107A000021F0030108433060FFF7D6F98046306863
:107A1000616800F00C00B0EB810F17D041F2883A9A
:107A2000FFF7CAF9A0EB0800504508D90320BDE8CC
:107A3000F0870120BDE8F0870120BDE8F0873068BD
:107A4000616800F00C00B0EB810FE9D1D9F80000BB
:107A500000F00700A8420AD989F80070D9F80000A0
:107A600000F00700A84202D00120BDE8F08720788E
:107A700010F0040F05D03068E16820F4E0500843AE
:107A80003060207810F0080F06D03068216920F4AB
:107A9000604040EAC100306000F042F831680A4AB4
:107AA000C1F30311515CC8400849086008480068E8
:107AB000FFF7F0FD0020BDE8F0870000003C024029
:107AC00008380240003802409E89010870070020F3
:107AD0007807002001480068704700007007002008
:107AE00000B5FFF7F7FF04490968044AC1F3822192
:107AF000515CC84000BD000008380240AE89010852
:107B000000B5FFF7E7FF04490968044AC1F34231B1
:107B1000515CC84000BD000008380240AE89010831
:107B200010B51748006810F00C01164816D0164B17
:107B3000042912D0082911D1144C216801F03F0208
:107B4000216811F4800F0AD02068C0F38810A0FBD0
:107B500003010023F9F7FEF909E0184610BD21687A
:107B60000023C1F38811A1FB0001F9F7F3F92168A3
:107B7000C1F30141491C4900B0FBF1F010BD000008
:107B8000083802400024F400001BB700043802400B
:107B90002DE9F84F0446002C12D02078FB4E10F04F
:107BA000010FA6F1040563D0301D016801F00C013E
:107BB00004290CD0006800F00C00082803D010E065
:107BC0000120BDE8F88F306810F4800F09D02868D4
:107BD00010F4003F4CD06068002849D10120BDE876
:107BE000F88F6068B0F5803F14D0B0F5A02F16D0A4
:107BF000286820F480302860286820F480202860DD
:107C0000606810B3FFF7D8F80746286810F4003F03
:107C10000ED02DE0286840F480302860F0E7286816
:107C200040F480202860286840F480302860E7E72E
:107C3000FFF7C2F8C01B642802D90320BDE8F88F03
:107C4000286810F4003FF3D012E0FFF7B5F80746BC
:107C5000286810F4003F0BD0FFF7AEF8C01B642873
:107C600002D90320BDE8F88F286810F4003FF3D153
:107C70002078C74F10F0020F4FF0000957D0C548C9
:107C8000016811F00C0F14D0006800F00C000828F7
:107C900003D1306810F4800F0BD0E06880B301206E
:107CA0003860FFF789F88046286810F0020F12D07C
:107CB0001EE0286810F0020F05D0E068012802D00D
:107CC0000120BDE8F88F2868216920F0F80040EA1B
:107CD000C10028602BE0FFF76FF8A0EB0800022836
:107CE00002D90320BDE8F88F286810F0020FF2D007
:107CF0002868216920F0F80040EAC100286016E0F9
:107D0000FFE7C7F80090FFF757F88046286810F0A3
:107D1000020F0CD0FFF750F8A0EB0800022802D9A0
:107D20000320BDE8F88F286810F0020FF2D1207808
:107D300010F0080F35D09848DFF860A26169C1B132
:107D400001210160FFF738F88046DAF8000010F0F2
:107D5000020F26D1FFF730F8A0EB0800022802D965
:107D60000320BDE8F88FDAF8000010F0020FF1D020
:107D700017E0C0F80090FFF71FF88046DAF800001F
:107D800010F0020F0DD0FFF717F8A0EB0800022843
:107D900002D90320BDE8F88FDAF8000010F0020FD6
:107DA000F1D1207810F0040F71D04FF000087C481A
:107DB000006810F0805F0AD17948016841F0805175
:107DC0000160006800F0805000904FF00108DFF87B
:107DD000D4B1DBF8000010F4807F1BD1DBF8000089
:107DE00040F48070CBF80000FEF7E6FF8246DBF837
:107DF000000010F4807F0DD1FEF7DEFFA0EB0A003B
:107E0000022802D90320BDE8F88FDBF8000010F447
:107E1000807FF1D0A068DFF890B1012818D0052844
:107E20001DD0DBF8000020F00100CBF80000DBF8EB
:107E3000000020F00400CBF80000A06840B3FEF77B
:107E4000BBFF8246DBF8000010F0020F14D03EE0CA
:107E5000DBF8000040F00100CBF80000EDE7DBF8B4
:107E6000000040F00400CBF80000DBF8000040F018
:107E70000100CBF80000E0E7FEF79EFFA0EB0A014F
:107E800041F28830814204D90320BDE8F88F26E012
:107E900005E0DBF8000010F0020FEDD017E0FEF770
:107EA0008BFF8246DBF8000010F0020F0FD0FEF7C8
:107EB00083FFA0EB0A0141F28830814202D90320FE
:107EC000BDE8F88FDBF8000010F0020FEFD1B8F139
:107ED000010F04D13248016821F080510160A0698E
:107EE000F0B32C4909684FF0FF3801F00C01082964
:107EF00066D0022810D0C7F86090FEF75DFF0446F8
:107F0000286810F0007F2BD0FEF756FF001B0228D8
:107F100051D90320BDE8F88FC7F86090FEF74CFFF9
:107F20008146286810F0007F0CD0FEF745FFA0EBDB
:107F30000900022802D90320BDE8F88F286810F054
:107F4000007FF2D1216AE069A26A0843616A08EB06
:107F50005202890141EA0241084394F82C1000E0E2
:107F600055E040EA0160306001203866FEF724FFEA
:107F70000446286810F0007F49D1FEF71DFF001B62
:107F8000022813D90320BDE8F88F0000043802400E
:107F90000000474208380240800E474274380240D1
:107FA000403802400070004070380240286810F0ED
:107FB000007FE2D02BE0286810F0007FA4D126E0FB
:107FC000012822D03068E26900F4800191421AD180
:107FD000226A00F03F01914215D147F6C071626AF2
:107FE0000140B1EB821F0ED1A26A00F4403108EBD0
:107FF0005202B1EB024F06D194F82C1000F07060E1
:10800000B0EB016F03D00120BDE70120BBE70020EA
:10801000B9E710B50446002C02D0607F10B106E02D
:10802000012010BD00202077204600F041F80220FA
:1080300060772068C16811F0100F05D0002000287B
:10804000EFD10121617710BDCA214162216853201F
:108050004862204603F03CFCD8B92068816821F0D2
:10806000400121F4E00181602068816862686369F1
:10807000114322691A43114381602168E068086155
:1080800020680169228941EA02410161204603F02A
:1080900043FC48B921680A6C22F480220A642168F2
:1080A0000A6CA3691A430A642268FF215162C6E779
:1080B0001FB50021009101910291039100680849C8
:1080C00088420CD102200090064803906846FFF7D2
:1080D00085FB08B1FCF722FF0349012008601FBDA2
:1080E0000028004000031E003C0E474270B50446C5
:1080F0000C482168C860FEF75FFE05462068C0682E
:1081000010F0200F0CD1FEF757FE401BB0F57A7F20
:1081100001D9032070BD2068C06810F0200FF2D094
:10812000002070BD5F7F010070B50446002C09D0AF
:10813000606A002540B125616561A56294F851002F
:1081400040B10CE0012070BD6068B0F5827FF4D0D2
:10815000E561F2E784F85050204600F045F802202F
:1081600084F851002068016821F040010160A08876
:10817000218900F4827001F404410843A18901F4CB
:1081800000610843217C01F002010843217D01F0D8
:1081900001010843218B01F400710843217F01F0A4
:1081A0003801084394F8201001F080010843218D24
:1081B00001F40051084321680860A169042000EA25
:1081C000114094F8241001F010010143206841602F
:1081D0002068C16921F40061C1616565012084F8EE
:1081E0005100002070BD00002DE9F04387B0054626
:1081F000142102A8F9F752F93949286888426CD14C
:1082000000263848016841F480510160006800F49C
:108210008050019033481438016841F00201016038
:10822000016801F002010191016841F00101016062
:10823000006800F001000190182002904FF0020841
:10824000CDF80C804FF00109CDF81090032405946F
:108250000527069702A92448FEF790FC802002908B
:10826000CDF80C80CDF810900594069702A91F4810
:10827000FEF784FC1F4C1E4820604FF0C068C4F815
:108280000480A660E660071527616661A661E66165
:108290004FF44030206266622046FEF769FB08B169
:1082A000FCF73CFEEC64A5631148124C18306034B6
:1082B0002060C4F804804020A060E6602761666109
:1082C000A661E661C002206266622046FEF750FBAE
:1082D00008B1FCF723FEAC64A56307B0BDE8F083EA
:1082E00000300140443802400004024000000240D7
:1082F00040640240901100202DE9F84F04460A9E88
:108300008A4693461F460125FEF756FD804694F89F
:1083100051006168012809D0B1F5827F03D1A168BD
:1083200009B9042802D00220BDE8F88FBAF1000F85
:1083300028D0BBF1000F25D0380023D094F850008E
:10834000012822D0012084F8500094F8510004281C
:1083500002D0052084F851004FF00009C4F8549071
:10836000C4F838B0E787A787C4F830A0E786A786A7
:10837000C4F84090C4F844902068016811F0400FA0
:1083800006D009E00120BDE8F88F0220BDE8F88F93
:10839000016841F040010160E068B0F5006F05D070
:1083A000606800284DD0012F4BD083E0606808B191
:1083B000012F3FD1206B21680088C860206B801C92
:1083C0002063E08E401EE08634E02068816811F072
:1083D000020F0DD0E18E59B1012D09D1216B098811
:1083E000C160206B801C2063E08E401EE08600256B
:1083F0002068816811F0010F0BD0E18F49B1C0688E
:10840000A16B0880A06B801CA063E08F401EE087FA
:108410000125FEF7D1FCA0EB0800B0420AD3B6F16B
:10842000FF3F07D0012084F8510084F850900320CA
:10843000BDE8F88FE08E0028C7D1E08F0028C4D1B6
:108440003EE0206B216800780873206B401C20639D
:10845000E08E401EE0862DE02068816811F0020F5A
:108460000DD0E18E59B1012D09D1216B097801732D
:10847000206B401C2063E08E401EE08600252068B3
:10848000816811F0010F0BD0E18F49B1C068A16B79
:108490000870A06B401CA063E08F401EE0870125A0
:1084A000FEF78AFCA0EB0800B04202D3B6F1FF3F12
:1084B00013D196B1E08E0028CED1E08F0028CBD129
:1084C00042463146204604F001FF70B1202060652D
:1084D00084F850900120BDE8F88F012084F8510005
:1084E00084F850900320BDE8F88FA06818B9206880
:1084F000C16880680090012084F8510084F8509091
:10850000606D10B10120BDE8F88F0020BDE8F88F44
:10851000401EB0F1807F01D3012070474FF0E02171
:108520004861044AF020107000208861072008612B
:108530000020704723ED00E030B490F83C20012A81
:1085400044D0012480F83C40022280F83D2002689B
:10855000D2F804C093682CF0700C0D6845EA0C0C3E
:10856000C2F804C00268A2F1804CBCF5803C20D067
:10857000B2F1804F1DD0A2F1804CBCF5806C18D0B8
:10858000A2F1804CBCF5006C13D0A2F1804CBCF57C
:10859000406C0ED0A2F1804CBCF5823C09D0A2F117
:1085A000804CBCF5A03C04D0A2F1804CBCF5C05C72
:1085B00004D123F0800349681943916080F83D405D
:1085C000002180F83C1030BC0020704730BC0220F5
:1085D000704710B50446002C03D094F83D0010B14C
:1085E00007E0012010BD002084F83C00204600F088
:1085F0001FF8022084F83D00211D206805F05AF87C
:10860000012084F8460084F83E0084F83F0084F896
:10861000400084F8410084F8420084F8430084F864
:10862000440084F8450084F83D00002010BD00009F
:1086300008B500682549264A884208D1106840F0EC
:1086400001001060106800F00100009008BD204992
:10865000204B091F984208D1086840F002000860CA
:10866000086800F00200009008BD1B4B984208D13A
:10867000086840F004000860086800F004000090FA
:1086800008BD164B984208D1086840F00800086001
:10869000086800F00800009008BD1149884208D120
:1086A000106840F002001060106800F002000090B6
:1086B00008BD0C498842FBD1106840F400301060BE
:1086C000106800F40030009008BD00000000014078
:1086D000443802400004004000080040000C004004
:1086E000000401400044014090F83D10012901D0F0
:1086F00001207047022180F83D100068A0F1804100
:10870000B1F5803126D0B0F1804F23D0A0F1804167
:10871000B1F580611ED0A0F18041B1F5006119D0A2
:10872000A0F18041B1F5406114D0A0F18041B1F5D4
:1087300082310FD0A0F18041B1F5A0310AD0A0F173
:108740008041B1F5C05105D0016841F001010160DF
:1087500000207047816801F007010629F8D0016800
:1087600041F001010160F3E770B50446002594F87B
:108770003C00012818D0012684F83C60022084F8CF
:108780003D002068826822F0770222F47F428260F6
:108790000868502839D00EDC202854D006DC002888
:1087A00051D0102811D14EE0022070BD30284AD09F
:1087B00040280AD13DE0602831D070280DD0B0F5B6
:1087C000805F03D0B0F5005F13D0012584F83D60D1
:1087D000002084F83C00284670BDCB684A68896850
:1087E000206804F0E8FF2068816841F0770181602B
:1087F000ECE7CB684A688968206804F0DCFF2068F1
:10880000816841F480418160E0E7CA684968206876
:1088100005F0C0F85021206804F0D8FFD6E7CA68F8
:108820004968206805F0C9F86021206804F0CEFF8F
:10883000CCE7CA684968206805F0ACF84021206898
:1088400004F0C4FFC2E722680146104604F0BEFFF0
:10885000BCE7000010B586B00446142101A8F8F763
:108860001DFE2068434C444902220123A0421AD134
:10887000086840F004000860086800F004000090F8
:1088800088150190029203930492059201A93B4836
:10889000FEF774F93A48FFF727FF0821384800F03F
:1088A0001BF906B010BD374CA0421BD1086840F040
:1088B00008000860086800F008000090201401908B
:1088C000029203930492059201A92F48FEF756F9EC
:1088D0002B484830FFF708FF29480821483000F0AE
:1088E000FBF8DEE7294CA04226D1086840F0800062
:1088F0000860086800F0800000904FF4E05001909C
:10890000029203930492059201A92148FEF736F9D9
:108910001B489030FFF7E8FE19480021903000F026
:10892000DBF817480421903000F0D6F814480821ED
:10893000903000F0D1F8B4E7164CA042B1D10868ED
:1089400040F020000860086800F0200000904020FF
:1089500001900292039304920320059001A90E480E
:10896000FEF70CF90D48FFF7BFFE00210B4800F0A1
:10897000B3F896E700040040303802400008024097
:108980009812002000080040000C0240000C00403B
:10899000001C02400044014000140240B8130020B3
:1089A00070B504460D46002694F83C0001280FD00F
:1089B000012084F83C006AB1042A1FD0082A32D072
:1089C0000C2A44D00126002084F83C00304670BDBB
:1089D000022070BD2946206804F000FF20688169EC
:1089E00041F0080181612068816921F00401816101
:1089F000206881692A6911438161E4E7294620687A
:108A000004F024FF2068816941F4006181612068DD
:108A1000816921F480618161206881692A6941EA64
:108A200002218161CFE72946206804F04BFF2068CE
:108A3000C16941F00801C1612068C16921F00401E8
:108A4000C1612068C1692A691143C161BBE7294638
:108A5000206804F073FF2068C16941F40061C161BE
:108A60002068C16921F48061C1612068C1692A69F7
:108A700041EA0221C161A6E710B50446002C03D0EB
:108A800094F83D0010B107E0012010BD002084F8EB
:108A90003C00204600F01EF8022084F83D00211D15
:108AA000206804F007FE012084F8460084F83E00A8
:108AB00084F83F0084F8400084F8410084F84200C4
:108AC00084F8430084F8440084F8450084F83D00AD
:108AD000002010BD7047000010B50446002909D0E1
:108AE00004290AD008290BD094F8410001280AD0A3
:108AF000012010BD94F83E00F8E794F83F00F5E738
:108B000094F84000F2E70220D9B3042947D008299D
:108B100048D084F841000122206804F03DFE234A39
:108B200020682349904201D0884203D1436C43F42A
:108B3000004343642068904224D0B0F1804F21D09C
:108B4000A0F18042B2F580621CD0A0F18042B2F563
:108B5000006217D0A0F18042B2F5406212D0884284
:108B600010D0A0F18041B1F5A0310BD0A0F180412F
:108B7000B1F5C05106D0016841F00101016000204B
:108B800010BD09E0816801F007010629F7D00168EE
:108B900041F001010160F2E784F83E00BBE784F890
:108BA0003F00B8E784F84000B5E70000000001404E
:108BB0000004014070477047F8B504462268106809
:108BC000D168536900F00F0CBCF1000F0AD110F00E
:108BD000200F07D011F0200F04D02046BDE8F84048
:108BE00005F0B2B90025BCF1000F75D003F0010CFF
:108BF00001F490765CEA06066ED010F0010F06D004
:108C000011F4807F03D0626C42F00102626410F0C4
:108C1000040F06D013F0010F03D0626C42F0020281
:108C2000626410F0020F06D013F0010F03D0626CE3
:108C300042F00402626410F0080F08D001F0200234
:108C400052EA0C0203D0626C42F008026264626C69
:108C5000002A35D010F0200F05D011F0200F02D0DF
:108C6000204605F071F920684069C0F38010616CFE
:108C700011F0080F00D148B3204605F023F9206811
:108C8000406910F0400F1CD02068143050E8001FDD
:108C900021F0400140E80012002AF5D1E06B60B1FC
:108CA0005E490165E06BFDF75AFD002808D0E06BD6
:108CB000016D01B0BDE8F04008472046FFF77BFF9B
:108CC000F8BD2046FFF777FFF8BD05E0FFE7204637
:108CD000FFF771FF6564F8BD236B012B7ED110F0A7
:108CE000100F7BD011F0100F78D0106850680090F2
:108CF00050694FF0200310F0400F4FF0020644D0AF
:108D0000E16B0868406880B20028E4D0A28D8242FE
:108D1000E1D9E085C869B0F5807F2DD020680C309E
:108D200050E8001F21F4807140E80012002AF5D1BC
:108D30002068143050E8001F21F0010140E80012C3
:108D4000002AF5D12068143050E8001F21F04001BE
:108D500040E80012002AF5D184F8423025632068EB
:108D60000C3050E8001F21F0100140E80012002AEA
:108D7000F5D1E06BFDF7A2FC6663A08DE18D401A92
:108D800081B22046FFF716FFF8BDA08DE18D401A95
:108D900081B2E08D0028F7D00029F5D020680C3092
:108DA00050E8002F22F4907240E8002CBCF1000F34
:108DB000F4D12068143050E8002F22F0010240E87E
:108DC000002CBCF1000FF4D184F8423025632068F8
:108DD0000C3050E8002F22F0100200E008E040E8DC
:108DE0000023002BF3D166632046FFF7E3FEF8BDB6
:108DF00010F0800F07D011F0800F04D02046BDE89E
:108E0000F84005F0A1B910F0400FF0D011F0400F7C
:108E1000EDD02046BDE8F84005F07BB81DDE000827
:108E200070B50446002C04D094F84100002510B120
:108E300006E0012070BD84F84050204600F024F880
:108E4000242084F841002068C16821F40051C160E9
:108E5000204605F0DFF82068016921F490410161A6
:108E60002068416921F02A0141612068C16841F40C
:108E70000051C1606564202084F8410084F84200FC
:108E80006563002070BD00002DE9F04F87B00446F7
:108E9000142102A8F8F702FB8249DFF804C2143952
:108EA0002368804A0227072000250E154FF003088B
:108EB0004FF000694FF0400A634551D1136843F009
:108EC00010031360126802F0100201920A6842F067
:108ED00002020A600A6802F0020201920A6842F085
:108EE00001020A60096801F00101019180210291EB
:108EF00003970495CDF814808346069002A96A482A
:108F0000FDF73CFE7010029003970495CDF8148095
:108F1000CDF818B002A96548FDF730FE654F6448EA
:108F20003860C7F80490C7F808A0FD603E617D6115
:108F3000BD61FD61B00138627D623846FDF718FD04
:108F400008B1FBF7EBFFA763BC63002205212520D6
:108F5000FEF7ECFB2520FEF7DBFB07B0BDE8F08F4A
:108F6000DFF854C14FF4003B63453DD14D4A121F19
:108F7000136843F480231360126802F48022019284
:108F80000A6842F004020A60096801F004010191D4
:108F90004FF44061029103970495CDF81480069038
:108FA00002A94648FDF7EAFD424F45486037386060
:108FB000C7F80490BD60FD603E617D61BD61FD61EB
:108FC000C7F820B07D623846FDF7D2FC08B1FBF748
:108FD000A5FFE763BC63002204212720FEF7A6FB60
:108FE0002720FEF795FBB8E736488342B5D11068D5
:108FF00040F020001060106800F020000190086828
:1090000040F040000860086800F0400001904FF414
:109010008440029003970495CDF8148008200690B0
:1090200002A92948FDF7AAFD2148224F9038C037F0
:1090300038604FF02068C7F80480BD60FD603E6175
:109040007D61BD61FD61C7F820B07D623846FDF7E6
:109050008FFC08B1FBF762FFE763BC6314481B4F4A
:1090600018383860C7F80480C7F808A0FD603E6172
:109070007D61BD61FD614FF4803038627D623846AC
:10908000FDF776FC08B1FBF749FFA763BC6300223C
:1090900005214720FEF74AFB4720FEF739FB5CE736
:1090A0000010014044380240000402400000024029
:1090B000B8640240D8140020004800400008024074
:1090C000286002400014014000180240F8150020FA
:1090D00090F84230202B01D00220704721B11AB104
:1090E0000023036305F014B80120704770B50068D1
:1090F0001E49884238D11E4800781D4C1D4B641E05
:109100000025217821B101290DD0022917D024E0B2
:10911000AA2801D0658020E061884A1C62805854EA
:109120000120207019E061884A1C62805854FF2891
:1091300002D06580257010E0022020700DE061886B
:109140004A1C92B262805854302A06D1094901F172
:109150003000F8F747F965802570BDE870400122BE
:1091600003490548FFF7B4BF70BD0000001001407F
:10917000AD0100205C200020001400202DE9F84300
:1091800004460E4615461F4694F84100202802D09A
:109190000220BDE8F8837EB175B100206064212013
:1091A00084F84100FDF708FE8146A584E584A068A7
:1091B000B0F5805F03D004E00120BDE8F8832069AA
:1091C00090B135460026E08C4FF02008C8B14B46E0
:1091D000002280212046009704F0E5FF30B184F89A
:1091E00041800320BDE8F8830025ECE7B5B1216894
:1091F000287848606D1CE08C401EE084E08C0028DC
:10920000E5D14B46002240212046009704F0CBFFD9
:1092100058B184F841800320BDE8F8833088216884
:10922000C0F308004860B61CE5E784F841800020E0
:10923000BDE8F88337B5044694F84100202802D0F1
:1092400003B0022030BD0199002933D0002A31D06B
:109250002162A284E28400206064212384F84130EA
:10926000D4F838C0154BCCF83C30D4F838C0144B87
:10927000CCF84030D4F838C0124BCCF84C30A36B4B
:1092800018652068134600F1040C6246A06BFDF7D8
:10929000E5FB21686FF0400008602068143050E85A
:1092A000001F41F0800140E80012002AF5D103B010
:1092B000002030BD03B0012030BD000077DE000883
:1092C000BBDE00082DDE0008704770471CB500208B
:1092D0006A46FF211154401C0728FBDBFC208DF857
:1092E000070069460120FAF7B5F932200BF0BEFFFE
:1092F00069460220FAF7AEF932200BF0B7FF694653
:109300000320FAF7A7F932200BF0B0FF69460420DA
:10931000FAF7A0F932200BF0A9FF00F02DFDFE2096
:109320008DF8070069460120FAF794F932200BF016
:109330009DFF69460220FAF78DF932200BF096FF67
:1093400069460320FAF786F932200BF08FFF694651
:109350000420FAF77FF932200BF088FF1CBD0000D3
:1093600070B50446002020743B4DA27B61682888BC
:109370004243D4F8F400F8F735F8A17B288841433C
:109380006068F8F78BF8A07B10FB00F12888414358
:10939000D4F81801F8F782F8207BA17B10FB01F1CB
:1093A00028884143D4F80C01F8F778F8002029E028
:1093B000D4F8F41001EB800292ED000AB5EEC00A79
:1093C000F1EE10FA1CD0227C01EB820181ED000A43
:1093D000227C616A8854A169227B01EB8001237C95
:1093E00091ED000A6169095C12FB0311D4F80C21AC
:1093F000491E02EB810181ED000A217C491C217488
:10940000401CC0B2A17B8142D2D8002010E0636A28
:10941000E26900FB01011B5C02EB830292ED000A92
:10942000D4F8182102EB810181ED000A401CC0B282
:10943000217C8142EBD85C3414F84C0CA08314F8E6
:10944000500CE083A084E184A186E186A087E187B7
:1094500024F8141C70BD000058070020FEE70168C6
:109460004A6912F4806F11D06FF480624A61002162
:109470000163202280F83D2080F83E10026C42F00B
:109480000402026480F83C100120704700207047FD
:10949000F8B504460D4617461E46E06A082808D06F
:1094A000012806D010F5803F03D0206B122806D08B
:1094B0000AE02068016841F48071016004E02068DE
:1094C000016841F4807101603B4600224FF00111B8
:1094D0002046009600F07BF948B12068006810F43F
:1094E000807F02D04FF4007020640320F8BD206913
:1094F000B0F5804F0FD005F44070F02141EAD01054
:109500002168086133463A460C49204600F0D4F9F8
:1095100030B10120F8BD216805F0FE00086102E0CD
:109520002168E8B2086133463A460549204600F012
:10953000C3F908B10120F8BD0020F8BD0800010002
:10954000020001002DE9F84F0446DDF828A00B9D2C
:109550000F4690461E462068016841F48061016014
:109560002068016841F480710160534600224FF089
:1095700001112046009500F02AF94FF4007948B116
:109580002068006810F4807F01D0C4F84090032068
:10959000BDE8F88F216807F0FE000861DFF8F4B03D
:1095A0002B4652465946204600F086F910B101205C
:1095B000BDE8F88F20684169806900902A465146CD
:1095C000204600F032FA50B1206C042804D1206803
:1095D000016841F4007101600120BDE8F88F304658
:1095E00008F0FF0601280DD021684FEA1820086115
:1095F0002A465146204600F018FA70B1206C042823
:1096000003D007E02068066109E02068016841F4A2
:10961000007101600120BDE8F88F206806612A46CC
:109620005146204600F001FA50B1206C042804D1C4
:109630002068016841F4007101600120BDE8F88FE5
:109640002068016841F480710160534600224FF0A8
:1096500001112046009500F0BAF848B12068006872
:1096600010F4807F01D0C4F840900320BDE8F88F4B
:109670002168F8B240F0010008612B465246594675
:10968000204600F019F910B10120BDE8F88F002044
:10969000BDE8F88F020001002DE9F8430446DDF82B
:1096A0002090099F0D46164698462068016841F4AF
:1096B000807101604B4600224FF001112046009757
:1096C00000F085F850B12068006810F4807F02D067
:1096D0004FF4007020640320BDE8F883216805F092
:1096E000FE0008613B464A461E49204600F0E4F869
:1096F00010B10120BDE8F8832068416980690090BD
:109700003A464946204600F090F950B1206C0428B2
:1097100004D12068016841F4007101600120BDE8B6
:10972000F883F5B2B8F1010F0CD02168300A086156
:109730003A464946204600F078F970B1206C04287A
:1097400003D007E02068056109E02068016841F462
:10975000007101600120BDE8F883206805610020E8
:10976000BDE8F8830200010070B504460D461646B8
:109770002068406910F0040F18D12046FFF76FFEF3
:1097800008B1012070BDB5F1FF3F0AD0FDF714FB11
:10979000801BA84200D825B92068406910F0040F4A
:1097A00006D02068406910F0040FE6D0002070BD9C
:1097B00000202063202184F83D1084F83E00216CB5
:1097C00041F02001216484F83C00012070BD2DE9A6
:1097D000F0470446DDF820900D4617461E46C5F3B7
:1097E00007482068B8F1010F13D0806925EA00000E
:1097F0000004000C17D00020B8424DD1B6F1FF3F55
:109800003DD0FDF7D9FAA0EB0900B0420DD866B102
:1098100035E0406925EA00000004000C01D000207A
:10982000EAE70120E8E70120E6E7B8F1010F19D0E7
:109830002068806925EA00000004000C1DD000208B
:10984000B8421CD100202063202184F83D1084F808
:109850003E00216C41F02001216484F83C0001208D
:10986000BDE8F0872068406925EA00000004000C8C
:1098700001D00020E4E70120E2E70120E0E7B8F1B1
:10988000010F0CD02068806925EA00000004000C5C
:1098900010D00020B842B1D00020BDE8F087206889
:1098A000406925EA00000004000C01D00020F1E727
:1098B0000120EFE70120EDE72DE9F04704460D46D2
:1098C00016469846C5F307472068012F26D08069C1
:1098D00025EA00000004000C59D04FF000094FF0B9
:1098E000200A2068406910F4806F1ED0206801684B
:1098F00041F40071016021686FF480604861C4F830
:10990000309084F83DA084F83E90206C40F0040034
:10991000206484F83C900120BDE8F087406925EA86
:1099200000000004000C32D0D7E7B6F1FF3F25D08D
:10993000FDF742FAA0EB0800B04200D8F6B9012FBB
:1099400015D02068806925EA00000004000C15D0BD
:10995000C4F8309084F83DA084F83E90206C40F02C
:109960002000206484F83C900120BDE8F087206846
:10997000406925EA00000004000CE9D1012F09D05C
:109980002068806925EA00000004000CA9D10020AD
:10999000BDE8F0872068406925EA00000004000C5B
:1099A0009FD1F4E72DE9F04104460D4616462068A4
:1099B000406910F0400F27D100274FF020082068A1
:1099C000406910F0100F0FD020686FF01001416156
:1099D000276384F83D8084F83E70206C206484F80E
:1099E0003C700120BDE8F081FDF7E6F9801BA8423C
:1099F00000D825B92068406910F0400F07D02068D2
:109A0000406910F0400FDAD00020BDE8F0812763F4
:109A100084F83D8084F83E70206C40F02000206483
:109A200084F83C700120BDE8F08170B504460D4615
:109A300016462068406910F0800F18D12046FFF7C5
:109A40000EFD08B1012070BDB5F1FF3F0AD0FDF752
:109A5000B3F9801BA84200D825B92068406910F0EE
:109A6000800F06D02068406910F0800FE6D00020FB
:109A700070BD00202063202184F83D1084F83E0052
:109A8000216C41F02001216484F83C00012070BD6C
:109A900030B503460C461088154D00280DD105F150
:109AA0000C0090ED000A85ED000A90ED010A85EDAD
:109AB000010A90ED020A85ED020A0D490C48703941
:109AC00009F038F995ED000A84ED000A95ED010AD8
:109AD00084ED010A95ED020A84ED020AB7EE000A50
:109AE00083ED000A83ED010A83ED020A30BD000018
:109AF000CC1E00200A4891ED000A80ED000AD1ED4D
:109B0000010AC0ED010A91ED021A80ED021A0C382B
:109B100080ED000AC0ED010A80ED021A70470000D6
:109B2000D81E00200EB5072009F026FE02E06420B2
:109B300009F022FEF9F76CFC0028F8D102E064205D
:109B400009F01AFE09F068FB0028F8D1804A101DC0
:109B5000CDE90102A2F11005291DF9F771FC05F10B
:109B6000480A0AF1040009F095FB2B46A3F13402E0
:109B7000A2F10C01A1F10C00CDF800A009F03EF912
:109B8000DFED740A9FED740A744A002105F1640048
:109B900001F012FEA5F13402A2F10C0101F118004E
:109BA000F9F7A2F9A5F14008A5F1580698ED000AC9
:109BB000A5F1640786ED000AA5F1700987ED000A9A
:109BC00089ED000A98ED010A86ED010A87ED010A88
:109BD00089ED010A98ED020A86ED020A87ED020A74
:109BE00089ED020A002009F003FE0CF049F85C4CF4
:109BF00020615C491020C8610846FEF795FA08B15B
:109C0000FBF78CF9564908222031A1F1080003F036
:109C1000D7FA012020714FF0FF3B594601200BF08D
:109C200001F90128F9D12078000708D5207820F023
:109C3000080020704A4801992130F9F7B9FB607893
:109C400040070AD5607820F004006070404A291D62
:109C50001032A2F12A00F9F761FBA07840070CD579
:109C6000A07820F00400A0703D4802991630F9F762
:109C7000C3FC95ED040A09F0CFF9354BCDF800A0EF
:109C8000103BA3F13402A2F10C01A1F10C0009F088
:109C9000B5F897ED000A89ED000AD6ED000AC7ED88
:109CA000000A9FED311ADFED311A9FED312A60EE87
:109CB000810A40EE210A98ED000A40EE020AC6ED44
:109CC000000A97ED010A89ED010AD6ED010AC7EDF8
:109CD000010A60EE810A40EE210A98ED010A40EE89
:109CE000020AC6ED010A97ED020A89ED020AD6EDD5
:109CF000020AC7ED020A60EE810A40EE210A98EDE1
:109D0000020A40EE020AC6ED020A114B9FED190A43
:109D1000443BA3F1240202F10C0101F12400F9F704
:109D20003DFA0B4B203B1A1F111FA1F1100008F048
:109D30003FFEE07810F00100E0703FF46EAFE07895
:109D400020F00100E070E07840F00200E07064E78D
:109D5000B81E00200080894500A08C45707D010858
:109D6000E8000020381100205AF8F63F5D896EBFE8
:109D7000D5A9183B6F12833A10B52DED028B174C05
:109D80009FED178ADFED178A22E0B0EE480A012026
:109D9000F9F786FC02200BF069FAB0EE680A02209F
:109DA000F9F77EFC02200BF061FAB0EE680A03209E
:109DB000F9F776FC02200BF059FAB0EE480A0420BD
:109DC000F9F76EFC02200BF051FA206C401C206465
:109DD000206CC828D9DBBDEC028B10BD3C000020F4
:109DE000CDCC4C3FCDCC4CBF017A04291CD190ED99
:109DF0005B0AB1EE400A80ED5B0A0E4AD0F87011A2
:109E0000DFED0D0A0D4B9FED0E0A914202DDC0ED14
:109E10005C0A03E0994201D980ED5C0AD0F8741124
:109E2000914202DDC0ED5D0A70479942FCD980ED98
:109E30005D0A704700204B4600204B4600204BC671
:109E400000204BC62DE9F04704460D4617461E4636
:109E5000DFF8E4830420A8F800000820A8F8020036
:109E600025736773A6734FF0000984F8109030468D
:109E7000F7F71AF860613146F7F7EEFAB8F8000024
:109E80007043F7F711F8A061B8F800107143F7F7C5
:109E900005FBB8F800007043F7F706F8E061B8F882
:109EA00000107143F7F7FAFAB8F800006843F6F7C4
:109EB000FBFF2062B8F800106943F7F7EFFA30466D
:109EC000F6F7F2FF60623146F7F7C6FAB8F800001D
:109ED0006843F6F7E9FF2060B8F800106943F7F728
:109EE000DDFAB8F800007043F6F7DEFF6060B8F8FE
:109EF00000107143F7F7D2FAB8F800007843F6F78C
:109F0000D3FFA060B8F800107943F7F7C7FAB8F8A4
:109F100000006843F6F7C8FFC4F8E800B8F800107E
:109F20006943F7F7BBFA217B012204F13000D4F832
:109F3000E830F6F771FBB8F800006843F6F7B4FFB5
:109F4000C4F8EC00B8F800106943F7F7A7FA217BD2
:109F5000012204F13800D4F8EC30F6F75DFB9FB134
:109F6000B8F800007843F6F79FFFC4F8F000B8F89F
:109F700000107943F7F792FA617B012204F1400067
:109F8000D4F8F030F6F748FBB8F800007043F6F765
:109F90008BFFC4F8F400B8F800107143F7F77EFAAD
:109FA000A17B012204F14800D4F8F430F6F734FB29
:109FB000B8F8000068436843F6F776FFC4F8F80085
:109FC000B8F8001069436943F7F768FA217B04F198
:109FD00050000A46D4F8F830F6F71EFBB8F8000037
:109FE00068436843F6F760FFC4F8FC00B8F8001057
:109FF00069436943F7F752FA217B04F158000A4696
:10A00000D4F8FC30F6F708FBB8F800006843684362
:10A01000F6F74AFF8834A067B8F800006843684341
:10A02000F6F742FFE067B8F80010A06F6943694394
:10A03000F7F734FAB8F80010E06F69436943F7F7AF
:10A040002DFA14F87C1CA36F883C0A4604F16000CA
:10A05000F6F7E2FA217B04F168000A46D4F80431ED
:10A06000F6F7DAFAAFB1B8F8000068437843F6F7CC
:10A070001BFFC4F80801B8F8001069437943F7F7EB
:10A080000DFA627B217B04F17000D4F80831F6F7F9
:10A09000C3FAB8F8000070436843F6F705FF94343C
:10A0A000A067B8F8000068437043F6F7FDFEE0676C
:10A0B000B8F80010A06F71436943F7F7EFF9B8F8EB
:10A0C0000010E06F69437143F7F7E8F914F8882C42
:10A0D00014F8861CA36F943C04F17800F6F79CFA00
:10A0E000A27B217B04F18000D4F81031F6F794FABA
:10A0F000B8F8000068436843F6F7D6FEC4F81401C8
:10A10000B8F8001069436943F7F7C8F9217B04F1F7
:10A1100088000A46D4F81431F6F77EFAB8F8000041
:10A1200070437043F6F7C0FEC4F81801B8F8001089
:10A1300071437143F7F7B2F9A17B04F190000A462D
:10A14000D4F81831F6F768FAB8F80000684370439D
:10A15000F6F7AAFEC4F81C01B8F800106943714371
:10A16000F7F79CF9A27B217B04F19800D4F81C310D
:10A17000F6F752FA207B10FB00F0B8F800104843C5
:10A18000F6F792FEC4F82001207B10FB00F0B8F82F
:10A1900000104843F6F788FEC4F82401207B10FB2A
:10A1A00000F0B8F800104843F6F77EFEC4F8280126
:10A1B000207BB8F800104843F6F776FEC4F82C016F
:10A1C000207BB8F800104843F6F76EFEC4F8300163
:10A1D000217B04F1A0000A46D4F82031F6F71CFADE
:10A1E000217B04F1A8000A46D4F82431F6F714FACA
:10A1F000217B04F1B0000A46D4F82831F6F70CFAB6
:10A20000217B012204F1B800D4F82C31F6F704FACE
:10A21000217B012204F1C000D4F83031F6F7FCF9BB
:10A2200084F8289084F8299084F82A9084F82B9058
:10A2300084F82C90BDE8F0875807002070B50446DC
:10A240000F4DE07B002803D02046FFF789F80DE092
:10A25000A27B288861684243D4F8F400F7F7C2F87B
:10A26000A17B288841436068F7F718F9627B28884A
:10A27000A1684243D4F8F000BDE87040F7F7B2B8E7
:10A28000580700202DE9F041044694F82C000028DE
:10A2900027D17434A08CA086E188E186A08734F8A9
:10A2A0001A0CE087743C04F1A802154604F1780109
:10A2B00004F19800F6F74CFC84F8C80004F1B002F1
:10A2C00004F1580116460F462846F6F741FC84F87B
:10A2D000C80004F1500231463846F6F7D7FC84F83E
:10A2E000C800BDE8F0812DE9F041044694F829004A
:10A2F00000282CD104F1680104F160000D460746E6
:10A30000F6F748FD84F8C80004F15802164604F137
:10A3100050013846F6F71CFC84F8C800B4F8580021
:10A32000A4F8A800B4F86A00A4F8AA0004F1A802EE
:10A33000174629463046F6F70BFC84F8C80032462B
:10A3400004F188013846F6F7E3F884F8C800BDE860
:10A35000F0812DE9F047044694F82A00002855D1F1
:10A3600004F1800104F178000D460746F6F712FD6E
:10A370006C3484F85C00A089A08734F8120CE08764
:10A380006C3C04F1A80204F1580116468846384690
:10A39000F6F7DEFB823484F84600E08CE085208806
:10A3A0002086823C04F1B002174629463046F6F773
:10A3B000CFFB903484F83800208820826088608247
:10A3C000903C04F1A002914604F190013846F6F762
:10A3D0009FF8AA34A07739464846F6F721F9A077C6
:10A3E00034F8520C24F8020C34F8280C2080324641
:10A3F00029464046F6F7ACFBA077AA3C04F1980248
:10A4000039463046F6F7A4FB84F8C800BDE8F0876B
:10A4100070B504462046FFF711FFD4F8CC1009B1FF
:10A4200020468847204600F067F8D4F8D01009B1DC
:10A43000204688472046FFF756FFD4F8D41009B1CC
:10A4400020468847207C2B4DC0B9E07BB0B1227BF1
:10A4500028884243D4E93A01F6F7C4FF207B10FB79
:10A4600000F228884243D4E93E01F6F7BBFFD4F856
:10A47000E01009B120468847002029E02046FFF778
:10A4800068FFD4F8D81009B120468847204600F06C
:10A490006DF8D4F8DC1009B1204688472046FFF754
:10A4A000F1FEE4E700FB0101D4F8F82002EB8101A2
:10A4B000226AD1ED000A02EB800292ED000AF4EE6E
:10A4C000C00AF1EE10FA01D281ED000A401CC0B2C0
:10A4D000217B8142E6D8227B2888D4F8E8104243C9
:10A4E0002068F6F77FFFD4F8E41009B120468847CA
:10A4F000206870BD580700202DE9F041044694F80B
:10A50000280000282AD1627B04F1300104F16000A8
:10A5100004F1380522B3227BA4F8B8200126A4F860
:10A52000BA6004F1B8021746F6F712FB84F8C800C7
:10A53000207BA4F8C000A4F8C26004F1C002164653
:10A5400004F1400104F17000F6F702FB04F8C80FB3
:10A550002A4631463846F5F7DBFF2070BDE8F0812A
:10A560002A46F6F7F5FA84F8C800F7E72DE9F04136
:10A57000044694F82B00002836D1B4F87800A4F8EB
:10A58000B8000125A4F8BA5004F1B80204F138016A
:10A5900016460F4604F17800F6F7DAFAAA34A077E7
:10A5A00034F8620CE0822583AA3C04F1C002904694
:10A5B000314604F14800F6F769FB983484F830001E
:10A5C000208820846584983C3246414604F19800F6
:10A5D000F6F7BEFA84F8C80004F130023146384676
:10A5E000F5F796FF84F8C800BDE8F0812DE9F04149
:10A5F000234B4FF0000C83F800C0DFF888801F1D4C
:10A6000083F801C01E7806EB860508EBC5045A786E
:10A6100002EB4501C9B2997001EB410107EBC101A1
:10A6200090ED270A91ED001AD1ED010AD1ED021A41
:10A6300091ED032A00EE801AD0ED290A01EEA01A4E
:10A6400060EE001A20EE200A02EE211AD1ED041A63
:10A6500001EE801A20EEA00AD1ED050A04EB82017A
:10A6600000EE801A81ED001A521CD1B259700A29ED
:10A67000CDD3761CF1B219700429C1D3BDE8F081A5
:10A6800094030020583A00202DE9F0412DED048B71
:10A69000002862D001231A4602213248FFF7D2FB7C
:10A6A000304900259C3101F88D5C2F4CC86D221D6E
:10A6B000CCCACCC0486ED4E90737D4E90562C0E9FA
:10A6C0000237C0E9006204F12402886FCCCACCC012
:10A6D000A4F18006086FD6E907230CC0C86FB268E2
:10A6E0000260C86E9FED219A80ED009AC86E9FEDC2
:10A6F000208A80ED018ADFED1F8AC1ED268A0123C1
:10A700001A4602211C48FFF79DFB1B499C3101F8AA
:10A710008D5C221DC86DACCAACC0486ED4E9073749
:10A72000D4E90552C0E90237C0E90052D4E90A353C
:10A73000886F626A246B80E82C00C460086FD6E9D9
:10A7400007230CC0C86FB2680260C86E80ED009A23
:10A75000C86E80ED018AC1ED268ABDEC048BBDE890
:10A76000F0810000D0330020280300208D979A3517
:10A77000FFF7163A00000000083500202DE9F041EF
:10A780002DED048B00285AD001231A4602212E48B1
:10A79000FFF758FB2C4900259C3101F88D5C2B4CB0
:10A7A000C86D04F15002CCCACCC0486ED4E91A3747
:10A7B000D4E91862C0E90237C0E9006204F170020E
:10A7C000886FCCCACCC0086FD4E904230CC0C86F12
:10A7D00022680260C86E9FED1E9A80ED009AC86ED6
:10A7E0009FED1C8A80ED018ADFED1B8AC1ED268A70
:10A7F00001231A4602211948FFF724FB1749CD739C
:10A800009C3104F15002C86D6CCA6CC004F1600246
:10A81000486E6CCA6CC004F17002886F6CCA6CC060
:10A82000086FD4E904230CC0C86F22680260C86EA8
:10A8300080ED009AC86E80ED018AC1ED268ABDECDC
:10A84000048BBDE8F081000060310020AC020020E4
:10A850008D979A35FFF7163A0000000098320020D5
:10A860007FB5002400940194029403941348124984
:10A8700001604FF48031416084600461047680F8A7
:10A880002040C4620E498162C4600125C56180F820
:10A8900030404561FAF73FFF08B1FAF73FFB10205F
:10A8A00000900195029469460448FAF777FE002863
:10A8B00001D0FAF733FB7FBD002001403C0F0020A0
:10A8C0000100000F7FB500240094019402940394CA
:10A8D0001348124901604FF4803141608460046183
:10A8E000047680F82040C4620E498162C46001256C
:10A8F000C56180F830404561FAF70DFF08B1FAF7FD
:10A900000DFB082000900195029469460448FAF76F
:10A9100045FE002801D0FAF701FB7FBD002201406F
:10A92000840F00200100000F10B50F480D49016091
:10A930000321416000218160C1604FF41022026157
:10A940004FF400124261017641768176C17601773B
:10A950004177FBF734FB002803D0BDE81040FAF73D
:10A96000DDBA10BD00640040CC0F002010B50F48C8
:10A970000D4901600321416000218160C1604FF4F5
:10A98000102202614FF40012426101764176817615
:10A99000C17601774177FBF712FB002803D0BDE8B1
:10A9A0001040FAF7BBBA10BD00680040F40F002059
:10A9B00008B52148016841F480010160016801F493
:10A9C00080010091016841F400110160006800F409
:10A9D00000100090002205210C20FCF7A7FE0C209F
:10A9E000FCF796FE002205213920FCF79FFE392056
:10A9F000FCF78EFE002205213A20FCF797FE3A2054
:10AA0000FCF786FE002205213B20FCF78FFE3B2051
:10AA1000FCF77EFE002205214520FCF787FE45203D
:10AA2000FCF776FE002205214620FCF77FFEBDE8FC
:10AA300008404620FCF76CBE3038024010B5CEB05E
:10AA40001C223C4947A8F6F7CDFC002147A808F096
:10AA5000A0FE394CA0621C2236491C3140A8F6F7F2
:10AA6000C1FC002140A808F094FE20601C2231495E
:10AA7000383139A8F6F7B6FC002139A808F089FE6C
:10AA8000E0601C222B49543132A8F6F7ABFC0021C0
:10AA900032A808F07EFE60601C22264970312BA887
:10AAA000F6F7A0FC00212BA808F073FEA0601C2282
:10AAB00020498C3124A8F6F795FC002124A808F041
:10AAC00068FE20611C221B49A8311DA8F6F78AFCEC
:10AAD00000211DA808F05DFE60611C221549C431EB
:10AAE00016A8F6F77FFC002116A808F052FEA06118
:10AAF0001C221049E0310FA8F6F774FC00210FA8C2
:10AB000008F047FEE0611C220A49FC3108A8F6F76C
:10AB100069FC002108A808F03CFE20621C220749BD
:10AB200001A8F6F75FFC002101A808F032FE606280
:10AB30004EB010BD0C7C010800000020247D0108EF
:10AB40002DE9F04186B0142101A8F6F7A7FC4E4884
:10AB5000016841F002010160016801F00201009109
:10AB6000016841F040010160016801F0400100917D
:10AB7000016841F001010160016801F001010091EB
:10AB8000016841F008010160016801F008010091CD
:10AB9000016841F004010160016801F004010091C5
:10ABA000016841F020010160016801F0200100917D
:10ABB000016841F080010160006800F080000090B1
:10ABC000324E012240213046FCF7EEF8304F012290
:10ABD00010213846FCF7E8F8DFF8B880012211466A
:10ABE0004046FCF7E1F840200190012402940394D0
:10ABF000049401A93046FBF7C1FF092001904FF4EE
:10AC000004150295039401A93046FBF7B7FF102005
:10AC10000190029403940226049601A93846FBF79A
:10AC2000ADFF302001900295039401A91A48FBF76B
:10AC3000A5FF019402940394049601A94046FBF7F2
:10AC40009DFF062100220846FCF770FD0620FCF758
:10AC50005FFD002205210920FCF768FD0920FCF7B3
:10AC600057FD002205210A20FCF760FD0A20FCF7B1
:10AC70004FFD002205211720FCF758FD1720FCF797
:10AC800047FD06B0BDE8F0813038024000180240B0
:10AC900000000240000402400008024010B50D48C8
:10ACA0000B4901600C49416000218160C1604FF493
:10ACB0008042026141618161C1610162FCF782F8F9
:10ACC000002803D0BDE81040FAF728B910BD0000F5
:10ACD000005400401C100020801A060010B50D48DA
:10ACE0000B4901600C49416000218160C1604FF453
:10ACF0008042026141618161C1610162FCF762F8D9
:10AD0000002803D0BDE81040FAF708B910BD0000D4
:10AD10000058004070100020801A060010B50D4841
:10AD20000B4901600C49416000218160C1604FF412
:10AD30008042026141618161C1610162FCF742F8B8
:10AD4000002803D0BDE81040FAF7E8B810BD0000B5
:10AD5000005C0040C4100020801A060010B50C48AA
:10AD60000A490160002141607C22826040F67F42F6
:10AD7000C260016141618161FDF74BF9002803D098
:10AD8000BDE81040FAF7CAB810BD00000028004026
:10AD90001811002010B510480E4901604FF482715F
:10ADA000416000218160C160022202610122426192
:10ADB000520282613822C2610162416281620A21CB
:10ADC000C162FDF7B1F9002803D0BDE81040FAF7E1
:10ADD000A5B810BD003001403811002010B588B072
:10ADE0001C2101A8F6F75AFB1448134901600024FE
:10ADF0004460846041F28731C16004618461FDF781
:10AE0000E8FB08B1FAF78AF80C48FDF735FE08B1FF
:10AE1000FAF784F8602001900294039405940022CC
:10AE200001A90648FDF7BCFD08B1FAF777F8034819
:10AE3000FDF710FD08B010BD00440140B81300201C
:10AE400010B586B0002402940394049405940094F1
:10AE50000194144812490160446084604FF6FF7108
:10AE6000C160046144618461FDF7B3FB08B1FAF786
:10AE700055F84FF48050029002A90A48FDF774FC7F
:10AE800008B1FAF74BF80094019469460548FDF7BC
:10AE900053FB002801D0FAF741F806B010BD0000BE
:10AEA000000001405012002010B58EB000240A941A
:10AEB0000B940C940D94089409941C2101A8F6F7A6
:10AEC000EDFA1E481C4901604460846042F2CF01E3
:10AED000C16004618461FDF77CFB08B1FAF71EF8DC
:10AEE0004FF480500A900AA91448FDF73DFC08B1C0
:10AEF000FAF714F81148FDF7BFFD08B1FAF70EF89C
:10AF00000894099408A90D48FDF716FB08B1FAF753
:10AF100005F860200190029403940594082201A989
:10AF20000648FDF73DFD08B1F9F7F8FF0348FDF7C6
:10AF300091FC0EB010BD00000004004098120020EB
:10AF400010B58EB000240A940B940C940D940894C0
:10AF500009941C2101A8F6F7A1FA1E481C490160BA
:10AF6000A721416084604FF6FF71C1600461846174
:10AF7000FDF72FFB08B1F9F7D1FF4FF480500A908D
:10AF80000AA91448FDF7F0FB08B1F9F7C7FF11480B
:10AF9000FDF772FD08B1F9F7C1FF0894099408A9FB
:10AFA0000C48FDF7C9FA08B1F9F7B8FF6020019025
:10AFB000029403940594082201A90648FDF7F0FCC9
:10AFC00008B1F9F7ABFF0348FDF744FC0EB010BD24
:10AFD00000080040E012002010B58EB000240A9452
:10AFE0000B940C940D94089409941C2101A8F6F775
:10AFF00055FA264824490160446084604FF6FF7189
:10B00000C16004618461FDF7E4FA08B1F9F786FFD5
:10B010004FF480500A900AA91C48FDF7A5FB08B11F
:10B02000F9F77CFF1948FDF727FD08B1F9F776FF1E
:10B030000894099408A91548FDF77EFA08B1F9F7B4
:10B040006DFF60200190029403940594002201A9F1
:10B050000E48FDF7A5FC08B1F9F760FF042201A92D
:10B060000A48FDF79DFC08B1F9F758FF082201A92D
:10B070000648FDF795FC08B1F9F750FF0348FDF7C6
:10B08000E9FB0EB010BD0000000C004028130020AA
:10B0900010B586B00024029403940494059400949F
:10B0A0000194144812490160A7214160846044F66C
:10B0B0001F61C160046144618461FDF78AFA08B1CF
:10B0C000F9F72CFF4FF48050029002A90948FDF7D0
:10B0D0004BFB08B1F9F722FF00940194694605483B
:10B0E000FDF72AFA002801D0F9F718FF06B010BDC5
:10B0F000000401407013002010B50C480A4901609B
:10B100004FF4E131416000218160C16001610C2296
:10B1100042618161C161FDF783FE002803D0BDE873
:10B120001040F9F7FBBE10BD0010014000140020D4
:10B1300010B50D480B4901600C4941600021816048
:10B14000C1604FF4806202610C2242618161C16181
:10B15000FDF766FE002803D0BDE81040F9F7DEBE1B
:10B1600010BD00000048004048140020A0860100E7
:10B1700010B50C480A4901604FF4E13141600021EB
:10B180008160C16001610C2242618161C161FDF792
:10B1900047FE002803D0BDE81040F9F7BFBE10BD40
:10B1A0000014014090140020FEE7000070B5044632
:10B1B0002DED028B204600F0C5FB204600F0CFFBB2
:10B1C00094F8E0069FED2C8A04F58065012801D0F3
:10B1D00085EDC08A94F8B006012801D085EDB48AC7
:10B1E00094F8100601282FD0B0EE480A0120F8F795
:10B1F00057FA01200AF03AF894F86006012829D09D
:10B20000B0EE480A0320F8F74BFA01200AF02EF8B6
:10B2100094F83806012823D0B0EE480A0220F8F747
:10B220003FFA01200AF022F894F8880601281DD080
:10B23000B0EE480A0420F8F733FABDEC028B012087
:10B24000BDE870400AF012B895ED890A0120F8F7C0
:10B2500027FACEE795ED9D0A0320F8F721FAD4E707
:10B2600095ED930A0220F8F71BFADAE795EDA70AA5
:10B270000420F8F715FAE0E70000000010B52DED06
:10B28000028B01209FED128AB0EE480AF8F708FA07
:10B29000012009F0EBFFB0EE480A0220F8F700FAAF
:10B2A000012009F0E3FFB0EE480A0320F8F7F8F9AF
:10B2B000012009F0DBFFB0EE480A0420F8F7F0F9AE
:10B2C000BDEC028B0120BDE8104009F0CFBF0000AB
:10B2D000000000007047000010B54FF48062044980
:10B2E0000448F6F73AF8BDE8104000F0EFB8000067
:10B2F0002A7E0108573600207821014806F022B93D
:10B300000058004030B57F2811D83F290FD8CD080C
:10B310000B4C012301F0070104EBC5148B402044C2
:10B32000012A05D0022A07D041789943417030BDE7
:10B3300041781943417030BD41785940417030BD6A
:10B340005636002010B50021AE2008F001FA002189
:10B35000402008F0FDF90021812008F0F9F90021D2
:10B36000FF2008F0F5F90021A42008F0F1F90021F0
:10B37000A62008F0EDF90021202008F0E9F90021CD
:10B38000084608F0E5F90021212008F0E1F9002144
:10B39000084608F0DDF900217F2008F0D9F90021E6
:10B3A000222008F0D5F90021084608F0D1F9002143
:10B3B000072008F0CDF900213F2008F0C9F900214D
:10B3C000C82008F0C5F90021A12008F0C1F900212A
:10B3D000A82008F0BDF90021084608F0B9F90021BD
:10B3E000D32008F0B5F90021084608F0B1F9002192
:10B3F000D52008F0ADF90021F02008F0A9F90021CE
:10B40000D92008F0A5F90021222008F0A1F9002197
:10B41000DA2008F09DF90021122008F099F90021A6
:10B42000DB2008F095F90021202008F091F9002197
:10B430008D2008F08DF90021142008F089F90021F1
:10B44000BDE81040AF2008F083B90000F0B500233C
:10B450000F4F0021FF25002607EBC312012810D053
:10B4600090B1541894F801C0CCF1FF0C84F801C0DD
:10B47000491CC9B28029F1D35B1CDBB2082BE8D38D
:10B48000F0BD54186570F3E754186670F0E70000DB
:10B49000563600200FB470B505460E46094C07AA73
:10B4A000226009480699F5F7CDFD82B2002323609A
:10B4B0000548835402463146284600F0B6F870BC71
:10B4C0005DF814FB8C0300204036002008B50021F5
:10B4D000084600F013F80749402008704FF47A70CE
:10B4E0000A46009040F2014378210348FBF740FDF3
:10B4F00008BD0000563600207010002070B500F026
:10B500007F0401F007050021212008F021F9002126
:10B51000204608F01DF900217F2008F019F90021CC
:10B52000222008F015F90021284608F011F9BDE89D
:10B5300070400021072008F00BB900002DE9F0470A
:10B5400081460C46A046203AD0B20027164900EBAF
:10B55000400001EB800A1AF807600025300605D587
:10B56000012221464846FFF7CDFE04E00022214695
:10B570004846FFF7C7FE7006060E641CE4B2A4EB53
:10B5800008000C2809D06D1CEDB2082DE6D37F1CF5
:10B59000FFB20C2FDFD3BDE8F087444609F1010963
:10B5A00009F0FF09F3E700002A8201082DE9F74FAF
:10B5B0008B4617464FF0000AD14631E0002428E0C0
:10B5C000786810F80A600AF1010A1FFA8AFA002561
:10B5D000009800EB0908300608D50BEB0400C1B257
:10B5E00008F0FF000122FFF78DFE07E00BEB0400DF
:10B5F000C1B208F0FF000022FFF784FE7006060EBD
:10B60000641CE4B27888A04203D06D1CEDB2082D12
:10B61000E1D37888A042D3D809F1010909F0FF09E4
:10B6200038884845CAD8BDE8FE8FF0B504460E46B6
:10B63000174600250CE031462046FFF77FFFA41D8A
:10B64000E4B27A2C02D900240C36F6B26D1CEDB2AD
:10B650007A5D002AEFD1F0BD002814D0D0ED101A89
:10B66000C0ED111A90ED0F1A80ED101AC0ED060A08
:10B6700080ED070A30EEC00A80ED0F0A017829B18B
:10B68000012952D092E09FED4B0A7047D0ED010A9C
:10B6900060EE801AC0ED091AD0ED0A0A90ED022A78
:10B6A00042EE000AC0ED0A0A90ED0D2A80ED0E2A46
:10B6B00090ED0C2A80ED0D2A30EE410A80ED0C0A47
:10B6C00090ED031A21EE001A80ED0B1A90ED050A99
:10B6D000F4EEC00AF1EE10FA02DD80ED0A0A08E08D
:10B6E000B1EE400AF4EEC00AF1EE10FA01D280ED9C
:10B6F0000A0A90ED0A0A31EE800A30EE010A80ED66
:10B70000080AD0ED040AB4EEE00AF1EE10FA02DD08
:10B71000C0ED080A4AE0F1EE600AB4EEE00AF1EE8C
:10B7200010FA43D2C0ED080A40E070EE410A90EDF5
:10B73000012A60EE820AC0ED090A90ED022A22EE8B
:10B74000002A80ED0A2AD0ED0D2AC0ED0E2AD0ED98
:10B750000C2AC0ED0D2AF0EE002A01EE620A30EE4E
:10B76000210A80ED0C0A90ED031A21EE000A80ED0B
:10B770000B0A70EE820A30EE800AD0ED080A30EE35
:10B78000200A80ED080AD0ED040AB4EEE00AF1EEDA
:10B7900010FA02DDC0ED080A08E0F1EE600AB4EE2E
:10B7A000E00AF1EE10FA01D2C0ED080A90ED080AA5
:10B7B0007047000000000000002828D0002A26D092
:10B7C000017092ED001A80ED011A92ED011A80EDE0
:10B7D000021A92ED021A80ED031A80ED040AC0ED00
:10B7E000050A9FED0B0A80ED0E0A80ED0D0A80ED33
:10B7F0000C0A80ED080A80ED0B0A80ED0A0A80ED44
:10B80000090A80ED110A80ED100A80ED0F0A7047D9
:10B810000000000030B5174C23685D6945F0400515
:10B820005D612368DC6844F01004DC60124C23681E
:10B830001D6825F001051D6003E01D6825F0010568
:10B840001D6023681D68ED07F7D125680B4BAB60C1
:10B850002368D86020680161206842602068016820
:10B8600041F4802101602068016841F0010101601C
:10B8700030BD000048140020381500200448004066
:10B8800010B50C4B1968CA6822F40052CA600A4A03
:10B8900011680C6824F001040C601168486010689D
:10B8A000016841F0010101601868C16841F400516C
:10B8B000C16010BD481400203815002003480068FE
:10B8C000C16821F40051C160704700004814002095
:10B8D0002DE9F041044600252068C16811F0400FB1
:10B8E00017D1C16841F08001C160FBF765FA0646D7
:10B8F000042707E0FBF760FA801BB0F57A7F01D9D7
:10B90000677701252068C06810F0400F01D1012D34
:10B91000F0D12846BDE8F08170B5044600252068C6
:10B92000C16821F08001C1602068806810F0200F9C
:10B9300006D12046FCF7DAFB10B104206077012520
:10B94000284670BD002809D000F5806090EDB40A4B
:10B9500080EDB60A90EDC00A80EDC20A704700285B
:10B9600007D090ED6F0A80ED710A90ED700A80EDBE
:10B97000720A70472DE9F74F82B0F74908680268EC
:10B9800022F001020260F54A1068036823F0010307
:10B99000036003E0016821F001010160EE480068E6
:10B9A0000168C907F6D103E0016821F001010160D7
:10B9B000EA4800680168C907F6D1E948E94AEA4B54
:10B9C000C06C0190E74CE84DE64EE74F0068DFF8A9
:10B9D00094B3DFF890C3E449483A6033183418351B
:10B9E000303E78374FF400680CF1300C58454CD994
:10B9F000884201D1202041E0904201D120203DE049
:10BA0000984201D1202039E0A04201D1202035E028
:10BA1000A84201D1404631E0B04201D140462DE07C
:10BA2000B84201D1404629E0604501D1404625E0B9
:10BA3000DFF8349309F13009484502D14FF4001082
:10BA40001CE0DFF82093A9F11809484502D14FF412
:10BA5000001013E0DFF8109309F19009484502D176
:10BA60004FF400100AE0DFF8FC9209F1480948455C
:10BA700002D14FF4001001E04FF00060DFF8E492D3
:10BA8000A9F14C09C9F80000F1E0DFF8DC9209F1F6
:10BA9000A80948454CD9884201D1202041E0904274
:10BAA00001D120203DE0984201D1202039E0A04280
:10BAB00001D1202035E0A84201D1404631E0B0421A
:10BAC00001D140462DE0B84201D1404629E0604511
:10BAD00001D1404625E0DFF8909209F13009484550
:10BAE00002D14FF400101CE0DFF87892A9F1180998
:10BAF000484502D14FF4001013E0DFF86C9209F1D1
:10BB00009009484502D14FF400100AE0DFF8549242
:10BB100009F14809484502D14FF4001001E04FF007
:10BB20000060DFF84092A9F15009C9F800009EE0DA
:10BB3000DFF8349209F1480948454CD9884201D1CF
:10BB4000202041E0904201D120203DE0984201D1E7
:10BB5000202039E0A04201D1202035E0A84201D1C7
:10BB6000404631E0B04201D140462DE0B84201D11B
:10BB7000404629E0604501D1404625E0DFF8E891E4
:10BB800009F13009484502D14FF400101CE0DFF8FC
:10BB9000D491A9F11809484502D14FF4001013E0DF
:10BBA000DFF8C49109F19009484502D14FF4001023
:10BBB0000AE0DFF8B09109F14809484502D14FF495
:10BBC000001001E04FF00060DFF89C91A9F110092E
:10BBD000C9F80C004BE0884201D1202041E090429E
:10BBE00001D120203DE0984201D1202039E0A0423F
:10BBF00001D1202035E0A84201D1404631E0B042D9
:10BC000001D140462DE0B84201D1404629E06045CF
:10BC100001D1404625E0DFF8509109F1300948454F
:10BC200002D14FF400101CE0DFF83891A9F1180997
:10BC3000484502D14FF4001013E0DFF82C9109F1D0
:10BC40009009484502D14FF400100AE0DFF8149142
:10BC500009F14809484502D14FF4001001E04FF0C6
:10BC60000060DFF80491A9F11009C9F808000198F3
:10BC70004FF48069006858454CD9884201D11020A2
:10BC800041E0904201D110203DE0984201D11020C6
:10BC900039E0A04201D1102035E0A84201D1484648
:10BCA00031E0B04201D148462DE0B84201D14846CA
:10BCB00029E0604501D1484625E0DFF8ACE00EF10F
:10BCC000300E704502D14FF480101CE0DFF894E094
:10BCD000AEF1180E704502D14FF4801013E0DFF87A
:10BCE00088E00EF1900E704502D14FF480100AE00A
:10BCF000DFF870E00EF1480E704502D14FF480106D
:10BD000001E04FF08060DFF85CE0AEF14C0ECEF861
:10BD10000000EFE0DFF850E00EF1A80E704552D9B8
:10BD2000884201D1102047E0904201D1102043E029
:10BD3000984201D110203FE0A04201D110203BE009
:10BD4000A84201D1484637E0B04201D1484633E02D
:10BD5000B8420BD148462FE090110020F01100208E
:10BD6000381100205864024010600240604501D143
:10BD7000484621E0DFF8A4EC704502D14FF4801072
:10BD80001AE0DFF89CEC704502D14FF4801013E00C
:10BD9000DFF888EC0EF1600E704502D14FF4801090
:10BDA0000AE0DFF87CEC0EF1600E704502D14FF432
:10BDB000801001E04FF08060DFF864ECAEF1380EE7
:10BDC000CEF8000096E0DFF854EC0EF1180E704546
:10BDD00048D9884201D110203DE0904201D1102085
:10BDE00039E0984201D1102035E0A04201D1102065
:10BDF00031E0A84201D148462DE0B04201D1484689
:10BE000029E0B84201D1484625E0604501D14846C5
:10BE100021E0DFF808EC704502D14FF480101AE001
:10BE2000DFF8FCEB704502D14FF4801013E0DFF82F
:10BE3000ECEB0EF1600E704502D14FF480100AE079
:10BE4000DFF8DCEB0EF1600E704502D14FF480108C
:10BE500001E04FF08060DFF8C4EBAEF1400ECEF8A9
:10BE60000C0047E0884201D110203DE0904201D112
:10BE7000102039E0984201D1102035E0A04201D1D4
:10BE8000102031E0A84201D148462DE0B04201D156
:10BE9000484629E0B84201D1484625E0604501D135
:10BEA000484621E0DFF874EB704502D14FF4801072
:10BEB0001AE0DFF86CEB704502D14FF4801013E00C
:10BEC000DFF858EB0EF1600E704502D14FF4801090
:10BED0000AE0DFF84CEB0EF1600E704502D14FF432
:10BEE000801001E04FF08060DFF830EBAEF1400EE3
:10BEF000CEF8080001984FF4007A0068584548D9F8
:10BF0000884201D108203DE0904201D1082039E06B
:10BF1000984201D1082035E0A04201D1082031E04B
:10BF2000A84201D150462DE0B04201D1504629E04F
:10BF3000B84201D1504625E0604501D1504621E08C
:10BF4000DFF8D8EA704502D14FF400201AE0DFF89C
:10BF5000D0EA704502D14FF4002013E0DFF8BCEACC
:10BF60000EF1600E704502D14FF400200AE0DFF8B8
:10BF7000B0EA0EF1600E704502D14FF4002001E0EE
:10BF80004FF00070DFF898EAAEF1340ECEF8000002
:10BF9000E5E0DFF888EA0EF1780E704548D988426E
:10BFA00001D108203DE0904201D1082039E09842BB
:10BFB00001D1082035E0A04201D1082031E0A8429B
:10BFC00001D150462DE0B04201D1504629E0B8429F
:10BFD00001D1504625E0604501D1504621E0DFF80F
:10BFE0003CEA704502D14FF400201AE0DFF830EA55
:10BFF000704502D14FF4002013E0DFF820EA0EF183
:10C00000600E704502D14FF400200AE0DFF810EA1C
:10C010000EF1600E704502D14FF4002001E04FF0A8
:10C020000070DFF8FCE9AEF1380ECEF8000096E0C3
:10C03000DFF8E8E90EF1180E704548D9884201D1C1
:10C0400008203DE0904201D1082039E0984201D11A
:10C05000082035E0A04201D1082031E0A84201D1FA
:10C0600050462DE0B04201D1504629E0B84201D1FE
:10C07000504625E0604501D1504621E0DFF89CE9BB
:10C08000704502D14FF400201AE0DFF894E97045C2
:10C0900002D14FF4002013E0DFF880E90EF1600ECA
:10C0A000704502D14FF400200AE0DFF874E90EF188
:10C0B000600E704502D14FF4002001E04FF0007097
:10C0C000DFF858E9AEF1400ECEF80C0047E08842A8
:10C0D00001D108203DE0904201D1082039E098428A
:10C0E00001D1082035E0A04201D1082031E0A8426A
:10C0F00001D150462DE0B04201D1504629E0B8426E
:10C1000001D1504625E0604501D1504621E0DFF8DD
:10C110000CE9704502D14FF400201AE0DFF800E985
:10C12000704502D14FF4002013E0DFF8F0E80EF183
:10C13000600E704502D14FF400200AE0DFF8E0E81D
:10C140000EF1600E704502D14FF4002001E04FF077
:10C150000070DFF8C8E8AEF1400ECEF80800019894
:10C16000DFF8BCE84FF4802B00680EF1180E704524
:10C1700048D9884201D104203DE0904201D10420F9
:10C1800039E0984201D1042035E0A04201D10420D9
:10C1900031E0A84202D14FF480702CE0B04202D1CD
:10C1A0004FF4807027E0B84202D14FF4807022E053
:10C1B000604502D14FF480701DE0DFF860E8704503
:10C1C00001D1584617E0DFF858E8704501D15846CC
:10C1D00011E0DFF848E80EF1600E704501D15846D5
:10C1E00009E0DFF83CE80EF1600E704501D15846D9
:10C1F00001E04FF08070DFF828E8AEF1340ECEF8A1
:10C200000000E5E0DFF814E80EF1780E704548D93B
:10C21000884201D104203DE0904201D1042039E060
:10C22000984201D1042035E0A04201D1042031E040
:10C23000A84202D14FF480702CE0B04202D14FF4FA
:10C24000807027E0B84202D14FF4807022E0604550
:10C2500002D14FF480701DE0DFF8C0E7704501D1D6
:10C26000584617E0DFF8B8E7704501D1584611E0AD
:10C27000DFF8A8E70EF1600E704501D1584609E0DD
:10C28000DFF89CE70EF1600E704501D1584601E0E1
:10C290004FF08070DFF888E7AEF1380ECEF800007E
:10C2A00096E0DFF878E70EF1180E704548D988421D
:10C2B00001D104203DE0904201D1042039E09842B0
:10C2C00001D1042035E0A04201D1042031E0A84290
:10C2D00002D14FF480702CE0B04202D14FF4807054
:10C2E00027E0B84202D14FF4807022E0604502D1CD
:10C2F0004FF480701DE0DFF824E7704501D1584607
:10C3000017E0DFF81CE7704501D1584611E0DFF86F
:10C310000CE70EF1600E704501D1584609E0DFF8D8
:10C3200000E70EF1600E704501D1584601E04FF074
:10C330008070DFF8E8E6AEF1400ECEF80C0047E082
:10C34000884201D104203DE0904201D1042039E02F
:10C35000984201D1042035E0A04201D1042031E00F
:10C36000A84202D14FF480702CE0B04202D14FF4C9
:10C37000807027E0B84202D14FF4807022E060451F
:10C3800002D14FF480701DE0DFF890E6704501D1D6
:10C39000584617E0DFF888E6704501D1584611E0AD
:10C3A000DFF878E60EF1600E704501D1584609E0DD
:10C3B000DFF86CE60EF1600E704501D1584601E0E1
:10C3C0004FF08070DFF854E6AEF1400ECEF8080072
:10C3D0000198DFF84CE600680EF1180E704548D958
:10C3E000884201D101203DE0904201D1012039E095
:10C3F000984201D1012035E0A04201D1012031E075
:10C40000A84201D140202DE0B04201D1402029E0D6
:10C41000B84201D1402025E0604501D1402021E013
:10C42000DFF8F8E5704502D14FF480301AE0DFF80C
:10C43000F0E5704502D14FF4803013E0DFF8DCE521
:10C440000EF1600E704502D14FF480300AE0DFF843
:10C45000D0E50EF1600E704502D14FF4803001E05E
:10C460004FF48000DFF8B8E5AEF1340ECEF80000EE
:10C47000E5E0DFF8A8E50EF1780E704548D988426E
:10C4800001D101203DE0904201D1012039E09842E4
:10C4900001D1012035E0A04201D1012031E0A842C4
:10C4A00001D140202DE0B04201D1402029E0B84226
:10C4B00001D1402025E0604501D1402021E0DFF896
:10C4C0005CE5704502D14FF480301AE0DFF850E5AA
:10C4D000704502D14FF4803013E0DFF840E50EF1F3
:10C4E000600E704502D14FF480300AE0DFF830E58D
:10C4F0000EF1600E704502D14FF4803001E04FF430
:10C500008000DFF81CE5AEF1380ECEF8000096E0B2
:10C51000DFF808E50EF1180E704548D9884201D1C0
:10C5200001203DE0904201D1012039E0984201D143
:10C53000012035E0A04201D1012031E0A84201D123
:10C5400040202DE0B04201D1402029E0B84201D185
:10C55000402025E0604501D1402021E0DFF8BCE427
:10C56000704502D14FF480301AE0DFF8B4E4704532
:10C5700002D14FF4803013E0DFF8A0E40EF1600E3A
:10C58000704502D14FF480300AE0DFF894E40EF1F8
:10C59000600E704502D14FF4803001E04FF480000E
:10C5A000DFF878E4AEF1400ECEF80C0047E08842A8
:10C5B00001D101203DE0904201D1012039E09842B3
:10C5C00001D1012035E0A04201D1012031E0A84293
:10C5D00001D140202DE0B04201D1402029E0B842F5
:10C5E00001D1402025E0604501D1402021E0DFF865
:10C5F0002CE4704502D14FF480301AE0DFF820E4DB
:10C60000704502D14FF4803013E0DFF810E40EF1F2
:10C61000600E704502D14FF480300AE0DFF800E48C
:10C620000EF1600E704502D14FF4803001E04FF4FE
:10C630008000DFF8E8E3AEF1400ECEF80800F948DC
:10C64000DFF8DCE3806C00900EF1180E0068704596
:10C6500042D9884202D14FF0200838E0904202D1FE
:10C660004FF0200833E0984202D14FF020082EE02E
:10C67000A04202D14FF0200829E0A84227D0B042C2
:10C6800025D0B84223D0604521D0DFF890834045C3
:10C6900002D14FF400181AE0DFF88483404502D13C
:10C6A0004FF4001813E0DFF8748308F16008404588
:10C6B00002D14FF400180AE0DFF8648308F1600843
:10C6C000404502D14FF4001801E04FF00068D44813
:10C6D0003438C0F80080D3E0DFF840E30EF1780E84
:10C6E000704542D9884202D14FF0200838E090428C
:10C6F00002D14FF0200833E0984202D14FF02008D9
:10C700002EE0A04202D14FF0200829E0A84227D015
:10C71000B04225D0B84223D0604521D0DFF8FC825A
:10C72000404502D14FF400181AE0DFF8F48240458A
:10C7300002D14FF4001813E0DFF8E08208F160083E
:10C74000404502D14FF400180AE0DFF8D48208F126
:10C750006008404502D14FF4001801E04FF0006836
:10C76000AF483838C0F800808AE0DFF8B0E20EF158
:10C77000180E704542D9884202D14FF0200838E0A7
:10C78000904202D14FF0200833E0984202D14FF09E
:10C7900020082EE0A04202D14FF0200829E0A84254
:10C7A00027D0B04225D0B84223D0604521D0DFF851
:10C7B0006C82404502D14FF400181AE0DFF8608225
:10C7C000404502D14FF4001813E0DFF8508208F121
:10C7D0006008404502D14FF400180AE0DFF84082BB
:10C7E00008F16008404502D14FF4001801E04FF015
:10C7F00000688A484038C0F80C8041E0884202D185
:10C800004FF0200838E0904202D14FF0200833E08A
:10C81000984202D14FF020082EE0A04202D14FF002
:10C82000200829E0A84227D0B04225D0B84223D022
:10C83000604521D0DFF8E481404502D14FF4001873
:10C840001AE0DFF8DC81404502D14FF4001813E014
:10C85000DFF8C88108F16008404502D14FF40018A4
:10C860000AE0DFF8BC8108F16008404502D14FF4CE
:10C87000001801E04FF0006868484038C0F80880B0
:10C880000098DFF89C81006808F11808404542D9FB
:10C89000884202D14FF0100938E0904202D14FF0A7
:10C8A000100933E0984202D14FF010092EE0A04267
:10C8B00002D14FF0100929E0A84227D0B04225D07C
:10C8C000B84223D0604521D0DFF85091484502D1CD
:10C8D0004FF480191AE0DFF84891484502D14FF42F
:10C8E000801913E0DFF8349109F16009484502D15D
:10C8F0004FF480190AE0DFF8289109F160094845F2
:10C9000002D14FF4801901E04FF080694448343877
:10C91000C0F80090D8E0DFF804E10EF1780E704521
:10C9200042D9884202D14FF0100938E0904202D13A
:10C930004FF0100933E0984202D14FF010092EE079
:10C94000A04202D14FF0100929E0A84227D0B042FE
:10C9500025D0B84223D0604521D0DFF8C0904845AB
:10C9600002D14FF480191AE0DFF8B490484502D1A3
:10C970004FF4801913E0DFF8A49009F160094845ED
:10C9800002D14FF480190AE0DFF8949009F16009B0
:10C99000484502D14FF4801901E04FF080692048EA
:10C9A0003838C0F800908FE0DFF870E00EF1180E14
:10C9B000704546D9884202D14FF010093DE09042BF
:10C9C00002D14FF0100938E0984202D14FF010091F
:10C9D00033E0A04202D14FF010092EE0A8422CD043
:10C9E000B0422AD0B84228D0604526D0DFF82C903B
:10C9F000484502D14FF480191FE0DFF824904845E4
:10CA000002D14FF4801918E0DFF8109009F16009A5
:10CA1000484509D14FF480190FE000004060024002
:10CA20004064024038110020DFF80494484502D1E8
:10CA30004FF4801901E04FF08069FE48C0F80C9077
:10CA400042E0884202D14FF010093AE0904202D110
:10CA50004FF0100935E0984202D14FF0100930E054
:10CA6000A04202D14FF010092BE0A84229D0B042D9
:10CA700027D0B84225D0604523D0DFF8B89309F11C
:10CA80004009484502D14FF480191AE0DFF8A0931D
:10CA9000A9F16009484502D14FF4801911E0DFF88F
:10CAA000949309F1A009484502D14FF4801908E098
:10CAB000DFF87C93484502D14FF4801901E04FF034
:10CAC0008069DC48C0F8089000980068404544D967
:10CAD000884202D14FF0080A3AE0904202D14FF06A
:10CAE000080A35E0984202D14FF0080A30E0A0422F
:10CAF00002D14FF0080A2BE0A84229D0B04227D03B
:10CB0000B84225D0604523D0DFF8289309F14009C9
:10CB1000484502D14FF4002A1AE0DFF81493A9F136
:10CB20006009484502D14FF4002A11E0DFF8049370
:10CB300009F1A009484502D14FF4002A08E0DFF8C6
:10CB4000F092484502D14FF4002A01E04FF0007AFC
:10CB5000B7489438C0F800A0D7E0DFF8D89209F1C0
:10CB6000B809484544D9884202D14FF0080A3AE052
:10CB7000904202D14FF0080A35E0984202D14FF0BE
:10CB8000080A30E0A04202D14FF0080A2BE0A84288
:10CB900029D0B04227D0B84225D0604523D0DFF855
:10CBA000949209F14009484502D14FF4002A1AE055
:10CBB000DFF87C92A9F16009484502D14FF4002AC0
:10CBC00011E0DFF8709209F1A009484502D14FF455
:10CBD000002A08E0DFF85892484502D14FF4002AB5
:10CBE00001E04FF0007A92489838C0F800A08CE03D
:10CBF000DFF8409209F15809484543D9884202D1EB
:10CC00004FF0080A3AE0904202D14FF0080A35E0AE
:10CC1000984202D14FF0080A30E0A04202D14FF012
:10CC2000080A2BE0A84229D0B04227D0B84225D02C
:10CC3000604523D0DFF8FC9109F14009484502D155
:10CC40004FF4002A1AE0DFF8E891A9F1600948459D
:10CC500002D14FF4002A11E0DFF8D89109F1A009C0
:10CC6000484502D14FF4002A08E0DFF8C491484556
:10CC700002D14FF4002A01E04FF0007A6D48C0F86D
:10CC80000CA042E0884202D14FF0080A3AE09042FC
:10CC900002D14FF0080A35E0984202D14FF0080A5D
:10CCA00030E0A04202D14FF0080A2BE0A84229D080
:10CCB000B04227D0B84225D0604523D0DFF8749128
:10CCC00009F14009484502D14FF4002A1AE0DFF883
:10CCD0006091A9F16009484502D14FF4002A11E0A2
:10CCE000DFF8509109F1A009484502D14FF4002A1C
:10CCF00008E0DFF83C91484502D14FF4002A01E0FA
:10CD00004FF0007A4B48C0F808A0009800684045F2
:10CD100044D9884202D14FF0040B3AE0904202D14C
:10CD20004FF0040B35E0984202D14FF0040B30E095
:10CD3000A04202D14FF0040B2BE0A84202D14FF4E5
:10CD4000807B26E0B04202D14FF4807B21E0B842E4
:10CD500002D14FF4807B1CE0604502D14FF4807B10
:10CD600017E0DFF8D09009F14009484511D0DFF80D
:10CD7000C090A9F1600948450BD0DFF8B89009F1DF
:10CD8000A009484505D0DFF8A890484501D04FF0EC
:10CD9000807B27489438C0F800B0DDE0DFF894903D
:10CDA00009F1B80948454AD9884202D14FF0040B2D
:10CDB0003AE0904202D14FF0040B35E0984202D1A4
:10CDC0004FF0040B30E0A04202D14FF0040B2BE0F7
:10CDD000A84202D14FF4807B26E0B04202D14FF44A
:10CDE000807B21E0B84202D14FF4807B1CE060459B
:10CDF00002D14FF4807B17E0DFF8389009F1400949
:10CE0000484511D0DFF82890A9F1600948450BD0BA
:10CE1000DFF8209009F1A009484505D0DFF810900F
:10CE2000484501D04FF0807B0148983804E000006D
:10CE3000A064024000600240C0F800B08CE0DFF85F
:10CE40007093484544D9884202D14FF0040B3AE030
:10CE5000904202D14FF0040B35E0984202D14FF0DE
:10CE6000040B30E0A04202D14FF0040B2BE0A842AB
:10CE700002D14FF4807B26E0B04202D14FF4807B98
:10CE800021E0B84202D14FF4807B1CE0604502D122
:10CE90004FF4807B17E0DFF81893A9F11809484593
:10CEA00011D0DFF8109348450DD0DFF8049309F155
:10CEB0004809484507D0DFF8FC9209F16009484568
:10CEC00001D04FF0807BBA485838C0F80CB043E02E
:10CED000884202D14FF0040B3AE0904202D14FF069
:10CEE000040B35E0984202D14FF0040B30E0A04231
:10CEF00002D14FF0040B2BE0A84202D14FF4807B0B
:10CF000026E0B04202D14FF4807B21E0B84202D14A
:10CF10004FF4807B1CE0604502D14FF4807B17E02A
:10CF2000DFF88C92A9F11809484511D0DFF88492F6
:10CF300048450DD0DFF8789209F14809484507D0F7
:10CF4000DFF8709209F16009484501D04FF0807B0D
:10CF500097485838C0F808B000980068404540D954
:10CF6000884201D1012038E0904201D1012034E013
:10CF7000984201D1012030E0A04201D101202CE0F3
:10CF8000A84201D1402028E0B04201D1402024E055
:10CF9000B84201D1402020E0604501D140201CE092
:10CFA00083491839884202D14FF4803015E0814915
:10CFB000884202D14FF480300FE07D4948318842E9
:10CFC00002D14FF4803008E07A496031884202D1C2
:10CFD0004FF4803001E04FF4800076493439086026
:10CFE000CBE0DFF8CC8108F16008404540D98842A9
:10CFF00001D1012038E0904201D1012034E0984273
:10D0000001D1012030E0A04201D101202CE0A84252
:10D0100001D1402028E0B04201D1402024E0B842B4
:10D0200001D1402020E0604501D140201CE0604952
:10D030001839884202D14FF4803015E05D498842AA
:10D0400002D14FF480300FE059494831884202D173
:10D050004FF4803008E057496031884202D14FF4E4
:10D06000803001E04FF4800052493839086084E094
:10D07000DFF83C81404540D9884201D1012038E0A9
:10D08000904201D1012034E0984201D1012030E0EA
:10D09000A04201D101202CE0A84201D1402028E08B
:10D0A000B04201D1402024E0B84201D1402020E02C
:10D0B000604501D140201CE03D491839884202D129
:10D0C0004FF4803015E03B49884202D14FF4803064
:10D0D0000FE037494831884202D14FF4803008E0F0
:10D0E00034496031884202D14FF4803001E04FF47E
:10D0F00080002F495839C8603FE0884201D10120A3
:10D1000038E0904201D1012034E0984201D1012061
:10D1100030E0A04201D101202CE0A84201D1402002
:10D1200028E0B04201D1402024E0B84201D14020A3
:10D1300020E0604501D140201CE01D49183988429B
:10D1400002D14FF4803015E01A49884202D14FF4E1
:10D1500080300FE016494831884202D14FF48030C8
:10D1600008E014496031884202D14FF4803001E078
:10D170004FF480000E49583988600F4803990268BF
:10D18000D1600E49029A0B68DA600368049A5A600B
:10D190000B68049A5A600068026842F0010202605B
:10D1A0000868016841F00101016005B0BDE8F08F39
:10D1B000586002404064024090110020F0110020AD
:10D1C0002DE9F04F3B4C23685D6845F002055D603A
:10D1D00023685D6845F001055D6023681C6844F0C4
:10D1E00040041C60344C23681D6825F001051D6057
:10D1F00003E01D6825F001051D6023681D68ED072B
:10D20000F7D12E4F2E4D2D4E4C3FDFF8B490D4F871
:10D2100000B0DFF8ACC0B83D4FF4001AA7F1040825
:10D22000A9F16009B34502D9C7F800A00BE0634536
:10D2300002D9C8F800A006E04B4502D9C5F80CA0F9
:10D2400001E0C5F808A0DFF87CA0C3F808A02368B7
:10D25000D96021684A6021680B6843F010030B60B5
:10D26000194B19680C6824F001040C6003E00C6889
:10D2700024F001040C6019680C68E407F7D1D3F8B6
:10D2800000B04FF00064B34501D93C6009E061454E
:10D2900002D9C8F8004004E0494501D9EC6000E03B
:10D2A000AC60C1F808A01968C86018684260BDE8A1
:10D2B000F08F0000381100209011002058640240C7
:10D2C000B86002400C300140F011002070B582B00F
:10D2D00004460E461546334601220221204600959B
:10D2E00000F036F830B1606D40F02000606502B0AB
:10D2F000032070BD144815490068B0FBF1F04FF4ED
:10D300007A71484301906068B0F5827F0ED1334650
:10D31000002280212046009500F01AF880B1606D4F
:10D3200040F02000606502B0032070BD019838B164
:10D330000198401E01902068806810F0800FF5D1A0
:10D3400002B0002070BD00007007002000366E01A2
:10D350002DE9F84304460F4690469946089DF9F793
:10D360002BFD401BA9EB0005F9F726FD06462D48CD
:10D370000068C0F3CB30684300902068806837EACB
:10D3800000000ED00020404546D0B9F1FF3F3BD011
:10D39000F9F712FD801BA84205D225B1009870B3A1
:10D3A0002FE00120EFE72068416821F0E0014160B3
:10D3B0006068B0F5827F0BD1A068B0F5004F02D055
:10D3C000B0F5806F04D12068016821F04001016050
:10D3D000A06AB0F5005F09D12068016821F400510E
:10D3E00001602068016841F400510160012084F867
:10D3F0005100002084F850000320BDE8F883FFE7C7
:10D4000000250098401E00902068806837EA0000E0
:10D4100005D000204045B8D10020BDE8F8830120A8
:10D42000F8E700007007002010B504462DED048BCE
:10D4300054F89C0F0AF0E0F941EC180B606D0AF00B
:10D44000DBF941EC100B01F083FCB0EE409AF0EEFA
:10D45000609AD4F8FC000AF0CFF953EC192B09F0CC
:10D46000CDFB53EC182B09F0F9F841EC180B606D6B
:10D470000AF0C2F941EC100B01F0FAFBB0EE409A51
:10D48000F0EE609AD4F830010AF0B6F953EC192B9B
:10D4900009F0B4FB53EC182B08F0AEFF08F04AFE7D
:10D4A000C4F85001A0680AF0A7F941EC180B606EAF
:10D4B0000AF0A2F941EC100B01F04AFCB0EE409AE0
:10D4C000F0EE609AD4F800010AF096F953EC192BAB
:10D4D00009F094FB53EC182B09F0C0F841EC180B41
:10D4E000606E0AF089F941EC100B01F0C1FBB0EE5F
:10D4F000409AF0EE609AD4F834010AF07DF953ECCA
:10D50000192B09F07BFB53EC182B08F075FF08F082
:10D5100011FEC4F854019FED1B8A9FED1B9A94EDF8
:10D52000540AB0EE481AF0EE490A05F0F1F9F0EEAF
:10D53000408A94ED550A9C3CB0EE481AF0EE490A38
:10D5400005F0E6F9B0EE408A204604F029F9DFED57
:10D550000F1A94ED580A9FED0E1A78EEA10A40EECC
:10D56000010AC4ED7D0A38EE210AD4ED591A01EE04
:10D57000810A84ED7E0AC4ED7F0A84ED800ABDEC49
:10D58000048B10BD0000C8420000C8C28E973A410B
:10D59000EC51983F10B50B490868401C0860B0F585
:10D5A0007A7F04D908480068486001208860FAF74B
:10D5B0004FF808F0ABFB012803D0BDE8104008F09D
:10D5C0005BB810BD30000020E001002030B593B002
:10D5D000302107A8F3F762FF142102A8F3F75EFFDA
:10D5E00000251D48016841F080510160006800F08D
:10D5F000805001901948016841F480410160006841
:10D6000000F480400190012007900004089002245B
:10D610000D9480010E9006200F90A8201090119478
:10D620000720129007A8FAF7B3FA08B1F7F776FCCB
:10D630000F200290039404954FF4A05005904FF4EE
:10D6400080500690052102A8FAF786F9002801D03B
:10D65000F7F764FC13B030BD403802400070004062
:10D660001048016841F4700101600F48016841F001
:10D67000010101600C4A00210832116002680B4B65
:10D680001A400260031D0A4A1A60026822F48022CE
:10D69000026005480C300160024958068039086074
:10D6A0007047000088ED00E000380240FFFFF6FE02
:10D6B00010300024F0B40268324BDFF8CCC0334D98
:10D6C000334E344C98420AD0B0F1804F07D06045B9
:10D6D00005D0A84203D0B04201D0A04203D122F02D
:10D6E00070024F683A43984228D0B0F1804F25D05D
:10D6F000604523D0A84221D0B0421FD0A0421DD007
:10D70000A0F1804CBCF5A03C18D0A0F1804CBCF539
:10D71000A23C13D0A0F1804CBCF5A43C0ED0A0F1EB
:10D72000804CBCF5C05C09D0A0F1804CBCF5E05C3D
:10D7300004D0A0F1804CBCF5005C05D122F440720D
:10D74000D1F80CC04CEA0202D1F814C022F08002D9
:10D7500042EA0C0202608A68C2620A6882629842E7
:10D7600001D0A04201D10969016301214161016930
:10D7700011F0010F03D0016921F001010161F0BC3A
:10D780007047000000000140000400400008004015
:10D79000000C00400004014001F01F0101238B40F8
:10D7A000D0F820C02CEA03030362036A02FA01F1F5
:10D7B000194301627047D0F808C02CF47F4C42EA4C
:10D7C0000322114341EA0C0181607047826822F014
:10D7D0007002114341F007018160704770B4026A22
:10D7E000036A23F0010303624368D0F818C02CF0E9
:10D7F000700C2CF0030C0C6844EA0C0C22F00202B2
:10D800008C6822430F4C104DA04201D0A84205D194
:10D8100022F00802CE68324322F00402A04201D076
:10D82000A84207D123F4807323F400734C69234387
:10D830008C6923434360C0F818C0496841630262A1
:10D8400070BC7047000001400004014070B4026ADF
:10D85000036A23F0100303624368D0F818C02CF465
:10D86000E04C2CF4407C0C684CEA042C22F02002A2
:10D870008C6842EA0412114C114DA04201D0A8421A
:10D8800006D122F08002CE6842EA061222F040025F
:10D89000A04201D0A84209D123F4806323F400639D
:10D8A0004C6943EA84038C6943EA84034360C0F80B
:10D8B00018C049688163026270BC70470000014073
:10D8C0000004014070B4026A036A23F480730362A7
:10D8D0004368D0F81CC02CF0700C2CF0030C0C68C2
:10D8E00044EA0C0C22F400728C6842EA0422114CC7
:10D8F000114DA04201D0A84206D122F40062CE68A8
:10D9000042EA062222F48062A04201D0A84209D154
:10D9100023F4805323F400534C6943EA04138C69C5
:10D9200043EA04134360C0F81CC04968C163026243
:10D9300070BC7047000001400004014010B4036A4D
:10D94000026A22F4805202624268D0F81CC02CF4B1
:10D95000E04C2CF4407C0C684CEA042C23F400537B
:10D960008C6843EA0433A0F18044B4F5803404D0D9
:10D97000A0F18044B4F5823404D122F480424C6991
:10D9800042EA84124260C0F81CC049680164036224
:10D9900010BC7047036AD0F820C02CF0010CC0F80E
:10D9A00020C0D0F818C02CF0F00C4CEA021223F082
:10D9B0000A031943826101627047036AD0F820C0EC
:10D9C0002CF0100CC0F820C0D0F818C02CF4704C0B
:10D9D0004CEA023223F0A00343EA011182610162A2
:10D9E000704700002DE9F04104462DED028B4FF009
:10D9F0000108207900269FEDF58AF54F002803D015
:10DA0000607B08B9E07BA8B184ED568AD4F8580150
:10DA100009F0F2FE41EC100B01F08EF99FEDED1BC9
:10DA200051EC100B53EC112B08F0D6FF11D0A4F8D9
:10DA30003C6110E097ED1F0AD7ED0C0A20EE200A9A
:10DA40009FEDE61ADFEDE60A04F062FF84ED560A68
:10DA5000DCE7A4F83C81B4F83C01012813D0A4F819
:10DA60003E6101281AD0A078E8B1207906281AD0A2
:10DA700001281DD0022820D0E07B012822D0607B25
:10DA800001281FD022E0B4F83E110029E9D1A4F802
:10DA90003E8194ED510A84ED530AE2E794ED530A76
:10DAA00084ED520A12E094ED510A84ED520A0DE021
:10DAB00094ED510A84ED520A08E094ED510A84ED88
:10DAC000520A03E094ED510A84ED520A207918B10C
:10DAD000607B08B9E07B18B394ED0F0A84ED1E0A51
:10DAE00094ED140A84ED210A84ED208A207A02281C
:10DAF0007AD084ED3E8A84ED428A2179022974D05D
:10DB0000062972D0A178012970D002296FD004298A
:10DB10006ED0D4F8BC1291F82620EAB3A672AAE01F
:10DB2000207810B96178012937D00028DCD16078DD
:10DB30000028D9D194ED560ADFEDAA8A04F5806554
:10DB4000B5EEC00AF1EE10FA53D095ED790AD5ED95
:10DB50007B0A30EE600A10EE100A09F04DFE41EC2F
:10DB6000100B01F0E9F89FEDA01B51EC100B53ECEA
:10DB7000112B09F0E2F93CD295ED790AD5ED7B0A3B
:10DB800030EE600A9A4910EE100ADFED9A0A8842D8
:10DB90000ADD30EE600A0EE05FE094ED0F0A84EDDE
:10DBA0001E0A84ED218A9FE710EE100A92498842EE
:10DBB00001D930EE200A85ED7A0AF0EE480A04F524
:10DBC0008660FDF749FD94ED1E1A00EE681A84ED9B
:10DBD0001E1A84ED218A94ED560ADFED880A20EEA4
:10DBE000200A84ED560A7FE726E02CE02DE02EE0A7
:10DBF00030E0D4F8BC0290ED020A10EE100AB0F149
:10DC00003F4F08D9D4ED1E0A40EE280AC4ED1E0A83
:10DC100084ED218A68E710EE100AB0F17C5F08DD20
:10DC2000D4ED1E0A40EE280AC4ED1E0A84ED218AB6
:10DC30005AE784ED218A57E797ED070A84ED3E0AFB
:10DC400084ED420A59E7A67215E0A67213E084F843
:10DC50000A8010E00420A0720DE091F8271011B1A5
:10DC60000220A07207E003280CD005280CD0012860
:10DC70000CD084F80A80A07A50B101280DD0042875
:10DC800018D02CE0A672F6E7A672F4E7A672F2E7C7
:10DC900097ED0D0A84ED240A21E0D4F8BC0290ED42
:10DCA000030A9FED571ADFED570A04F031FE84EDA9
:10DCB000240A14E04648D7ED0F0A803090ED010A9F
:10DCC00020EE200A80ED010AD4ED240AF4EEC00A09
:10DCD000F1EE10FA01DCB0EE600A84ED240A20793E
:10DCE000032805D002286AD0607B01282FD031E0BC
:10DCF000207A012824D002280DD0042812D005282B
:10DD000017D094ED240A84ED250A84ED260ABDEC93
:10DD1000028BBDE8F0819FED3C0A84ED250A84ED7D
:10DD2000260AF4E79FED390A84ED250A84ED260AD8
:10DD3000EDE79FED370A84ED250A84ED260AE6E734
:10DD40009FED340A84ED250A84ED260ADFE7E07BA7
:10DD5000012834D094ED240AD7ED0D0AB4EE600A00
:10DD6000F1EE10FA2BD0A078042828D094ED110AF7
:10DD700084ED3B0AF2F792FB9FED278A60EE088A5A
:10DD800094ED3B0AF2F74EFBC8EE800A94ED240AAC
:10DD900030EE800A84ED250A94ED3B0AF2F77EFB13
:10DDA00020EE088A94ED3B0AF2F73CFBC8EE000A2D
:10DDB00094ED240A30EE600A84ED260AA7E794ED7C
:10DDC000240A84ED250A84ED260AA0E7000000005D
:10DDD0003C00002000000000000000006666E63FF6
:10DDE0006666E6BF6F12833B000000403333E33FBB
:10DDF000000034430000B443000034C35C8F023F92
:10DE00007B14AE3ECDCCCC3DB81E053E9A99193F51
:10DE1000AE47E13DCDCC4C3E8FC2753E10B5806B18
:10DE20000021C185C184FAF7C6FE10BD70B5846BB0
:10DE300020684069C0F3C01094F8411000252129E2
:10DE400004D118B1E584204600F070F820684069DC
:10DE5000C0F3801094F84210222904D118B1E5854E
:10DE6000204600F02FF8606C40F0100060642046FF
:10DE7000FAF7A1FE70BD10B50146886B0968096804
:10DE800011F4807F02D0FBF71FFA10BD0021C1847E
:10DE90000168143151E8002F22F0800241E800238C
:10DEA000002BF5D101680C3151E8002F42F04002FF
:10DEB00041E80023002BF5D110BD10B5806BFBF7B6
:10DEC00004FA10BD01680C3151E8002F22F4907261
:10DED00041E80023002BF5D10168143151E8002FEF
:10DEE00022F0010241E80023002BF5D1016B01294A
:10DEF00009D101680C3151E8002F22F0100241E8ED
:10DF00000023002BF5D1202180F84210002101636D
:10DF1000704710B50168CA6822F04002CA6020212B
:10DF200080F84110FBF7D0F9002010BD01680C31DA
:10DF300051E8002F22F0C00241E80023002BF5D168
:10DF4000202180F84110704708B590F8421022292E
:10DF500001D0022008BD8268B2F5805F01D101695D
:10DF600029B1816AB2F5805F1DD052B10BE0816AA0
:10DF700002685268C2F308020A80816A891C8162C1
:10DF800009E002697AB10268526802F07F020A7001
:10DF9000816A491C8162C18D491E0904090CC18531
:10DFA00005D0002008BD026852680A70F0E70168D9
:10DFB000CA6822F02002CA600168CA6822F480722E
:10DFC000CA6001684A6922F001024A61202180F892
:10DFD000421000214163026B012A03D0FBF786F84F
:10DFE000002008BD016301680C3151E8002F22F0C8
:10DFF000100241E80023002BF5D101680A6812F0F5
:10E00000100F02D00A6849680091818DFAF7D2FD9D
:10E01000E6E700002DE9F041044620680169E26866
:10E0200021F44051114301612169A068E26908436C
:10E030006169114301432068C26822F4037222F42B
:10E0400014421143C16020684169A26921F4407102
:10E05000114341612068A0F18041B1F588312ED093
:10E06000A0F18041B1F58A3129D0F9F739FD844614
:10E07000E16900201927254D3226B1F5004F22D045
:10E080006068830F8200ACFB0701F2F763FF014673
:10E09000A5FB002040097A42424301EB820106EBD6
:10E0A0000111A5FB0121490901F0F00202EB00106A
:10E0B00001F00F01084421688860BDE8F081F9F79C
:10E0C0001FFD8446D4E761684A1840EB0003ACFBAF
:10E0D0000701F2F73FFF0346A5FB00104109184670
:10E0E0000A016FF01803594300EB810006EBC000F2
:10E0F000A5FB0010400900F0F80102EB410100F01F
:10E100000700084421688860BDE8F0811F85EB5155
:10E1100081628285C28500214164222180F84210FB
:10E120000169002904D00168CA6842F48072CA609B
:10E1300001684A6942F001024A610068C16841F021
:10E140002001C1600020704790F84110212901D0C2
:10E15000022070478168B1F5805F01D1016961B12A
:10E16000016A4A1C0262026809785160C18C491E2A
:10E170000904090CC1840AD013E0016A0268098805
:10E18000C1F308015160016A891C0162EEE7016870
:10E19000CA6822F08002CA600068C16841F040018C
:10E1A000C160002070472DE9F8430446089E0D46E3
:10E1B000174698462068006835EA000028D00020FD
:10E1C000B84232D1B6F1FF3F27D0F8F7F5FDA0EB0A
:10E1D0000800B0421ED8EEB12068C16811F0040FEB
:10E1E0001BD0802D19D0402D17D0016811F0080FD9
:10E1F00013D0002521680968406800902046FFF789
:10E2000061FE0820606484F840500120BDE8F88376
:10E210000120D5E70320BDE8F8832068006835EACF
:10E22000000005D00020B842CCD00020BDE8F88323
:10E230000120F8E70148FAF7BFBC000000140020F5
:10E2400038B52D4800680168890603D50168406823
:10E25000009038BD29490968C906FAD501684068A7
:10E260000090274A10680168264B09034FF02404E8
:10E2700020D4016821F00101016011684868C0F1F3
:10E28000240080B218804C6011680B6843F40023AE
:10E290000B6011680A6842F001020A601228D8D1A6
:10E2A000194901F11A0006F085FABDE8384000204E
:10E2B00004F050BA016821F001010160116848685A
:10E2C000C0F1240080B218804C6010498B6A23F49E
:10E2D00000238B6211680A6842F001020A6012286A
:10E2E000B7D1094901F13E0006F064FABDE83840B3
:10E2F000002004F02FBA000048140020004800401D
:10E30000381500203802002031250020006002402E
:10E3100038B52B480068C00650D52A4908680268FD
:10E3200040680090C86B00680268274B12034FF4E6
:10E33000007421D4026822F001020260C86B0068F8
:10E340004268C2F5007292B21A804460C86B0068DD
:10E35000036843F400230360C86B0068016841F060
:10E3600001010160194901F5806004F072FABDE80D
:10E3700038400B2004F0EEB9026822F0010202607E
:10E38000C86B00684268C2F5007292B21A8044609D
:10E39000C86B0068036823F400230360C86B00683F
:10E3A000016841F001010160094901F5007004F0C4
:10E3B00050FABDE838400B2004F0CCB938BD00005D
:10E3C0000014014090140020740200204C2600200C
:10E3D0004C280020FEE703B401984100009850EA61
:10E3E000C12018BF04204A0D18BF40F0010040F2C0
:10E3F000FF72B2EB515F08BF40F00200012808BF76
:10E40000052002B070474100080218BF04200A0E20
:10E4100018BF40F001004FF07F4232EA010108BF0F
:10E4200040F00200012808BF0520704710B54FF0EA
:10E430000E402DED028BB0EE408A18EE104A00EB34
:10E440004400B0F1506F4AD84FF0FC40B0EB440F9D
:10E4500022D2B0EEC80AF7EE000A30EEC00AF6EE9D
:10E46000000A60EE208A18EE900A06F089FB01EEA1
:10E47000100A14F0004F1DBFDFED2D0A9FED2D0A8D
:10E48000B1EE411ADFED2C0A08BF9FED2C0AF8EE21
:10E49000001A21EE218A05E0DFED290A68EE088ADC
:10E4A000B0EE600A9FED271ADFED271A30EE080A5A
:10E4B00048EE811A9FED251A08EEA11ADFED241A05
:10E4C00048EE811A9FED231A08EEA11A68EE281A69
:10E4D000BDEC028B01EE810A30EE200A10BD4FF038
:10E4E000E440B0EB440F0CD918EE100AFFF78BFF95
:10E4F000042808BF01F016F9B0EE480ABDEC028B03
:10E5000010BD4FF07F40B0EB440F07D2B0EE480A89
:10E51000BDEC028BBDE8104001F0F6B80120F3F726
:10E520003EF8BDEC028BBDE8104001F0F3B80000EE
:10E530000000C9BF22AAFDB90000C93F22AAFD39C7
:10E540000000000024FE1C3DC78AD83C1E67383DF1
:10E550001B93993DAFAA2A3E70B59B482DED020B47
:10E560002DED068B079D25F00044A04218DC97484E
:10E57000844202DC0AD1069840B19DED060BBDEC49
:10E58000068B02B0BDE8704001F08AB8002DCCBF08
:10E590009FED8F0B9FED900BBDEC068B02B070BD15
:10E5A0008F48A04215DD8F48A042D8BF4FF0FF34FE
:10E5B00058DD9DED060B51EC100BFFF70CFF042806
:10E5C00008BF01F091F89DED060BBDEC068B02B083
:10E5D00070BD9DED060B51EC100B04F00CF9CDE96C
:10E5E000060181489FED828BA0423CDD8248A0421B
:10E5F0001FDD00249FED82AB9DED060B53EC1A2B23
:10E6000051EC100B07F0F8FE9DED060B41EC190BD9
:10E6100053EC1A2B51EC100B08F0F0FA53EC182BBA
:10E6200008F0E8FD53EC192B08F018F8CDE90601C5
:10E6300049E09DED060B012453EC182B51EC100B17
:10E6400007F0DAFE9DED060B41EC190B53EC182B8D
:10E6500051EC100B08F0CEFD53EC192B07F0FEFF28
:10E66000CDE906012FE06848A0421FDD02249FED9E
:10E67000689B9DED060B53EC192B51EC100B08F029
:10E68000BDFA53EC182B07F0B7FE9DED060B41ECDD
:10E69000180B53EC192B51EC100B08F0ABFD53EC9D
:10E6A000182B07F0DBFFCDE906010CE09DED060B12
:10E6B000032453EC102B9FED580B51EC100B07F07B
:10E6C000CDFFCDE906019DED060B53EC102B51EC6F
:10E6D000100B08F093FA41EC180B53EC182B08F0D0
:10E6E0008DFA41EC190B4E480621B0EE490AF0EEC6
:10E6F000690A784400F0C0FE53EC182B51EC100B63
:10E7000008F07CFA41EC180B4648B0EE490AF0EEEE
:10E71000690A0521784400F0AFFE53EC192B51EC47
:10E72000100B08F06BFA41EC100B51EC180B53EC8A
:10E73000102B002C0EDA07F05FFE9DED061B53EC4C
:10E74000112B08F05BFA9DED061B53EC112B08F022
:10E7500025FC35E007F050FE9DED061B53EC112B18
:10E7600008F04CFA41EC100B2F48784400EBC40041
:10E7700090ED001B51EC100B53EC112B08F03AFDFF
:10E780009DED061B53EC112B08F034FD41EC100BF2
:10E790002648784400EBC40090ED001B51EC100BB0
:10E7A00053EC112B08F0FAFB41EC100B002DA2BF2B
:10E7B000BDEC068B02B070BD51EC100B07F0AEFC47
:10E7C00041EC100B01E70000000010440000F07F56
:10E7D000182D4454FB21F93F182D4454FB21F9BF57
:10E7E0000000DC3F0000203E0000F33F000000007E
:10E7F000000000000000F03F0000E63F00000000C5
:10E800000000000000000040008003400000000005
:10E81000000000000000F83F000000000000F0BF12
:10E8200082AE000038AE0000C2AD00007AAD00003C
:10E8300070B56B4E2DED040B2DED028B82B0DDF823
:10E840001CC0DDE905235C422CF000411C4341EA79
:10E85000D474049D22F00040B44205D86C422C438D
:10E8600040EAD474B4420BD99DED061B9DED040B18
:10E8700002B0BDEC028B04B0BDE8704000F01ABFDE
:10E88000ACF14054A4F17F641C430BD0022404EA91
:10E89000AC7444EAD27405439FED538B9FED542B27
:10E8A00007D015E09DED040B51EC100B02F064FB5A
:10E8B00042E0002C11BF012C9DED040B02B0BDEC19
:10E8C000028B04BF04B070BD022C38D0032C3BD0A7
:10E8D0000B439FED491B9FED4A0B0AD0B14218D163
:10E8E000B04209D121F0804120F08040079105908D
:10E8F0000FE0002A15DA10E0434B7B44002C08BFE0
:10E9000093ED000B0DD0012C10D0022C17D0032C4E
:10E910001AD0B0421DD1002A03DAB0EE410AF0EE5F
:10E92000610A02B0BDEC028B04B070BD93ED000B28
:10E9300051EC100B07F0F2FB41EC100BF1E7B0EEDD
:10E94000480AF0EE680AECE7B0EE420AF0EE620A1E
:10E95000E7E7401A00153C28C8BF8DED000B19DC15
:10E96000BCF1000FBEBF10F13C0F9FED290B8DEDE8
:10E97000000B0FDB9DED060B53EC102B9DED040BF4
:10E9800051EC100B07F06AFE03F035FF02F0F4FAC9
:10E99000CDE90001002C08BF9DED000BC1D0012C7A
:10E9A00010D0022C9FED1C0B53EC102B9DED000B97
:10E9B00051EC100B0DD008F01DFC53EC182B08F097
:10E9C00019FCB9E7019880F0004001909DED000B23
:10E9D000A7E708F00FFC53EC182B08F0DFFAABE7C1
:10E9E0000000F07F00000000182D4454FB21094076
:10E9F000182D4454FB2109C0182D4454FB21F9BFA4
:10EA0000182D4454FB21F93FE2AC00000000000047
:10EA10000000000000000000075C143326A6A13CA3
:10EA200010EE100A10B510EE901A4FF0684202EB8B
:10EA300040032DED028BB3F1654F3CBF02EB410269
:10EA4000B2F1654F7CD200BFC0F3C753C1F3C752C8
:10EA50009A1A1B2A09DD10F0004F14BF9FED6E0AB1
:10EA60009FED6E0ABDEC028B10BD12F11A0F1BDA7E
:10EA700011F0004F09D010F0004F0CBF9FED680A55
:10EA80009FED680ABDEC028B10BD80EE208A18EE67
:10EA9000100AFFF7B8FC042808BF00F043FEB0EEF0
:10EAA000480ABDEC028B10BD4200B2EB410F37D9D2
:10EAB00010F0004F19BFDFED5C1A9FED5C1ADFED1F
:10EAC0005C1A9FED5C1AB0EE602A0A46F1EE400A2D
:10EAD00080F00041B0EE420A10460A1A5200B2F12C
:10EAE000807F34D2484010F0004FDFED532A9FED75
:10EAF000533A1DBFBEEE002A71EEE21A31EE431A00
:10EB0000B6EE002A04BF71EEA21A31EE031AF0EE3F
:10EB1000402A42EE602A40EE020A82EEA02A18E065
:10EB200011F0004F04BF9FED461AF0EE411AD4D009
:10EB300010F0004F1CBFDFED431A9FED431A00E0B9
:10EB400026E004BFDFED411A9FED411AC5E780EED4
:10EB5000202A22EE020ADFED3F0ADFED3F2ABDEC5C
:10EB6000028B40EE202ADFED3D0A40EE220ADFED67
:10EB70003C2A40EE202ADFED3B0A40EE220A22EE3C
:10EB8000000A00EE201A31EE020A30EE210A10BD12
:10EB90004FF07F42B2EB400F28BFB2EB410F05D2DE
:10EBA000BDEC028BBDE8104000F0B1BD40EA0103AE
:10EBB0005B0008BF41F0FF410BD0B2EB400F08BF34
:10EBC000B2EB410F08D120F0804000EE100A21F096
:10EBD000804100EE901A37E7B2EB400F12BF5FEAB8
:10EBE000410240F0FF4001F000413FF42DAF4A00E8
:10EBF00092EA40033FF528AF002AACBF9FED1A1AF6
:10EC00009FED1A1A20EE010A60EE810A10EE100A3A
:10EC100010EE901A18E70000DB0FC9BFDB0FC93FE9
:10EC2000DB0F4940DB0F49C00000C9BF22AAFDB974
:10EC30000000C93F22AAFD390060ED3EC30ACE376D
:10EC400000000000000049C022AA7DBA000049402F
:10EC500022AA7D3A2DAD65BD8FB8D53D0FB511BE49
:10EC600061C84C3EA8AAAABE0000804F0000802FB9
:10EC700010B52F499FED2C1B2DED020B84B005988C
:10EC800020F000408842D8BF9DED040B2DDD2949BE
:10EC9000884209D1049840B94FF00100F2F77FFC97
:10ECA00000F012FD06B010BD05DB9DED040B00F079
:10ECB000F7FC06B010BD68469DED040B00F008F9A6
:10ECC00010F0030004BF9DED021B9DED000B0CD066
:10ECD00001280ED09DED021B9DED000B022817D0E0
:10ECE000012000F045FC06B010BD00F00DFB06B0A1
:10ECF00010BD9DED021B9DED000B012000F038FCC6
:10ED000051EC100B07F00AFA06B041EC100B10BDE5
:10ED100000F0FAFA51EC100B07F000FA06B041ECE3
:10ED2000100B10BD000000000000000000000000FB
:10ED3000FB21E93F0000F07F2DED020B019820F050
:10ED4000004001909DED000B02B0704700000000F4
:10ED500010B52F499FED2C1B2DED020B84B00598AB
:10ED600020F000408842DCBF00209DED040B32DD26
:10ED70002849884209D1049840B94FF00100F2F7C0
:10ED80000EFC00F0A1FC06B010BD05DB9DED040BF0
:10ED900000F086FC06B010BD68469DED040B00F047
:10EDA00097F810F0030011D0012818D09DED021B38
:10EDB0009DED000B02281AD000F0A6FA51EC100BC2
:10EDC00007F0ACF906B041EC100B10BD9DED021B35
:10EDD0009DED000B012000F0CBFB06B010BD9DEDBA
:10EDE000021B9DED000B00F08FFA06B010BD012054
:10EDF00000F0BEFB51EC100B07F090F906B041ECAF
:10EE0000100B10BD0000000000000000000000001A
:10EE1000FB21E93F0000F07F00B52DED048BB0EE43
:10EE2000409AF0EE609A83B051EC190B08F0DEF8CE
:10EE300041EC180B18EE100A18EE901A8DED008BAD
:10EE4000002818BF0120084320F00040C0F17F6077
:10EE500000F1E040C00F14D019EE101A19EE900A1C
:10EE60008DED009B002918BF0121084320F00040D0
:10EE7000C0F17F6000F1E040C00F04BF0120F2F755
:10EE80008EFBB0EE480A03B0F0EE680ABDEC048BCE
:10EE900000BD10B52DED028BB1EEC08A18EE100A40
:10EEA00020F00040C0F1FF40C00F0AD010EE100A61
:10EEB00020F00040C0F1FF40C00F04BF0120F2F776
:10EEC0006EFBB0EE480ABDEC028B10BD00000000E6
:10EED0002DE9F14F04462DED020B2DED088B8AB084
:10EEE0009FEDE70B80ED020B139EE74826F00045EF
:10EEF00085420ADC9DED120B002084ED000B0AB068
:10EF0000BDEC088B03B0BDE8F08FE0489FEDE0ABAF
:10EF10009FEDE1BBA84247DDE14F9FEDE39B9FEDF5
:10EF2000E48B9DED120B53EC1A2B51EC100B002EC1
:10EF30001CDD08F05FF941EC100BBD4208D053EC2A
:10EF40001B2B51EC100B08F055F9C4E900010BE044
:10EF500053EC192B51EC100B08F04CF953EC182B17
:10EF600008F048F9C4E900010120C8E707F044FAB5
:10EF700041EC100BBD4208D053EC1B2B51EC100B95
:10EF800007F03AFAC4E900010BE053EC192B51ECFD
:10EF9000100B07F031FA53EC182B07F02DFAC4E9E7
:10EFA00000014FF0FF30AAE7C348A84279DB9DED8E
:10EFB000120B51EC100B03F01EFC41EC180B9FEDF3
:10EFC000C00B53EC102B07F019FE9FEDBF1B53EC49
:10EFD000112B07F011FA07F039FD074607F09AFDEB
:10EFE00041EC190B53EC1A2B07F008FE53EC182BCD
:10EFF00007F0D4FF41EC180B53EC1B2B51EC190B11
:10F0000007F0FCFDDFF8C8A241EC100B4FEA1558E1
:10F010000125FA4453EC102B51EC180B08F0EAF8D8
:10F02000032DC4E900013DD0C1F30A5005EB4511A1
:10F03000A8EB00001139814234DA0AEB051BB0EE6F
:10F0400048AA9BED000BF0EE68AA53EC102B51EC94
:10F05000190B07F0D3FD41EC1B0B51EC1A0B53ECD1
:10F060001B2B08F0C7F841EC180B51EC1A0B53ECB2
:10F07000182B08F0BFF853EC1B2B08F0BBF89BEDE6
:10F08000020B41EC1A0B53EC102B51EC190B07F04F
:10F09000B5FD53EC1A2B08F0ADF841EC100B6D1CCC
:10F0A000B8E70EE0002EA8BF3846BFF628AF94EDB3
:10F0B000000B51EC100B07F031F8C4E90001784265
:10F0C0001DE7C6F3130040F4801EC6F30A50A0F2F9
:10F0D000F530471100F01F05C5F12000DDF848B0FC
:10F0E00008900020069007900520EC467949002DF5
:10F0F00007EB0002794408BF51F8221009D051F8FB
:10F10000223001EB8201AB404A68089922FA01F1F2
:10F110001943A1FB0E26A1FB0B131A449A4234BFDC
:10F120000123002303EB06080CEB8003D3E901A6BF
:10F130000E448E4234BF0121002192448A4411B111
:10F14000924502D903E0924501D2012100E000215D
:10F15000C3E901A641444CF82010011EA0F10100B2
:10F16000C4DC029800F10050850F0298DDE90367C6
:10F170008000DDF8148007F0CDFC41EC1A0B30461E
:10F1800007F0ECFC9FED541B53EC112B07F036FD00
:10F1900041EC1B0B384607F0E1FC9FED511B53EC93
:10F1A000112B07F02BFD41EC180B404607F0D6FC65
:10F1B0009FED4D1B53EC112B07F020FD41EC190B7B
:10F1C00051EC180B53EC192B07F016F953EC1B2BD1
:10F1D00007F012F953EC1A2B07F00EF9CDE90801EC
:10F1E000002008909DED080B53EC1A2B51EC100BEE
:10F1F00008F000F853EC1B2B07F0FCFF53EC182B26
:10F2000007F0F8FF53EC192B07F0C8FE9FED381BF1
:10F2100053EC112B07F0F2FC9FED370B41EC180B70
:10F2200053EC102B9DED080B51EC100B07F0E6FC96
:10F2300053EC182B07F0E0F89FED310B41EC180B65
:10F2400053EC102B9DED080B51EC100B07F0D6FC86
:10F2500053EC182B07F0D0F841EC100B139810F07A
:10F26000004F06D06D4251EC100B06F057FF41ECF9
:10F27000100B284684ED000B41E600000000000062
:10F280000000000000000000FB21E93F7CD90240A3
:10F2900000004054FB21F93F3163621A61B4D03D54
:10F2A000FB21F93F000000000000601A61B4D03D6E
:10F2B0007370032E8A19A33BFB2139410000000023
:10F2C00083C8C96D305FE43F000000000000E03FEC
:10F2D000D2A5000020A50000000000000000103EA4
:10F2E000000000000000103C000000000000103A88
:10F2F000182D4454FB21F93D3326A611460B113C31
:10F3000000000054FB21F93D10B52DED040B2DED4F
:10F31000088B82B0B0EE419AF0EE619A0B9820F023
:10F3200000449FED4BABB4F1795F11DA9DED0A0B10
:10F3300051EC100B07F08AFB002801BFB0EE4A0A1F
:10F34000F0EE6A0A02B0BDEC088B04BF04B010BD39
:10F350009DED0A0B53EC102B51EC100B07F04EFCFB
:10F3600041EC180B3C480621B0EE480AF0EE680A62
:10F37000784400F081F853EC182B51EC100B07F097
:10F380003DFC9DED0A0B41EC1B0B53EC192B51EC92
:10F39000100B07F033FC41EC190B53EC1B2B51EC19
:10F3A000180B07F02BFC53EC192B07F023FF9FEDF4
:10F3B0002C0B41EC190B53EC102B51EC180B07F0F4
:10F3C0001DFC41EC100B2848844210DA53EC192B39
:10F3D00051EC100B07F00EFF53EC1A2B07F0DEFD7B
:10F3E00041EC100B02B0BDEC088B04B010BD1F48FF
:10F3F000A042BCBF9FED1E1B8DED001B06DBA4F5DC
:10F4000000100190002000909DED001B51EC100BAE
:10F4100053EC112B07F0EEFE9DED000B41EC180BA9
:10F4200053EC102B51EC1A0B07F0E4FE41EC1A0BD5
:10F4300053EC192B51EC180B07F0DCFE53EC1A2B94
:10F4400007F0ACFD41EC100BCCE700000000000021
:10F45000000000000000F03F3CA20000000000009F
:10F46000000000000000E03F3333D33F0000E93FDD
:10F47000000000000000D23F70B504462DED028B65
:10F480004D1E00EBC500B0EE408AF0EE608A90EDB4
:10F49000000B35F0060017D053EC182B51EC100B75
:10F4A00007F0ACFB41EC100B6D1E04EBC50090EDBA
:10F4B000001B51EC100B53EC112B06F09DFF41EC9F
:10F4C000100B35F00600E7D1022D36D0042D1CD0EC
:10F4D000062D1CBFBDEC028B70BD53EC182B51ECFC
:10F4E000100B07F08BFB94ED0A1B53EC112B06F06D
:10F4F00083FF53EC182B07F081FB94ED081B53ECB2
:10F50000112B06F079FF41EC100B53EC182B51EC4A
:10F51000100B07F073FB94ED061B53EC112B06F058
:10F520006BFF53EC182B07F069FB94ED040B53ECC5
:10F53000102B06F061FF41EC100B53EC182B51EC33
:10F54000100B07F05BFB94ED021B53EC112B06F044
:10F5500053FF53EC182B07F051FB94ED001B53ECB9
:10F56000112B06F049FFBDEC028B41EC100B70BD76
:10F5700031B504462DED040B2DED0A8BB0EE41BAEA
:10F58000F0EE61BA0B989DED0A0B20F00040B0F14F
:10F59000795F0DDA51EC100BFEF71DFF042808BF50
:10F5A00000F0A2F89DED0A0BBDEC0A8B05B030BD52
:10F5B00053EC102B51EC100B07F020FB41EC180B17
:10F5C0009DED0A0B53EC182B51EC100B07F016FBBA
:10F5D00041EC190B2C48B0EE480AF0EE680A052100
:10F5E0007844FFF749FF9FED2ACBB0EE40AAF0EE3A
:10F5F00060AA9CB353EC1C2B51EC190B07F0FEFADC
:10F6000041EC1C0B53EC1A2B51EC190B07F0F6FADA
:10F610009FED210B41EC190B53EC102B51EC1B0B04
:10F6200007F0ECFA53EC192B07F0E4FD53EC182B20
:10F6300007F0E4FA53EC1B2B07F0DCFD53EC1C2B1A
:10F6400007F0D8FD9DED0A1B53EC112B07F0A6FC2B
:10F65000BDEC0A8B05B041EC100B30BDFFE753EC5D
:10F660001A2B51EC180B07F0C9FA53EC1C2B06F0BF
:10F67000C3FE53EC192B07F0C1FA9DED0A1B53ECA6
:10F68000112B06F0B9FEE3E7CCA00000000000005B
:10F69000495555555555C5BF000000000000E03FD5
:10F6A00010B553EC102B51EC100B06F0A5FE41ECFD
:10F6B000100B10BD10B553EC112B51EC100B06F0D4
:10F6C0009BFE41EC100B10BD9FED050B10B553ECEC
:10F6D000102B51EC100B06F0C1FF41EC100B10BDCC
:10F6E00000000000000000009FED050B10B553EC7A
:10F6F000102B51EC100B07F081FA41EC100B10BDF0
:10F70000000000000000001030EE000A704730EEEC
:10F71000200A7047DFED020A80EEA00A7047000061
:10F72000000000009FED020A20EE000A7047000072
:10F730000000001030380A2801D201207047002054
:10F740007047000010B500203C4A0023C0EB0011B8
:10F7500011444B738B73C8730C7C24F00704641C36
:10F760000C74401C0228F1DB022007E0C0EB001102
:10F7700011440B7C23F007030B74401C0228F5DBBB
:10F780002F4B186810F8031F21F03801103121F0B9
:10F790000701491C0170018821F4707101804178D2
:10F7A00021F03C0114314170B0F805104FF45C7247
:10F7B00062F38C01A0F80510C188FA2262F34F11A0
:10F7C000C18081886FF309010A31818001896FF35B
:10F7D00009010D310181586810F8031F21F038012B
:10F7E000103121F00701491C0170018821F470716A
:10F7F0000180417821F03C0120314170B0F80510C2
:10F800004FF4707363F38C01A0F80510C18862F3A4
:10F810004F11C18081886FF309010A31818001890C
:10F820006FF309010D310181044805F05DFABDE86F
:10F8300010402D21014805F0E1B90000489D00204D
:10F84000FC07002070B5002000232B4A0624C0EBE3
:10F85000001111444B738C73C8730D7C25F00705A0
:10F860006D1C0D74401C0128F1DB012007E0C0EB8A
:10F87000001111440B7C23F007030B74401C01287A
:10F88000F5DB1E48006910F8031F21F0380121F054
:10F890000701491C0170018821F4707101804178D1
:10F8A00021F03C0108314170B0F80520A02161F33E
:10F8B0008C02A0F80520C2884FF4C87363F34F127E
:10F8C000C28082886FF3090214328280B0F8092066
:10F8D00061F38C02A0F8092041894FF42A7262F387
:10F8E0004F114181044805F0D7F9BDE870401E2151
:10F8F000014805F083B90000A29D0020FC0700200C
:10F9000070B500200024504A0125C0EB00111144BD
:10F910004C738D73C8730B7C23F007035B1C0B7453
:10F92000401C0228F1DB022007E0C0EB001111446B
:10F930000B7C23F007030B74401C0228F5DB434CBF
:10F94000A06810F8031F21F03801203121F00701D1
:10F95000491C0170018821F470710180417821F007
:10F960003C0114314170B0F805104FF4707262F32D
:10F970008C01A0F80510C1884FF4077262F34F1193
:10F98000C18081886FF309010C318180B0F80110CA
:10F99000FA2363F38E11A0F801104188531063F32A
:10F9A000CF114180B0F809504FF4C37161F38C0559
:10F9B000A0F80950458961F34F154581E06810F8BA
:10F9C000031F21F03801203121F00701491C01708B
:10F9D000018821F470710180417821F03C010C31E3
:10F9E0004170B0F8051040F29B3464F38C01A0F82C
:10F9F0000510C18862F34F11C18081886FF309013E
:10FA00000C318180B0F80110E12262F38E11A0F870
:10FA10000110418863F3CF114180B0F809104FF411
:10FA2000AA7262F38C01A0F8091041894FF4B472F4
:10FA300062F34F114181044805F056F9BDE870406A
:10FA40002D21014805F0DAB8759D0020FC07002043
:10FA500070B500200023504A0224C0EB001111446D
:10FA60004B738C73C8730D7C25F007056D1C0D74EA
:10FA7000401C0228F1DB022007E0C0EB001111441A
:10FA80000B7C23F007030B74401C0228F5DB434A70
:10FA9000506910F8031F21F03801203121F00701CF
:10FAA000491C0170018821F470710180417821F0B6
:10FAB0003C011C314170B0F8051040F2B93363F3DA
:10FAC0008C01A0F80510C18840F2132363F34F1195
:10FAD000C18081886FF3090112318180B0F8011073
:10FAE0005A2363F38E11A0F8011041885B2363F35E
:10FAF000CF114180B0F809304FF4BE7161F38C032F
:10FB0000A0F80930438961F34F134381906910F8DD
:10FB1000031F21F03801203121F00701491C017039
:10FB2000018821F470710180417821F03C01183185
:10FB30004170B0F8051040F25E6262F38C01A0F8EB
:10FB40000510C18840F2EE2262F34F11C180818816
:10FB50006FF309010A318180B0F80110C82262F305
:10FB60008E11A0F801104188A02262F3CF114180CC
:10FB7000B0F80920322161F38C02A0F809204289F3
:10FB800061F34F124281044805F0AEF8BDE87040C1
:10FB90002D21014805F032B8C09D0020FC0700204F
:10FBA00070B5002000239E4A0324C0EB00111144CD
:10FBB0004B738C73C8730D7C25F007056D1C0D7499
:10FBC000401C0528F1DB052007E0C0EB00111144C3
:10FBD0000B7C23F007030B74401C0528F5DB914ACE
:10FBE000D06910F8031F21F03801203121F00701FE
:10FBF000491C0170018821F470710180417821F065
:10FC00003C0120314170B0F805104FF4707363F37C
:10FC10008C01A0F80510C18840F2112464F34F1143
:10FC2000C18081886FF309010F318180B0F8011024
:10FC3000462565F38E11A0F801104188482565F32B
:10FC4000CF114180B0F809504FF4C87161F38C05B1
:10FC5000A0F80950458961F34F154581106A10F8E5
:10FC6000035F25F0380525F007056D1C0570058834
:10FC700025F470750580457825F03C052D1D4570EF
:10FC8000B0F805504FF4AB6666F38C05A0F805504C
:10FC9000C588522666F34F15C58085886FF3090520
:10FCA000ED1C8580B0F8095040F2E64666F38C05FD
:10FCB000A0F809504589EE2666F34F154581506A34
:10FCC00010F8035F25F03805203525F007056D1C79
:10FCD0000570058825F470750580457825F03C058C
:10FCE00020354570B0F8055063F38C05A0F8055039
:10FCF000C58864F34F15C58085886FF309051435F1
:10FD00008580B0F80150822666F38E15A0F8015068
:10FD10004588842666F3CF154580B0F8095061F315
:10FD20008C05A0F80950458961F34F154581906A0B
:10FD300010F8035F25F03805203525F007056D1C08
:10FD40000570058825F470750580457825F03C051B
:10FD500020354570B0F8055063F38C05A0F80550C8
:10FD6000C58864F34F15C58085886FF30905143580
:10FD70008580B0F80150322666F38E15A0F8015048
:10FD80004588342666F3CF154580B0F8095061F3F5
:10FD90008C05A0F80950458961F34F154581D06A5B
:10FDA00010F8032F22F03802203222F00702521CF2
:10FDB0000270028822F470720280427822F03C02C3
:10FDC00020324270B0F8052063F38C02A0F80520C1
:10FDD000C28864F34F12C28082886FF309020F3227
:10FDE0008280B0F801206E2363F38E12A0F8012008
:10FDF0004288702363F3CF124280B0F8092061F388
:10FE00008C02A0F80920428961F34F124281044814
:10FE100004F092FFBDE870405A21014804F0EEBEA4
:10FE2000ED9D0020FC0700202DE9F041002000237B
:10FE3000A04A0424C0EB001111444B738C73C873A7
:10FE40000D7C25F007056D1C0D74401C0528F1DBA9
:10FE5000052007E0C0EB001111440B7C23F00703E1
:10FE60000B74401C0528F5DB9349086B10F8032F31
:10FE700022F03802203222F00702521C027002885F
:10FE800022F470720280427822F03C0220324270EA
:10FE9000B0F8052040F29B3565F38C02A0F80520F0
:10FEA000C3884FF4077262F34F13C38083886FF3E4
:10FEB00009030F338380B0F80130E12464F38E131B
:10FEC000A0F801304388E22464F3CF134380B0F8F4
:10FED00009304FF4AA7464F38C03A0F80930438905
:10FEE0004FF4B47767F34F134381486B10F8033F27
:10FEF00023F03803203323F007035B1C03700388CF
:10FF000023F470730380437823F03C032033437061
:10FF1000B0F8053065F38C03A0F80530C38862F3B0
:10FF20004F13C38083886FF309030F338380B0F8C6
:10FF30000130551065F38E13A0F8013043886E1C14
:10FF400066F3CF134380B0F8093064F38C03A0F854
:10FF50000930438967F34F134381886B10F8033FDF
:10FF600023F03803203323F007035B1C037003885E
:10FF700023F470730380437823F03C0320334370F1
:10FF8000B0F805304FF4707767F38C03A0F80530B4
:10FF9000C38862F34F13C38083886FF309030F3361
:10FFA0008380B0F80130FA2464F38E13A0F8013096
:10FFB0004388FB2464F3CF134380B0F809404FF427
:10FFC000C37363F38C04A0F80940448963F34F14AE
:10FFD0004481C86B10F8034F24F03804203424F017
:10FFE0000704641C0470048824F47074048044784A
:10FFF00024F03C0420344470B0F8054067F38C04CE
:020000040801F1
:10000000A0F80540C48862F34F14C48082886FF35F
:1000100009020F328280B0F8012065F38E12A0F839
:100020000120428866F3CF124280B0F8092063F3C2
:100030008C02A0F80920428963F34F124281086CB8
:1000400010F8031F21F0380121F00701491C01704D
:10005000018821F470710180417821F03C01091D73
:100060004170B0F805104FF40A7262F38C01A0F8E9
:100070000510C188522262F34F11C18081886FF34D
:100080000901C91C8180B0F8091040F29A2262F37C
:100090008C01A0F809104189EE2262F34F114181D1
:1000A000044804F049FEBDE8F0415A21014804F03B
:1000B000A5BD0000479E0020FC07002070B5002071
:1000C0000024444A0523C0EB001111444C738B7388
:1000D000C8730D7C25F007056D1C0D74401C0228AB
:1000E000F1DB022007E0C0EB001111440B7C23F090
:1000F00007030B74401C0228F5DB374A506C10F8DC
:10010000031F21F0380121F00701491C017001880B
:1001100021F470710180417821F03C01203141705F
:10012000B0F805104FF45C7363F38C01A0F8051070
:10013000C3884FF4FA7161F34F13C38083886FF360
:1001400009035B1C8380B0F8093040F20F4464F36C
:100150008C03A0F80930438961F34F134381906CFD
:1001600010F8031F21F0380121F00701491C01702C
:10017000018821F470710180417821F03C01203127
:100180004170B0F805204FF4707161F38C02A0F853
:100190000520C2884FF4B47363F34F12C280828883
:1001A0006FF30902921C8280B0F8092061F38C027F
:1001B000A0F80920418940F2AA2262F34F1141813F
:1001C000044804F091FDBDE870402D21014804F081
:1001D00015BD0000A19E0020FC07002070B5002086
:1001E00000232A4A0124C0EB001111444C738B7385
:1001F000C8730D7C25F007056D1C0D74401C01288B
:10020000F1DB012007E0C0EB001111440C7C24F06D
:1002100007040C74401C0128F5DB1D48006810F829
:10022000031F21F03801303121F00701491C017012
:10023000018821F470710180417821F03C0108317E
:100240004170B0F805104FF4C87262F38C01A0F849
:100250000510C18840F22D3262F34F11C1808188B0
:100260006FF30901891C8180B0F80110142262F338
:100270008E11A0F801108360044804F00DFDBDE864
:1002800070401E21014804F0B9BC0000CE9E002041
:100290004808002070B50020844B0122C0EB0011FB
:1002A00019444A738A73C8730C7C24F00704641CD5
:1002B0000C74401C0528F1DB052007E0C0EB0011A1
:1002C00019440A7C22F007020A74401C0528F5DB59
:1002D000774A506810F8031F21F03801303121F0BF
:1002E0000701491C0170018821F470710180417877
:1002F00021F03C0120314170B0F8051040F25B5311
:1003000063F38C01A0F80510C18840F2392363F330
:100310004F11C18081886FF30901891C8180B0F879
:1003200001300F2161F38E13A0F8013000238360A8
:10033000906810F8033F23F03803303323F00703AD
:100340005B1C0370038823F470730380437823F0ED
:100350003C031C334370B0F8053040F24C5464F356
:100360008C03A0F80530C38840F2A31464F34F1344
:10037000C38083886FF309039B1C8380B0F801302E
:1003800061F38E13A0F8013014248460D06810F853
:10039000033F23F03803303323F007035B1C037063
:1003A000038823F470730380437823F03C032033E5
:1003B0004370B0F80530A50165F38C03A0F8053053
:1003C000C38840F23A3565F34F13C38083886FF3D7
:1003D00009039B1C8380B0F8013061F38E13A0F8F1
:1003E000013028258560106910F8033F23F0380399
:1003F000303323F007035B1C0370038823F470730E
:100400000380437823F03C031C334370B0F805307D
:100410004FF4A36666F38C03A0F80530C38840F25E
:10042000311666F34F13C38083886FF309039B1C57
:100430008380B0F8013061F38E13A0F8013085603D
:10044000506910F8032F22F03802303222F00702F0
:10045000521C0270028822F470720280427822F0EC
:100460003C0220324270B0F8052040F2445363F35E
:100470008C02A0F80520C28840F2D12363F34F120A
:10048000C28082886FF30902921C8280B0F801203A
:1004900061F38E12A0F801208460044804F04CFC43
:1004A000BDE870405A21014804F0A8BBEC9E002032
:1004B0004808002010B524480122427302218173AC
:1004C0000021C173017C21F00701491C01741F4800
:1004D000806910F8031F41F0380121F00701491C21
:1004E0000170018821F470710180417821F03C0194
:1004F00014314170B0F805104FF40C7363F38C01A4
:10050000A0F80510C1884FF42F7363F34F11C18019
:1005100081886FF30901891C8180B0F801101423D0
:1005200063F38E11A0F80110418862F3CF1141806E
:1005300007A109888181044804F026FCBDE8104029
:100540003C21014804F05ABB469F00204808002087
:100550004800000010B52448012141730222827333
:10056000C173027C22F00702521C02741F48C0694A
:1005700010F8032F42F0380222F00702521C0270DA
:10058000028822F470720280427822F03C020C321F
:100590004270B0F8052040F24B2363F38C02A0F8C0
:1005A0000520C2884FF4077363F34F12C28082881C
:1005B0006FF30902921C8280B0F80120142363F3C8
:1005C0008E12A0F80120428861F3CF12428008A168
:1005D00009888181044804F0D7FBBDE810403C2124
:1005E000014804F00BBB0000829F00204808002057
:1005F0005000000010B5234801224273022181738C
:10060000C173017C21F00701491C01741E48006A76
:1006100010F8031F41F0380121F00701491C017057
:10062000018821F470710180417821F03C0114317E
:100630004170B0F805104FF45C7363F38C01A0F8BF
:100640000510C188D22363F34F11C18081886FF3F5
:100650000901891C8180B0F80110142363F38E1105
:10066000A0F80110418862F3CF11418007A10988E9
:100670008181044804F088FBBDE810403C2101481A
:1006800004F0BCBABE9F00204808002046000000CD
:1006900010B5244801224273022181730321C173E2
:1006A000017C21F00701491C01741F48406A10F8C1
:1006B000031F41F0380121F00701491C0170018836
:1006C00021F470710180417821F03C0114314170B6
:1006D000B0F805104FF4707363F38C01A0F80510A7
:1006E000C188D22363F34F11C18081886FF3090160
:1006F000891C8180B0F80110142363F38E11A0F8D7
:100700000110418862F3CF11418008A109888181DD
:10071000044804F039FBBDE810403C21014804F0D6
:100720006DBA0000FA9F0020480800204100000038
:1007300010B5254801214173022181730421C17341
:10074000017C21F00701491C01742048806A10F8DF
:10075000031F41F0380121F00701491C0170018895
:1007600021F470710180417821F03C010C3141701D
:10077000B0F80510712262F38C01A0F80510C18851
:1007800040F22D3262F34F11C18081886FF309016D
:10079000891C8180B0F80110142262F38E11A0F838
:1007A000011041880C2262F3CF114180C01E08A1C4
:1007B0000F30F0F78FFD044804F0E6FABDE8104072
:1007C0003C21014804F01ABA36A000204808002055
:1007D00062756C6C65745F73706565640000000021
:1007E00010B5254801214173022181730522C2738E
:1007F000017C21F00701491C01742048C06A10F8EF
:10080000031F41F0380121F00701491C01700188E4
:1008100021F470710180417821F03C010831417070
:10082000B0F80510712363F38C01A0F80510C1889E
:100830004FF4C37363F34F11C18081886FF30901D3
:10084000891C8180B0F80110142363F38E11A0F885
:100850000110418862F3CF114180C01E08A10F3002
:10086000F0F738FD044804F08FFABDE810403C2151
:10087000014804F0C3B9000072A00020480800201D
:10088000686967687400000010B52548012141734C
:10089000022181730621C173017C21F00701491CEB
:1008A00001742048006B10F8031F41F0380121F05B
:1008B0000701491C0170018821F4707101804178A1
:1008C00021F03C0108314170B0F80510712262F34B
:1008D0008C01A0F80510C1884FF4347262F34F11F7
:1008E000C18081886FF30901891C8180B0F80110F3
:1008F000142262F38E11A0F801104188092262F3DC
:10090000CF114180C01E08A10F30F0F7E3FC04486E
:1009100004F03AFABDE810403C21014804F06EB9F9
:10092000AEA00020480800206D61785F68696768A4
:100930007400000010B500200A4AC0EB00111144F9
:100940000B7C23F007039B1C0B74401C0228F4DB78
:10095000044804F0C9F9BDE810402D21014804F015
:100960004DB90000489D002010B500200A4AC0EB98
:10097000001111440B7C23F007039B1C0B74401CDB
:100980000128F4DB044804F087F9BDE810401E217B
:10099000014804F033B90000A29D002010B50020EA
:1009A0000A4AC0EB001111440B7C23F007039B1C87
:1009B0000B74401C0228F4DB044804F095F9BDE8F0
:1009C00010402D21014804F019B90000759D002048
:1009D00010B500200A4AC0EB001111440B7C23F033
:1009E00007039B1C0B74401C0228F4DB044804F032
:1009F0007BF9BDE810402D21014804F0FFB800004C
:100A0000C09D002010B500200A4AC0EB001111441F
:100A10000B7C23F007039B1C0B74401C0128F4DBA8
:100A2000044804F039F9BDE810401E21014804F0E3
:100A3000E5B80000CE9E002010B50C4C010E2170D0
:100A4000C0F3074212FB01F26280C0F3072313FBDD
:100A500001F3A380C0B210FB01F0E08004490C68F0
:100A60006063086883630868C26310BD6407002080
:100A70002813002070B52DED028B8AB005460C4678
:100A800016460DB104B11EB90AB0BDEC028B70BDA3
:100A900094ED000AB5EEC00AF1EE10FA0DD194ED16
:100AA000010AB5EEC00AF1EE10FA06D194ED020A81
:100AB000B5EEC00AF1EE10FA7DD09FED600AB0EEFF
:100AC000408A0020079008900990049005900690B5
:100AD0005B4A07CA01AB07C395ED010AD5ED030ACE
:100AE00020EE200AD5ED000A95ED021A00EEC10AAB
:100AF000F0EE000A20EE200A8DED070A95ED000ABF
:100B0000D5ED010A20EE200AD5ED020A95ED031A73
:100B100000EE810AF0EE000A20EE200A8DED080AB0
:100B200095ED000A20EE000AD5ED030A95ED031AB3
:100B300000EE810AF7EE000AB0EE001A51EE000A4C
:100B4000CDED090A01AB22463146284600F07AF87D
:100B5000D4ED000A60EEA00A94ED011AD4ED011A5A
:100B600041EE210A94ED021AD4ED021A41EE210A57
:100B7000B0EE600AF2F706FBB0EE408A94ED000A90
:100B800020EE080A84ED000A94ED010A20EE080A1E
:100B900084ED010A94ED020A20EE080A84ED020AAF
:100BA00094ED010ADDED090A20EE200AD4ED020AD7
:100BB0009DED081A00E03EE000EEC10A8DED040A4A
:100BC00094ED020ADDED070A20EE200AD4ED000ABA
:100BD0009DED091A00EEC10A8DED050A94ED000A9B
:100BE000DDED080A20EE200AD4ED010A9DED071A7A
:100BF00000EEC10A8DED060A96ED000ADDED010A50
:100C00009DED041A00EE810A86ED000A96ED010AB8
:100C1000DDED020A9DED051A00EE810A86ED010A5E
:100C200096ED020ADDED030A9DED061A00EE810A3B
:100C300086ED020A00BF00BF26E7000000000000AA
:100C4000C08C01082DE9F0412DED048B07460D46BF
:100C500014461E469FED580AB0EE409A9FED560A84
:100C6000B0EE408A9FED540AF0EE408AD4ED000ABF
:100C700060EEA00A94ED011AD4ED011A41EE210AAA
:100C800094ED021AD4ED021A41EE210AB0EE600A88
:100C9000F2F778FAF7EE000A80EE801AB0EE419A89
:100CA000D5ED000AB0EE600AF2F7FEF8F0EE409AD9
:100CB000D5ED010AB0EE600AF2F7F6F879EE809A07
:100CC000D5ED020AB0EE600AF2F7EEF839EE800ACE
:100CD000F0EE408A3948D0ED000A79EE600AB0EEB5
:100CE000600AF2F7E1F8B0EE408A9FED350AB4EE03
:100CF000C08AF1EE10FA06DC9FED320AF4EEC08AEB
:100D0000F1EE10FA53DD9FED2C2AB0EE420A9FED72
:100D10002A2AF0EE421AB7EE002AF0EE420A9FEDC0
:100D2000262AB0EE421AB5EEC08AF1EE10FA05DDC1
:100D30009FED232AC2EE082AB0EE620A9FED222A16
:100D4000B4EEC20AF1EE10FA03D29FED1B2AB0EE08
:100D5000420AF5EEC08AF1EE10FA05DD9FED192A80
:100D6000C2EE282AF0EE621AB7EE002AB4EEC20AEA
:100D7000F1EE10FA03D220EE802AF0EE420AB7EE2E
:100D8000002AF4EEC21AF1EE10FA03D220EEA12AE4
:100D9000F0EE420A9FED0D2A20EE822AB0EE421AB2
:100DA00086ED001A86ED011A86ED021A00BFBDEC31
:100DB000048BBDE8F08100000000000090080020D6
:100DC000CDCCCC3D8FC2F53D9A99993ECDCC4C3ED1
:100DD00010B504460C48016001214160002181608A
:100DE00001462046F4F7DAFB08B1F4F797F82046FD
:100DF000F4F75EFD0A212046F4F7F6FC2046F4F7EE
:100E000087FC80B210BD0000F83A002010B52DED2F
:100E1000048B86B00446B0EE408AF0EE608AB0EEF5
:100E2000419A002003900490059000900190029058
:100E3000B0EE000AC8EE000AF0EE609AB0EE690A61
:100E4000F2F730F88DED030AB0EE000AC8EE800A22
:100E5000F0EE609AB0EE690AF2F724F88DED040A1C
:100E6000B0EE000AC9EE000AF0EE609AB0EE690A30
:100E7000F2F718F88DED050AB0EE000AC8EE000A88
:100E8000F0EE609AB0EE690AF2F786F98DED000A8D
:100E9000B0EE000AC8EE800AF0EE609AB0EE690A81
:100EA000F2F77AF98DED010AB0EE000AC9EE000AF8
:100EB000F0EE609AB0EE690AF2F76EF98DED020A73
:100EC0009DED050ADDED040A20EE200ADDED030AA2
:100ED00020EE200ADDED020A9DED011A60EE810A86
:100EE0009DED001A00EE810A84ED000A9DED020AD4
:100EF000DDED040A20EE200ADDED030A20EE200AD3
:100F0000DDED050A9DED011A60EE810A9DED001AE6
:100F100000EEC10A84ED010A9DED050ADDED010A2E
:100F200020EE200ADDED030A20EE200ADDED020AA4
:100F30009DED041A60EE810A9DED001A00EE810A13
:100F400084ED020A9DED050ADDED040A20EE200A7B
:100F5000DDED000A20EE200ADDED020A9DED011A0A
:100F600060EE810A9DED031A00EEC10A84ED030ACA
:100F700006B0BDEC048B10BD10B541EC100BFDF7B5
:100F8000EBFA51EC100B10BDC0084FF40761484359
:100F900000EE100A0248B8EE400A80ED3B0A7047A6
:100FA000541F00204FF47A7002F0E6FB02F0CEF8F6
:100FB000064C01F083FD84ED000A00F065FB84ED32
:100FC000010A642002F0D8FBF3E700008802002049
:100FD000F8B5002000900024F2F786F98020F2F79F
:100FE000FBFA5520F2F7F8FA5520F2F7F5FA0090DF
:100FF000F2F772F99620F2F7D8F9F2F775F9802036
:10100000F2F7EAFA5520F2F7E7FA5520F2F7E4FA98
:101010000090F2F761F99620F2F7C7F9F2F764F958
:10102000B6217E20F2F700FBF2F756F95020F2F7D6
:10103000BAF9F2F759F98020F2F7CEFA5520F2F713
:10104000CBFA5520F2F7C8FA0090F2F745F996204E
:10105000F2F7ABF9F2F748F98020F2F7BDFA552024
:10106000F2F7BAFA5520F2F7B7FA0090F2F734F92E
:101070009620F2F79AF99DF800001E2801D0FF2073
:10108000F8BD194FF2F730F904EB4405EE19785D1D
:101090007178F2F7C9FAF2F71FF99620F2F785F99D
:1010A000F2F722F9785D40F08000F2F795FA5520CA
:1010B000F2F792FA5520F2F78FFA0090F2F70CF956
:1010C0009620F2F772F970789DF80010884204D0EB
:1010D00004EB440038448078F8BD641CE4B2062C6C
:1010E000D0D30020F8BD000064030020F0B587B025
:1010F00000200290039001900024F2F7F5F8802080
:10110000F2F76AFA5520F2F767FA5520F2F764FA17
:101110000190F2F7E1F89620F2F747F9F2F7E4F8D8
:101120008020F2F759FA5520F2F756FA5520F2F7D7
:1011300053FA0190F2F7D0F89620F2F736F9F2F769
:10114000D3F8B6217E20F2F76FFAF2F7C5F85020F7
:10115000F2F729F9F2F7C8F88020F2F73DFA5520A6
:10116000F2F73AFA5520F2F737FA0190F2F7B4F8AD
:101170009620F2F71AF9F2F7B7F88020F2F72CFA76
:101180005520F2F729FA5520F2F726FA0190F2F7E6
:10119000A3F89620F2F709F99DF804001E2802D062
:1011A000FF2007B0F0BD7C4FF2F79EF804EB44053A
:1011B000EE19785D7178F2F737FAF2F78DF896202C
:1011C000F2F7F3F8F2F790F8785D40F08000F2F76C
:1011D00003FA5520F2F700FA5520F2F7FDF90190D5
:1011E000F2F77AF89620F2F7E0F870789DF804109C
:1011F000884204D004EB440038448078D1E7502082
:10120000F2F7D1F8641CE4B2042CCDD30024F2F739
:101210006BF8201D00EB4005EE19785D7178F2F750
:1012200003FAF2F759F89620F2F7BFF8F2F75CF8F4
:10123000785D40F08000F2F7CFF95520F2F7CCF955
:101240005520F2F7C9F90190F2F746F89620F2F727
:10125000ACF870789DF80410884205D0241D04EB8A
:101260004400384480789CE75020F2F79CF8F2F76D
:101270003BF89220F2F7B0F9062202A91220F2F709
:101280008DF9F2F729F89DF8090004AA01029DF8EA
:101290000800014304EB440022F810109DF80B10E5
:1012A0009DF80A3002EB400043EA012141809DF89D
:1012B0000D109DF80C2042EA01218180641CE4B2EB
:1012C000022CA4D3F2F710F800216D20F2F7ACF94C
:1012D000F2F702F89620F2F768F8F2F705F8ED2039
:1012E000F2F77AF95520F2F777F95520F2F774F909
:1012F0000190F1F7F1FF9620F2F757F89DF80400FE
:1013000008B104204DE7F1F7EFFFB6217E20F2F798
:101310008BF9F1F7E1FF5020F2F745F8BDF9100025
:10132000BDF91610411A40F2555081420EDBBDF94D
:101330001210BDF91820891A814207DBBDF914008B
:10134000BDF91A10401AB0F52A7F01DA802028E78B
:10135000F1F7CAFF8020F2F73FF95520F2F73CF988
:101360005520F2F739F90190F1F7B6FF9620F2F720
:101370001CF8F1F7B9FF8020F2F72EF95520F2F7AB
:101380002BF95520F2F728F90190F1F7A5FF9620E7
:10139000F2F70BF8002004E70C7E0108F8B50024F2
:1013A00000200090F1F7B2FF69460020F2F708F93B
:1013B000F1F7A4FF9620F1F7F8FFF1F7A7FF6946D0
:1013C0000020F2F7FDF8F1F799FF9620F1F7EDFF15
:1013D000F1F79CFFB6211420F2F726F9F1F78EFF02
:1013E0005020F1F7E0FFF1F791FF69460020F2F796
:1013F000E7F8F1F783FF9620F1F7D7FFF1F786FFC3
:1014000069460020F2F7DCF8F1F778FF9620F1F753
:10141000CCFF9DF800000F2801D0FF20F8BD154F2C
:10142000F1F774FF04EB4405EE19785D7178F2F77B
:10143000FBF8F1F763FF9620F1F7B7FFF1F766FFCE
:10144000785D6946F2F7BCF8F1F758FF9620F1F79E
:10145000ACFF70789DF80010884204D004EB440083
:1014600038448078F8BD641CE4B2062CD8D3002040
:10147000F8BD00007603002038B50020009000245D
:10148000F1F744FF69460020F2F79AF8F1F736FFCA
:101490009620F1F78AFFF1F739FF69460020F2F74D
:1014A0008FF8F1F72BFF9620F1F77FFFF1F72EFF72
:1014B000B6211420F2F7B8F8F1F720FF5020F1F729
:1014C00072FFF1F723FF69460020F2F779F8F1F790
:1014D00015FF9620F1F769FFF1F718FF6946002024
:1014E000F2F76EF8F1F70AFF9620F1F75EFFF1F7D9
:1014F0000DFF01213C20F2F797F8F1F7FFFE502095
:10150000F1F751FFF1F702FF69463C20F2F758F876
:10151000F1F7F4FE9620F1F748FF641CE4B29DF861
:101520000000800701D40A2CECD30A2C05D09DF8CA
:101530000000400703D5402038BD402038BD0020C2
:1015400038BD000018B5374B984201D1364A03E048
:10155000364B984200D1364A106843681B050BD5BC
:10156000536B13B11B685B6823B9936B23B11B6882
:101570005B680BB1012018BD002309E05B1C9BB226
:10158000642B05D9016841F400710160002018BD89
:101590008469A407F2D4036823F40063036010682D
:1015A000036843F4807303600020136809E0401C63
:1015B00080B2642805D9186840F4007018600020D3
:1015C00018BD5C69E407F2D001F0FE00186100214B
:1015D0004FF4FA73106809E0491C89B2994205D9A1
:1015E000016841F400710160002018BD4269920752
:1015F000F2D5416981690091002109E0491C89B255
:10160000994205D9016841F400710160002018BDBC
:1016100042691206F2D5016841F4007101600120AF
:1016200018BD0000005400401C100020005800406D
:101630007010002038B5084D6424A84204D1074832
:101640000094F5F795FC38BD054DA842FBD105483F
:101650000094F5F78DFC38BD005400401C100020AC
:101660000058004070100020024900200968C8633B
:1016700070470000E0120020024A13689862106868
:10168000C1637047E012002060EE000A20EE801A6D
:1016900010EE100A23499FED242AF7EE002A884213
:1016A00002DAB0EE420A2DE010EE100A1F4988421D
:1016B00010DADFED1F1A21EE211ADFED1E1A00EEFF
:1016C000E11ADFED1D0A00EE201A9FED1C0A31EE33
:1016D000400A17E010EE100A1949884210DADFEDCF
:1016E000191A21EE211ADFED181A00EEE11ADFEDCA
:1016F000170A00EE201A9FED160A31EE400A01E0AB
:10170000B0EE620AB5EEC00AF1EE10FA02D2B0EE07
:10171000420A704710EE100AB0F17E5FF9DDB0EEBC
:10172000620A704700009C41000000003333AF4163
:101730001399B93BFB5CAD3EE17AD84014AE34421C
:101740000000CC4161E0B93C46B6D33F295C214260
:101750003333A44310B502464FF6FF70002A0CD075
:10176000064C07E012F8013B4340DBB234F813307B
:1017700083EA1020491E4B1CF4D110BDBE8A01081B
:1017800010B5FF22054C03E010F8013B5340E25C2A
:10179000491E4B1CF8D1104610BD0000BE8901083F
:1017A00010B504462DED028BE83454F8A80C06F071
:1017B00023F841EC100BFDF75BFA9FED2B1B51EC6E
:1017C000100B53EC112B05F019FA41EC180B54F8DF
:1017D000740C06F011F853EC182B05F00BFD04F017
:1017E000A9FC6067A06806F007F841EC100BFDF754
:1017F0003FFAB0EE408AF0EE608A54F80C0C05F027
:10180000FBFF53EC182B05F0F9F941EC180B606F56
:1018100005F0F2FF53EC182B05F0ECFC04F08AFC09
:10182000A067A06905F0E8FF41EC100BFDF720FA76
:10183000B0EE408AF0EE608A54F8080C05F0DCFF48
:1018400053EC182B05F0DAF941EC180B606F05F03A
:10185000D3FF53EC182B05F0CDFC04F06BFCE067D4
:10186000BDEC028B10BD0000000000A09999234040
:101870002DE9F84300250026DFF87890DFF878801E
:1018800005EB850000EBC50707EB08042079D4F8C9
:10189000051000F07F0206EB090001F01EF8207928
:1018A00000F07F0006EB800086B20122694606EB5D
:1018B000090001F012F89DF8000008F807009DF8F3
:1018C000010060709DF80200A0709DF80300E070B8
:1018D000361DB6B2552806D0D4F8090018B12079C3
:1018E00040F0800020716D1CEDB2052DC8D3BDE81D
:1018F000F883000000000A08D4220020012070476D
:1019000010B50A4601460C30002A03D0012A05D042
:10191000002010BDF8F7EEF8002010BD0D4AF8F7D2
:10192000B7F80C4844F6206208380189914208D97A
:1019300000210181FFF798FE2420F9F7A1FF012083
:1019400010BDF9F7BBFF42F210715F20FFF794FE64
:10195000002010BDEC01002000290BD000210170F7
:101960002821C17043F23901A0F8011002494160F9
:1019700001207047012070470000B0412DE9F0417F
:1019800000201A4B1A4D03F1240403F1100600EB5A
:10199000800101EBC00129441F5C0A7967F306024C
:1019A0000A7156F82020C1F8052054F82020C1F80B
:1019B0000920401CC0B20528E9D3FFF759FF0024D5
:1019C00004EB840000EBC4002844C178552906D1FB
:1019D000D0F809201AB156F8240000219047641C61
:1019E000E4B2052CECD3BDE8F08100000002002039
:1019F000D422002000B58BB001210991002007906E
:101A0000089101900290039004900690059001A91E
:101A10000C48F4F76BF80B48F4F717FE022109485D
:101A2000F3F7DAFF0E200A90069001A90648F4F7B2
:101A30005DF80548F4F709FE02210348F3F7CCFFEF
:101A40000BB000BDCC0F0020F40F00202DE9F041B9
:101A500004462DED088B002C7ED020786070A07895
:101A6000E07020796071A079E071207A6072A07ACC
:101A7000E072607DA075E07D2076607BA073E07BE6
:101A8000207494F8100684F8110694F8380684F847
:101A9000390694F8600684F8610694F8880684F89C
:101AA000890694F8B00684F8B10694F8E00684F844
:101AB000E106D4F80C0604F5806590ED010AD5ED39
:101AC000870A70EE600AB3EE0E0A70EE800AC5ED6A
:101AD000850AD4F8341695ED911AD1ED010A70EE0D
:101AE000C10A70EEC00AC5ED8F0AD4F85C2695EDE8
:101AF0009B1AD2ED010A70EEC10A70EEC00AC5ED64
:101B0000990AD4F8843695EDA51AD3ED010A70EE42
:101B1000C10A30EE800A85EDA30A90ED020A85ED38
:101B2000880A91ED020A85ED920A92ED020A85ED8E
:101B30009C0A93ED020A85EDA60AD5ED8A0A9FED6F
:101B4000FE0AD0ED031A20EE801ADFEDFC0A01EE4A
:101B5000A01A85ED8A1A00E0ADE295ED941AD1ED58
:101B6000031A21EE001A01EEA01A85ED941A95EDE4
:101B70009E1AD2ED031A21EE001A01EEA01A85ED8D
:101B80009E1A95EDA81A21EE000A93ED031A01EEB4
:101B9000200A85EDA80A95EDB00A85EDAF0AD5EDCE
:101BA000BC0AC5EDBB0AD4F8AC6696ED03AA85ED78
:101BB000B0AAD4F8DC76D7ED038AC5EDBC8A207BC9
:101BC000B7EE008A01282FD030EE4A0ADC4ADD4900
:101BD00010EE100A904206DD95EDB10A30EE080ACB
:101BE00085EDB10A09E010EE100A884205D995ED9D
:101BF000B10A30EE480A85EDB10A30EEE80A10EE7F
:101C0000100A904206DD95EDBD0A30EE480A85EDDA
:101C1000BD0A09E010EE100A884205D995EDBD0A0B
:101C200030EE080A85EDBD0AD5F8B80205F0E4FDEE
:101C300041EC190B9FEDC4BAD5EDB10A8AEE0B0A3F
:101C400030EE200A10EE100A05F0D6FD9FEDBFAB76
:101C500053EC1A2B04F0D2FF53EC192B05F0CAFAFF
:101C600004F068FA0BEE900AC5EDADBAD5F8E802BB
:101C700005F0C2FD3BEE680A41EC190BC0EE0B0A01
:101C800095EDBD0A30EE800A10EE100A05F0B4FDA5
:101C900053EC1A2B04F0B2FF53EC192B05F0AAFAFF
:101CA00004F048FA00EE100A85EDB90A3BEE800A0E
:101CB000F6EE008A20EE280A84ED500AB6F90400F8
:101CC00000EE100AB8EEC00A9FEDA29A20EE090AB3
:101CD000DFEDA11AF2EE040A20EE210A80EE202A9E
:101CE0009FED9E1A82EE010A85EDB20AB7F9040053
:101CF000404202EE100AB8EEC22A22EE092A22EE73
:101D0000212AC2EE201AC1EE810AC5EDBE0A30EECC
:101D1000200A20EE280A84ED540A2046F3F772F9CF
:101D200095EDB30AD5EDBF0A30EE200A20EE280A61
:101D300084ED550A94ED500A84ED510AD5ED921ABE
:101D400095ED8F1AD5ED880A95ED850A012120467B
:101D5000F3F7ACF9D5ED9C1A95ED991AD5EDA60AD5
:101D600095EDA30A00212046F3F7A0F9D4F8B402B8
:101D700090ED020A84ED140A90ED010A84ED150A33
:101D800090ED000A84ED160AD4F8B80290ED000A2E
:101D900084ED1B0A90ED010A84ED1C0A90ED020A05
:101DA00084ED1D0AD4F8B00290ED000ADFED6C8AD4
:101DB000B0EE681ADFED6B9AF0EE690A01F060FB95
:101DC00084ED0D0AD4ED0E0A674E70EE601AC6ED72
:101DD0001A1A11EE900A6549884206D9D4ED130A01
:101DE00070EE880AC4ED130A0AE011EE900A604909
:101DF000884205DDD4ED130A70EEC80AC4ED130A5B
:101E000094ED131AF0EE400A41EE090AC4ED0F0AF0
:101E100084ED0E0AD4F8B002B0EE681AF0EE690A4A
:101E200090ED010A01F02CFB84ED100AD4F8B00209
:101E3000D0ED020AC4ED110AD4ED3C0A70EEC00ADE
:101E4000C4ED3C0A94ED401A31EE400A84ED400A9C
:101E500094ED270A94ED281A30EE411ADFED452A59
:101E600081EE222A96ED051A94ED2D3A78EE411A6C
:101E700021EE833A01EE023A84ED2B3A94ED292AC1
:101E800094ED2A3A32EE433A83EE222A94ED2E3A2A
:101E900061EE831A41EE021AC4ED2C1A012120468C
:101EA00000F034FE84ED830AD4ED3C0A94ED270A59
:101EB0000221204600F02AFE84ED840AD4ED400A77
:101EC00094ED290A0121204600F020FE84ED870AC6
:101ED000D4ED400A94ED290A0221204600F016FEB6
:101EE00084ED880AD4ED830A95ED881ADFED221A75
:101EF00095ED922A60EE810A20EEA11AD4ED840AB3
:101F000060EE820A00EEA11A84ED331AD4ED870A3E
:101F100095ED9C2A60EE820A95EDA62A60EEA10A54
:101F200020EE020A40EE210AC4ED340A94ED350A8F
:101F300031EE400A22E000003333733FCDCC4C3DFC
:101F400000003243000032C30000B443FA28232EBD
:101F5000008DDC3FDB0FC9407368913D000070428B
:101F6000DB0F4940DB0F49C03C000020DB0F49C0BC
:101F7000DB0F49406F12033B5077D63D80EE223A8B
:101F800096ED060AD4ED391A38EE402A62EE211A8F
:101F900040EE031AC4ED371A94ED363A70EEC33AA8
:101FA00083EEA23AD4ED3A2A22EE222A00EE032A48
:101FB00084ED382A94ED3C0A84ED3D0A94ED400A04
:101FC00084ED410A94ED270A84ED280A94ED290A4C
:101FD00084ED2A0A94ED2B0A84ED2D0A94ED2C0A47
:101FE00084ED2E0AC4ED391A84ED3A2A94ED2F0AB5
:101FF00084ED310A94ED300A84ED320A84ED351A0D
:10200000C4ED360AD4F8400590ED030A02F0E0FD75
:1020100085ED790A2A4D85ED008AD4F8BC02D0ED11
:10202000000AC6ED1D0A90ED010A86ED1E0AF5EEC6
:10203000C00AF1EE10FA1ADB60EEA00A40EE000AC8
:1020400010EE900A05F0D8FB41EC100BFCF7E4FE13
:1020500051EC100B04F06EF800EE100AB2EE041A08
:10206000FAEE040A00F054FC86ED1F0A1BE060EE55
:10207000A00A40EE000A10EE900A05F0BDFB41EC0C
:10208000100BFCF7C9FE51EC100B04F053F800EEF6
:10209000100AB2EE041AFAEE040A00F039FCB1EEAE
:1020A000400A86ED1F0A96ED1F0AD5ED000A20EEC4
:1020B000200A86ED1F0ABDEC088BBDE8F081000008
:1020C000BC0000202DE9F04104462DED048B002CCE
:1020D0007DD04FF4FA6003F0C9F8F7F7F7F8F9F795
:1020E000CDF8012003F0C2F8002000F047FCC4F84E
:1020F0000C06012000F042FCC4F83406022000F077
:102100003DFCC4F85C06032000F038FCC4F88406EB
:10211000002000F03DFCC4F8AC06012000F038FCC3
:10212000C4F8DC0600F034FDC4F8400500F02CFCD7
:10213000C4F8B00200F0E6FCC4F8B40200F034FCCD
:10214000C4F8B80200F02CFCC4F8BC020127677088
:1021500027700026E670A6706771277184F81166F3
:1021600084F8106684F8396684F8386684F8616605
:1021700084F8606684F8896684F8886684F8B166B5
:1021800084F8B06684F8E16684F8E066D4F80C065A
:1021900004F5806590ED010A85ED870AD4F83416C0
:1021A000D1ED010AC5ED910AD4F85C2692ED011A31
:1021B00085ED9B1AD4F88436D3ED011AC5EDA51A26
:1021C00090ED012A32EE402AB3EE0E0A00E0C9E09B
:1021D00032EE002A85ED852A91ED012A72EE600A21
:1021E00070EEC00AC5ED8F0AD2ED010A70EEC10A89
:1021F00070EE800AC5ED990AD3ED010A70EEE10A8E
:1022000030EEC00A85EDA30AD5EDB00A9FED579ACE
:1022100080EE890A10EE100A05F0EEFA9FED548B5D
:1022200053EC182B04F0EAFC03F084FFC5F8B80265
:1022300095EDBC0A79EE400A80EE890A10EE100A8C
:1022400005F0DAFA53EC182B04F0D8FC03F072FF17
:10225000C5F8E8029FED483A84ED933A9FED470AAE
:1022600084ED940ADFED460AC4ED950A9FED451A08
:1022700084ED961ADFED441AC4ED971ADFED431A88
:10228000C4ED981A9FED422A84ED992A9FED412AC8
:1022900084ED9A2ADFED402AC4ED9B2A9FED3F2A68
:1022A00084ED9C2A9FED3E2A84ED9D2ADFED3D3A88
:1022B000C4ED9E3A84ED9F3A84EDA00AC4EDA10AD4
:1022C00084EDA21A9FED380A84EDA30AC4EDA41A86
:1022D0009FED360A84EDA50A9FED350A84EDA60A26
:1022E000C4EDA72A9FED330A84EDA80A84EDA92A3C
:1022F0009FED310A84EDAA0AF1EE040AB2EE040A57
:102300002E4A002104F58660F9F756FA9FED2C8AD3
:10231000DFED2C8A294AF0EE480AB0EE680A0C324A
:10232000002104F58F60F9F747FA244AF0EE480AD5
:10233000B0EE680A0C32002104F59860F9F73CFA17
:102340002046F2F7EDFD2046F8F718FA2046F8F798
:102350009BF927732046FFF779FB26739FED1A0A36
:1023600085ED7B0ABDEC048BBDE8F0810000B44331
:10237000FA28232E008DDC3FB515FB3DD578E9BF4B
:1023800017D4B7BD3333634024B97CBE33C4313D69
:10239000ED64703DA2451E400F0B25BF068199C01C
:1023A00031081C40BDE053BB24B97C3EED6470BDD8
:1023B000A2451EC006819940BDE0533B407D010807
:1023C0000000A0420000484300000DC32DE9F04783
:1023D00004462DED028B002C7ED02078012538B9E3
:1023E0006078012804D1A57094ED0F0A84ED1E0ACF
:1023F000A07800264FF002084FF00409012812D1FE
:10240000206C05F0F9F941EC100BFCF795FC9FED01
:102410006D1B51EC100B53EC112B04F0B3FB02D2EB
:1024200084F802804DE0A078022803D0674F03288B
:1024300003D005E00320A07043E02178012904D0F7
:102440009FED638B042810D03BE0387850B994EDB1
:10245000240AD7ED0E0A5D4830EE200A803080ED68
:10246000010A3D7084F802902BE094ED270AD7ED25
:102470000D0A30EE600A10EE100A05F0BDF941ECCD
:10248000100BFCF759FC53EC182B51EC100B04F01B
:1024900079FB14D394ED290AD7ED0D0A30EE600ACA
:1024A00010EE100A05F0A8F941EC100BFCF744FC03
:1024B00053EC182B51EC100B04F064FB01D2A67006
:1024C0003E7020790627032807D16179032904D0BB
:1024D000A5712672667604E009E0032801D0A67192
:1024E0002772A079022802D0012804D02772BDECFF
:1024F000028BBDE8F087207A0728F8D2DFE800F0E9
:10250000054E0B04213A5D00F1E784F8088003F0E2
:102510000BFCE061EBE72046F2F700F930B165769D
:1025200084F8089003F000FC2062E0E703F0FCFB75
:10253000E169401A40F6B8318842D8D9277225712E
:10254000D5E72548D4F89C10814209DBD4F8A410C3
:10255000814205DB0520207203F0E6FB6062C6E7DE
:1025600003F0E2FB216A401AB0F5FA7FBFD9277267
:102570002571BCE71948D4F89C10814205DCD4F8D9
:10258000A410814201DC2572B1E703F0CDFB616A42
:10259000401AB0F5967FAAD92572A8E7E07B08B962
:1025A000607B40B103F0C0FB616A401AB0F5FA6F7E
:1025B0009DD927729BE7277299E726722571667667
:1025C00095E70000000000A09999C93F3C00002059
:1025D000000000E04D62503F0AD7A33E8FC2F53D98
:1025E00010B500281ED0D0F8BC120122002391F8AB
:1025F0002040C4B1022C16D003700478ACB18478AA
:10260000042C1FD080F8103680F8383680F86036F9
:1026100080F8883680F8B03680F8E0368478032C6D
:102620001DD0037110BD0270E7E780F8102680F816
:10263000382680F8602680F8882680F8B02680F852
:10264000E026EBE780F8102680F8382680F8602630
:1026500080F8882680F8B03680F8E036DEE791F81A
:10266000233013B10621017110BD837C13B1022107
:10267000017110BD04790323032C02D1047A062CC6
:10268000F7D191F824400CB1037110BD91F82510D9
:1026900011B10421017110BD027110BD40F265102D
:1026A00002F0E4FD1148FFF70DFD114C0F48FFF754
:1026B000CDF90E48F1F70AF90C48FFF791FF0B48E6
:1026C000FFF784FE0948FBF78DF90848F1F7CCF9CC
:1026D0000648F1F77FFD0548F8F768FD022002F093
:1026E000C5FD002002F08EFC6064DFE75816002074
:1026F0003C000020064807490068B0FBF1F206499B
:102700000A704FF47A72B0FBF2F048607047000034
:102710007007002040420F005C07002070B50021C8
:102720004FF0E0256C690A4A12785043AB69AA69F8
:102730009A42FCD003D2A3EB0203194403E0A4EBBA
:1027400002063344194413468142F0D370BD0000A1
:102750005C07002010B500EBC001144800EB8104B9
:102760002068606003F0E0FA2060E17C4A0603D54F
:1027700021F04001E174E060A06990B1804758B158
:10278000E07C40F0200040F08000E074206A0028E7
:1027900006D0BDE810400047E07C20F08000E074E7
:1027A00010BDE07C20F08000E07410BD15230020F7
:1027B0000FB42DED020B9DED021ADDED031A01EEB3
:1027C000801ADDED041A01EEA01ADDED051A61EEA6
:1027D000801A01EE801ADDED061A21EE800A00EE65
:1027E000201A9DED070A60EE201AB0EE410A01EEB4
:1027F000A00A06B0704782B0CDE9000121F0004088
:1028000001909DED000B02B051EC100B7047EFF3FF
:10281000108272B643680169994201D90168016169
:10282000016911F8013B01618168491C8160C1683F
:10283000491EC16082F310881846704701608B18EA
:102840005B1E436082600022C26001614161002022
:1028500070472DE9F04704468846EFF3108772B6BB
:10286000B8F1000F32D0A5687DB361686069884215
:1028700001D920686061954200DD154660690E1A35
:10288000761CAE4207DB2A464146EEF766FD6069DC
:10289000284460610EE0A5EB060932464146EEF79A
:1028A0005CFD08EB06014A462068EEF756FD2068FD
:1028B00048446061A068401BA060E0682844E06074
:1028C000284687F31088BDE8F087FFE787F3108874
:1028D0004FF0FF30F7E7C0687047034608469200A4
:1028E0001946EEF73ABD31EE601A0121814070EED3
:1028F000600A491E00EE101AB8EEC00A20EE800AE7
:10290000C0EE010ABCEEE00A10EE100A80B2704779
:10291000B4EEE00AF1EE10FA02D2B0EE600A7047AF
:10292000B4EEC10AF1EE10FAF9DDB0EE410A7047DB
:1029300010B503461046002B01D0084C0AE04FF6B4
:10294000FF7010BD13F8012B4240D2B234F81220B0
:1029500082EA1020491E4A1CF4D110BD9E8701084E
:1029600010B5054C03E010F8013B5340E25C491EF2
:102970004B1CF8D1104610BD9E860108014901EBA1
:1029800000107047B021002000487047901E0020C2
:10299000024900F0010001EB001070479021002077
:1029A000004870479020002000487047681E0020B3
:1029B0002DE9F04104460D4616461F4614B10DB1EF
:1029C00006B10FB9BDE8F081D4ED010A94ED031A08
:1029D00060EE810A94ED001AD4ED021A41EE610A0C
:1029E000B8EE001A60EE810AB0EE600AF0F756FA0F
:1029F00086ED000A94ED001A21EE011AD4ED011AB9
:102A000094ED012A01EE821AF7EE001AB0EE002AC8
:102A100052EE011AF0EE610A94ED001AD4ED031A99
:102A200021EE211AD4ED011A94ED022A01EE821A48
:102A3000F0EE001A21EE211AB0EE410AF0F730FA5A
:102A400085ED000A94ED001A21EE011AD4ED031A67
:102A500094ED032A01EE821AF7EE001AB0EE002A76
:102A600052EE011AF0EE610A94ED001AD4ED011A4B
:102A700021EE211AD4ED021A94ED032A01EE821AF6
:102A8000F0EE001A21EE211AB0EE410AF0F708FA32
:102A900087ED000A00BF95E70648DFED070A90EDD5
:102AA000010A20EE200ABCEEC00A10EE100A80B225
:102AB00070470000880200200000C84210B50821BD
:102AC0000848FEF785F900EE100A0748B8EE400AFC
:102AD000D0ED000A20EE200ADFED040A20EE200AE5
:102AE00010BD0000840F00206C0700205D742141A0
:102AF000014890F903007047050200200048704724
:102B000015230020004870475C1E00200CB50129E9
:102B100008D0022910D0032918D0042920D09FED15
:102B2000150A0CBD00F51370D0E90412CDE90012AE
:102B30000FC8FFF73DFE0CBD00F51970D0E9041277
:102B4000CDE900120FC8FFF733FE0CBD00F51F7072
:102B5000D0E90412CDE900120FC8FFF729FE0CBD21
:102B600000F52570D0E90412CDE900120FC8FFF777
:102B70001FFE0CBD000000000249D1F803100160E7
:102B8000704700005C020020004870477C21002054
:102B9000004870475421002010B586B004461B48F9
:102BA00090E80E000391CDE90423D0E903124069B7
:102BB000CDE900120290FFF7F3FE2060FFF7E8FF77
:102BC000606094ED270A84ED280A9FED111ADFED6D
:102BD000110A00F055FC84ED290A002084F89800C1
:102BE000F0EE000AB1EE080A03AA002104F1080081
:102BF000F8F7E2FDDFED080A9FED080A6A460021BA
:102C000004F15000F8F7D8FD06B010BD587D01085A
:102C1000DB0F4940DB0F49C000504347007C12489E
:102C200010B5044694F89800002815D0012813D157
:102C3000D4ED280A94ED270A04F10800F8F70CFDFA
:102C4000D4ED0A0A94ED2E0A04F15000F8F704FDC1
:102C500094ED1C0A84ED320A10BD016891ED050A5D
:102C600080ED270A91ED060A80ED2E0A416891ED6C
:102C7000030A80ED2A0A704790F89810002907D0BF
:102C8000012904D1016891ED040A80ED280A7047FA
:102C900090ED270A80ED280A7047026892F820100C
:102CA000002904D0012906D0022904D006E0002121
:102CB00080F8981002E0012180F8981092F8201016
:102CC000032902D1022180F8981070471848FFF7B5
:102CD00063FF01F095FE164C1548FFF7DEFF144820
:102CE000FFF7BBFF1248FFF7C7FF1148FFF798FF38
:102CF00001F0BEFDC4F8D00094F8981081B194EDB5
:102D0000320AB0F9F8200023BDEEC00A194610EED1
:102D1000100A00B2F0F7B6FD022002F0A7FADBE7D6
:102D200000231A4619461846F0F7ACFDF4E70000F8
:102D3000641D0020002820D000291ED0002A1CD0AD
:102D4000D0ED000A91ED001A9FED0C0A41EE400A09
:102D5000C0ED000AD0ED010A91ED011A41EE400AE2
:102D6000C0ED010AD0ED020A91ED021A41EE400ACF
:102D7000C0ED020A1088401C1080704752499D39EE
:102D80001C4AC17B9FED1C1A92ED180AD2ED190A5C
:102D900001290FD1D0ED3E1A90ED3C2A71EEC21AF6
:102DA00090ED442A61EE801A40EE821AC0ED601A5E
:102DB00080ED631A427B012A0FD1D0ED3E1A90EDCF
:102DC0003C2A71EEC21A21EE800AD0ED441A00EEC0
:102DD000A10A80ED600A80ED621A012903D180ED1D
:102DE0005B1A80ED5D1A012A03D180ED5A1A80ED3D
:102DF0005C1A7047583A0020000000002DE9F04F9F
:102E0000099D0024DFF8D8C0DFF8D8A00CF1240811
:102E10000AF1180B08F124090AF1340E04EB4406F8
:102E20000CEB860793ED050AD7ED000A97ED011A22
:102E300020EE200AD3ED060A00EE810AD3ED070A40
:102E400097ED021A0AEB840700EE810AD7ED000A1B
:102E500000EB840730EE200A87ED000A08EB8607B6
:102E600093ED010AD7ED000A97ED011A20EE200A32
:102E7000D3ED020A00EE810AD3ED030A97ED021AA0
:102E80000BEB840700EE810AD7ED000A01EB840703
:102E900030EE200A87ED000A09EB860695ED010A5F
:102EA000D6ED000A96ED011A20EE200AD5ED020AB1
:102EB00000EE810AD5ED030A96ED021A0EEB8406A8
:102EC00000EE810AD6ED000A02EB840630EE200AFD
:102ED00086ED000A641CE4B2032C9FD3BDE8F08F9A
:102EE0001C010020CC1E002070B55020EFF311848F
:102EF00080F31188BFF34F8FBFF36F8F3E4B18786D
:102F0000C5073E48D0E9121224D008680068C007FF
:102F100020D110680068C0071CD15878800719D4E8
:102F20009878800716D4187820F001001870187867
:102F300040F002001870002201213148F3F734FFFD
:102F40002D4908222031A1F10800F8F713FD84F380
:102F5000118870BD5878C5072A4822D00D682D68A1
:102F6000ED071ED115682D68ED071AD11D78AD0744
:102F700017D49D78AD0714D4597821F00101597008
:102F8000597841F00201597000221021F3F70CFF2B
:102F9000194809221C492830F8F7ECFC84F3118801
:102FA00070BD9D78ED0723D009680968C9071FD156
:102FB00011680968C9071BD11978890718D459788D
:102FC000890715D4997821F001019970997841F019
:102FD0000201997000221021F3F7E6FE064904224F
:102FE0001431A1F10D00F8F7C5FC84F3118870BD10
:102FF00084F3118870BD0000E80000203811002023
:1030000000040240000002409C1E002001490968A3
:1030100048637047B813002070B52DED028BB0EEF9
:10302000408A234D234CA879002822D0FFF760FD69
:1030300000EE100A2046F8EEC00AB0EE480AF8F793
:103040000BFB94ED080AB5EEC00AF1EE10FA03D2BC
:103050009FED190A84ED080A94ED080ABCEEC00A37
:1030600010EE100A80B2BDEC028BBDE87040FFF795
:10307000CDBFFFF73DFD00EE100AB8EEC00AB4EE7A
:10308000C80AF1EE10FA0BD26879401CC0B2687120
:10309000C82805D90120A8719FED080A84ED0A0A05
:1030A00041F28730BDEC028BBDE87040FFF7AEBF48
:1030B000E80000200C1F00200000000000401C451C
:1030C00070B5204D0024C5F81240AC75C5F8174006
:1030D000EC761D4E346074603481B4722C70102113
:1030E00006F10B00EEF7B8F9C5F80A40C5F80E4036
:1030F000AC80AC71A5F807406C720D2106F11B0085
:10310000EEF7AAF90E2106F12800EEF7A5F9C6F8A8
:103110003640C6F83A40C6F83E40C5F82340C5F8E8
:1031200027406C806C70EC612C8485F82240C5F8D7
:103130002B40C5F82F4006F14200BDE870407621D3
:10314000EEF78AB9400200209325002070B50024D4
:10315000002511210948FDF73BFE0544641CE4B23B
:10316000C82CF6D300EE105ADFED050A0548B8EE7C
:10317000400A80EE801A80ED001A70BD3C0F0020DE
:10318000010070436C070020704700000EB56423F7
:103190008DE80E00024601231C210248F3F798FF38
:1031A0000EBD0000C41000201FB5012303AC642134
:1031B000CDE90043024602911C210348F3F788FF42
:1031C0009DF80C0004B010BDC410002013B584B0ED
:1031D000012305AC6421CDE90043024602911C2184
:1031E0000248F4F7DFF806B010BD0000C41000205C
:1031F000012240210148F3F7D7BD0000001802402A
:10320000002240210148F3F7CFBD00000018024022
:10321000704700F0B1BA00002DE9F0410024FFF73B
:10322000B3FFFFF7F5FFFFF7EBFF3220FFF7F1FFEA
:10323000FFF7DEFF3220FFF7ECFF0020FFF7B4FFBF
:10324000102802D04020BDE8F0810120FFF7E1FF07
:103250000F4F04EB4405EE19785D7178FFF7B6FF68
:103260000120FFF7D6FF785DFFF79EFF054601209E
:10327000FFF7CFFF7078A84204D004EB4400384435
:103280008078E0E7641CE4B2042CE2D30020DAE7A3
:103290001E7E01081CB50446062269460320FFF77E
:1032A00075FF9DF800009DF8011040EA012000B272
:1032B00000EE100AF8EEC00A9FED120A60EE800AD6
:1032C000C4ED000A9DF802009DF8031040EA0120B9
:1032D00000B200EE900AF8EEE00A60EE800AC4ED5B
:1032E000010A9DF804009DF8051040EA012000B293
:1032F00000EE900AF8EEE00A20EE800A84ED020A61
:103300001CBD00009A99993E42F2CF054FF4FA662F
:10331000144C20E029463220FEF7AEF9642000F07C
:103320002BFAFEF7A1F929463220FEF7A5F9642011
:1033300000F022FAFEF798F929463220FEF79CF9B0
:10334000642000F019FAFEF78FF972B6F4F734FA38
:10335000304600F011FAD4F8BC1291F82B10002975
:10336000F6D0D7E7581600202DED0A8B424E9FED80
:1033700043AA4FF47A777CE056F82500020E00EE5F
:10338000102AB8EE408AC0F3074100EE101AF8EE9A
:10339000408AC0F3072300EE103AB8EE409AC4B258
:1033A00000EE104AF8EE409A6D1C56F825004FEAE0
:1033B000106C00EE10CAF8EE400A00EE102AB8EECB
:1033C000400A70EEC01AC0F3074200EE102AF8EE71
:1033D000400A00EE101AB8EE400A30EEC01AC0F3F0
:1033E000072100EE101AF8EE400A00EE103AB8EE8F
:1033F000400A70EEC00AC0B200EE100AB8EE402AD1
:1034000000EE104AB8EE400A32EE400AC1EE8AAA37
:1034100081EE0ABAC0EE8ABA80EE0ACA002438EEFB
:103420002A8A78EE8B8A39EE2B9A79EE8C9ABCEE4A
:10343000C80A10EE100ABCEEE80A010610EE100AE7
:10344000BCEEC90A41EA004110EE100ABCEEE90ADE
:1034500041EA002010EE101A0843FDF7EDFA0120B2
:1034600000F08AF9641CA4B2BC42D8D3ADB2062DD8
:1034700082D3002580E700008801002000007A4404
:10348000B4EEE01AF1EE10FA0ED371EE601AB4EE5B
:10349000C10AF1EE10FA02DC07E030EE610AB4EE88
:1034A000C10AF1EE10FAF8DC7047B4EEE00AF1EE72
:1034B00010FA02D3704730EE210AB4EEE00AF1EEC2
:1034C00010FAF8D37047F4F7CBF8FAF77FF8F7F76C
:1034D00037FBF7F76DFAF7F727FAF7F747FAF7F739
:1034E00059FCF7F72DFDF7F777FDF7F721FEF7F712
:1034F000CFFDF7F713FCF7F731FCF7F7D5FCF7F73B
:103500006DFCF7F7F9FDF7F733FEF7F7A9F9F7F7D1
:10351000D9F9F7F7E3FBF7F7C1FBF7F791FCFEF7F3
:1035200069FAFFF7E7F8FEF729FA01F03BF9F7F738
:1035300085FA00F029F9FEE70021842800D0C11C9B
:10354000084670474FF4FA7000F016F90D4C00234E
:103550001A4694EDC00AB1EE400ABDEEC00A10EE64
:10356000100A94EDB40A01B2B1EE400ABDEEC00AF1
:1035700010EE100A00B2F0F753F9022000F0FCF848
:10358000E5E70000581A0020FFF7B8FA6B4F7860A3
:10359000F7F7D8FEF7F7A0FE642408E0F7F7ACFED3
:1035A00010B10D20FFF7D6F80A2000F0E5F8641EF0
:1035B000E4B2F3D2DFF888814FF01209B7E00D20B2
:1035C000FFF7C8F80D2001F00DFB7870397801295C
:1035D00002D108B9F7F7B6FE787800287ED1B8781E
:1035E000401CC0B2B8700A2878D90020B870F7F72C
:1035F0002DFF534A0121083A0020F7F7D7FFFFF7C4
:103600004BFA0A2808D2FFF747FA03464DA20221D7
:103610000920F7F73FFF14E0FFF73EFA642808D2CD
:10362000FFF73AFA034647A202210620F7F732FFD6
:1036300007E0FFF731FA034642A202210320F7F721
:1036400029FF41A21E215A20F7F7EFFF78681E21BB
:10365000C07CC0F3401008EBC0027320F7F7A6FF50
:103660000124601E4001C11700EB516121F07F0170
:10367000401AC5B2601EC11700EB9170801000EBBC
:10368000400009EB8000C6B24D2231462846F7F7CC
:1036900055FF04F13000C2B2A81DC0B23146F7F7A1
:1036A0004DFF796804EBC40001EB80000C35C07C51
:1036B0003146C0F3401008EBC002E8B2F7F776FFDE
:1036C000641CE4B2082CCCD30824DFF870B04FF0AF
:1036D0007F0A0BF1080B0AEA441500E022E0A0087B
:1036E00000EB400009EB8000C6B2A4F108000BEB30
:1036F000800231462846F7F798FF796804EBC4004A
:1037000001EB80003146C07CC0F3401008EBC002E2
:1037100005F11200F7F74AFF641CE4B20C2CDAD36F
:10372000F7F7D4FE787838700A2000F025F8F7F71C
:10373000E3FD00283FF446AF41E70000900200207F
:10374000CC7D010825640000444255530000000070
:10375000074A002908D04021117050700223044A02
:1037600078210448FDF766BF00211170F5E70000DD
:103770008A0300200058004010B5002800D1012025
:1037800001F074FD002010BD10B501F03BFE0020DB
:1037900010BD30B585B004460D466169B4F9080026
:1037A000002910D0A16971B1FFF7C6FE6269A16955
:1037B0000192029100902B4622692168606802F014
:1037C0002FFA049010E0FFF7B7FE04A901910090D2
:1037D000208A2B4682B22168606802F0EBF901284A
:1037E00002D005B0002030BD049805B030BD000007
:1037F000002801D10648006808B1343070475020D5
:1038000080F31188BFF34F8FBFF36F8FFEE7000087
:10381000800700202DE9F04104460F461B4EF56855
:103820003168002081F852003068001D01F0D6FB9D
:1038300048B93068012190F82C0001FA00F0316994
:1038400021EA00003061B4F1FF3F07D137B13068A1
:10385000BDE8F041011D0E4801F01DBC2C4430684C
:103860004460AC4206D23068011DB06BBDE8F04147
:1038700001F0F6BB3068011D706B01F0F1FBB06A1E
:10388000844200D2B462BDE8F081000080070020CD
:10389000243C002070B5044601F00AFC1C4DA868C9
:1038A000401CA860286810B1686938B10CE02C6031
:1038B000A868012808D100F08FF905E02868E16ABE
:1038C000C06A884200D82C60686A401C6862E06A5E
:1038D00001212A698140114329610E4900EB8000D2
:1038E00001EB8000211D01F0D6FB01F001FC6869AD
:1038F00000280CD02868E16AC06A884207D20649CD
:103900004FF080500860BFF34F8FBFF36F8F70BDD3
:1039100080070020483B002004ED00E038B501F0AE
:10392000C7FB0F4C2068B8B90E4801F08BFB0E485E
:1039300001F088FB0B48E0601430206100200B4B45
:10394000009003F1480210210A2001F0ABFE206034
:1039500010B107A101F050FCBDE8384001F0C8BB30
:10396000BC070020203D0020343D0020383C0020D2
:10397000546D72510000000070B50D4C6068002855
:1039800015D00C4E01F094FBF068C568281D01F0BD
:1039900025FBA068401EA0606068401E606001F0CA
:1039A000A7FB284600F051F860680028EAD170BDF6
:1039B00080070020103C00200B46026C002A0CD02F
:1039C000C1681144C160D0F808C0614501D30168E5
:1039D000C160C1681846EDF7C0BC70472DE9F041E1
:1039E000044616460027A56B226C002A10D0C6B1EB
:1039F000E068EDF7B2FCE168206C091AE16022682A
:103A0000914202D2A168081AE060022E16D017E097
:103A10002068A8B9A06802F0F7F907460020A06066
:103A20000EE06068EDF799FC216C60680844606006
:103A3000A168884204D32068606001E005B16D1E72
:103A4000681CA0633846BDE8F08110B5044694F8C0
:103A5000511000290BD0012911D0022914D0502077
:103A600080F31188BFF34F8FBFF36F8FFEE7206B9A
:103A700001F054FB2046BDE8104001F04FBB20464A
:103A8000BDE8104001F04ABB10BD00000749CA68FC
:103A90001168002904D00021016019B1002070478D
:103AA0000121F9E7D068006870470000BC070020DA
:103AB0004FF4C041104810F0070F06D0C01D20F091
:103AC00007000D49411AC1F5C0410C4A106000239E
:103AD00053600144083921F00701183A11604B6026
:103AE0000B600B1A436001604068906050604FF0BB
:103AF0000040506170470000483D0020E80700206A
:103B0000074E4FF08054074DFFF736FF306801280D
:103B1000FAD92C60BFF34F8FBFF36F8FF4E700002B
:103B2000483B002004ED00E003460098002905D042
:103B30000260C3630164012101F0ECBD0060F8E79D
:103B40002DE9F05F82460B9F0A9D0C9C0E46904625
:103B50009B464FEA8801A522206BEDF775FC206B90
:103B6000A8F1010100EB810020F007094FF00008E7
:103B700066B100202218315C82F83410315C11B13A
:103B8000401C1028F6D384F8438001E084F8348088
:103B9000072D00D30625E5626564C4F84880201D22
:103BA00001F05BFA04F1180001F057FA2461C5F145
:103BB0000700A0616462C4F84C8084F8508084F8E7
:103BC00052805A465146484600F008FB2060002FBC
:103BD00000D03C60BDE8F09F70B500240F4D04EBB1
:103BE000840005EB800001F02DFA641C072CF6D34D
:103BF0000B4801F027FA0B4801F024FA0A4801F0BB
:103C000021FA0A4801F01EFA094801F01BFA094896
:103C1000034941631431816370BD0000483B0020BB
:103C2000D43B0020E83B0020FC3B0020103C00205F
:103C3000243C00208007002010B4144900E0114605
:103C40000A688242FBD34B6803EB010C844503D125
:103C500040681844486008460C68D0F804C00CEB73
:103C60000003A3420CD10A4B1B689A4206D052684B
:103C7000624442600A681268026002E0036000E089
:103C80000260814200D0086010BC7047E807002045
:103C9000D007002010B5002441600061DFF838C073
:103CA00091420BD8D11A8269914201D3012410E0CC
:103CB000011DDCF8100001F0D3F90AE09A4203D2AA
:103CC000994201D3012404E0011DDCF80C0001F04D
:103CD000C7F9204610BD0000BC07002010B50446FF
:103CE00001F0E6F9A06B20B1002401F001FA2046B2
:103CF00010BD0124F9E710B5044601F0D9F9A06B15
:103D0000E16B884201D1012400E0002401F0F0F9C8
:103D1000204610BDF8B505460E461748C068C06875
:103D2000C468201D01F05AF994F8240010F0040F23
:103D300018D0A0692B46411932462046FFF7AAFF4A
:103D4000A0B100200346014600902A46204602F01A
:103D50007FF958B9502080F31188BFF34F8FBFF31C
:103D60006F8FFEE720F0010084F82400216A01B083
:103D70002046BDE8F0400847BC07002030B587B0BA
:103D8000414D002202A9286801F024FE002875D0C8
:103D90000298002803DA039A05990498904702983C
:103DA000002864DB049C606910B1201D01F016F945
:103DB00001A800F0B3F8024602980A2857D2DFE8BB
:103DC00000F00505052F364D05052F3694F8240023
:103DD00040F0010084F824000398A16903460144DF
:103DE0002046FFF757FF002841D0216A2046884728
:103DF00094F8240010F0040F39D0002000900398AC
:103E0000A169002342181946204602F021F970BB2F
:103E1000502080F31188BFF34F8FBFF36F8FFEE701
:103E200094F8240020F0010084F824001FE094F8A6
:103E3000240040F0010084F824000398A06128B118
:103E4000811813462046FFF725FF10E0502080F32D
:103E50001188BFF34F8FBFF36F8FFEE794F82400F4
:103E600010F0020F0CD020F0010084F82400002292
:103E700002A9286801F0AEFD002889D107B030BD45
:103E8000204601F04BF9F2E7BC070020F8B50546E3
:103E90000C4601F0FFFA684600F040F8064600982C
:103EA00010B102F03BF8F8BD44B9B54206D802F0B3
:103EB00035F831462846FFF72DFFF8BD0C481CB1F8
:103EC0000169096891B10024A91B2246006801F02C
:103ED000A7F902F023F80028EFD106494FF08050EF
:103EE0000860BFF34F8FBFF36F8FF8BD0124EBE77E
:103EF000BC07002004ED00E00749486B006800287B
:103F000005D0486BC068C0684068886270474FF051
:103F1000FF308862704700008007002070B50446BB
:103F200001F002FF0546074EB068854204D200F05A
:103F300043F80120206001E000202060B5602846A1
:103F400070BD0000BC0700202DE9F00104460025EB
:103F5000206800282BD060684068606004F1080782
:103F6000B84201D1426862606068C66860684068B3
:103F70006060B84201D1426862606068C068002336
:103F8000002200EB020C9CF834C011F80280E045DE
:103F900001D0012304E0BCF1000F01D1054601234B
:103FA00013B9521C102AECD30DB9B042DED1284609
:103FB000BDE8F00170470000F8B51C4EF0680068DD
:103FC000002826D00027F068C0680568C468201D56
:103FD00001F004F8216A2046884794F8240010F084
:103FE000040F12D0A0692844A84206D96060246159
:103FF000211DF06801F034F807E000232A46194635
:104000002046009702F024F840B1F06800680028CC
:10401000D9D1F0683169F1603061F8BD502080F38A
:104020001188BFF34F8FBFF36F8FFEE7BC070020EF
:1040300000210278A52A04D1401C491C0278A52A37
:10404000FAD0880880B270470A484068B0F1FF3F54
:1040500007D0502080F31188BFF34F8FBFF36F8FCD
:10406000FEE7502080F31188BFF34F8FBFF36F8FAF
:10407000FEE70000F007002082B001A8FFF706FD70
:104080000199FFF703FFFFF779FEF6E770B50446E5
:1040900001F00EF894F94550002D0CDD606A50B126
:1040A00004F1240001F0FEFE08B101F00FF9681ED2
:1040B00045B2002DF2DC4FF0FF3684F8456001F088
:1040C00017F800F0F5FF94F94450002D0CDD20693D
:1040D00050B104F1100001F0E5FE08B101F0F6F86E
:1040E000681E45B2002DF2DC84F84460BDE87040E3
:1040F00000F0FEBF2DE9F0410546002601F0CAF9A7
:10410000344F386808B9FFF7D3FC7869054251D1BC
:104110009DB1083515F0070F0FD005F00700C0F16D
:104120000800054415F0070F07D0502080F31188D0
:10413000BFF34F8FBFF36F8FFEE7002D3AD0786843
:10414000854237D824490846046801E021460446E0
:104150006068A84202D220680028F7D138688442FB
:1041600028D0086800F10806206808606068411BD4
:1041700010290FD9601910F0070F07D0502080F3D5
:104180001188BFF34F8FBFF36F8FFEE7416065600B
:10419000FFF752FD61687868401A7860BA6890420B
:1041A00000D2B86078690843606000202060F86839
:1041B000401CF86001F0B2FE16F0070F07D0502047
:1041C00080F31188BFF34F8FBFF36F8FFEE7304648
:1041D000BDE8F081D0070020E8070020001F4FF065
:1041E00080730360001F21F001010160001F054979
:1041F000016014380260001F6FF002010160203876
:10420000704700004940010810B52DED028B0446AF
:104210009FED1D0AB0EE408AD4ED000A60EEA00AC0
:1042200094ED011AD4ED011A41EE210A94ED021A1F
:10423000D4ED021A41EE210A94ED031AD4ED031ACB
:1042400041EE210AB0EE600AEEF79CFFB0EE408A24
:1042500094ED000A20EE080A84ED000A94ED010AAC
:1042600020EE080A84ED010A94ED020A20EE080A05
:1042700084ED020A94ED030A20EE080A84ED030A95
:10428000BDEC028B10BD00000000000078B40021DE
:104290000091504B0168C3F8121001799975B0F87C
:1042A00005100091BDF8001040F202254A4CA1F221
:1042B0000222A94263D022DCB1F5817F4DD00FDC10
:1042C000012936D002293ED003293FD0A1F58071C3
:1042D000013903D1D0F80700C3F80A0078BC704751
:1042E000A1F5807103393DD0012941D0FE29F5D1D6
:1042F000C11D78BC38480D221B30EDF72EB8042ABA
:1043000054D009DC012A41D0022A48D0032AE5D141
:10431000B0F807005880E1E7052A4AD0062A51D0B4
:10432000FF2ADBD1C11D78BC2B4876224230EDF745
:1043300014B850F8071F216041686160018921812C
:10434000807AA072CAE7C0791870C7E7C11D78BC2F
:10435000214810220B30EDF700B8D0F80700C3F861
:104360000E00BBE7B0F807109980407A9871B5E766
:10437000B0F80710A3F80710407A5872AEE7C11DD5
:1043800078BC15480E222830ECF7E7BF50F8071F1D
:1043900044F8361F416861608068A0609EE750F86D
:1043A000071F43F8231F4068586097E7C07958708B
:1043B00094E750F8071FD96181881984807983F8C0
:1043C00022008BE750F8071F43F82B1F4068586006
:1043D00084E70000400200209325002070B5A52648
:1043E000474C002584E04748FEF711FA94F8861000
:1043F000062979D2DFE801F003131F36415AB04293
:104400000AD1012184F88610B4F887104A1C21448F
:10441000A4F8872088716BE0A4F8875068E0A0803A
:10442000B4F887104A1C2144A4F887208871022020
:1044300084F886005CE0A18841EA0021A180B4F8FC
:1044400087104A1C2144A4F887208871A088772807
:1044500003D2032084F886004AE084F88650A4F84A
:10446000875045E0B4F887104A1C2144A4F88720FF
:104470008871042084F886003AE0B4F887104A1C5A
:104480002144A4F887208871B4F8870005282FD12B
:104490000521A01D01F056F818B1052084F886000A
:1044A00026E084F88650A4F8875021E0A288B4F86A
:1044B00087100932914204D24A1C2144A4F8872073
:1044C0008871A188B4F887000931884210D384F834
:1044D0008650A4F88750A01D01F014F840B1A01D2B
:1044E000FFF7D4FE04E0FFE784F88650A4F8875075
:1044F0000448FEF7F0F900287FF475AF70BD0000A6
:10450000642E00204C2A00202DED068BFEF7D8FDEE
:1045100091494FF48062A1F11800FEF78FF98F499D
:104520004FF40072A1F5007000F0EEFC0A20FFF7D6
:1045300023F900F08DFB00F08DFB00F08DFB00F007
:104540008DFB00F08FFB00F08BFB00F08DFB00F08B
:104550008DFB00F08DFB00F08DFB814D814C824E78
:10456000DFF80882824FDFF80C929FED838ADFED3F
:10457000838A9FED839ADFF80CA2DFED839A9FED8B
:1045800083AADFF80CB2DFED83AA8349012008601B
:10459000FFF724FF0A20FFF7EFF82868A168411A07
:1045A000606800EB4000814207D32868A06000F0FB
:1045B0004FFB00F04FFB00F04FFB2868E168401A0A
:1045C0006168B0EB810F07D32868E06000F046FB1C
:1045D00000F048FB00F044FB28682169411A60683C
:1045E00000EB4000814209D32868206100F03CFBC9
:1045F00000F03CFB00F03CFB00F03CFB98F82E0088
:10460000012819D100F024FB00F024FB00F024FB6A
:104610006068FFF7B1F800F021FB00F023FB00F029
:104620001FFB6068FFF7A8F800F01EFB00F01EFB00
:1046300000F01EFB00F01EFB98F82C00012874D03F
:104640003068017921F03C012031017198F82D008A
:10465000012871D03868017921F03C0120310171C5
:1046600000F0C4FB00F0C0FB00F0C2FB99ED0F0AA4
:10467000DAF8000060EE080A828880EEA80A39EEB7
:10468000400ABCEEC00A10EE101A61F38E1282804E
:1046900099ED0F0AB0F8052060EE080A80EEA80A2E
:1046A00039EEC00ABCEEC00A10EE101A61F3CF1248
:1046B000A0F8052099ED100ADBF8000060EE080A6A
:1046C000828880EEA80A3AEE400ABCEEC00A10EEDC
:1046D000101A61F38E12828099ED100AB0F805204D
:1046E00020EE080AC0EE280A3AEEE00ABCEEC00A44
:1046F00010EE101A61F3CF12A0F8052000F07AFB3B
:1047000026494868B0F9022025480068C0F80B2007
:104710004968B1F90210C82915DA017921F03C0184
:104720001031017114E000E006E03068017921F0F9
:104730003C011431017189E73868017921F03C01AD
:10474000143101718CE7017921F03C0108310171CC
:1047500000F052FB19E70000642A00204C280020DA
:104760007C07002074020020FC0700208C20002021
:10477000000800205816002000003443DB0F494099
:104780000000484314080020000020430000B44209
:10479000100800200000B64280080020541F0020AE
:1047A0004808002002492422A1F12400F7F732B87A
:1047B0006F250020F0B5002858D0002956D0027887
:1047C000437842EA0322C2F30A050D8042788378D7
:1047D000D20842EA4312C2F30A034B808278C478BB
:1047E000920942EA8402047942EA8422C2F30A026C
:1047F0008A8004794679640844EAC614C4F30A043A
:10480000CC804679C6F301168E724679B609CE720F
:104810008679C77946EA0726A1F80F60067A477AB3
:1048200046EA0726A1F81160867AC77A46EA072683
:10483000A1F81360067B4E75467B8E75867BC77B21
:1048400046EA07260E83067C407C46EA0020A5F552
:1048500080650D80A3F580634B80A2F580628A801D
:10486000A4F58064CC80A0F580600881F0BD0000D4
:1048700010B500F0A1F800F011F900F005F80148BA
:1048800010BD0000541F00202DE9F0412DED028BDA
:104890000026464D464C4FF003082978A08803298E
:1048A00003D1032801D1617811B1012803D00DE0B3
:1048B0000120A0800AE000F009F9C0B2A070012830
:1048C00004D1A670A5F8F860A4F80480374F2878C2
:1048D0005437042802D1A088032803D0A0880228D6
:1048E00003D01FE00220A0801CE00B20FCF74CFB53
:1048F00066706868D5ED3B0AB0F9020000EE100A58
:104900003846B8EEC00AF6F7A7FE95ED1D0ABDEED3
:10491000C00A10EE100AA5F8F8002878042801D083
:10492000A4F8048029789FED238A04291BD0032949
:1049300019D0A088032816D185ED3B8A6868F0EE6F
:10494000480AB0F9020000EE100A3846B8EEC00A74
:10495000F6F782FE95ED1D0ABDEEC00A10EE100AB4
:10496000A5F8F8006670287803281BD1A0880328D2
:1049700018D16078012815D185ED3B8AF0EE480A00
:104980006868B0F9020000EE100A3846B8EEC00AB6
:10499000F6F762FE95ED1D0ABDEEC00A10EE100A94
:1049A000A5F8F800BDEC028BBDE8F081541F002093
:1049B000A4010020000000000F484168B1F9022066
:1049C00000EE102AB8EEC00A80ED3A0A91ED030A13
:1049D00080ED3C0A90F8011180F80011816811F80F
:1049E000212FC2F3001280F801210878034900F05A
:1049F0000F00C87070470000541F0020A401002061
:104A000010B52DED028BFEF7BFF81D4C6060FDF771
:104A1000C7FFA0609FED1B8ADFED1B8A1B4AF0EEEB
:104A2000480AB0EE680A002104F10C00F6F7C4FE53
:104A3000F0EE480AB0EE680A144A002104F154006E
:104A4000F6F7BAFE114AF0EE480A9FED110A0C3251
:104A5000002104F19C00F6F7AFFE606890ED030AB8
:104A600084ED3C0A84ED3D0A9FED0A0A84ED3B0A81
:104A700084ED3A0A084903208880BDEC028B10BD02
:104A8000541F002000A00C4600007A467C7D0108DF
:104A900000803B4600000000A401002009480A49AC
:104AA00090F90300032807D0042808D008B1012892
:104AB00001D100200870704703200870704704205F
:104AC00008707047A4010020541F002070B5274DC6
:104AD000274C0126287894ED3C0A002803D00128B1
:104AE0000AD0002070BDDFED230A30EE200A84EDED
:104AF0003D0A2E70002070BDD4ED3D0A30EEC00A94
:104B000010EE100A02F078FE41EC100BFAF714F9DF
:104B10009FED191B51EC100B53EC112B02F00DFA09
:104B20001ED21348D4ED3D0A94ED3C0A9C30F6F7B2
:104B300093FD6068D4ED2F0AB0F9020000EE100A70
:104B40000B48B8EEC00A0C30F6F786FD94ED0B0A60
:104B5000BDEEC00A10EE100AA4F8F800002070BDE7
:104B6000002028706E70012070BD0000A40100209C
:104B7000541F00200080CA440000000000000040D4
:104B800010B500EE100A2DED028BB1EEC08A18EEC2
:104B9000100A20F00040C0F1FF40C00F0AD010EE14
:104BA000100A20F00040C0F1FF40C00F04BF0120F8
:104BB000ECF7F5FC18EE100ABDEC028B10BD0000FE
:104BC000FDF79CFF01490860FEE700003C02002061
:104BD0009FED021ADFED020AFEF752BC00003443DB
:104BE000000034C3044900EBC00001EB8000C07C2E
:104BF000C0F34010704700001523002010B58AB2A2
:104C0000014664230448F4F7B9FA034800680168D0
:104C1000C9430906FBD410BD901400200A4CAA20F9
:104C20002070FF2060700122E11E0848F4F750FA5E
:104C3000201DFDF7A1FF082203490448F4F7FAFA02
:104C40000A20FEF799FDF3E7B001002000140020D0
:104C5000FAF778BDFAF7F6BDFAF752BEFAF7F8BEE2
:104C6000FAF79EBFFBF7E0B8FBF728BAFBF7B6BA36
:104C7000FBF710BB10B5FBF71DFCFBF76BFCFBF75C
:104C8000B9FCFBF705FDFBF753FDFBF7A9FDBDE8FC
:104C90001040FBF7F9BD000030B50446A520207098
:104CA0001520A4F801000F4D2878E070401C2870F2
:104CB00004212046FCF764FD641D04F8010C40F259
:104CC0000130208040F201106080A888A08000F5AB
:104CD0008070E080641F1C212046FCF73BFDA08310
:104CE00030BD00007C08002030B50446A5202070AF
:104CF0002420A4F801000F4D2878E070401C287093
:104D000004212046FCF73CFD641D04F8010C40F230
:104D1000013020804FF481706080A888A08000F569
:104D20008070E080641F2B212046FCF713FDA4F85F
:104D30002B0030BD7C08002030B50446A520207033
:104D40005120A4F801000F4D2878E070401C287015
:104D500004212046FCF714FD641D04F8010C40F208
:104D60000130208040F203106080A888A08000F508
:104D70008070E080641F58212046FCF7EBFCA4F80B
:104D8000580030BD7C08002070B50446A520207076
:104D90003320A4F80100134D2878E070401C2870DF
:104DA00004212046FCF7ECFC641D04F8010C40F2E1
:104DB000013020804FF488706080A888A08000F5C2
:104DC0008070E080641F04F11C00ECF7A7FA618A90
:104DD00060F3CF1161823A212046FCF7BBFC60876B
:104DE00070BD00007C080020FBF7A4BDFBF7BCBD34
:104DF000FBF7D4BDFBF7ECBDFBF704BE70EEC00AB9
:104E000001EE100A01208840B8EEC11A401E21EEC2
:104E1000201A00EE900AF8EEE01AC1EE210A30EEF8
:104E2000800A704770B506460C4600F041F9154DF2
:104E30002868C06C80B92A68012082F850005CB1F3
:104E400001212046FEF7E6FC0F494FF08050086034
:104E5000BFF34F8FBFF36F8F00F04AF900F028F9CE
:104E60002868C46C002034B116B12968C86402E017
:104E70002A68611ED164296881F8500000F038F971
:104E8000204670BD8007002004ED00E091ED000A8F
:104E9000B1EE400A80ED010A91ED010AB1EE400A3F
:104EA00080ED020A91ED020AB1EE400A80ED030A9C
:104EB00091ED000A80ED040A91ED020A80ED060AE8
:104EC00091ED010AB1EE400A80ED070A91ED010A69
:104ED00080ED080A91ED020AB1EE400A80ED090A60
:104EE00091ED000A80ED0B0A91ED020A80ED0C0AAB
:104EF00091ED010A80ED0D0A91ED000AB1EE400A34
:104F000080ED0E0A70470000F0B52E4C23685D69F5
:104F100045F040055D6123685D6945F080055D6190
:104F20002368DC6844F01004DC60274C23681D68AB
:104F300025F001051D6003E01D6825F001051D60D9
:104F400023681D68ED07F7D1204F2668FD14BE4287
:104F500003D91E4E4C3E35600FE01D4EB34203D9BF
:104F60001A4E503E356008E0194F194E603FB83E6A
:104F7000BB4201D9F56000E0B560164D9D60236825
:104F8000D86020680161206842602068016841F4AF
:104F9000802101602068016841F0010101600E4933
:104FA0000868026822F00102026003E0026822F051
:104FB0000102026008680268D207F7D108688560BC
:104FC000F0BD0000901400209815002058640240A5
:104FD000B860024004140140F815002001694368DC
:104FE00082689A60836842685A604A68824201D146
:104FF00082684A60002202610868401E08600868F2
:1050000070470000002801D102480068006BFFF7DC
:105010000FB8000080070020034B036003F1540029
:10502000086080201060704794080020044B0360E3
:1050300003F1540008604FF4807010607047000066
:10504000E80A002000F1080141604FF0FF32826061
:10505000C16001610021016070470021016170475A
:1050600010B4D1F800C0BCF1FF3F02D000F108023B
:1050700002E0026904E01A4653681C686445FAD9E4
:1050800053684B6099608A60516008610168491CEF
:10509000016010BC704742684A6093688B609368F7
:1050A0005960916008610168491C01607047000007
:1050B000502080F31188BFF34F8FBFF36F8F0A49E1
:1050C0004868401C486001280CD10848006810F06E
:1050D000FF0F07D0502080F31188BFF34F8FBFF32D
:1050E0006F8FFEE770470000F007002004ED00E03E
:1050F00009494868002806D0401E4860002801D1B0
:1051000080F311887047502080F31188BFF34F8FD0
:10511000BFF36F8FFEE70000F007002070B5002896
:105120002AD0A0F10804154D60686969084207D1CA
:10513000502080F31188BFF34F8FBFF36F8FFEE7CE
:1051400022683AB1502080F31188BFF34F8FBFF32C
:105150006F8FFEE78843606000F09CF960686968C3
:10516000084468602046FEF767FD2869401C2861F6
:10517000BDE8704000F0D2BE70BD0000D007002036
:105180004FF0E02000210161816105494FF47A72FE
:105190000968B1FBF2F1491E4161072101617047C5
:1051A0007007002010B5EBF719F9114910280ED33C
:1051B00000F1E02090F8F0030A78904207D25020E6
:1051C00080F31188BFF34F8FBFF36F8FFEE709485D
:1051D0000068896800F4E060884207D9502080F3B5
:1051E0001188BFF34F8FBFF36F8FFEE710BD000034
:1051F000F00700200CED00E00022084B53F832C00D
:10520000BCF1000F03D0521C082AF7D3704743F8B3
:10521000321003EBC201486070470000083B0020D9
:1052200070B504460D461646FFF742FF94F9440058
:10523000B0F1FF3F4FF0000001D184F8440094F931
:105240004510B1F1FF3F01D184F84500FFF750FF51
:10525000A06B28B93246294604F1240000F0B4F8C6
:105260002046BDE87040FEF711BF000010B50246B1
:105270000020002A12D00F48006B38B1502080F374
:105280001188BFF34F8FBFF36F8FFEE700F002F975
:1052900000211046FEF7BEFA00F040FE002807D1BC
:1052A00005494FF080500860BFF34F8FBFF36F8FF9
:1052B00010BD00008007002004ED00E002490A6AEA
:1052C0000260C968416070478007002001490120E1
:1052D000C8617047800700202DE9F04104460D4663
:1052E000002C15D0FFF75EFF5020EFF3118680F3FE
:1052F0001188BFF34F8FBFF36F8F94F850000221D6
:1053000084F85010E16C491CE164012808D025E0C4
:10531000502080F31188BFF34F8FBFF36F8FFEE7EC
:10532000A06A38B1502080F31188BFF34F8FBFF3CC
:105330006F8FFEE7144F386B4FF0010890B104F106
:1053400018011248FFF7A7FEE06A3968C96A884267
:1053500004D90DB1C5F80080C7F81C8086F3118808
:10536000BDE8F081201DFFF739FEE06A3A6908FACE
:1053700000F111433961064900EB800001EB800028
:10538000211DFFF788FEDFE780070020FC3B00209F
:10539000483B002010B50C4600280BD0094A126883
:1053A00002F11801FFF75CFE2046BDE81040012124
:1053B000FEF730BA502080F31188BFF34F8FBFF350
:1053C0006F8FFEE78007002070B50D461446002859
:1053D0000DD00B4909681831FFF75DFE0CB14FF095
:1053E000FF3521462846BDE87040FEF713BA50202D
:1053F00080F31188BFF34F8FBFF36F8FFEE700007C
:105400008007002030B587B000250695059504AAD1
:1054100005A906A8FFF700FE0698059901910290DC
:105420000023009517A11948049A00F0F9FB184CC5
:10543000E06208B1012000E00020012801D100F065
:10544000D3FD01280AD0B0F1FF3F19D1502080F3DD
:105450001188BFF34F8FBFF36F8FFEE7502080F3AB
:105460001188BFF34F8FBFF36F8F4FF0FF30A062F3
:1054700001206061E56007B0BDE8304000F07AB817
:1054800007B030BD49444C4500000000013B010815
:10549000800700200248016B491C0163704700002F
:1054A00080070020154A106B002802D00120D0612F
:1054B00070470020D0611069B0FA80F0C0F11F0081
:1054C0000F4900EB800051F8203073B101EB8000F0
:1054D00041684968416000F10803994201D1496877
:1054E00041604068C06810607047502080F31188A8
:1054F000BFF34F8FBFF36F8FFEE7000080070020E0
:10550000483B002030B505460C46002D01D0022C4A
:1055100001D8002030BD0A48A11E02882846FDF7A8
:1055200007FA2919C2B211F8023C9A4206D111F8C1
:10553000011CB1EB102F01D1012030BD002030BD86
:105540009003002030B505460C46002D01D0022CFA
:1055500001D8002030BDFF22611E2846FDF700FA69
:10556000291911F8011C814201D1012030BD002010
:1055700030BD000010B582B038480168384A914209
:1055800007D1502080F31188BFF34F8FBFF36F8F87
:10559000FEE700683349884207D1502080F3118824
:1055A000BFF34F8FBFF36F8FFEE72F49087801904D
:1055B000FF200870087800909DF800009DF80020FA
:1055C00000F0F000904207D0502080F31188BFF324
:1055D0004F8FBFF36F8FFEE79DF80000234C00F064
:1055E000500020700720A0609DF8000010F0800F90
:1055F0000BD0A068401EA0609DF800004000009005
:105600009DF8000010F0800FF3D1A068032807D0A8
:10561000502080F31188BFF34F8FBFF36F8FFEE7E9
:105620004FF44070A060019808701148016841F47F
:1056300070010160016841F070410160FFF7A0FD59
:1056400000206060EAF792FE0A48016841F040419C
:105650000160EAF777FE02B0002010BD00ED00E027
:1056600071C20F4170C20F4100E400E0F00700205A
:1056700020ED00E034EF00E010B5502080F31188F9
:10568000BFF34F8FBFF36F8F00F054FB18B1044985
:105690004FF080500860002080F3118810BD00009A
:1056A00004ED00E038B5049D002804D05BB102B1E0
:1056B00089B1C2B120E0502080F31188BFF34F8F31
:1056C000BFF36F8FFEE7502080F31188BFF34F8F39
:1056D000BFF36F8FFEE7502080F31188BFF34F8F29
:1056E000BFF36F8FFEE739B1502080F31188BFF30D
:1056F0004F8FBFF36F8FFEE74FF0480CCDF800C01F
:105700001C46012384F846302B460094FEF70CFA21
:10571000204638BD70B504460D46002C25D0FFF755
:10572000C7FC226CE16B206801FB0200A060002036
:10573000A06320686060E16B226C2068491E01FB59
:105740000200E0604FF0FF3084F8440084F8450028
:105750009DB104F11000FFF775FC04F12400FFF780
:1057600071FCFFF7C5FC012070BD502080F311884B
:10577000BFF34F8FBFF36F8FFEE720690028F0D093
:1057800004F1100000F08EFB0028EAD004494FF02D
:1057900080500860BFF34F8FBFF36F8FE1E70000C9
:1057A00004ED00E02DE9FF4782B004468A461F461B
:1057B0000025002C03D0BAF1000F08D011E05020D2
:1057C00080F31188BFF34F8FBFF36F8FFEE7206C1C
:1057D00038B1502080F31188BFF34F8FBFF36F8F24
:1057E000FEE7022F0AD1E06B012807D0502080F39A
:1057F0001188BFF34F8FBFF36F8FFEE700F086FA7B
:1058000048B9049838B1502080F31188BFF34F8F06
:10581000BFF36F8FFEE700264FF08058DFF8F0905F
:10582000FFF746FCA06BE16B884205D3022F03D043
:10583000049808B335B329E03A4651462046FEF7AE
:10584000CDF8616A59B104F1240000F02BFB68B176
:10585000C9F80080BFF34F8FBFF36F8F06E028B108
:10586000C9F80080BFF34F8FBFF36F8FFFF740FC85
:1058700006B00120BDE8F087FFF73AFC06B0002033
:10588000BDE8F0876846FFF719FD0125FFF730FCFA
:10589000FFF700FEFFF70CFC94F94400B0F1FF3F66
:1058A00001D184F8446094F94500B0F1FF3F01D183
:1058B00084F84560FFF71CFC04A9684600F02EF947
:1058C00040B12046FEF7E2FB00F028FB06B00020C6
:1058D000BDE8F0872046FEF70EFA90B104F1100003
:1058E0000499FFF757FD2046FEF7D0FB00F016FBAA
:1058F000002895D1C9F80080BFF34F8FBFF36F8F99
:105900008EE72046FEF7C2FB00F008FB88E70000A8
:1059100004ED00E02DE9F0470446894617461E468F
:10592000002C03D0B9F1000F08D011E0502080F313
:105930001188BFF34F8FBFF36F8FFEE7206C38B134
:10594000502080F31188BFF34F8FBFF36F8FFEE7B6
:10595000022E0AD1E06B012807D0502080F3118875
:10596000BFF34F8FBFF36F8FFEE7FFF71BFC502095
:10597000EFF3118880F31188BFF34F8FBFF36F8F60
:10598000A06BE16B884206D3022E04D0002088F37E
:105990001188BDE8F08794F94550A06B324649461E
:1059A0002046FEF71BF8B5F1FF3F04D0681C84F8D1
:1059B00045000120EBE7606A0028FAD004F12400DA
:1059C00000F070FA0028F4D0002FF2D001203860E7
:1059D000EFE700002DE9F74783B004468A4600252B
:1059E000002C03D0BAF1000F08D011E0502080F352
:1059F0001188BFF34F8FBFF36F8FFEE7206C38B174
:105A0000502080F31188BFF34F8FBFF36F8FFEE7F5
:105A100000F07CF948B9059838B1502080F311881E
:105A2000BFF34F8FBFF36F8FFEE700274FF0805813
:105A3000DFF8E490FFF73CFBA66BC6B15146204669
:105A4000FDF7BAFF701EA063206950B104F1100089
:105A500000F028FA28B1C9F80080BFF34F8FBFF3D8
:105A60006F8FFFF745FB06B00120BDE8F087059872
:105A700008B135B109E0FFF73BFB06B00020BDE8F7
:105A8000F0876846FFF71AFC0125FFF731FBFFF7A7
:105A900001FDFFF70DFB94F94400B0F1FF3F01D188
:105AA00084F8447094F94500B0F1FF3F01D184F8C7
:105AB0004570FFF71DFB05A9684600F02FF868B197
:105AC0002046FEF7E3FA00F029FA2046FEF706F931
:105AD0000028AFD006B00020BDE8F0872046FEF7D2
:105AE000FDF890B104F124000599FFF753FC20461E
:105AF000FEF7CCFA00F012FA00289BD1C9F800801A
:105B0000BFF34F8FBFF36F8F94E72046FEF7BEFAC7
:105B100000F004FA8EE7000004ED00E02DE9F0410A
:105B200005460C46002D14D0DCB1FFF7C1FADFF8B2
:105B300080C0DCF80C006B68C11ADCF8002000267D
:105B400092F85220AAB1DCF8000080F852600124DB
:105B500029E0502080F31188BFF34F8FBFF36F8F80
:105B6000FEE7502080F31188BFF34F8FBFF36F8F94
:105B7000FEE72268B2F1FF3F08D02F68DCF820C0B2
:105B8000674505D0834203D801240CE000240AE0D5
:105B90008A4206D9501A20602846FFF78FFB00245E
:105BA00001E026600124FFF7A3FA2046BDE8F0815A
:105BB000800700202DE9F04F85B081460F9F0E9E93
:105BC0008A4690469B464FEA8800FEF793FA0546C0
:105BD00028000AD05420FEF78DFA04460CB1256344
:105BE00004E02846FFF79AFA00E000249CB1002068
:105BF00084F8510003905B46424651460197009657
:105C000002944846FDF79CFF2046FDF743FE05B091
:105C10000120BDE8F08F05B04FF0FF30BDE8F08FF8
:105C200070B586B00646DDF828C00C9C0B9800289D
:105C300016D0ECB1542504952063022084F851005D
:105C4000002005AD0390CDF800C0019502943046C8
:105C5000FDF776FF2046FDF71DFE059806B070BDE6
:105C6000502080F31188BFF34F8FBFF36F8FFEE793
:105C7000502080F31188BFF34F8FBFF36F8FFEE783
:105C80002DE9F041074607243846EBF747FB10287B
:105C900007D3502080F31188BFF34F8FBFF36F8F6E
:105CA000FEE7FFF7F7FB154E641E04EB840006EBDE
:105CB00080003946FEF748F905460DB9002CF3D1AE
:105CC0000F4C25B93946606BFEF73EF9054625B9FC
:105CD0003946A06BFEF738F9054625B9394609481B
:105CE000FEF732F9054625B939460748FEF72CF983
:105CF000054600F013F92846BDE8F081483B002036
:105D000080070020243C0020103C00200548416909
:105D1000002903D0006B18B10020704701207047A4
:105D200002207047800700200148C06870470000CB
:105D3000800700202DE9F0470026314F386B0028FE
:105D400005D0B869401CB8613046BDE8F087F868F6
:105D5000451CFD609DB9786B006838B1502080F318
:105D60001188BFF34F8FBFF36F8FFEE7786BB96B6E
:105D70007963B863386A401C3862FEF7BDF8B86AC8
:105D8000DFF8808085420FD34FF00109786B0068FF
:105D900038B1786BC068C4686068854212D2B86256
:105DA00002E04FF0FF30B8623868C06A00EB800054
:105DB00058F82000012800D90126F8690028C3D02E
:105DC0000126C1E7201DFFF709F9A06A18B104F107
:105DD0001800FFF703F9E16A3A6909FA01F0104384
:105DE000386101EB810008EB8000211DFFF753F9BA
:105DF000E06A3968C96A8842C8D30126C6E700004C
:105E000080070020483B002070B504460021002890
:105E100041D0224D2868844207D0502080F3118859
:105E2000BFF34F8FBFF36F8FFEE7A06C38B1401EFA
:105E3000A064636CE26A9A422DD040B12BE05020FE
:105E400080F31188BFF34F8FBFF36F8FFEE7201DE4
:105E5000FFF7C4F81249012258B9E06A00EB800349
:105E600051F823302BB92B6902FA00F023EA000025
:105E70002861606CE062C0F10700A061E06A2B69F4
:105E800082401A432A6100EB800001EB8000211D53
:105E9000FFF701F90121084670BD000080070020CE
:105EA000483B002070B5C068C468002C14D004F1D1
:105EB0001800FFF793F8164D286B0126A0B104F1E6
:105EC00018011448FFF7E7F8E06A2968C96A8842B0
:105ED0001CD90120EE6170BD502080F31188BFF302
:105EE0004F8FBFF36F8FFEE7201DFFF777F8E06A53
:105EF0002A6906FA00F111432961074900EB800085
:105F000001EB8000211DFFF7C6F8DDE7002070BD22
:105F100080070020FC3B0020483B00202DE9F04793
:105F20000024A0462D4D286B002807D0FFF7C0F8AD
:105F3000286B401E2863286B40B149E0502080F355
:105F40001188BFF34F8FBFF36F8FFEE7A86800285B
:105F50003ED0234F3868012600B3A7F1B409F86892
:105F6000C46804F11800FFF739F8201DFFF736F870
:105F7000E06A2A6906FA00F11143296100EB80000A
:105F800009EB8000211DFFF786F8E06A2968C96ADD
:105F9000884200D3EE6138680028E0D10CB1FDF7EB
:105FA000ABFFAC6944B1FFF7C5FE00B1EE61641E02
:105FB000002CF8D10020A861E86948B14FF0010831
:105FC00008494FF080500860BFF34F8FBFF36F8FC9
:105FD000FFF78EF84046BDE8F087000080070020FC
:105FE000FC3B002004ED00E030B587B00024FDF755
:105FF00095FC134D2868B0B100200690059004AAC6
:1060000005A906A8FFF712F8059906980222009242
:106010000191029000230BA10C48049AFFF700FEA7
:10602000686000B1012414B107B0204630BD502093
:1060300080F31188BFF34F8FBFF36F8FFEE700002F
:10604000BC070020546D722053766300794001082C
:10605000F0B585B084460A9D16461F460022BCF165
:10606000000F14D0164C206800B300910196CDF8B3
:1060700008C006291BDAFFF749FE02280FD00023CB
:106080001A4669462068FFF78DFB024615E050204E
:1060900080F31188BFF34F8FBFF36F8FFEE70023AC
:1060A0002A4669462068FFF77DFB024605E000238B
:1060B0003A466946FFF72EFC024605B01046F0BD91
:1060C000BC07002010B500290AD00878002807D0A6
:1060D00005487844ECF73AFA002801D0002010BDBA
:1060E0000248784410BD0000563700004E370000CB
:1060F00010B500290AD00878002807D00548784450
:10610000ECF724FA002801D0002010BD02487844A2
:1061100010BD0000463700003E37000081F000410E
:10612000704780F00040704721F00041704720F038
:106130000040704721F00042A2F16052B2F5801F8A
:1061400001F0004328BFD2F17E6C51D9F1EE10CAA4
:106150001CF4400F14D15FEAC00C43EAC20202EB08
:10616000507008BF70475FEA4C0C40F10000DFF848
:1061700080C241F04B8228BF20F0010001F046BAF6
:10618000C30001F0004343EAC20202EB507008BFB3
:1061900070471B4248BF4FEA4C0C1CF4000F08BF6D
:1061A000401CDFF84CC201F031BAC30001F00043DB
:1061B00043EAC20202EB507204BF104670471B4212
:1061C00048BF4FEA4C0C1CF4000FDFF824C218BF84
:1061D000104641F01B8208BF521C12F4000F08BF8A
:1061E000104601F0138221F0004201F0004330E03C
:1061F00050EA410C04BF084670475FEA125CBCF1EC
:10620000FE0F1ED1F1EE10CA1CF4400FCDD15FEA93
:10621000C00C9BD05FEA001C4FEAC20C4CEB507CD8
:1062200004BFC2002CEAD27C1CF4000F04BF4CEA6D
:106230000300DFF8BCC101F0E98121F00042A2F1C6
:106240006052B2F5801F4FEA410C2ADB1CF5001F9B
:1062500016D2F1EE10CA1CF4806F06D02CF0005C50
:106260004CF0805CA1F140612AE04FF07F40DFF804
:1062700084C143EA500001F0C9B9084601F077BB78
:1062800070B500F09BFD00BF000000B9880000045D
:10629000FFF7F3BF21F0704243EA507040EAC200BA
:1062A0007047F1EE10CA2CF0805C4CF0005C1CF4DE
:1062B000006F25D04B00B3F5001F51D301F14061B1
:1062C0001CF4400F40F07E800CF0405CC3004CF0AA
:1062D000880C11D05CF0404C10F0805F0CD003466D
:1062E00010F1005041F10001020108BF20F0005000
:1062F000834218BF2CF0004C00F0604001F047BC16
:106300001CF4400F1AD01B4248BF4FEA4C0C1CF43F
:10631000000F13D112F1406248BF22F07F424FEAD2
:10632000C00CBCF1010F43EAC20242EB50704FF0C7
:10633000880228BF42F0804201F01EBB12F1406289
:1063400048BF22F07F425FEAC00C43EAC20242EA41
:1063500050704FF0880218BF42F0404201F00CBB71
:1063600001F0004321F00041094214D0B1FA81FC50
:10637000ACF10B0CCCF1200201FA0CF120FA02F284
:1063800041EA02014FEA0C5200FA0CF0A1EB0201C3
:1063900081EA03010FE0B0FA80F200FA02F002F1A4
:1063A00015024FEAD0214FEA0252A1EB02014FEA57
:1063B000405081EA0301F1EE10CA2CF0805C4CF0F1
:1063C000005C7BE762460CF0405CC3004CF0880C3C
:1063D00092D05CF0404C094248BF520012F4000FCA
:1063E0008AD110F1005041F100012CF0004C83D112
:1063F000880000408800001010B5DFF840E211F579
:10640000801C13F580141EEA4C0F18BF1EEA440FBF
:1064100000F0C88091EA030F48BF83F0004300F109
:10642000FE86841A71EB030C05D2121943EB0C03A0
:10643000001B61EB0C014FEA1154A4EB135C23EA3F
:106440006E0321EA045143F48013DCF1200E53D390
:1064500022FA0CFE10EB0E0023FA0CFE41EB0E01AB
:10646000CCF1200E03FA0EFE10EB0E0051F10001EC
:10647000B1F5801FCCF1200E53D201EB045112FA7A
:106480000EF2BDE8104008BF7047F1EE10CA1CF4D0
:10649000400F1ED14FF0110C92F0000F4CF0804CC9
:1064A00041F1B480401C38BF5FEA420241F0AE8047
:1064B000002814BF20F0010041F100014FEA410320
:1064C00013F5001F24BF4CF0805CA1F1C04101F026
:1064D0009DB811F0004F54BF1CF4000F1CF4800F46
:1064E0004FF0110C4CF0804C41F09080401CC1F0FA
:1064F0008D8041F10001E1E7012A43EB0302ACF199
:10650000200CDCF11F0E32BF4FF0000E23FA0CF30B
:1065100010EB030041EB0451B4EB115FAFD0A1EBE2
:10652000045101F5801149085FEA300002FA0EF2C9
:1065300042EA420201EB04515FEA320213D0BDE8A5
:106540001040F1EE10CA1CF4400F1AD14FF0110C9C
:1065500092F0000F4CF0804CB0D5401C38BF5FEA81
:106560004202ABD1A4E7BDE810404FEA410313F566
:10657000001F38BF7047DFF8C8C0A1F1C04101F06B
:1065800045B811F0004F54BF1CF4000F1CF4800FED
:106590004FF0110C4CF0804C90D1401C8ED341F147
:1065A00000018BE74EF4001E3EEA410418BF3EEAAC
:1065B000430439D091EA030F48BF83F0004300F150
:1065C0002987841A71EB030C05D2121943EB0C03D3
:1065D000001B61EB0C0152EA430E4FEA1154A4EB8D
:1065E000135C13D05FEA445E21EA04511CBF23F020
:1065F0000043ACF1010C7FF428AFBDE810404FF030
:10660000110C801841EB030100F0EBBE5FEA445E21
:10661000BDE8104018BF704750EA410C08BF7047F2
:106620004FF0110C00F0DDBEBDE8104070B500F079
:10663000C5FB00BF64FBBE3E110000040000C0FFAC
:1066400011000010491058BFC1F140415B1058BF04
:10665000C3F140438B42EFF3008070472DE9C04106
:1066600030B4DFF864C33CEA111418BF3CEA1314D9
:1066700000F04B8181EA03051CEA111444EAD57449
:1066800018BF1CEA131500F01D81A4EB05044FF0A0
:10669000004545EAC12145EAC32341EA505143EA96
:1066A000525304F17F74994204F500344FEAC0203C
:1066B0004FEAC22208BF904200F0D0804FEA136533
:1066C0000FF20426765D4FEA134506FB05F7C7F186
:1066D000807706FB07F74FEAD737A7FB03687642B8
:1066E000C8F58038A7FB06CE38BFA8F1010807FB24
:1066F00008E64FF0000EA6FB028CE6FB03CEDCF1B1
:10670000000CCEF1004E38BFAEF1010EA6FB0C58C6
:106710004FF000074FF00005E6FB0E87A1FB08C60F
:10672000A0FB07CE16EB0E0645F10005E1FB076561
:1067300015F1E04E7EBFA4F580345FEA46066D4158
:1067400016F18007F1EE10CA45F100054FEA172750
:1067500047EA05671CF4400F4FEA152536D14FEA8A
:106760004666A6F15E46B6F1085F2FD9B4F1FE6F1A
:106770002CD8384624F0010C05EBC471BCF1FE6F37
:1067800001EB0C11DFF844C202D8F0BCBDE80041B7
:1067900040F23C8724425CBF01F5801E9EEAC47F24
:1067A00002D4F0BCBDE8004140F13087244277D4E8
:1067B000DFF81CC256EA080EA1F1C04118BF4CF028
:1067C000804CF0BCBDE8004100F020BF4FEAD2226F
:1067D00042EA43524FEAD323A7FB02864FEAD02076
:1067E00040EA415007FB03661EEA0E0F4FEAD12133
:1067F00005FB026658BFA6EB0056B6EB00564FEA03
:10680000520E4EEAC37E18EB0E0E56EB530E05D514
:1068100018EB02085E417F1C55F1000556EA080E90
:1068200024D01CF4400FA4D014F0010F18BF4FEA7D
:106830004C0C1CF4000F08D036429AD4B8EB020876
:106840009E417F1E75F1000593E7364291D518EB06
:1068500002085E417F1C55F100058AE74FF4801560
:106860004FF000074FF000064FF0000824F0010C35
:10687000384605EBC471BCF1FE6F01EB0C1102D878
:10688000F0BCBDE800811CEA0C0F5CBF01F5801E66
:106890009EEAC47F02D4F0BCBDE80081244287D5C3
:1068A00056EA080C01F1C0411CBF06F0004C4CF048
:1068B000804C4CF0005CF0BC4CF0140CBDE8004186
:1068C00000F0E6BD50EA410E0CEA13150BD052EA77
:1068D000430E13D000F0F3FA641B86EA4606240444
:1068E00044EAD674D3E652EA430E00F02680F0BCA8
:1068F00081EA030101F00041BDE80081F0BCBDE880
:106900000041DFF8D0C000F081BEF0BCBDE800411E
:1069100070B500F053FA00BF097EFC3E140000047D
:1069200000F007B881EA03014FF0000001F00041D8
:10693000704781EA030100F0FABAF0BCBDE80041FB
:106940005FF828C000F062BEFFFDFBF9F7F5F4F236
:10695000F0EEEDEBE9E8E6E4E3E1E0DEDDDBDAD8FA
:10696000D7D5D4D3D1D0CFCDCCCBCAC8C7C6C5C458
:10697000C2C1C0BFBEBDBCBBBAB9B8B7B6B5B4B36F
:10698000B2B1B0AFAEADACABAAA9A8A8A7A6A5A45A
:10699000A3A3A2A1A09F9F9E9D9C9C9B9A9999981E
:1069A0009797969595949393929191908F8F8E8EC1
:1069B0008D8C8C8B8B8A898988888787868585844E
:1069C00084838382828181800000FF07140000405D
:1069D000140000101400000851EA030C11D41CF537
:1069E000801F00F10680994218BF704708BF90428F
:1069F000704711F5801F58BF13F5801F18D49942B6
:106A000070471CF5801F09D550EA410C0EBF52EAB1
:106A1000430C8B42704708BF824270474FF4001C02
:106A20001CEB410F38BF1CEB430F01D28B42704768
:106A300070B500F0C3F900BF922449381900120460
:106A40004FF000514FF08053FFF7FCBD4FEA410378
:106A500080B54FEA5353A3F58063D3F11E03C8BF3B
:106A6000D3F1210C1FDD4FF0004242EAC12242EA7D
:106A7000505232FA03FC62FA03F787EA0C0757EA2E
:106A8000C0270BD032FA03FC8CEAE17CACEBE1705E
:106A9000BDE88040DFF874C000F0B8BD8CEAE17C4E
:106AA000ACEBE17080BD50EA410C00D180BD102BF1
:106AB00007DD4FF00000BDE88040DFF850C000F077
:106AC000A5BD03F5787CBCF1FF3F14D0002B02BFBD
:106AD0007FEA210C5FEA013C5FEA505C05D10028A7
:106AE0004FF00040D4D100D180BDBDE88040DFF838
:106AF00020C000F08BBDBDE8804070B500F05EF9AD
:106B0000000000BFC800030480B5DFE7C8000240F2
:106B1000C800020410F0004248BF4042B0FA80F3BF
:106B200010FA03F10AD0C3F11D0303F580634FEAA5
:106B3000415002EB035202EBD12170474FF00000AD
:106B40007047B1FA81F201FA02F1C2F11D024FEA77
:106B5000415003EB025303EBD1217047B0FA80F3AD
:106B600010FA03F10AD0C3F11D0303F580634FEA65
:106B700041504FEA035202EBD12170474FF0000021
:106B80007047000051EA030C11D41CF5801F00F17E
:106B90000680994218BF704708BF9042704711F5B0
:106BA000801F58BF13F5801F18D4994270471CF5F9
:106BB000801F09D550EA410C0EBF52EA430C8B42AC
:106BC000704708BF824270474FF4001C1CEB410F16
:106BD00038BF1CEB430F01D28B42704770B500F0F9
:106BE000EDF800BF0000003F19001604FFF72ABDB2
:106BF0004FF000514FF08053FFF724BDDFF8B4C1D0
:106C000070B51CEA111E1EBF1CEA13159EEA0C0F7C
:106C100095EA0C0F00F0948081EA030421EA4C11FC
:106C20004EEAD47E23EA4C13AE4441F4801143F47F
:106C30008013A1FB024CA0FB0365AEF17F7E3619E9
:106C400055EB0C05A1FB034C4CF10003A0FB021C0F
:106C500016EB0C06654153F10003094218BF46F0DC
:106C6000010613F4007F0BD14FEA03314FEA0530E0
:106C7000340341EA155140EA16506FF003020AE06E
:106C80004FEAC3214FEAC520F40241EA555140EAD8
:106C900056506FF00202264602EB2E4201EB0255DF
:106CA00085EACE7127D0F1EE10CA05461CF4400CDF
:106CB00014D15FEA440C18BF24F0004450F10000E6
:106CC00041F1000120EAD47040F2FD7C624517D208
:106CD000BDE87040DFF8E0C000F098BC5FEACE7419
:106CE00054BF1CF4000F1CF4800F08BF10F101000A
:106CF00041F10001E8E740F2FE7C624504D270BD3C
:106D000008BF11F4801FE3D0A84214BF4FF08044A5
:106D10004FF04044002E08BF0024BEF1806FD8BF62
:106D200001F1C041A8BFA1F1C04144F0130CA8BFBC
:106D30004CF0805CBDE8704040F3AA8300F066BC74
:106D40009EEA0C0F0CEA131518BF95EA0C0F19D028
:106D500091EA030F48BF4EF0010E50EA410418BFFC
:106D600052EA430409D000F0AAF8641986EA4606FC
:106D70004FEA044E4EEAD67E5BE74FEACE714FF003
:106D8000000070BD00F01AF88900013E13000004F5
:106D900000F005B800F007B852EA430C06D081EACB
:106DA000030100F0C4B850EA410CF8D15FF824C0E8
:106DB00000F02CBC0000FF07130000400EF1020E93
:106DC0002EF0030E01285EF8086B41EB010414F568
:106DD000001418BFB4F5801F23D3364208D4012A0B
:106DE00043EB030515F5001518BFB5F5801F18D343
:106DF00001EB010C1CF5801F16D2364204D403EBC4
:106E0000030C1CF5801F0FD2002C10D14FEAD17C4F
:106E1000002D0CEB4C0C0CF1020C08BF4CEBD37C9E
:106E200007E04FF0090C04E04FF0080C01E04FEAD6
:106E3000D37C0CEB4C0526FA05F606F00706B6F1F6
:106E4000040C06D20EEB860CBDE870404CF0010C31
:106E50006047DFE80CF0222413025EF804CC1B2DFF
:106E600008D1002C88BFB4F5801F34BF4CF4804C8F
:106E70004CF4004CBDE8704000F0C8BB002C88BF4B
:106E8000B4F5001F24BF1946104670BD4FF0000036
:106E90004FF00041A1F5002170BD194610460128B0
:106EA00051EB010418BFD4F5001484BF5EF804CC84
:106EB0002CF0806CBDE8704000F28783704780B58D
:106EC0004FF003065C004FEA03334FEA3606640DC9
:106ED0004FEA133318BF43F480131CD153EA125EF8
:106EE00004F1010402BF13460022203C1B4202BFF2
:106EF000130B1205143CB3FA83FEAEF10B0ECEF168
:106F0000200C03FA0EF322FA0CFC02FA0EF2A4EBA8
:106F10000E0443EA0C030FB416F0010F0CBC03BCC3
:106F200018BF2546CED180BD80B50126F3E70808FD
:106F3000A0F500114FEA3101704753EA010C11D45A
:106F40001CF5801F00F106808B4218BF704708BFF8
:106F50008242704713F5801F58BF11F5801F18D467
:106F60008B4270471CF5801F09D552EA430C0EBFB7
:106F700050EA410C9942704708BF904270474FF465
:106F8000001C1CEB430F38BF1CEB410F01D2994290
:106F900070470FB40CBC03BCFFF720BE10B5DFF880
:106FA00048E011F5801C13F580141EEA4C0F18BF41
:106FB0001EEA440F09D091EA030F81F000413FF52A
:106FC00030AA83F0004300F02AB981EA030180EA85
:106FD000020083EA010382EA000281EA030180EAF7
:106FE000020000F008BA00BF0000C0FF2DE9F04128
:106FF00001F5801CBCF5001FC0F2DC804FEA115C7B
:1070000021EA0C5141F480110CF1FD0C5FEA5C0C9B
:107010000CF5C07C01D34000494135A4890241EA06
:10702000905187028E0E0A0CA45D04FB04F602FB4D
:1070300006F6C6F14046A4FB0662F60D46EA422675
:1070400006FB06F4A4FB01235242C3F1404338BFC0
:107050005B1EA6FB02420024E6FB0324D20B42EA9D
:107060004446A6FB0623A1FB02E2A3FB07E4E3FBE5
:1070700061426442C2F1404E38BFAEF1010EA6FB40
:1070800004234FF00002E6FB0E32A2FB034634005D
:10709000E2FB6264A1FB06E6A4FB07E8E4FB61688F
:1070A0007642C8F1405838BFA8F10108A2FB06E4B7
:1070B000A3FB08E5E2FB6854A1FB05E6A7FB04E897
:1070C000E1FB648618F12005F1EE104A56F1000646
:1070D000A809B10914F4400F40EA866028D1A8F14C
:1070E0001B0808F01F08B8F10A0F21D9BDE8F041CC
:1070F00001EB0C514FF0170C4CF0804C00F086BAAD
:10710000FCF5EEE8E2DDD8D3CFCBC7C3C0BDB9B63E
:10711000B4B1AEACA9A7A5A3A19F9D9B9A98969543
:107120009392908F8D8C8B898887868584838281CA
:10713000A0FB006800FB01F208EB4208B8EB8728CF
:1071400058EA060215D014F4400F16D118EA080FB9
:1071500007D5341858EB0104C8D5401C51F1000183
:10716000C4E7341A78EB0104C0D4401E71F1000169
:10717000BCE701EB0C51BDE8F08114F4000F0CD119
:1071800018EA080FB2D5361858EB0108401C51F127
:107190000001361858EB0108F2E718EA080FA5D4E9
:1071A000361A78EB0108401E71F10001361A78EBAF
:1071B0000108F2E75FEA4C0C5FEA9C5C14D10AD349
:1071C00050EA013C01D1BDE8F08109420CD4FFF73F
:1071D000ABFEA44618E7BDE8F04170B5FFF7EEFD41
:1071E0006DDBFFBE17000004BDE8F0415FF80CC086
:1071F00000F00CBA10B5DFF894E211F5801C13F51D
:1072000080141EEA4C0F18BF1EEA440F00F0F380F2
:1072100091EA030F48BF83F000433FF502A9841AA7
:1072200071EB030C07D212198CF0004C43EB0C03EA
:10723000001B61EB0C0152424FEA1154A4EB135CAA
:1072400023EAAE0321EA0451C3EBAE0338BF5B1E51
:10725000DCF1200E48D322FA0CFE10EB0E0043FAAC
:107260000CFE41EB0E01CCF1200E03FA0EFE10EBEA
:107270000E0051F10001CCF1200E4CD412FA0EF2A6
:1072800001EB0451BDE8104008BF7047F1EE10CA91
:107290001CF4400F14D14FF0120C92F0000F4CF080
:1072A000804C40F1B381401C18BFB2F1004F40F058
:1072B000AD8100280CBF491C20F0010000F0A6B9E8
:1072C00011F0004F54BF1CF4000F1CF4800F4FF05E
:1072D000120C4CF0804C40F09981401C40F096819B
:1072E00041F1000100F092B912EB020E43EB0302F0
:1072F00018BF4FF0010E4EEA4202ACF1200CDCF157
:107300001E0E4BD943FA0CFE10EB0E0051F1FF316B
:10731000CCF11E0EB2D50EF1010E12FA0EFE404156
:1073200041EB010101EB445C5FEA5C5C06D95FEA7A
:107330000E0201EB0451BDE81040A5E73BD24FEA35
:10734000D42C11F5001124F400641AD0B1FA81F2A2
:107350000B3AA41AA41ED2F12003914030FA03F391
:107360001943904001EBCC71002C01EB0451BDE8B6
:107370001040A8BF704701F1C0414FF0120C00F05F
:1073800087B8B0FA80F310FA03F101D1BDE81040DC
:1073900019D0E41A173C4805C90AE3E701EB045188
:1073A000BDE81040401E61F100015FF0FF326BE765
:1073B00001EB045110BD491001EB0451BDE8104030
:1073C0004FEA30000BE0F1EE10CA4FF000010CF470
:1073D000400CBCF5000F08BF4FF0004170474FF064
:1073E000120C4A0008BF0042EDD0B2F5001F28BFC2
:1073F000704700F0EAB84EF4001E3EEA410418BFA0
:107400003EEA430434D091EA030F48BF83F00043BF
:107410003FF5D7A8841A71EB030C07D212198CF030
:10742000004C43EB0C03001B61EB0C0152EA033EE2
:107430004FEA1154A4EB135C14D05FEA445E21EAD6
:10744000045109D023F000435242ACF1010CC3F1C6
:10745000000338BF5B1EFBE6BDE81040801A61EBFD
:107460000301BCE7BDE8104050EA410CB7D1AAE7E0
:10747000BDE8104070B5FFF7A1FC00BF40DFF63E4D
:107480001100000483F00041104670470000C0FF67
:10749000F1EE103A13F0807F1EBF01F00041002092
:1074A000704713F4006F40F0AA80094248BF4CF4C3
:1074B000803C4FF4C0634FEA115203F1010321EA0B
:1074C000025122F400629A1A48BF6FF0FE0241F4A2
:1074D0008011352A3CD830D0152A1ED3203A0CD939
:1074E0000028C2F1200321FA02F001FA03F218BFCA
:1074F00042F001024FF0000130E0C2F1000302F15E
:10750000200201FA03F120FA02F241EA020100FA34
:1075100003F208464FF0000120E0C2F1200310B44E
:1075200000FA03F401FA03F320FA02F021FA02F15F
:10753000224610BC43EA000010E050EA01324FF04E
:1075400000004FF000014FF0004218BF521C05E050
:107550004FF001024FF000014FF000001CF4803F9B
:107560002CF4803C18BF41F0004112421ED0F1EED5
:10757000103A13F4400F20D1520003D30CD0401C1A
:1075800041F10001F1EE103A4CF0804C43F0080359
:10759000E1EE103A00F03AB85FEAAC72EFD4F1D104
:1075A000401C41F1000120F00100EBE71CF0804F8E
:1075B00008BF70472CF0004CE4E7094254BF13F4B5
:1075C000000F13F4800FDDD1D9E7F1EE103A13F07C
:1075D000807F1EBF01F000410020704713F4006F50
:1075E00008BF70472DE9F050FFF79EFC04F5C0641A
:1075F000A4F10104314301EB0451BDE8F0504CF01B
:10760000005C4CF0800C00F0C2BA00001CF0700F5F
:1076100008BF0A460FB4F1EE101A0CF0405030EAE1
:10762000814318BF4CF0804C4FEA4C0310EA814F65
:107630004FEAD36323EA112318BF23F0100341EA72
:10764000030101F0E073E1EE101A4CEA030C0CF0B8
:107650000F030A2B1DBF082B0CF070034CEAC30C60
:107660004FF4003304BF33EA0C034CF4400C1CF01D
:10767000005F14D11CF0805F0BD11CF0804F31D122
:107680001CF0006F12D111F4807F0FBC62D000F0AB
:107690007EBA11F4806F0FBC2BD000F078BA11F4D1
:1076A000006F0FBC08BF704700F071BA11F4007F83
:1076B0000FBC40F06C821CF0400F1EBF4FF000402A
:1076C00040F0010070471CF0100F14BF81EA030264
:1076D00042400CF00F000A2808BF4FF0FF324FF075
:1076E000000326E011F4805F0FBC08BF704700F074
:1076F0004EBAF1EE103A2CF0805C1CF0800F14BFF3
:1077000001F0004200F0004212420CBF12EA336F57
:1077100012EAF35F0DD31CF0100F1DBF30A003C899
:107720001143314808BF104313F4805F40F02F82AB
:1077300070471CF0100F02F000421DBF0FF29400C2
:1077400003C81143254808BF104313F4805F40F07D
:107750001E8270471CF0400F40F028801CF4404F00
:107760001BD01CF4004F1CBF194610460CF480724D
:1077700018BF8CEA520C1CF0800F0CBF40F4800044
:1077800041F400218CEADC0313F0100F1CBF2CF035
:107790000F0C4CF0080C00F0A1B91CF0100F1ABF30
:1077A00012A393E80300134800F098B91CF0800F6F
:1077B00014BF01F0004200F000421CF0100F1BBF8C
:1077C0000AA393E803000B48114308BF104300F0DD
:1077D00085B900BF000000000000F07F0000807F3E
:1077E000FFFFFFFFFFFFEF7FFFFF7F7F0000000035
:1077F0000000F87F0000C07F43004FEAD30C4FEA3F
:107800003C0C43401FBF40070CF1605113F0FE4F8A
:1078100070471CF0006F14D133F0004004BF1946CC
:10782000704783EA830383EA430303F0070343EAD1
:10783000CC010CF0004303F15A5303F54013FFF75A
:1078400080B90CF0004343EA507010B540EACC0018
:1078500000F00FF8000000BA180000044FEA000121
:10786000FFF765BB4FEAE0024FEA407042F0E041AB
:1078700070470EF1020E2EF0030E4FEA40025EF842
:10788000084B12F1807218BFB2F5000F22D32442C8
:1078900007D44FEA410313F1807318BFB3F5000F0B
:1078A00018D34FEA400C1CF5000F16D2244204D422
:1078B0004FEA410C1CF5000F0FD2002A10D14FEAFD
:1078C000D07C002B0CEB4C0C0CF1020C08BF4CEBE9
:1078D000D17C07E04FF0090C04E04FF0080C01E008
:1078E0004FEAD17C0CEB4C0324FA03F404F00704B8
:1078F000B4F1040C06D20EEB840CBDE810404CF041
:10790000010C6047DFE80CF01F2013025EF804CC86
:107910001B2B08D1002A88BFB2F5000F34BF4CF4EE
:10792000804C4CF4004CBDE81040FFF76FBE002ABD
:1079300088BFB2F1807F28BF084610BD4FF00040DD
:10794000A0F5800010BD0846420018BFD2F1807239
:1079500084BF5EF8042C22F08062BDE8104000F283
:107960008A8070474FF00000E1EE100A7047FF2157
:1079700041EAD050C0057047F1EE101A11F0807F37
:107980001CBF00F00040704711F4006F40F08E8083
:1079900000F0004343EAD05323F48073C3F1C103E2
:1079A00023F00041172941D8C3F1200310FA03F155
:1079B000C3F1200320F07F4040F4000020FA03F0E0
:1079C00003F0004340EA030019D00B46F1EE101A11
:1079D00041F00801E1EE101A11F4400F1CD15900DA
:1079E00009D318BF401C06D17FEAE27398BF401C40
:1079F00038BF20F0010042F0804CFFF707BE12F0C4
:107A0000804F08BF7047F1EE101A944641F008010C
:107A1000E1EE101AFFF7FABD10F0004F14BF5FEA55
:107A2000F1535FEA316338BF401CE4E7182903EBE8
:107A3000912318BF6FF000410131F1EE101A41F0AF
:107A40000801E1EE101A11F4400F18BF03F00040D6
:107A5000E2D168BF03F0004009D6400203F00040C5
:107A600000F1010004BF12F0004F20F001004FF0C0
:107A7000804CFFF7CBBDF1EE101A11F0807F1CBFD8
:107A800000F00040704711F4006F08BF704700F02D
:107A9000004120F00040B0FA80F3A3F1080341F068
:107AA000C04100FA03F0A1EBC351084442F0005C6E
:107AB00000F06DB8064A21EA020120EA0202F1EE66
:107AC000100A20EA020282EA0102E1EE102A70475F
:107AD00060603FF6EAF799B8EAF7CEB90CF00F0309
:107AE000092B08BF082000F064800A2B32D0082B35
:107AF00018BF704708BF1CF0400F31D01CF4803F06
:107B000023D11CF0200F11D11CF0100F0BBF024627
:107B10000A466FF000406FF0004118BF4FF0FF3091
:107B200012F0004F1CBFC043C94370471CF0100F38
:107B30000CBF02460A4612F0004F4FF0FF304FF0E4
:107B4000FF311CBFC043C94370474FF000004FF0E6
:107B5000000170471CF0400F18BF4FF00040704705
:107B60001CF0100F08D020F0704300F07F4242EA72
:107B7000D3014FEA4370704700F0604021F07F422C
:107B800042EA000201F07F4040EA727070472DE93E
:107B900000502DE90050E9F747FFBDE80050BDE86F
:107BA00000500CF00F0393F0090F18BF7047AFF3AC
:107BB00000801CF4801F24D01CF4E02F09D010F0AA
:107BC000080F02D1D0F1020070476FEACC314900B2
:107BD00070474FF0604111EA407028BF40F04050BC
:107BE000F1EE103A23F0704343EA0003E1EE103A5D
:107BF000EFF3008222F0704242EA000282F3008832
:107C000070471CEA004018BF012070470098010827
:107C1000C14B0108000000000000000080000000CF
:107C20000000000000000000EC9701089D260108FC
:107C30000100000000000000000200000000000041
:107C400000000000E0970108CD2C010802000000B0
:107C50000000000000020000000000000000000022
:107C6000F8970108259B00080300000000000000B1
:107C7000000400000000000000000000DC97010884
:107C8000693301080000000000000000000100004E
:107C90000000000000000000A89701080945010845
:107CA0000000000000000000800000000000000054
:107CB00000000000B0970108A50F010800000000B7
:107CC0000000000080000000000000000000000034
:107CD00094970108893501080000000000000000A9
:107CE000000100000000000000000000C097010833
:107CF0001D4C010800000000000000008000000092
:107D000000000000000000009C97010845350108B4
:107D100000000000000000008000000000000000E3
:107D200000000000D097010809330108010000009D
:107D300000000000800000000000000000000000C3
:107D4000CDCC4C3E6F12033A0000A0410000164417
:107D50000000803F0000C8439A99193F00000000CE
:107D60003333B33E00007A4500008040000000003D
:107D70000000C844CDCC4C3E000000000000C841CB
:107D80009A99193E00004040000080400000000029
:107D90000000003F00007FE04020432041A040E081
:107DA00043A04F205C2070207FE0000000007FE0B7
:107DB00040204020402040204020402040204020C3
:107DC0007FE0000018000E00DC7D01080C000C00B4
:107DD000947D01080C000C00AC7D0108FFFC8004C0
:107DE0008004800480048004800480048004800473
:107DF0008004800480048004800480048004800463
:107E00008004800480048004FFFC078040AC037D74
:107E100004014103057C00026D0D026D09020B088F
:107E20000141090242C0030A0B04000000000000E7
:107E30000000000000000000000000000000000042
:107E400000000000000000000000000002060E1EFE
:107E50003E7EFEFEFEFEFEFEFEFEFEFEFEFEFEFE82
:107E6000FEFEFEFEFEFEFEFEFEFEFEFEFEFEFEFE32
:107E7000FEFEFEFEFEFEFEFCFCF8F8F0E0C0800018
:107E800000000000000000000000000000000000F2
:107E900000000000000000000000000000000000E2
:107EA00000000000000000000000000000000000D2
:107EB00000000000000000000000000000000000C2
:107EC00000000000000000000000000000000000B2
:107ED0000000000103070F1F3F7FFFFFFFFFFFFFB1
:107EE000FFFFFFFFF7E7C787070707070707070732
:107EF000070707070F1FFFFFFFFFFFFFFFFFFFFE43
:107F0000F000000000000000000000000000000081
:107F10000000000000000000000000000000000061
:107F20000000000000000000000000000000000051
:107F30000000000000000000000000000000000041
:107F40000000000000000000000000000000000031
:107F50000000000000C0FCFCFCFCFCFDFFFFFFFF7C
:107F6000FFFFFFFFFFFFFFFFFFFEFCFCFCFCFCFC34
:107F7000FCFCFCFCFEFFFFFFFFFFFFFFFF7F3F0F4E
:107F800001000000000000000000000000000000F0
:107F900000000000000000000000000000000000E1
:107FA00000000000000000000000000000000000D1
:107FB00000000000000000000000000000000000C1
:107FC00000000000000000000000000000000000B1
:107FD000000080F0FEFFFFFFFFFFFFFFFFFFFF1F1E
:107FE0000F0F0F0F0F0F0F1F3F7FFFFFFFFFFFFF51
:107FF000FFFFFFFFFFEFCF87070303010000000033
:108000000000000000000000000000000000000070
:108010000000000000000000000000000000000060
:108020000000000000000000000000000000000050
:108030000000000000000000000000000000000040
:108040000000000000000000000000000000000030
:10805000E0FCFFFFFFFFFFFFFFFFFFFF3F07000008
:1080600000000000404040C0C0C0C0C1C3C7CFDF57
:10807000FFFFFFFFFFFFFFFFFFFEFCF8F0E0C08007
:1080800000000000000000000000000000000000F0
:1080900000000000000000000000000000000000E0
:1080A00000000000000000000000000000000000D0
:1080B00000000000000000000000000000000000C0
:1080C00000000000000000000000000000080C0F8D
:1080D0000F0F0F0F0F0F0F0F0F0F0F0100000000FA
:1080E0000000000000000000000101030307070F6B
:1080F0000F1F1F3F3F7F7FFFF3E3C3830303030390
:10810000030200000000000000000000000000006A
:10811000000000000000000000000000000000005F
:10812000000000000000000000000000000000004F
:10813000000000000000000000000000000000003F
:10814000000000000000000000000000000000002F
:10815000000000000000000000000000000000001F
:10816000000000000000000000000000000000000F
:1081700000000000000000000001010303060400ED
:1081800000000000000000000000000000000000EF
:1081900000000000000000000000000000000000DF
:1081A00000000000000000000000000000000000CF
:1081B000000060787B1B1B1B7B7F6F4E003E7F6344
:1081C00063637F3E00787B6B6B6B6B7B7F36003E1F
:1081D0007F6363637F3E4060783D071F7C701D07AF
:1081E0007F7840006070385D6F676F7C7040004042
:1081F000666F6B6B6B6B7B310203037F7F030361E5
:10820000686B6B6B6B6B0B0360787B1B1B1B7B7B47
:108210006F4E00466F6F6B6B6B7B31000000000090
:10822000000000000000000000000000000000004E
:10823000000000000000000000003F4000000000BF
:108240000000000030004000300040000000090045
:108250000BC03D000BC03D00090018C024407FE06A
:10826000224031800000180024C01B000D803240E5
:10827000018003801C4027401C8007400040100004
:10828000600000000000000000000000000000008E
:108290001F80204040200000402020401F80000020
:1082A0000000090006001F8006000900000004000D
:1082B00004003F8004000400000000100060000083
:1082C000000000000000040004000400040004009A
:1082D000000000000040000000000000000000203E
:1082E00001C006003800400000001F8020402040F0
:1082F00020401F800000000010403FC000400000F0
:10830000000018C021402240244018400000108086
:108310002040244024401B80000002000D0011007A
:108320003FC0014000003C80244024402440238082
:1083300000001F80244024403440038000003000AF
:10834000200027C03800200000001B80244024406B
:1083500024401B8000001C0022C0224022401F80BD
:1083600000000000000008400000000000000000C5
:1083700000000460000000000000000004000A008B
:10838000110020804040090009000900090009008F
:10839000000000004040208011000A000400180086
:1083A000200023402400180000001F8020402740A8
:1083B00029401F400000004007C039000F0001C0E5
:1083C000004020403FC0244024401B8000001F800C
:1083D0002040204020403080000020403FC020400E
:1083E00020401F80000020403FC024402E4030C06D
:1083F000000020403FC024402E00300000000F004D
:108400001080204022403380020020403FC0040002
:1084100004003FC02040204020403FC0204020407A
:1084200000000060202020203FC0200020002040CD
:108430003FC024400B0030C0204020403FC02040BF
:108440000040004000C03FC03C0003C03C003FC0B3
:10845000000020403FC00C4023003FC020001F8090
:108460002040204020401F80000020403FC024408A
:108470002400180000001F802140214020E01FA0A0
:10848000000020403FC02440260019C0004018C012
:1084900024402440224031800000300020403FC072
:1084A00020403000000020003F80004000403F801E
:1084B000200020003E0001C00700380020003800E6
:1084C00007C03C0007C038000000204039C006004B
:1084D00039C0204000002000384007C0384020004C
:1084E0000000304021C02640384020C0000000007D
:1084F00000007FE0402040200000000070000C00E1
:108500000380004000000000402040207FE0000089
:1085100000000000200040002000000000000010CB
:1085200000100010001000100010000000004000BB
:10853000000000000000000002800540054003C06C
:10854000004020003FC004400440038000000000C1
:108550000380044004400640000000000380044003
:1085600024403FC000400000038005400540034018
:108570000000000004401FC02440244020000000F0
:1085800002E0055005500650042020403FC0044042
:10859000040003C000400000044027C00040000069
:1085A000000000100010041027E000000000204030
:1085B0003FC00140070004C00440204020403FC0AD
:1085C00000400040000007C0040007C0040003C0D2
:1085D0000000044007C00440040003C00040000045
:1085E00003800440044003800000041007F004509E
:1085F000044003800000000003800440045007F0A2
:108600000010044007C00240040004000000000005
:1086100006400540054004C00000000004001F8023
:10862000044000400000040007800040044007C0F0
:1086300000400400070004C001800600040006009A
:1086400001C0070001C006000000044006C0010090
:1086500006C0044000000410071004E0018006007A
:1086600004000000044005C0064004400000000073
:10867000000004007BE0402000000000000000003B
:10868000FFF000000000000040207BE0040000003C
:108690000000400080004000200020004000005EFC
:1086A000BCE2613FDD83C29C7E20A3FD1F419DC3D0
:1086B000217FFCA2401E5F01E3BD3E6082DC237D82
:1086C0009FC1421CFEA0E1BF5D0380DE3C62BEE0B4
:1086D000025CDF81633D7C22C09E1D43A1FF4618E2
:1086E000FAA427799BC584DA3866E5BB5907DB8590
:1086F0006739BAE406581947A5FB7826C49A653B42
:10870000D987045AB8E6A7F91B45C6987A24F8A673
:10871000441A99C7257B3A6486D85B05E7B98CD2A1
:10872000306EEDB3510F4E10F2AC2F7193CD114F4F
:10873000ADF3702ECC92D38D6F31B2EC0E50AFF101
:10874000134DCE90722C6D33D18F0C52B0EE326C33
:108750008ED0530DEFB1F0AE4C1291CF2D73CA9461
:108760007628ABF517490856B4EA6937D58B57090F
:10877000EBB536688AD495CB2977F4AA4816E9B7C1
:10878000550B88D6346A2B7597C94A14F6A8742AF3
:10879000C896154BA9F7B6E80A54D7896B3500007F
:1087A000891112239B322446AD573665BF74488C1D
:1087B000C19D5AAFD3BE6CCAE5DB7EE9F7F88110E4
:1087C000080193331A22A5562C47B7753E64C99CFD
:1087D000408DDBBF52AEEDDA64CBFFF976E80221C3
:1087E0008B30100299132667AF763444BD554AADDD
:1087F000C3BC588ED19F6EEBE7FA7CC8F5D98331A4
:108800000A2091121803A7772E66B5543C45CBBDBC
:1088100042ACD99E508FEFFB66EAFDD874C9044282
:108820008D5316619F702004A9153227BB364CCE9C
:10883000C5DF5EEDD7FC6888E1997AABF3BA855263
:108840000C4397711E60A1142805B3373A26CDDE7C
:1088500044CFDFFD56ECE9986089FBBB72AA066342
:108860008F7214409D512225AB343006B9174EEF5C
:10887000C7FE5CCCD5DD6AA9E3B8788AF19B877323
:108880000E6295501C41A3352A24B1163807CFFF3C
:1088900046EEDDDC54CDEBB962A8F99A708B088402
:1088A00081951AA793B62CC2A5D33EE1B7F0400834
:1088B000C919522BDB3A644EED5F766DFF7C8994CB
:1088C00000859BB712A6ADD224C3BFF136E0C11814
:1088D0004809D33B5A2AE55E6C4FF77D7E6C0AA5AA
:1088E00083B4188691972EE3A7F23CC0B5D14229F4
:1088F000CB38500AD91B666FEF7E744CFD5D8BB58B
:1089000002A499961087AFF326E2BDD034C1C339D3
:108910004A28D11A580BE77F6E6EF55C7C4D0CC669
:1089200085D71EE597F42880A1913AA3B3B2444AB3
:10893000CD5B5669DF78600CE91D722FFB3E8DD64A
:1089400004C79FF516E4A9902081BBB332A2C55A93
:108950004C4BD7795E68E11C680DF33F7A2E0EE729
:1089600087F61CC495D52AA1A3B03882B193466B73
:10897000CF7A5448DD59622DEB3C700EF91F8FF70A
:1089800006E69DD414C5ABB122A0B9923083C77B53
:108990004E6AD5585C49E33D6A2CF11E780F000001
:1089A000000000000000010203040607080900009F
:1089B0000000010203040006101600061016005EF7
:1089C000BCE2613FDD83C29C7E20A3FD1F419DC3AD
:1089D000217FFCA2401E5F01E3BD3E6082DC237D5F
:1089E0009FC1421CFEA0E1BF5D0380DE3C62BEE091
:1089F000025CDF81633D7C22C09E1D43A1FF4618BF
:108A0000FAA427799BC584DA3866E5BB5907DB856C
:108A10006739BAE406581947A5FB7826C49A653B1E
:108A2000D987045AB8E6A7F91B45C6987A24F8A650
:108A3000441A99C7257B3A6486D85B05E7B98CD27E
:108A4000306EEDB3510F4E10F2AC2F7193CD114F2C
:108A5000ADF3702ECC92D38D6F31B2EC0E50AFF1DE
:108A6000134DCE90722C6D33D18F0C52B0EE326C10
:108A70008ED0530DEFB1F0AE4C1291CF2D73CA943E
:108A80007628ABF517490856B4EA6937D58B5709EC
:108A9000EBB536688AD495CB2977F4AA4816E9B79E
:108AA000550B88D6346A2B7597C94A14F6A8742AD0
:108AB000C896154BA9F7B6E80A54D7896B3500005C
:108AC000891112239B322446AD573665BF74488CFA
:108AD000C19D5AAFD3BE6CCAE5DB7EE9F7F88110C1
:108AE000080193331A22A5562C47B7753E64C99CDA
:108AF000408DDBBF52AEEDDA64CBFFF976E80221A0
:108B00008B30100299132667AF763444BD554AADB9
:108B1000C3BC588ED19F6EEBE7FA7CC8F5D9833180
:108B20000A2091121803A7772E66B5543C45CBBD99
:108B300042ACD99E508FEFFB66EAFDD874C904425F
:108B40008D5316619F702004A9153227BB364CCE79
:108B5000C5DF5EEDD7FC6888E1997AABF3BA855240
:108B60000C4397711E60A1142805B3373A26CDDE59
:108B700044CFDFFD56ECE9986089FBBB72AA06631F
:108B80008F7214409D512225AB343006B9174EEF39
:108B9000C7FE5CCCD5DD6AA9E3B8788AF19B877300
:108BA0000E6295501C41A3352A24B1163807CFFF19
:108BB00046EEDDDC54CDEBB962A8F99A708B0884DF
:108BC00081951AA793B62CC2A5D33EE1B7F0400811
:108BD000C919522BDB3A644EED5F766DFF7C8994A8
:108BE00000859BB712A6ADD224C3BFF136E0C118F1
:108BF0004809D33B5A2AE55E6C4FF77D7E6C0AA587
:108C000083B4188691972EE3A7F23CC0B5D14229D0
:108C1000CB38500AD91B666FEF7E744CFD5D8BB567
:108C200002A499961087AFF326E2BDD034C1C339B0
:108C30004A28D11A580BE77F6E6EF55C7C4D0CC646
:108C400085D71EE597F42880A1913AA3B3B2444A90
:108C5000CD5B5669DF78600CE91D722FFB3E8DD627
:108C600004C79FF516E4A9902081BBB332A2C55A70
:108C70004C4BD7795E68E11C680DF33F7A2E0EE706
:108C800087F61CC495D52AA1A3B03882B193466B50
:108C9000CF7A5448DD59622DEB3C700EF91F8FF7E7
:108CA00006E69DD414C5ABB122A0B9923083C77B30
:108CB0004E6AD5585C49E33D6A2CF11E780F0000DE
:108CC000CDCC4C3ECDCC4C3ECDCC4C3E000000003B
:108CD000920E493CB10AC93C2BC3163D2EFB483DC0
:108CE000752B7B3D04A9963D80B6AF3D36BDC83D92
:108CF0002FBCE13D73B2FA3D87CF093E8340163E5B
:108D0000B5AB223EA2102F3ECF6E3B3EC2C5473EC2
:108D10000115543E135C603E7F9A6C3ECCCF783E8A
:108D2000C07D823E938E883E229A8E3E32A0943E33
:108D300086A09A3EE59AA03E128FA63ED47CAC3E19
:108D4000EF63B23E2A44B83E491DBE3E15EFC33E16
:108D500053B9C93ECA7BCF3E4136D53E80E8DA3EA4
:108D60004F92E03E7533E63EBBCBEB3EEA5AF13E16
:108D7000CBE0F63E275DFC3EE4E7003F3D9C033F31
:108D8000824B063F9BF5083F6B9A0B3FDA390E3F4B
:108D9000CDD3103F2A68133FD9F6153FC07F183F47
:108DA000C6021B3FD17F1D3FCBF61F3F9967223F75
:108DB00025D2243F5636273F1594293F4AEB2B3FB7
:108DC000DE3B2E3FBB85303FC9C8323FF304353F01
:108DD000233A373F4268393F3B8F3B3FF9AE3D3F37
:108DE00067C73F3F70D8413F01E2433F03E4453F3F
:108DF00065DE473F12D1493FF8BB4B3F029F4D3FD5
:108E0000207A4F3F3D4D513F4918533F31DB543F8E
:108E1000E595563F5348583F6AF2593F1A945B3FD5
:108E2000532D5D3F05BE5E3F2146603F97C5613FC4
:108E30005A3C633F59AA643F880F663FD86B673F2F
:108E40003CBF683FA7096A3F0C4B6B3F5E836C3F9A
:108E500093B26D3F9ED86E3F73F56F3F0809713F27
:108E60005213723F4714733FDD0B743F0BFA743F8C
:108E7000C6DE753F07BA763FC58B773FF853783F1C
:108E80009812793F9DC7793F02737A3FBE147B3FAA
:108E9000CDAC7B3F283B7C3FC9BF7C3FAC3A7D3F9C
:108EA000CCAB7D3F23137E3FB0707E3F6DC47E3FD1
:108EB000580E7F3F6D4E7F3FAB847F3F0FB17F3FAA
:108EC00097D37F3F43EC7F3F11FB7F3F0000803F04
:108ED00011FB7F3F43EC7F3F97D37F3F0FB17F3F35
:108EE000AB847F3F6D4E7F3F580E7F3F6DC47E3F0A
:108EF000B0707E3F23137E3FCCAB7D3FAC3A7D3FCD
:108F0000C9BF7C3F283B7C3FCDAC7B3FBE147B3F41
:108F100002737A3F9DC7793F9812793FF853783FA3
:108F2000C58B773F07BA763FC6DE753F0BFA743FB5
:108F3000DD0B743F4714733F5213723F0809713FB2
:108F400073F56F3F9ED86E3F93B26D3F5E836C3F6B
:108F50000C4B6B3FA7096A3F3CBF683FD86B673F2C
:108F6000880F663F59AA643F5A3C633F97C5613FEB
:108F70002146603F05BE5E3F532D5D3F1A945B3F27
:108F80006AF2593F5348583FE595563F31DB543F0D
:108F90004918533F3D4D513F207A4F3F029F4D3F6F
:108FA000F8BB4B3F12D1493F65DE473F03E4453FE5
:108FB00001E2433F70D8413F67C73F3FF9AE3D3FB5
:108FC0003B8F3B3F4268393F233A373FF304353FFD
:108FD000C9C8323FBB85303FDE3B2E3F4AEB2B3FBB
:108FE0001594293F5636273F25D2243F9967223FC3
:108FF000CBF61F3FD17F1D3FC6021B3FC07F183FEE
:10900000D9F6153F2A68133FCDD3103FDA390E3F0A
:109010006B9A0B3F9BF5083F824B063F3D9C033FFD
:10902000E4E7003F275DFC3ECBE0F63EEA5AF13E26
:10903000BBCBEB3E7533E63E4F92E03E80E8DA3E36
:109040004136D53ECA7BCF3E53B9C93E15EFC33E2C
:10905000491DBE3E2A44B83EEF63B23ED47CAC3ECE
:10906000128FA63EE59AA03E86A09A3E32A0943E7C
:10907000229A8E3E938E883EC07D823ECCCF783E33
:109080007F9A6C3E135C603E0115543EC2C5473E5C
:10909000CF6E3B3EA2102F3EB5AB223E8340163E24
:1090A00087CF093E73B2FA3D2FBCE13D36BDC83DC6
:1090B00080B6AF3D04A9963D752B7B3D2EFB483D08
:1090C0002BC3163DB10AC93C920E493C000000007A
:1090D000920E49BCB10AC9BC2BC316BD2EFB48BDBC
:1090E000752B7BBD04A996BD80B6AFBD36BDC8BD8E
:1090F0002FBCE1BD73B2FABD87CF09BE834016BE57
:10910000B5AB22BEA2102FBECF6E3BBEC2C547BEBE
:10911000011554BE135C60BE7F9A6CBECCCF78BE86
:10912000C07D82BE938E88BE229A8EBE32A094BE2F
:1091300086A09ABEE59AA0BE128FA6BED47CACBE15
:10914000EF63B2BE2A44B8BE491DBEBE15EFC3BE12
:1091500053B9C9BECA7BCFBE4136D5BE80E8DABEA0
:109160004F92E0BE7533E6BEBBCBEBBEEA5AF1BE12
:10917000CBE0F6BE275DFCBEE4E700BF3D9C03BF2D
:10918000824B06BF9BF508BF6B9A0BBFDA390EBF47
:10919000CDD310BF2A6813BFD9F615BFC07F18BF43
:1091A000C6021BBFD17F1DBFCBF61FBF996722BF71
:1091B00025D224BF563627BF159429BF4AEB2BBFB3
:1091C000DE3B2EBFBB8530BFC9C832BFF30435BFFD
:1091D000233A37BF426839BF3B8F3BBFF9AE3DBF33
:1091E00067C73FBF70D841BF01E243BF03E445BF3B
:1091F00065DE47BF12D149BFF8BB4BBF029F4DBFD1
:10920000207A4FBF3D4D51BF491853BF31DB54BF8A
:10921000E59556BF534858BF6AF259BF1A945BBFD1
:10922000532D5DBF05BE5EBF214660BF97C561BFC0
:109230005A3C63BF59AA64BF880F66BFD86B67BF2B
:109240003CBF68BFA7096ABF0C4B6BBF5E836CBF96
:1092500093B26DBF9ED86EBF73F56FBF080971BF23
:10926000521372BF471473BFDD0B74BF0BFA74BF88
:10927000C6DE75BF07BA76BFC58B77BFF85378BF18
:10928000981279BF9DC779BF02737ABFBE147BBFA6
:10929000CDAC7BBF283B7CBFC9BF7CBFAC3A7DBF98
:1092A000CCAB7DBF23137EBFB0707EBF6DC47EBFCD
:1092B000580E7FBF6D4E7FBFAB847FBF0FB17FBFA6
:1092C00097D37FBF43EC7FBF11FB7FBF000080BF00
:1092D00011FB7FBF43EC7FBF97D37FBF0FB17FBF31
:1092E000AB847FBF6D4E7FBF580E7FBF6DC47EBF06
:1092F000B0707EBF23137EBFCCAB7DBFAC3A7DBFC9
:10930000C9BF7CBF283B7CBFCDAC7BBFBE147BBF3D
:1093100002737ABF9DC779BF981279BFF85378BF9F
:10932000C58B77BF07BA76BFC6DE75BF0BFA74BFB1
:10933000DD0B74BF471473BF521372BF080971BFAE
:1093400073F56FBF9ED86EBF93B26DBF5E836CBF67
:109350000C4B6BBFA7096ABF3CBF68BFD86B67BF28
:10936000880F66BF59AA64BF5A3C63BF97C561BFE7
:10937000214660BF05BE5EBF532D5DBF1A945BBF23
:109380006AF259BF534858BFE59556BF31DB54BF09
:10939000491853BF3D4D51BF207A4FBF029F4DBF6B
:1093A000F8BB4BBF12D149BF65DE47BF03E445BFE1
:1093B00001E243BF70D841BF67C73FBFF9AE3DBFB1
:1093C0003B8F3BBF426839BF233A37BFF30435BFF9
:1093D000C9C832BFBB8530BFDE3B2EBF4AEB2BBFB7
:1093E000159429BF563627BF25D224BF996722BFBF
:1093F000CBF61FBFD17F1DBFC6021BBFC07F18BFEA
:10940000D9F615BF2A6813BFCDD310BFDA390EBF06
:109410006B9A0BBF9BF508BF824B06BF3D9C03BFF9
:10942000E4E700BF275DFCBECBE0F6BEEA5AF1BE22
:10943000BBCBEBBE7533E6BE4F92E0BE80E8DABE32
:109440004136D5BECA7BCFBE53B9C9BE15EFC3BE28
:10945000491DBEBE2A44B8BEEF63B2BED47CACBECA
:10946000128FA6BEE59AA0BE86A09ABE32A094BE78
:10947000229A8EBE938E88BEC07D82BECCCF78BE2F
:109480007F9A6CBE135C60BE011554BEC2C547BE58
:10949000CF6E3BBEA2102FBEB5AB22BE834016BE20
:1094A00087CF09BE73B2FABD2FBCE1BD36BDC8BDC2
:1094B00080B6AFBD04A996BD752B7BBD2EFB48BD04
:1094C0002BC316BDB10AC9BC920E49BC0000008076
:1094D00030313233343536373839414243444546EA
:1094E00040305800303132333435363738396162E4
:1094F00063646566403078000400000800000000E6
:109500000000000200010000100000000000000048
:109510004FBB610567ACDD3F182D4454FB21E93F8B
:109520009BF681D20B73EF3F182D4454FB21F93F7A
:10953000E2652F227F2B7A3C075C143326A6813C00
:10954000BDCBF07A8807703C075C143326A6913CAB
:10955000C4EB98999999C9BF711623FEC671BCBF17
:109560006D9A74AFF2B0B3BF9AFDDE522DDEADBF7F
:109570002F6C6A2C44B4A2BF0D5555555555D53F97
:10958000FF8300922449C23F6E204CC5CD45B73FB2
:10959000513DD0A0660DB13FEB0D76244B7BA93F2A
:1095A00011DA22E33AAD903F000000000000000015
:1095B0004C5555555555A53F7751C1166CC156BFF1
:1095C0009015CB19A001FA3EAD529C804F7E92BE01
:1095D000C4B1B4BD9EEE213ED43888BEE9FAA8BD20
:1095E000000000000000000000004054FB21F93F93
:1095F0003163621A61B4D03D0000601A61B4D03D9D
:109600007370032E8A19A33B0000002E8A19A33B16
:10961000C14920259A837B3900000000000000002A
:109620006E83F9A22915444ED15727FCC0DD34F5CD
:10963000999562DB4190433CAB6351FE61C5BBDE53
:109640003A6E24B7E0D24D42EA2E49061C92D10967
:109650001CEB1DFE3EA729B1F53582E88444BB2EE4
:1096600026709CE9417E5FB439D69139F439538331
:109670008B5F849C3B28F9BDFF97F81F0F9805DE90
:109680008B112FEF1F6D0A5ACF7E366DB709CB278E
:10969000663F464F2DEA5F9EC7BA27757BF1E5EB23
:1096A000F739073DEA92528AB15FFB6B085D8D1F67
:1096B000A6F810111111813FD561C119A0012ABF6F
:1096C0007DFEB157E31DC73EEB9C2B8AE6E55ABEF3
:1096D0007CD5CF5A3AD9E53D30313233343536373F
:1096E00038396162636465667870003031323334D2
:1096F000353637383941424344454658500000001A
:1097000002400000000000A0000000000540000032
:10971000000000C8000000000C4000000000409C59
:1097200000000000194000000020BCBE0000000046
:1097300034400000BFC91B8E00000004B54000008B
:10974000504BCFD06607E2CF010000006C41000013
:109750003E8251AADFEEA73401000000D94200008A
:10976000DCB5A0E23A301F97FFFFFFFFB4450000D1
:10977000FD25A0C8E9A3C14FFFFFFFFFFF3F000089
:109780000000008000000000FF3F0000000000809B
:10979000000000004F4C4544000000004D4F544F66
:1097A000525F434D44000000524546455245450036
:1097B000424154544552595F564F4C54414745001D
:1097C000554152545F5245434549564500000000FB
:1097D000495744475F5441534B0000006C65640097
:1097E00067696D62616C5461736B000043686173FB
:1097F0007369735461736B00696D755461736B00A9
:109800007465737400000000549901080000002082
:1098100094080000C4010008EC9D01089408002091
:10982000BCD80000280200081C0000004300000013
:10983000F8FFFFFF0C0000000E0000000F0000000A
:109840002E0000001001000043000000F8FFFFFFA1
:109850000040404040404040404041414141414043
:1098600040404040404040404040404040404040F8
:109870004005020202020202020202020202020287
:10988000022020202020202020202002020202028C
:1098900002029090909090901010101010101010E4
:1098A00010101010101010101010101002020202F0
:1098B0000202888888888888080808080808080834
:1098C0000808080808080808080808080202020230
:1098D0004000000000000000000000000000000048
:1098E0000000000000000000000000000000000078
:1098F0000000000000000000000000000000000068
:109900000000000000000000000000000000000057
:109910000000000000000000000000000000000047
:109920000000000000000000000000000000000037
:109930000000000000000000000000000000000027
:109940000000000000000000000000000000000017
:1099500000000000024300011320C104201E41004A
:109960000040400000803FCDCC4C3F84B8323E9A4E
:1099700099993F0000C03F0AD7233C0411184006C4
:109980003E8FC2F53D08000446753F000170085047
:10999000C34900009643081007000C420000A09045
:1099A00012340893B0412AB005A2FFFFFF3B438267
:1099B000FF016121A392FF11D280A4011210014482
:1099C00024117033FF0075517C310E51050159018E
:1099D00094060205060606CA100A050200200022A7
:1099E00000202C04121408124404100A591901080A
:1099F000FD18010801080546B3061D64D328114768
:109A0000595200414343004D4147005245460054DE
:109A10001117840640CDCCCC3D40C10874049A99FE
:109A20001958410C6407803F6F12033B64413C4965
:109A3000092148E110011E301154924060021E407D
:109A400060602DE7416B3A58A08B3A7D04017C00A1
:109A50000240AB034100055308065804070F0008F5
:109A600010820911000A15800B16000C18010D3820
:109A7000698A1C4433C4B5C0CBA1C0C1986EB6413D
:109A800012831D42DF4FBEC1FCA967C1FA7E86C1A9
:109A9000DD2445C277BE8642C3F5C6428F82ADC281
:109AA000A2C523C2FA7E68C1E926AB41E5D092C1C6
:109AB0006811A5C262108C94031052DF41423EB679
:109AC000C034801C419A7700C15EBAFBC165AAEE22
:109AD000C07F6A4641049689C2D7A304C346369024
:109AE000423D4A0243E7FBAC411018ACC254E38D3F
:109AF000C19A996DC133C48B408BFDF74079E9243D
:109B0000414BEACCC0C6DCFDC0D578A37C100AAAC4
:109B1000C11D5A7042F4FDB66410429D42F33CF8F8
:109B2000BDE86AC7C00456C6BF1EA7D040D9CE8EB6
:109B3000C13D2CB240508DC8C1CB618142C1CAB772
:109B400041250673C291EDEEC1022B6DC1933AF32C
:109B5000C060E58041D7A3284160E53C94200751CF
:109B6000C10EBEF6C0F021EC21F421E821F021F86D
:109B700021F021EC21F421E821F021F811F021EC71
:109B80001241F421E812C1F01241F81242F01240E1
:109B9000EC1241F412C1E821F01240F82241C02138
:109BA000BC21C421B821C021C821C021BC21C421AD
:109BB000B821C021C82520251C25242518252025AD
:109BC000282520251C252425182520252821F0219D
:109BD000EC21F421E821F021F821F041EC2380412F
:109BE000E821F021F81424A110793F7B142640507D
:109BF000FCAEC0E3A55BC0FCA91C41583958C08C21
:109C0000B92740C1A8BA407F6A72FC102E16C1392C
:109C1000B4D2414ED1AFC02506C6C11904C8412FE8
:109C2000DDEEC152B84CC150E4E93E02AB2942CC52
:109C30007F19C113F20D417F6A3680103293C0D66E
:109C40003966BFB4C8784185EB8D41A39272C000DC
:109C50006FA13F7B941E42500DA7428716D1C1FBD6
:109C60005C934017D92EC123DBC93F7593B43818D4
:109C7000521B4151DADFC091ED04401CEBEABFC733
:109C8000CB68C2E9489C4083C098C1C3F53AC1A3E0
:109C900023D93E7008753F477206C1618EAE3E0DF6
:109CA00071EC3F917EF3C008ACFCC1D1A24FC25C05
:109CB0008F134239B4754211360AC1D7A3F8C19F38
:109CC000AB017820135AC11D381141759376418E2E
:109CD0007579BF575BFBC0F021EC21F421E821F03E
:109CE00021F821F021EC21F421E821F021F811F0F4
:109CF00021EC1241F412C1E812C2F012BEF8124176
:109D0000F021EC1241F412C1E812C1F0123FF82226
:109D100040C021BC21C421B821C021C821C021BC20
:109D200021C421B821C021C82520251C252425189F
:109D3000252025282520251C2524251825202528F3
:109D400021F021EC21F421E821F021F821F021EC8F
:109D500021F421E821F021F80D12F4041C0A6740D7
:109D6000533A0024F400013207037810000112AACC
:109D7000012D84051006559D0020640412820412F2
:109D8000910412AF0412CD0412DC0412FA1C100666
:109D9000099E0020180412270412360412540412DB
:109DA000630412720412810412900412AE0412BDF4
:109DB0000412DB0412F9301006089F002017041269
:109DC0002604123504125304128F0412CB18100605
:109DD00007A000204304127F0412BB0C2D800692C2
:0C9DE00001982005CDCC1C4104000000BF
:040000050800018965
:00000001FF
