:020000040800F2
:10000000B8D10020310300085D9700083968000866
:10001000599700088B1A0008A1C5000800000000CD
:100020000000000000000000000000007102000855
:100030008524000800000000CD02000861A7000828
:100040004B0300084B0300084B0300084B03000858
:100050004B0300084B030008872400084B030008EB
:100060004B030008912400089B2400084B03000860
:100070004B0300084B0300084B0300084B03000828
:100080004B0300084B0300084B0300084B03000818
:10009000911A00084B0300084B030008A524000830
:1000A0004B0300084B0300084B0300084B030008F8
:1000B000ADA800084B0300084B0300084B030008E1
:1000C0004B0300084B0300084B0300084B030008D8
:1000D0004B0300080DB100084B0300087DB1000878
:1000E0004B0300084B0300084B0300084B030008B8
:1000F0004B0300084B0300084B030008E1200008F5
:100100004B0300084B0300084B0300084B03000897
:100110004B0300084B0300084B0300084B03000887
:100120004B0300085D2100084B0300084B03000847
:100130004B0300084B0300084B0300084B03000867
:10014000A11A00084B0300084B030008059A000899
:100150004B0300086D2100087D210008ADB20008A6
:100160004B0300084B0300084B0300084B03000837
:100170004B0300084B0300084B030008000000007D
:100180004B0300084B03000800F002F800F060F891
:100190000AA090E8000C82448344AAF10107DA45E2
:1001A00001D100F055F8AFF2090EBAE80F0013F0D4
:1001B000010F18BFFB1A43F001031847F03001008C
:1001C000103101000A444FF0000C10F8013B13F00D
:1001D000070408BF10F8014B1D1108BF10F8015BA0
:1001E000641E05D010F8016B641E01F8016BF9D193
:1001F00013F0080F1EBF10F8014BAD1C0C1B09D1EA
:100200006D1E58BF01F801CBFAD505E014F8016B5B
:1002100001F8016B6D1EF9D59142D6D370470000ED
:100220000023002400250026103A28BF78C1FBD8FF
:10023000520728BF30C148BF0B6070471FB511F08F
:1002400025FF9DE8030000F089FF1FBD10B510BD1C
:1002500001F008F81146FFF7F1FF0EF07DFC01F008
:1002600026F803B4FFF7F2FF03BC01F05DF80000CD
:100270002C4B19680868B0E8F04F80F30988BFF389
:100280006F8F4FF0000080F311887047000000006E
:1002900008480068006880F308884FF0000080F389
:1002A000148862B661B6BFF34F8FBFF36F8F00DF64
:1002B00000BF00BF08ED00E0DFF80C00016841F46A
:1002C00070010160704700BF88ED00E0EFF3098026
:1002D000BFF36F8F134B1A681EF0100F08BF20ED8D
:1002E000108A20E9F04F106009B44FF0500080F3FD
:1002F0001188BFF34F8FBFF36F8F0FF089FE4FF060
:10030000000080F3118809BC19680868B0E8F04F54
:100310001EF0100F08BFB0EC108A80F30988BFF3FD
:100320006F8F704788050020EFF30580704700004D
:100330000948804709480047FEE7FEE7FEE7FEE779
:10034000FEE7FEE7FEE7FEE7FEE7FEE704480549B5
:10035000054A064B7047000049A8000889010008BB
:10036000B8910020B8D10020B8B10020B8B1002069
:100370009FED1A1AF5EE000A40EE010ABDEEE00A02
:10038000F5EEC00A10EE100AF1EE10FA38BF401E6A
:1003900000EE100A1349F7EE001AB8EEC00A30EE6C
:1003A000C00ADFED0F0A20EE200AFCEEC00A10EEB4
:1003B000900AC0F3080000EE900A01EB8000F8EE0E
:1003C000600A90ED011A70EE600A90ED000A71EE7D
:1003D000E01A21EE800A00EE810A704783F9223E7E
:1003E000000000445C2A0108DFED190AB5EEC00ADE
:1003F00060EE200ABDEEE01A11EE100AF1EE10FADE
:1004000038BF401E00EE100A1349F7EE001AB8EE8E
:10041000C00A30EEC00ADFED0F0A60EE200ABCEE23
:10042000E00A10EE100AC0F3080000EE100A01EB1B
:100430008000B8EE400A90ED011A70EEC00A90ED0F
:10044000000A71EEE01A21EE800A00EE810A704780
:1004500083F9223E000000445C2A010870B405883C
:100460000E884468D1F804C05368B54208D140886A
:100470004988884201BF11888D425188884203D043
:1004800070BC6FF00200704705FB00F1880827D0B0
:1004900094ED001ADCED000A94ED010ADCED011A7E
:1004A00031EE201AD4ED020A70EE211A9CED020AF8
:1004B00083ED001AC3ED011A94ED031ADCED031A63
:1004C00030EE800A401E71EE210A83ED020A04F12B
:1004D0001004C3ED030A03F110030CF1100CD7D183
:1004E00011F0030030D0B0F1004F30D200282BDDE6
:1004F000211F1B1FACF1040210F0010F0AD091ED77
:10050000010AD2ED010A091D121D30EE200A83ED09
:10051000010A1B1D400817D091ED010AD2ED010A16
:10052000401E30EE200A83ED010A91ED020AD2ED61
:10053000020A01F1080102F1080230EE200A83EDFF
:10054000020A03F10803E7D170BC00207047B4EC45
:10055000010A401EFCEC010A30EE200AA3EC010A5D
:10056000F5D1F1E701804280436070472DE9F34FF8
:1005700084B0049840680090486801900498B0F8EE
:1005800000E04588DFEDFE0A00200290B0EE600A30
:10059000AE4506D108884988884204BF7146864521
:1005A00004D06FF0020006B0BDE8F08F01985FEA5A
:1005B000010C18BFB7EE001A3DD000BFBEEB0C0116
:1005C00017D0B1F1004F80F01F82002911DD021F0A
:1005D00011F0010F1CBFC2ED010A121D4B1006D015
:1005E000C2ED010AC2ED020A08325B1EF8D100EB2F
:1005F0008100BCF10102A0EC011A19D0B2F1004F48
:1006000080F00882002A13DD031F12F0010F1CBFC7
:10061000C3ED010A1B1D511008D000BFC3ED010A34
:10062000C3ED020A491E03F10803F7D100EB820073
:10063000BCF1010CC2D14FF000080395002D14BF8E
:10064000B0EE602A002000F0BF8100BF009908FBD7
:1006500005F001EB800B0199DBED002A01EB800036
:100660000346F0EE421AC64552D9AEEB0802ABEB98
:10067000850112F0010F17D001EB850191ED000A01
:10068000B5EEC00AF1EE10FA07DDB4EEE10AF1EEC4
:1006900010FA09DDF0EE401A06E0B1EE400AF4EE81
:1006A000C01AF1EE10FAF5D3521031D001EB850CDF
:1006B0009CED000AB5EEC00AF1EE10FA05DDB4EECD
:1006C000E10AF1EE10FA09DD06E0B1EE400AF4EEBF
:1006D000C01AF1EE10FA01D2F0EE401A01EBC5019A
:1006E00091ED000AB5EEC00AF1EE10FA05DDB4EEA8
:1006F000E10AF1EE10FA09DD06E0B1EE400AF4EE8F
:10070000C01AF1EE10FA01D2F0EE401A521ECDD10D
:10071000F5EEC01AF1EE10FA00F07381F5EEC02A82
:100720000126F1EE10FA0099D4BFB1EE620AB0EEE4
:10073000620AB4EE610AF1EE10FA1CBFAEEB0802D9
:10074000B2F1010C47D005FB08F201EB820292EDF9
:10075000001A00BFB0EE410A05FB06F4B5EEC00A70
:1007600000EB8404F1EE10FACCBFF0EE400AF1EE9B
:10077000400AF4EE610AF1EE10FA28D1B5EB080C4C
:1007800011D0BCF1004F7DD2BCF1000F0BDD00BFDA
:1007900092ED000AD1ED000ABCF1010CE2EC010A75
:1007A000A1EC010AF4D129000ED0B1F1004F6AD2B8
:1007B000002909DD94ED000AD0ED000A491EE4ECA1
:1007C000010AA0EC010AF5D1012002900BE0761C91
:1007D000BCF1010CBED10298012804D0F5EEC02A6C
:1007E000F1EE10FA7ED09BED000AB5EB08009A46B8
:1007F0005946064622D0B0F1004F74D200281DDDC4
:10080000091F10F0010F06D0F0EE400A80EEA01A8A
:1008100081ED011A091D401010D000BFD1ED010A71
:10082000401E80EE801A81ED011A91ED021AC1EE90
:10083000000AC1ED020A01F10801EFD1280026D01B
:10084000B0F1004F7ED2002821DDAAF1040110F0A2
:10085000010F06D0D1ED010A80EE801A81ED011A58
:10086000091D401013D000BFD1ED010A401E80EEDB
:10087000801A81ED011AD1ED020A80EE801A81ED15
:10088000021A01E0CBE0D6E001F10801ECD1DDE98C
:1008900000124FF000095FEA0E0773D0C14504BF94
:1008A00001EB860102EB850274D091ED000ADC4673
:1008B0005046330035D01C46B6F1004F7ED2002C96
:1008C0002FDD0B1FABF1040C16F0010F0FD0F0EE73
:1008D000400ADCED011AB0EE601A00EEE11A83ED79
:1008E000011A01E08DE0B1E01B1D0CF1040C741045
:1008F00015D000BFD3ED010A9CED011A40EE410A6C
:10090000C3ED010AD3ED020A9CED021A0CF1080CAA
:1009100040EE410AC3ED020A0833641EEAD101EB3E
:1009200086012B0036D0B3F1004F72D2002B31DD9F
:10093000A2F1040CAAF1040013F0010F0CD0DCEDBD
:10094000010A00E08BE090ED011A001D40EE410A23
:10095000CCED010A0CF1040C5C1019D0DCED010A9D
:1009600090ED011A40EE410ACCED010ADCED020ADD
:1009700090ED021A083040EE410ACCED020A03E085
:10098000000000000DE005E0641E0CF1080CE5D14C
:1009900002EB830201EB88017F1E09F101097FF45C
:1009A0007DAF009808F10108001D00900398401EDB
:1009B00003907FF44BAE0299012900E058E004BF98
:1009C00006B0BDE8F08F00BFB5EEC00AF1EE10FA38
:1009D0007FF4E9AD04990EFB05F3002B4A684FF054
:1009E00000010BD902EB810C9CED000AB5EEC00AA8
:1009F000F1EE10FA02D1491C8B42F3D88B427FF4FE
:100A0000D2AD6FF00400CEE5E0EC010A491EFBD147
:100A1000EFE538E0E0EC010A521EFBD108E692ED6A
:100A2000000AD1ED000ABCF1010CE2EC010AA1ECD4
:100A3000010AF4D1B7E694ED000AD0ED000A491E90
:100A4000E4EC010AA0EC010AF5D1BDE6D1ED000A03
:100A5000401E80EE801AA1EC011AF7D1EEE6D3ED2C
:100A6000000A401E80EE801AA3EC011AF7D10EE7AF
:100A7000BCEC011AD1ED000A5B1E40EE410AE1EC2C
:100A8000010AF5D14DE7B0EC011AD2ED000A5B1E68
:100A900040EE410AE2EC010AF5D17BE72DE9F04F87
:100AA00082B0466853680193058847884B880020C8
:100AB00000900888874201BFB2F800C0654552889F
:100AC00093421EBF6FF0020002B0BDE8F08F9FEDB1
:100AD000412A4FEA970EC7F3400B00BFDDE9000241
:100AE00002EB800A4A6898464FF00009B0EE420ACD
:100AF000B4465FEA0E0025D092ED001ADCED001A34
:100B000002EB8302DCED010A01EE810A92ED001A8C
:100B100002EB8302401ED2ED001A02EB830200EECC
:100B2000810A9CED021ADCED030A00040CF1100CA2
:100B3000000C01EE210A92ED001A02EB830200EE96
:100B4000810AD9D117F0030026D0ACF10404A2EB3E
:100B5000830210F0010F08D002EB8302D4ED010AEA
:100B600092ED001A241D00EE810A5FEA0B0013D0FB
:100B700002EB830CD4ED010A9CED001A02EBC302D8
:100B8000401E00EE810AD4ED020A92ED001A04F133
:100B9000080400EE810AEBD109F10100AAEC010A78
:100BA0001FFA80F9486800EB8902A8F101001FFADA
:100BB00080F8B8F1000F99D1009806EB8706184429
:100BC00080B20090681E05042D0C87D102B0002071
:100BD000BDE8F08F0000000070B405880E884468FE
:100BE000D1F804C05368B54208D14088498888428A
:100BF00001BF11888D425188884203D070BC6FF0CC
:100C00000200704705FB00F1880827D094ED001A18
:100C1000DCED000A94ED010ADCED011A31EE601AF8
:100C2000D4ED020A70EE611A9CED020A83ED001AFF
:100C3000C3ED011A94ED031ADCED031A30EEC00A7D
:100C4000401E71EE610A83ED020A04F11004C3ED47
:100C5000030A03F110030CF1100CD7D111F00300BB
:100C600030D0B0F1004F30D200282BDD211F1B1FE8
:100C7000ACF1040210F0010F0AD091ED010AD2ED9F
:100C8000010A091D121D30EE600A83ED010A1B1DC9
:100C9000400817D091ED010AD2ED010A401E30EE56
:100CA000600A83ED010A91ED020AD2ED020A01F118
:100CB000080102F1080230EE600A83ED020A03F136
:100CC0000803E7D170BC00207047B4EC010A401E55
:100CD000FCEC010A30EE600AA3EC010AF5D1F1E761
:100CE0002DE9F04F02884768B0F802804888D1F8B3
:100CF000049082B04FF0000A1646824207BF09886E
:100D000088456FF0020002B018BFBDE8F08F4FEACF
:100D1000980B02EB42000190C8F34000CDF80000B0
:100D200009EB8A01BBF1000F33D0019801EB820C73
:100D300001EB80043B46E64601EBC2054FEA0B009F
:100D400093ED000A401E81ED000A93ED010A01EBCC
:100D500002118CED000A93ED020A0CEB021C85EDEA
:100D6000000A93ED030A05EB021584ED000A04EB7B
:100D7000021403F11003E3D10EEB820000EB8200BA
:100D800000EB8201ABF10100504307EB0B1701EBC5
:100D9000001118F0030C21D03B1FA1EB82011CF0C5
:100DA000010F06D093ED010A01EB82011B1D81EDBD
:100DB000000A009880B100BF93ED010A01EB8204A4
:100DC00001EBC20184ED000A93ED020A401E81EDA1
:100DD000000A03F10803EFD107EB8C070AF10100C9
:100DE0001FFA80FA701E0604360C99D102B000205A
:100DF000BDE8F08F70B5064600F094F9056806F17D
:100E00000B0020F00704B4429CBF002070BD2B46AD
:100E10006A68BAB11068A04210D304F10801884290
:100E20003CBF5068586007D3516810194160116881
:100E3000091B016058601460101D70BD1346526894
:100E4000002AE7D12146284600F074F90028DED1B7
:100E500070BD70B50446051F00F064F90068002CF1
:100E600014BF446870BD002C18BFAC423CBF204684
:100E70006468F8D301680A18AA4218BF456003D114
:100E80002A6805461144016028684119A1421CBF27
:100E90006C6070BD6168696021680844286070BD3D
:100EA00053EA020C00F069802DE9F04B4FF0000688
:100EB000002B1FBFB3FA83F503FA05F424FA05F6F5
:100EC0005E4012BF1643B2FA82F502FA05F4C5F18C
:100ED00020051EBF22FA05FC44EA0C04203556EA20
:100EE000044C4FEA144418BF641C4FF000084FF044
:100EF0000009904271EB030C39D3002919BFB1FAF4
:100F000081F701FA07F6B0FA80F700FA07F6C7F1A1
:100F100020071EBF20FA07FC46EA0C062037B6FB66
:100F2000F4FCA7EB0507103F07F01F0BCBF12006E1
:100F30000CFA0BFB2CFA06F644BFB3460026202F12
:100F4000A4BF5E464FF0000B5BEA060C08BF4FF0F3
:100F5000010B19EB0B09ABFB027C48EB0608C01B2D
:100F600006FB02CC0BFB03CC71EB0C01C1E70B467B
:100F7000024641464846BDE8F08B13B54FF00000ED
:100F80004FF00001AFF30080BDE81C407047032A1A
:100F900040F2308010F0030C00F0158011F8013B96
:100FA000BCF1020F624498BF11F801CB00F8013B7D
:100FB00038BF11F8013BA2F1040298BF00F801CB41
:100FC00038BF00F8013B11F0030300F02580083A18
:100FD000C0F0088051F8043B083A51F804CBA0E86F
:100FE0000810F5E7121D5CBF51F8043B40F8043BC4
:100FF000AFF30080D20724BF11F8013B11F801CBF9
:1010000048BF11F8012B24BF00F8013B00F801CBC9
:1010100048BF00F8012B704710B5203AC0F00B8094
:10102000B1E81850203AA0E81850B1E81850A0E8EC
:101030001850BFF4F5AF5FEA027C24BFB1E8185046
:10104000A0E8185044BF18C918C0BDE810405FEAB6
:10105000827C24BF51F8043B40F8043B08BF704732
:10106000D20728BF31F8023B48BF11F8012B28BF37
:1010700020F8023B48BF00F8012B704702F0FF0345
:1010800043EA032242EA024200F002B84FF00002B3
:101090000429C0F0128010F0030C00F01B80CCF18A
:1010A000040CBCF1020F18BF00F8012BA8BF20F8F8
:1010B000022BA1EB0C0100F00DB85FEAC17C24BF4C
:1010C00000F8012B00F8012B48BF00F8012B7047F6
:1010D0004FF0000200B5134694469646203922BFD1
:1010E000A0E80C50A0E80C50B1F12001BFF4F7AF1C
:1010F000090728BFA0E80C5048BF0CC05DF804EBFE
:10110000890028BF40F8042B08BF704748BF20F86B
:10111000022B11F0804F18BF00F8012B7047704769
:1011200070477047004870476091002070477047D3
:101130007047704738B504460A4600206946AFF349
:101140000080002808BF38BD02460099204600F004
:101150004FF8012038BD012000F07CB8F8B5AFF39E
:101160000080054600200C46102000BF0646A81946
:10117000A0420DD9324669460020AFF30080070037
:1011800008BF00F067F80098A04218BF0546C419D0
:10119000FFF7C8FF05600746F01D20F0070046195D
:1011A000284600F00AF8B44208BFF8BDA21B314639
:1011B0003868BDE8F84000F01BB800210160C0E9C4
:1011C000011070471020704710B500F00DF800684E
:1011D00010BD10B5044600F007F8046010BD000013
:1011E00000487047589100200048704758910020EF
:1011F000034640688C46002818BF88423CBF03461F
:101200004068F8D318681844884207D00CF10300EE
:1012100020F00700001D411A521A0146081D0A60FD
:10122000FFF717BE1FB584B000200A9C06AB04AAC6
:1012300002A90094AFF3008018B1DDE9020108B003
:1012400010BD0348204000F040F800200146F6E7BA
:101250000000207C10B500F03FF8BDE8104000F021
:101260002FB870477546FFF7BBFFAE4605006946CD
:10127000534620F00700854618B020B5FFF766F802
:10128000BDE820404FF000064FF000074FF0000887
:101290004FF0000B21F00701AC46ACE8C009ACE808
:1012A000C009ACE8C009ACE8C0098D46704710B56C
:1012B0000446AFF300802046BDE81040FEF7D1BFE2
:1012C000002801D000F030B8704710B500F04CF89D
:1012D000BDE81040FFF7F4BF10B5012805D000218C
:1012E00003A000F027F8012010BD09A1F8E70000D5
:1012F00053494752544D454D3A204F7574206F66FF
:101300002068656170206D656D6F72790000000066
:101310003A2048656170206D656D6F727920636F4A
:10132000727275707465640001491820ABBEFEE7E7
:101330002600020070B505460C460A2000E06D1C30
:1013400000F068F835B128780028F8D102E0641C74
:1013500000F060F814B120780028F8D1BDE87040A2
:101360000A2000F057B8000010B5022803D0410150
:1013700003D50DA112E0002010BD010101D50FA180
:101380000CE0C10001D511A108E0810001D512A136
:1013900004E0400001D513A100E0002115A0FFF7F3
:1013A000C9FF012010BD0000496E76616C696420A0
:1013B0004F7065726174696F6E00000044697669F0
:1013C0006465204279205A65726F00004F7665721D
:1013D000666C6F7700000000556E646572666C6F16
:1013E00077000000496E65786163742052657375FB
:1013F0006C7400005349474650453A204172697465
:10140000686D6574696320657863657074696F6E73
:101410003A20000008B569468DF800000320ABBEF5
:1014200008BD00004A494A6822F440324A604A68CE
:1014300043681A434A6001684A6822F480724A602D
:1014400001684A68036942EA03224A6001684A68FF
:1014500022F040724A6001684A6883681A434A6011
:1014600001688A6822F400628A6001688A68C36839
:101470001A438A60816A6FF07062D14214D00168A9
:101480008A6822F070628A6001688A68836A1A43F7
:101490008A6001688A6822F040528A6001688A681E
:1014A000C36A1A438A6009E001688A6822F07062A0
:1014B0008A6001688A6822F040528A6001688A68FE
:1014C00022F002028A6001688A68037E42EA4302CF
:1014D0008A6090F8201089B101684A6842F400627D
:1014E0004A6001684A6822F460424A6001684A68BA
:1014F000436A5B1E42EA43324A6004E001684A687C
:1015000022F400624A600168CA6A22F47002CA6268
:101510000168CA6A838B5B1E42EA0352CA62016891
:101520008A6822F400728A6001688A6890F8303014
:1015300042EA43228A6001688A6822F480628A60F3
:1015400001688A68406942EA80208860704700002C
:101550000023014010B501221021024802F0B0FB27
:1015600010BD00000000024010B50022102102480A
:1015700002F0A6FB10BD00000000024010B50122E1
:101580001146024802F09CFB10BD0000000402401E
:1015900010B500220121024802F092FB10BD0000AC
:1015A0000004024010B50446FFF7DEFF922000F071
:1015B000A3F906229549122000F07EF9FFF7CAFF31
:1015C00092484078000200B2904909780843904957
:1015D00008800846B0F9000000EE100AB8EEC00A14
:1015E0008C48D0ED000A20EE200AD4ED080A20EE47
:1015F000200A84ED000A8548C078000200B28349C1
:1016000089780843824908800846B0F9000000EE56
:10161000100AB8EEC00A7F48D0ED000A20EE200A7A
:10162000D4ED080A20EE200A84ED010A77484079BB
:10163000000200B2754909790843754908800846D7
:10164000B0F9000000EE100AB8EEC00A7148D0ED03
:10165000000A20EE200AD4ED080A20EE200A84EDCC
:10166000020AFFF795FF08226849002000F024F9DC
:10167000FFF784FF654800780F284FD1664800784F
:10168000F0B36248C078000200B26049897808432C
:101690005F49088094ED090A0846B0F9000000EEA1
:1016A000900AF8EEE00A5D4890ED001A10EE810A0B
:1016B00084ED030A55484079000200B25349097984
:1016C00008435349088094ED0A0A0846B0F900001F
:1016D00000EE900AF8EEE00A504890ED001A10EE85
:1016E000810A84ED040A4948C079000200B24749E2
:1016F000897908434649088094ED0B0A084600E0C2
:101700000DE0B0F9000000EE900AF8EEE00A434860
:1017100090ED001A10EE810A84ED050A44E03B4882
:10172000C078000200B239498978084338490880F6
:101730000846B0F9000000EE100AB8EEC00A3748BB
:10174000D0ED000A20EE200A84ED030A2F484079EC
:10175000000200B22D49097908432D490880084646
:10176000B0F9000000EE100AB8EEC00A2B48D0ED28
:10177000000A20EE200A84ED040A2448C079000201
:1017800000B2224989790843214908800846B0F906
:10179000000000EE100AB8EEC00A2048D0ED000AA2
:1017A00020EE200A84ED050AFFF7DEFEA22000F0FD
:1017B000A3F802221549222000F07EF8FFF7CAFEA6
:1017C00012480078C0001149497840EA6110104978
:1017D00008800846B0F90000B0F5806F05DB0846C8
:1017E0000088A0F5006000B208800948B0F9000048
:1017F00000EE100AF8EEC00AB4EE001AB3EE070AC3
:1018000000EE810A84ED070A10BD00000A020020E4
:1018100012020020CC010020DC010020D0010020B9
:1018200070B504460D461C48046000201B49087032
:101830000BF08EF9194909780843184908700BF024
:101840003DFA164909780843144908701DB1144837
:1018500000F0A6F91CE09FED130A114880ED090A7B
:101860009FED110A80ED0A0A9FED0F0A80ED0B0A29
:101870009FED0E0A80ED0C0A90ED0C0ADFED0C0ACC
:1018800080EE801A80ED081A9FED0A0A80ED060AA4
:101890000248007870BD000014020020D60100202C
:1018A000582C0020AC38223BB016CE393F161B41D5
:1018B000C3F51C410000204270B506460C46154693
:1018C00046F0800000F018F806E0552000F014F80B
:1018D0002070641C681EC5B2002DF6D170BD70B5B5
:1018E00004460D4644F0800000F006F8552000F054
:1018F00003F8287070BD000001B582B04FF47A7013
:10190000012301AA02A900900348006803F0E0FD4A
:101910009DF804000EBD00001402002070B50546BD
:101920000C462846FFF7E8FF2046FFF7E5FF70BDAD
:10193000D2ED020A92ED021AB6EE000A00EEC10ADA
:10194000D2ED030A92ED031A00EEC10AD0ED000AAF
:1019500020EE200AD2ED010A92ED021A60EE810A11
:1019600092ED001AD2ED031A41EE610A90ED011AD0
:1019700000EE810AD2ED010A92ED031A60EE810AAF
:1019800092ED001AD2ED021A41EE210A90ED021AF0
:1019900000EE810AF0EE000A20EE200A81ED000A36
:1019A00092ED010AD2ED020A20EE200AD2ED000AE1
:1019B00092ED031A00EE810AD0ED000A60EE200AD3
:1019C00092ED011AD2ED011AB6EE000A01EE610A9B
:1019D000D2ED031A92ED032AB0EE401A01EEC21ABC
:1019E000D0ED011AB0EE600A01EE210AD2ED020A32
:1019F00092ED031A60EE810A92ED001AD2ED011AFF
:101A000041EE610A90ED021A00EE810AF0EE000A42
:101A100020EE200A81ED010A92ED010AD2ED030ABF
:101A200020EE200AD2ED000A92ED021A00EEC10A61
:101A3000D0ED000A20EE200AD2ED020A92ED031A40
:101A400060EE810A92ED001AD2ED011A41EE210AF0
:101A500090ED011A00EE810A92ED011AD2ED011A01
:101A6000F6EE000A41EE610A92ED021AD2ED021A78
:101A700041EE610A90ED021A00EE810AF0EE000AD2
:101A800020EE200A81ED020A704700BFFEE7000049
:101A900010B5024801F0F3F910BD0000380D002028
:101AA00010B5024801F0EBF910BD0000600D0020F8
:101AB000F8B507460C4615461E464FF400700D4912
:101AC000086000208860C86008200861380A0A4958
:101AD00008704F70200A8870CC70280A08714D7108
:101AE000300A8871CE716B460A460249034800F0FD
:101AF000F9FFF8BDFC180020A0000020380D0020E0
:101B000008B54FF4E0600C49086000208860C860A8
:101B10000820086100200949087048708870C87062
:101B2000087148718871C8716B460A4602490448B9
:101B300000F0D8FF08BD0000FC180020A000002025
:101B4000380D0020F8B507460C4615461E4640F2F3
:101B5000FF100D49086000208860C86008200861F7
:101B6000380A0A4908704F70200A8870CC70280A19
:101B700008714D71300A8871CE716B460A46024970
:101B8000034800F0AFFFF8BDE418002098000020E3
:101B9000380D00200178014A11707047A80000201C
:101BA00070B52DED048B88B0044600200690079098
:101BB00000F0A2FBFE4880ED000A00BF00F09CFB95
:101BC000FB48D0ED000A30EE600AF2EE040AB4EEF3
:101BD000E00AF1EE10FA14DD9FEDF60A84ED090A31
:101BE0009FEDF50A84ED0A0A9FEDF30A84ED0B0AD6
:101BF0009FEDF20A84ED0C0A9FEDF10A84ED060ACE
:101C000055E29FEDF00A00F033FB9FEDEF0A84ED03
:101C10000C0A9FEDED0A84ED090A9FEDEB0A84EDB5
:101C20000A0A9FEDE90A84ED0B0A002673E1FFF72B
:101C30009BFC9220FFF760FE062206A91220FFF708
:101C40003BFEFFF787FC9DF81900000200B29DF8EB
:101C5000181040EA010500EE105AB8EEC00ADB4841
:101C6000D0ED000A20EE200A84ED000A9DF81B004A
:101C7000000200B29DF81A1040EA010500EE105A69
:101C8000B8EEC00AD148D0ED000A20EE200A84ED5B
:101C9000010A9DF81D00000200B29DF81C1040EAE8
:101CA000010500EE105AB8EEC00AC848D0ED000A8F
:101CB00020EE200A84ED020AD4ED000A60EEA00AAC
:101CC00094ED011AD4ED011A41EE210A94ED021AA5
:101CD000D4ED021A41EE210AB0EE600A0AF0CCFE01
:101CE000B0EE408A94ED0C0A30EE080A84ED0C0A3E
:101CF000FFF74EFC082206A90020FFF7DDFDFFF7E5
:101D00003DFC9DF818000F2850D19DF81B000002E3
:101D100000B29DF81A1040EA010500EE105AB8EE24
:101D2000C00AAB48D0ED000A20EE200A84ED030A79
:101D300094ED090AD4ED030A30EE200A84ED090A75
:101D40009DF81D00000200B29DF81C1040EA01053C
:101D500000EE105AB8EEC00A9D48D0ED000A20EE01
:101D6000200A84ED040A94ED0A0AD4ED040A30EE48
:101D7000200A84ED0A0A9DF81F00000200B29DF8B7
:101D80001E1040EA010500EE105AB8EEC00A904855
:101D9000D0ED000A20EE200A84ED050A94ED0B0A2E
:101DA000D4ED050A30EE200A84ED0B0A06BBF0EEF6
:101DB000488AB0EE489A002017E004F10C0101EBCC
:101DC000800191ED000A03A901EB800181ED000A79
:101DD00004F10C0101EB800191ED000A694601EB71
:101DE000800181ED000A411CC8B20328E5DB49E00F
:101DF000B4EEE88AF1EE10FA01DDF0EE488AB4EEB6
:101E0000C98AF1EE10FA01D2B0EE489A002037E00C
:101E100004F10C0101EB800191ED000A03A901EB33
:101E20008001D1ED000AB4EEE00AF1EE10FA0ADD0D
:101E300004F10C0101EB800191ED000A03A901EB13
:101E4000800181ED000A04F10C0101EB800191EDAC
:101E5000000A694601EB8001D1ED000AB4EEE00A08
:101E6000F1EE10FA0AD204F10C0101EB800191EDC0
:101E7000000A694601EB800181ED000A411CC8B2ED
:101E80000328C5DB38EEC90A524880ED000A00205D
:101E900012E003A901EB800191ED000A694601EB14
:101EA0008001D1ED000A30EE600A4B4901EB800160
:101EB00081ED000A411CC8B20328EADB454890EDD9
:101EC000000AF6EE000AB4EEE00AF1EE10FA1BDCAE
:101ED000414890ED000ADFED410AB4EEE00AF1EE70
:101EE00010FA11DC90ED010ADFED3C0AB4EEE00AD5
:101EF000F1EE10FA08DC90ED020ADFED380AB4EEDC
:101F0000E00AF1EE10FA00DD0AE09FED350A00F07C
:101F1000AFF9701C86B2334800888642FFF687AE60
:101F200000BFD4ED0C0A2F48008800EE100AB8EE6E
:101F3000400A80EE801A84ED0C1A002015E004F1AE
:101F4000240101EB8001D1ED000A2649098800EE49
:101F5000101AB8EE400A80EE801A04F1240101EB59
:101F6000800181ED001A411CC8B20328E7DBFFF7AE
:101F7000FBFAA220FFF7C0FC022206A92220FFF7ED
:101F80009BFCFFF7E7FA9DF81800C0009DF81910B8
:101F900040EA6115B5F5806F02DBA5F5006005B27A
:101FA00000EE105AF8EEC00AB4EE001A1CE0000071
:101FB00004020020AC38223BB016CE393F161B413C
:101FC000000020420AD7A33B00000000CC01002003
:101FD000D0010020D80100204C2C00209A99193EF5
:101FE0006F12033A08020020B3EE070A00EE810ADE
:101FF00084ED060A34480088401C00B2324908804B
:10200000324890ED000AF6EE000AB4EEE00AF1EE76
:1020100010FA3FF7D3AD94ED0C0ADFED2D0A30EE48
:10202000600AB0EEC00AF6EE000AB4EEE00AF1EE85
:1020300010FAEEDC274890ED000A5FED180AB4EEC6
:10204000E00AF1EE10FAE4DC90ED010A5FED1D0A02
:10205000B4EEE00AF1EE10FADBDC90ED020A5FED7F
:10206000210AB4EEE00AF1EE10FAD2DC94ED090A8E
:10207000B0EEC00ADFED180AB4EEE00AF1EE10FA95
:10208000C7DC94ED0A0AB0EEC00ADFED130AB4EE25
:10209000E00AF1EE10FABCDC94ED0B0AB0EEC00AD7
:1020A000DFED0D0AB4EEE00AF1EE10FAB1DC00BF8C
:1020B00094ED0C0ADFED090A80EE801A84ED081A0F
:1020C00008B0BDEC048B70BDDE010020D8010020FB
:1020D000CDCC1C414C2C00200AD7233CC3F51C411D
:1020E0001B48406800F0006080B31A48406B0068ED
:1020F0001949884205D94FF0006017494C390860EA
:102100001CE01448406B00681149B831884205D979
:102110004FF000601049503908600FE00D48406BE7
:1021200000680B495831884204D94FF000600849D3
:10213000C86003E04FF0006005498860054800680A
:10214000006840F4007003490968086070470000A7
:1021500000600240DC0D00205864024010B50248C7
:1021600001F058FA10BD0000C413002010B5024859
:1021700001F050FA10BD00002414002010B50248F0
:1021800001F048FA10BD00000413002001680A4B5A
:10219000CAB2103AA3FB02321209084B9B5CC3651A
:1021A000032A04D96FF30901091D816502E06FF369
:1021B00009018165806D7047ABAAAAAA522A01085D
:1021C000014600208A6A8B69002B0FD0B3F5005FAF
:1021D0001DD08AB3012A30D0022A2ED0032A04D17E
:1021E000C96A11F0807F00D0012070471AB1012A1E
:1021F00007D0022AF9D1C96A11F0807FF5D00120F9
:102200007047C96AB1F1C07FFAD1012070475AB155
:10221000012A0BD0022A07D0032AF7D1C96AB1F1EB
:10222000C07FF3D10120704701207047C96A11F0C7
:10223000807FFAD001207047FFE70120704700003F
:1022400008B5084840680090074900980968884226
:1022500004D206480068401C0449086002490098FE
:10226000086008BD001000E0700000206C00002035
:102270000C494868F0EE400A00BF0A494968091A4B
:1022800001EE101AF8EE411A074991ED001AB8EE66
:10229000411A20EE811AF4EEC11AF1EE10FAECD3D5
:1022A00070470000001000E06000002010B52DED28
:1022B000028B82B004460E48406801902068019964
:1022C000081A00EE100AF8EE400A0A4890ED000ADB
:1022D000B8EE400A80EE801AB0EE418A0198206084
:1022E000FFF7AEFFB0EE480A02B0BDEC028B10BDA6
:1022F000001000E06000002010B52DED028B00F012
:1023000059F80F4890ED000AB8EE400A808800EEB8
:10231000900AF8EE600A9FED0B1A00EE810A084859
:10232000C08800EE900AF8EE600A9FED071A00EEF2
:10233000810AB0EE408AB0EE480ABDEC028B10BDB7
:10234000580000206F12833ABD378635124909685C
:1023500041F08071104A11600021104A516011460D
:10236000096841F0010111600D4941430D4A1160B6
:10237000114609684FF47A72B1FBF2F10A4A116012
:1023800008490968064AB1FBF2F1084A11600021C8
:10239000074A116070470000FCED00E0001000E00B
:1023A00040420F0060000020640000206800002010
:1023B0006C00002038B5294840680090FFF740FFC6
:1023C000274800684FF0FF31A0FB01310098181832
:1023D00041F10001234A03C2234800232149026836
:1023E00003C9FEF75DFD214A03C220480CC81E4800
:1023F00000680024A2FB001503FB005002FB04024E
:102400001848D0E90030591A60EB0200184AC2E9B6
:10241000001016480068174908601748002314493F
:10242000026803C9FEF73CFD12498880084680888F
:102430001149096841430E48D0E90030591A60F14A
:1024400000000E4AC2E900100D4800230B49026843
:1024500003C9FEF725FD0749C88038BD001000E01C
:102460006C00002078000020600000208000002028
:102470008800002058000020640000209000002008
:1024800068000020704710B5012001F0FFFA10BD70
:1024900010B5082001F0FAFA10BD10B5102001F0B7
:1024A000F5FA10BD10B5202001F0F0FA10BDD2ED04
:1024B000020A92ED021AB6EE000A00EEC10AD2ED4F
:1024C000030A92ED031A00EEC10AD0ED000A20EED5
:1024D000200AD2ED010A92ED021A60EE810A92ED15
:1024E000001AD2ED031A41EE210A90ED011A00EE16
:1024F000810AD2ED010A92ED031A60EE810A92ED93
:10250000001AD2ED021A41EE610A90ED021A00EEB5
:10251000810AF0EE000A20EE200A81ED000A92ED19
:10252000010AD2ED020A20EE200AD2ED000A92ED55
:10253000031A00EEC10AD0ED000A60EE200A92ED07
:10254000011AD2ED011AB6EE000A01EE610AD2EDCF
:10255000031A92ED032AB0EE401A01EEC21AD0ED32
:10256000011AB0EE600A01EE210AD2ED020A92EDE4
:10257000031A60EE810A92ED001AD2ED011A41EEC3
:10258000210A90ED021A00EE810AF0EE000A20EE18
:10259000200A81ED010A92ED010AD2ED030A20EE34
:1025A000200AD2ED000A92ED021A00EE810AD0ED67
:1025B000000A20EE200AD2ED020A92ED031A60EE24
:1025C000810A92ED001AD2ED011A41EE610A90EDF6
:1025D000011A00EE810A92ED011AD2ED011AF6EE0F
:1025E000000A41EE610A92ED021AD2ED021A41EEA2
:1025F000610A90ED021A00EE810AF0EE000A20EE68
:10260000200A81ED020A704770470000002200296D
:1026100005D001291AD002291BD04FF440720E496F
:102620000B6823F440730B600B681A430A600A6856
:1026300022F0F8020A600A68022343EAC00010434D
:102640000860086840F48030086070474FF480727A
:10265000E5E74FF40072E2E7103C024014480168DD
:1026600011F4007F0FD0016821F40071016001684E
:1026700041F400610160016821F4006101600168BA
:1026800041F400710160016811F4806F0FD001689E
:1026900021F480610160016841F4805101600168AA
:1026A00021F480510160016841F48061016070474C
:1026B000003C024008490A6822F440720A600A6835
:1026C00042F004020A600A684FF4803343EA0020B3
:1026D0001043086070470000103C0240064A13682F
:1026E00023F44073136013681360136843F001030D
:1026F0001360017070470000103C02400A49D1F895
:1027000000C02CF4407CC1F800C0D1F800C04CF4EB
:10271000407CC1F800C0D1F800C04CF0010CC1F8F9
:1027200000C0026043607047103C0240074A1368D3
:1027300023F440731360136843F4807313601368C9
:1027400043F001031360018070470000103C024019
:10275000074A136823F440731360136843F400734B
:102760001360136843F001031360016070470000B9
:10277000103C02401A49086810F0100F194805D0A3
:10278000C26942F01002C26110220A600A6812F0A7
:10279000200F05D0C26942F00802C26120220A60FF
:1027A0000A6812F0400F05D0C26942F00402C2610B
:1027B00040220A600A6812F0800F05D0C26942F018
:1027C0000202C26180220A600A6812F0020F05D07C
:1027D000C26942F02002C261022008607047000016
:1027E0000C3C0240F82E002070B50446144900202D
:1027F000C86101F06DFA0646124D286810F4803F5A
:102800000ED0B4F1FF3F07D024B101F061FA801B74
:10281000A04201D9032070BD286810F4803FF0D198
:10282000286810F0010F01D001202860286810F0FE
:10283000F20F03D0FFF79EFF012070BD002070BD96
:10284000F82E00200C3C024038B44FF0000CCDF8BC
:1028500000C090F83C20012A1BD0012280F83C20C7
:102860000A680724092A17D90368DD680A3A02EBC7
:10287000420204FA02F225EA0202DA600A788B6860
:102880000A3A02EB420293400268D4682343D360C1
:1028900014E038BC0220704703681D6902EB420255
:1028A00004FA02F225EA02021A610A788B6802EB46
:1028B0004202934002681469234313614A681F244B
:1028C000072A15D203685D6B521E02EB820204FADE
:1028D00002F225EA02025A630A8893B20A79521E6A
:1028E00002EB820293400268546B234353632CE053
:1028F0000D2A15D203681D6BD21F02EB820204FA67
:1029000002F225EA02021A630A8893B20A79D21FF8
:1029100002EB820293400268146B2343136314E0BA
:102920000368DD6A0D3A02EB820204FA02F225EA3C
:102930000202DA620A8893B20A790D3A02EB820245
:1029400093400268D46A2343D362184A184B046840
:102950009C4206D10C68122C03D1546844F48004C4
:10296000546004689C421CD10B68102B01D0112BC1
:1029700017D1536843F4000353600968102910D13C
:102980000C490D4A0968B1FBF2F101EB81014900E4
:102990000091009929B10099491E009100990029E0
:1029A000F9D180F83CC038BC0020704700230140BA
:1029B000002001403000002040420F0070B5044666
:1029C0000025002C03D0206C002610B107E0012068
:1029D00070BD204600F01EF8666484F83C60206CF0
:1029E00010F0100F04D0012584F83C60284670BD1B
:1029F000206C20F4885040F0020020642046FEF74E
:102A000011FD6664206C20F0020040F0010020649B
:102A1000EAE7000010B586B00446142101A8FEF7CD
:102A200057FB2349206888420FD100BF0020009047
:102A30002048006840F480701E490860084600681D
:102A400000F48070009000BF2FE01B49206888428E
:102A50002BD100BF002000901648006840F4806031
:102A6000144908600846006800F48060009000BFC8
:102A700000BF00BF002000900E481438006840F0EE
:102A800020000C49143908600846006800F0200056
:102A9000009000BF00BF08150190032002900020A5
:102AA000039001A9054800F0FDFF06B010BD00002D
:102AB000002001404438024000220140001402403E
:102AC00090F82020012A07D0022A05D0416A41F45B
:102AD00080214162012070470068426911434161D1
:102AE0000020704770B490F82040D0F800C0DCF8A7
:102AF00008C0012C08D0022C06D0416A41F4802184
:102B0000416270BC012070470CF080640CF00065DD
:102B10002C4302D11CF0805F5FD0CCF3016CBCF180
:102B2000020F06D9416A41F40001416270BC0120E4
:102B30007047012404FA0CF41C608B684FF4C074D5
:102B40009BB1CD6804EB0C162B434D6843EAC503DB
:102B50000568AB514FF4C273066803EB0C130D69A3
:102B6000F550097D012909D00DE00D88CB6804EBF3
:102B70000C1643EA45530568AB51EBE70168CD58A5
:102B800045F48075CD501179D379557941EA0361C7
:102B900093791B0443EA052319434FF4C675036870
:102BA00005EB0C1559511178D37841EA03619378FC
:102BB00052781B0443EA022211434FF4C4730268A3
:102BC00003EB0C13D150016804EB0C100A5842F0CF
:102BD00001020A5070BC00207047416A41F40011A4
:102BE000416270BC0120704790F82020012A07D074
:102BF000022A05D0416A41F48021416201207047D8
:102C00004248D0F8002242F00102C0F80022D0F879
:102C1000002222F47C52C0F80022D0F800224B6A35
:102C200042EA0322C0F800220A7D012302F01F02BB
:102C300003FA02F2D0F81C329343C0F81C32CB697D
:102C4000D3B9D0F80C329343C0F80C32B1F80CC0B1
:102C50004B686CF31F43D1F814C000EBCC0CCCF8DC
:102C60004032B1F808C00B686CF31F43D1F814C0B0
:102C700000EBCC0CCCF84432CB69012B1AD1D0F844
:102C80000C321343C0F80C32B1F800C04B686CF33F
:102C90001F43D1F814C000EBCC0CCCF84032B1F893
:102CA00008C0CB686CF31F43D1F814C000EBCC0C08
:102CB000CCF844328B697BB1D0F804321343C0F8AE
:102CC00004320B6973B1D0F814321343C0F81432D4
:102CD000096A01290CD010E0D0F804329343C0F8FF
:102CE0000432EEE7D0F814329343C0F81432EFE721
:102CF000D0F81C121143C0F81C12D0F8001221F0B9
:102D00000101C0F80012002070470000006400407C
:102D1000704710B490F820C0BCF1010F09D0BCF18D
:102D2000020F06D0416A41F48021416210BC0120AB
:102D3000704739B1D0F800C0DCF810C01CF0030FA8
:102D40007DD006E0D0F800C0DCF80CC01CF0030F0A
:102D50007BD04FF4D87C04680CEB011C54F80C4079
:102D600004F004049460002C7DD0046854F80C40F6
:102D7000E4085460046854F80CC0CCF3400CC2F86A
:102D80000CC04FF4DA7C04680CEB011C54F80C40C6
:102D900004F00F041461046854F80C40C4F30724D1
:102DA0009461046854F80CC04FEA1C4CC2F814C07B
:102DB0004FF4DC72D0F800C002EB01125CF802C0E4
:102DC00083F800C0D0F800C05CF802C04FEA1C2CA9
:102DD00083F801C0D0F800C05CF802C04FEA1C4C78
:102DE00083F802C0D0F800C05CF80220120EDA703E
:102DF0004FF4DE72D0F800C002EB01125CF802C0A2
:102E000083F804C0D0F800C05CF802C04FEA1C2C64
:102E100083F805C0D0F800C05CF802C04FEA1C4C33
:102E200083F806C0D0F800C05CF80220120EDA71F8
:102E3000F9B10068016941F02001016102E00BE095
:102E400003E010E010BC00207047416A41F400111B
:102E5000416210BC01207047416A41F40011416297
:102E600010BC01207047046854F80C40640D1460D5
:102E700080E70068C16841F02001C160DEE72DE90C
:102E8000F05F0546002428684669D0F804908768FA
:102E9000D0F80CA0D0F810B0D0F8188016F0010FC0
:102EA00054D017F0010F17D00121816017F0020FE5
:102EB00003D0284600F068FB0EE017F0040F02D0A4
:102EC0004FF4006408E017F0080F02D04FF480546C
:102ED00002E0284600F057FB17F4807F19D02968DC
:102EE0004FF48070886017F4007F03D0284600F00C
:102EF0004DFB0EE017F4806F02D044F4005408E05C
:102F000017F4006F02D044F4804402E0284600F039
:102F10003CFB17F4803F19D029684FF4803088605B
:102F200017F4003F03D0284600F032FB0EE017F400
:102F3000802F02D044F4004408E017F4002F02D0A0
:102F400044F4803402E0284600F021FB16F0080F1C
:102F500007D01AF0100F04D044F400742968102030
:102F6000C86016F0040F4FF0080707D01AF0080FDA
:102F700004D02868C760284600F000FA16F0020F57
:102F800007D02868C06810F0030F02D0284600F070
:102F9000F7F916F0400F07D01BF0100F04D044F4DF
:102FA000806429681020086116F0200F07D01BF0FC
:102FB000080F04D028680761284600F0AFFA16F021
:102FC000100F07D02868006910F0030F02D02846C0
:102FD00000F0A5FA16F4003F08D019F0100F05D044
:102FE000296810204860284600F09AFA16F4803FBD
:102FF00007D019F0080F04D028684760284600F071
:10300000C8FA16F4004F4AD019F0040F44D016F451
:10301000807F04D018F0010F01D044F0010416F4B1
:10302000007F04D018F0020F01D044F0020416F41F
:10303000806F04D018F0040F01D044F0040416F49B
:10304000006F29D018F0700F26D008F070004028CB
:1030500015D006DC102809D020280AD0302816D137
:103060000AE050280ED0602811D10EE044F0080488
:103070000DE044F010040AE044F0200407E044F0BE
:10308000400404E044F0800401E044F480742868C3
:10309000816921F070018161296804204860002C59
:1030A00005D0686A204368622846FFF731FEBDE814
:1030B000F09F70B50446002C03D094F8200010B1A6
:1030C00004E0012070BD204600F0A8F820680168E7
:1030D00021F00201016000F0FBFD05462068406818
:1030E0004FF0050610F0020F11D000F0F1FD401B6B
:1030F0000A2807D9606A40F40030606284F82060D2
:10310000012070BD2068406810F0020FEDD12068EA
:10311000016841F00101016000F0DAFD0546206818
:10312000406810F0010F11D100F0D2FD401B0A28B9
:1031300007D9606A40F40030606284F820600120A2
:1031400070BD2068406810F0010FEDD0207E01288E
:103150003FD02068016821F080010160607E012875
:103160003DD02068016821F040010160A07E012867
:103170003BD02068016821F020010160E07E012839
:1031800039D02068016841F010010160207F0128DA
:1031900037D02068016821F008010160607F0128B4
:1031A00035D02068016821F004010160E168A06861
:1031B000626908432169114308436168491E084355
:1031C0002168C86100206062012084F8200000208E
:1031D00070BD2068016841F080010160BEE7206891
:1031E000016841F040010160C0E72068016841F0DA
:1031F00020010160C2E72068016821F01001016030
:10320000C4E72068016841F008010160C6E7206852
:10321000016841F004010160C8E7000010B586B004
:103220000446142101A8FDF753FF4E492068884247
:1032300041D14D480068401C4B4908600846006871
:1032400001280FD100BF002000904848006840F0DE
:103250000070464908600846006800F00070009061
:1032600000BF00BF00BF0020009040481038006839
:1032700040F008003D49103908600846006800F039
:103280000800009000BF00BF0320019002200290C0
:1032900000200390032004900920059001A93448E0
:1032A00000F000FC00220621142000F063FF14202F
:1032B00000F052FF54E02F492068884250D100BFEF
:1032C000002000902948006840F08060274908608D
:1032D0000846006800F08060009000BF00BF2248F0
:1032E0000068401C204908600846006801280FD18A
:1032F00000BF002000901D48006840F000701B498E
:1033000008600846006800F00070009000BF00BF31
:1033100000BF0020009015481038006840F00200FF
:103320001249103908600846006800F00200009059
:1033300000BF00BF60200190022002900020039097
:10334000032004900920059001A90B4800F0AAFB76
:1033500000220621402000F00DFF402000F0FCFE7E
:1033600006B010BD00640040240000204038024038
:10337000000C02400068004000040240704700005A
:1033800010B58AB0044601AB03AA00212046FFF71E
:10339000C0FC5B4884427CD10398B0F5017F16D015
:1033A0000ADCA0F24110002860D0C0280CD0C1284F
:1033B0000BD0C2286ED109E0A0F2062040B101284E
:1033C00007D0022866D105E000BF00BF00BF00BFE4
:1033D00000BF00BF0398401E4A49087008460078A5
:1033E00000EB8000484931F8100000B245490978E7
:1033F00001EB8101444A02EB410108819DF805007F
:103400009DF8041040EA01203E49097801EB810152
:1034100022F811009DF807009DF8061040EA0120EF
:1034200000B23849097801EB810102EB4101488083
:103430009DF809009DF8081040EA012000B23149CA
:10344000097801EB810102EB410188809DF80A00B7
:103450002C49097801EB810102EB4101887129496E
:103460000978491CC8B209F01FFF39E09DF8050032
:1034700040B2264908709DF806009DF8071040EA02
:10348000012000B2214948809DF808009DF80910EC
:1034900001E026E023E040EA012000B21B498880D9
:1034A0009DF80A009DF80B1040EA01201749C880DA
:1034B0000846C08800B208810846B0F9080000EE4E
:1034C000100AB8EEC00ADFED120A80EE201A9FED56
:1034D000110A21EE000A084680ED030A00E000BF51
:1034E0000BE00D48844208D10398052803D101A8B8
:1034F000FEF750FB00E000BF00BF0AB010BD0000A7
:10350000380D0020A90000208C180020D4180020BD
:10351000000080470000B443600D002070477047F2
:10352000704770B5044694F82000012805D0606A01
:1035300040F400206062012070BD022084F8200069
:103540002068016821F00101016000F0C1FB05461F
:103550002068406810F0010F12D000F0B9FB401B4A
:103560000A2808D9606A40F400306062052084F8B7
:103570002000012070BD2068406810F0010FECD1E0
:103580000020606270BD7047704770477047704799
:103590007047704710B50446002C02D0607910B116
:1035A00006E0012010BD00202071204600F006F842
:1035B0000220607101206071002010BD08B50A4A28
:1035C000016891420FD100BF0021009107490968AD
:1035D00041F48051054A11601146096801F4805197
:1035E000009100BF00BF08BD0030024030380240EB
:1035F00090F83510022903D08021416501207047E1
:10360000052180F835100068016821F00101016092
:10361000002070472DE9F84304464FF00008CDF82C
:10362000008076484FF416510068B0FBF1F7A56DA5
:103630002E6894F85C00082101FA00F0304211D0A5
:103640002068026812F0040F0CD0026822F0040215
:10365000026094F85C0001FA00F0A860606D40F030
:103660000100606594F85C004FF0010909FA00F070
:10367000304209D02168496911F0800F04D0A86058
:10368000606D40F00200606594F85C100420884092
:10369000304209D02168096811F0020F04D0A860F7
:1036A000606D40F00400606594F85C101020884064
:1036B000304224D02168096811F0080F1FD0A8609B
:1036C0002068016811F4802F0DD0006810F4002FDD
:1036D00004D0A16C99B12046884710E0216C71B1EB
:1036E000204688470BE0016811F4807F03D1016810
:1036F00021F008010160216C09B12046884794F847
:103700005C1020208840304251D02168096811F0B7
:10371000100F4CD0A86094F8350005280DD0206813
:10372000016811F4802F32D0006810F4002F29D0E6
:10373000E16B59B32046884739E02068016821F0E1
:10374000160101602068416921F080014161206C0F
:1037500008B9A06C20B12068016821F0080101605F
:1037600094F85C003F2101FA00F0A86084F83480EE
:1037700084F83590216D00293ED001B02046BDE887
:10378000F0430847616C09B1204688470FE00168A3
:1037900011F4807F07D1016821F01001016084F8E5
:1037A000348084F83590E16B09B120468847606D1C
:1037B000002821D0606D10F0010F15D0052084F88D
:1037C00035002068016821F0010101600098401C6B
:1037D0000090B84204D82068006810F0010FF5D1BD
:1037E00084F8348084F83590E16C002904D001B06D
:1037F0002046BDE8F0430847BDE8F88330000020CC
:103800002DE9F041044600F063FA0546DCB10026DC
:1038100084F83460022084F835002068016821F0C3
:10382000010101602068006810F0010F13D000F062
:103830004FFA401B052809D920206065032084F831
:103840003500BDE8F0810120BDE8F0812068006806
:1038500010F0010FEBD121680868234A1040A368DB
:103860006268D4F810C01A43E36843EA0C031A43B1
:1038700063691A43A3691A43E3691A43236A1A4323
:103880001043626A042A03D1236BE26A1A4310438D
:1038900008602068406920F00701606A40EA01057D
:1038A000012704280ED1A06A0543E06A50B12046E2
:1038B000FEF786FC30B14020606584F83570012049
:1038C000BDE8F081206845612046FEF75FFC94F872
:1038D0005C103F2202FA01F18160666584F8357060
:1038E0000020BDE8F08100003F8010F070B5044674
:1038F00000F0EEF90546B4F1FF3F02D0044800782D
:10390000044400F0E5F9401BA042FAD370BD00006A
:103910007C0500202DE9F04104460F46DFF8988031
:1039200098F8180001280AD0012088F818004CF2F5
:103930005030FEF759FF0246100003D035E0022058
:10394000BDE8F0814FF0FF30386020681B4E012841
:1039500015D0A568E0682844A84224D9217C2846CF
:10396000FEF754FE4CF25030FEF73EFF0246306840
:1039700020F0FA00306010000FD03D6013E0207C92
:103980006168FEF797FE4CF25030FEF72DFF0246BD
:10399000306820F00400306005E06D1CA168E0682C
:1039A0000844A842DAD8FEF759FE002088F818002B
:1039B0001046BDE8F0810000F82E0020103C0240C7
:1039C0000348016841F00041016000207047000099
:1039D000103C02402DE9F0410646884614461D463B
:1039E0001A4F387E012807D0012038764CF250302B
:1039F000FEF7FAFE18B115E00220BDE8F081AEB185
:103A0000012E18D0022E1BD022462B464046FEF730
:103A100075FE4CF25030FEF7E7FE0D490A6822F0C1
:103A200001020A6000213976BDE8F081E1B240462A
:103A3000FEF754FEEDE7A1B24046FEF777FEE8E759
:103A400021464046FEF784FEE3E70000F82E002002
:103A5000103C0240002008490A6812F0004F09D0CB
:103A6000074A064B1360074B1360096811F0004FBB
:103A700000D0012070470000103C02402301674540
:103A8000043C0240AB89EFCD7047000010B50449FB
:103A90000A68024202D00860FFF7F6FF10BD00007E
:103AA000143C01402DE9F84F0022DFF80082DFF8D6
:103AB0000092DFF800A24FF0030E0F27012303FA54
:103AC00002F50B682B40AB427DD1D1F804C0BCF1AC
:103AD000020F02D0BCF1120F12D14FEAD20C00EB50
:103AE0008C0CDCF820605407E40E07FA04FB26EA8D
:103AF0000B06D1F810B00BFA04F43443CCF8204094
:103B000006684FEA420C0EFA0CF4A64391F804B092
:103B10000BF0030B0BFA0CFB4BEA060606604E6833
:103B2000012E05D0022E03D0112E01D0122E11D15C
:103B30008668A643D1F80CB00BFA0CFB4BEA0606DC
:103B40008660466826EA05050E79C6F3001696409B
:103B500035434560C56825EA04048D6805FA0CFC08
:103B60004CEA040CC0F80CC0D1F804C01CF0805F13
:103B70007DD0D8F800C04CF4804CC8F800C0D8F80C
:103B800000C00CF4804CCDF800C022F0030C0CF106
:103B9000804404F59834D4F808C895072D0F07FA27
:103BA00005F62CEA0606A0F1804CBCF5003C64D07A
:103BB000A0F1804CBCF5013C62D0A0F1804CBCF57A
:103BC000023C60D000E052E0A0F1804CBCF5033C28
:103BD0005CD0A0F1804CBCF5043C5AD0A0F1804CE4
:103BE000BCF5053C58D0A0F1804CBCF5063C56D045
:103BF000A0F1804CBCF5073C54D04FF0080C0CFAF7
:103C000005FC4CEA060CC4F808C8D9F800C02CEA38
:103C1000030C4C6814F4803F01D04CEA030CC9F843
:103C200000C0254CD4F800C02CEA030C4D6815F4F4
:103C3000003F01D04CEA030CC4F800C0DAF800C021
:103C40002CEA030C4C6814F4801F01D04CEA030CDE
:103C5000CAF800C0194CD4F800C02CEA030C4D6817
:103C600015F4001F01D04CEA030CC4F800C0521C2C
:103C7000102AFFF423AFBDE8F88F4FF0000CBEE729
:103C80004FF0010CBBE74FF0020CB8E74FF0030C0C
:103C9000B5E74FF0040CB2E74FF0050CAFE74FF07B
:103CA000060CACE74FF0070CA9E7000044380240CF
:103CB000003C0140083C0140043C01400C3C0140F8
:103CC000002A01D0816170470904816170470000BA
:103CD00001488068704700007C05002070B50446EC
:103CE000002C04D094F83D00002510B106E001201E
:103CF00070BD84F83C50204600F0BCF8242084F8C5
:103D00003D002068016821F00101016000F088FF9A
:103D1000544B6168994203D85349884203D304E065
:103D20005249884201D2012070BD5149B0FBF1F1E6
:103D30002268D2F804C02CF03F0C4CEA010CC2F807
:103D400004C062689A4201D84A1C07E04FF4967298
:103D500051434FF47A72B1FBF2F14A1C2168D1F859
:103D600020C02CF03F0C42EA0C020A6261689942C2
:103D700010D84900401EB0FBF1F2521CC2F30B02F6
:103D8000042A01D2042026E0B0FBF1F0401CC0F36D
:103D90000B0020E0A268002A50D001EBC10303EB26
:103DA0000113A0F1010CBCFBF3F35B1C43F4804353
:103DB0001B051B0D4AD0002A4AD001EBC10202EBC1
:103DC0000111401EB0FBF1F0401CC0F30B0040F4A9
:103DD000804040F400402168CA6922F0FF0222F4CA
:103DE0004F421043C861216AE069014320680268BC
:103DF00022F0C00211430160E1682069014320689C
:103E0000826822F0FF0222F4034211438160A1691B
:103E1000606901432068C26822F0FF021143C1605B
:103E20002068016841F0010101602564202084F8C8
:103E30003D00256384F83E50002070BD01EB410336
:103E4000A0F1010CBCFBF3F35B1CB1E70120C2E75E
:103E500001EB4101401EB0FBF1F0401CC0F30B0030
:103E6000B7E70000A086010080841E0000093D0025
:103E700040420F0010B586B00446142101A8FDF79A
:103E800027F973492068884230D100BF0020009094
:103E90007048006840F002006E49086008460068FB
:103EA00000F00200009000BF00BF4FF4407001908E
:103EB000122002900120039003200490042005901A
:103EC00001A96548FFF7EEFD00BF002000906148A2
:103ED0001030006840F400105E4910310860084658
:103EE000006800F40010009000BFAFE05B4920685C
:103EF000884259D100BF002000905648006840F029
:103F00002000544908600846006800F02000009036
:103F100000BF00BF032001901220029001200390F7
:103F2000032004900420059001A94D48FFF7BAFD35
:103F300000BF0020009047481030006840F4800027
:103F40004449103108600846006800F48000009081
:103F500000BF00BF4348444908604FF060604860BC
:103F60004021414881600021C1604FF480610161BE
:103F7000002141618161C1614FF400310162002182
:103F80004162FFF73DFC08B1FEF73EFB00BF36483B
:103F90006063846300BF35480068406840F4006097
:103FA00032490968486051E03149206888424DD162
:103FB00000BF002000902748006840F00400254919
:103FC00008600846006800F00400009000BF00BFD1
:103FD00000BF002000900846006840F00100086023
:103FE0000846006800F00100009000BF00BF4815BF
:103FF00001901220029001200390032004900420DD
:10400000059001A91B48FFF74DFD4FF4807001900A
:1040100012200290012003900320049004200590B8
:1040200001A91548FFF73EFD00BF00200090094898
:104030001030006840F4000006491031086008465E
:10404000006800F40000009000BF00BF06B010BD83
:104050000054004030380240000402400058004044
:1040600000140240B8600240840E0020DC0D0020E5
:10407000005C0040000802400000024002488168E5
:1040800002781144816070477C05002010B50B4810
:10409000016841F400710160016841F480610160D0
:1040A000016841F480710160032000F097F80F204F
:1040B00000F006F800F026F8002010BD003C024099
:1040C00070B504460D4D4FF47A712878B1FBF0F0CD
:1040D0000B490968B1FBF0F001F0F6FA08B10120D4
:1040E00070BD102C07D200222146501E00F042F86D
:1040F0006C60002070BD012070BD00007C050020B8
:104100003000002008B500BF002000901148006872
:1041100040F480400F4908600846006800F4804081
:10412000009000BF00BF00BF00200090081F006883
:1041300040F08050091F08600846006800F0805079
:10414000009000BF00BF00220F21901E00F012F867
:1041500008BD00004438024000280ADB00F01F01BF
:10416000012202FA01F14009800000F1E020C0F8CC
:104170000011704710B4184B1B68C3F30223C3F13E
:10418000070CBCF1040F01D94FF0040C1C1D072CC7
:1041900001D2002300E0DB1E012404FA0CFCACF188
:1041A000010C0CEA0101994004FA03F35B1E1A406A
:1041B0001143002806DB00F1E020090180F800141B
:1041C00010BC704700F00F0000F1E020090180F8FA
:1041D000141D10BC704700000CED00E000F007005B
:1041E000064A11684FF6FF03194041EA002040F0EB
:1041F000FD7040F080601060704700000CED00E042
:10420000704710B50446D4F8040407F0E5FA10BD71
:1042100070B504460D46C5EBC50304F13C0101EB46
:104220008301CA682946D4F8040407F025FA70BD52
:1042300070B504460D46C5EBC50304F5FE7101EBF0
:104240008301CA682946D4F8040407F080FA70BDD7
:1042500010B50446D4F8040407F0C0FA10BD70B5D8
:10426000044601F00F026068824201D9012070BD4E
:1042700001F00F00C0EBC00011F0800F04EB8000D4
:104280004FF001034FF0000503D000F13C014B70EB
:1042900002E000F5FE714D708D700A7094F8BC0359
:1042A000012808D084F8BC33206807F0FFFE84F8AA
:1042B000BC53002070BD022070BD70B5044611F0E3
:1042C000800F01F00F00C0EBC00104EB81014FF043
:1042D000010C4FF0000503D03C3181F801C002E031
:1042E00001F5FE714D7008708A60CB704A7802B19A
:1042F000C880022B00D10D7194F8BC03012808D0AE
:1043000084F8BCC3206807F0A3FD284684F8BC539A
:1043100070BD022070BD10B50C4604F00F0CCCEB44
:10432000CC0100EB810101F5FE71CA604B610023F5
:104330008B614B7081F800C00369012B00D10A61C9
:1043400014F00F0F05D0027C006807F00AFF002070
:1043500010BD027C006807F0E3FDF8E770B5044685
:104360000D46616805F00F00884201D9012070BD3B
:1043700015F0800F4FF000064FF0010206D0C0EBA1
:10438000C00104EB81013C314A7006E0C5EBC50178
:1043900004EB810101F5FE714E708A70087094F88B
:1043A000BC03012808D084F8BC23206807F0AAFECB
:1043B00015F00F0F02D007E0022070BD217C04F53C
:1043C0007172206807F042FE84F8BC63002070BD63
:1043D00010B50C4604F00F0CCCEBCC0100EB8101C6
:1043E0003C31CA604B6100238B6101234B7081F823
:1043F00000C00369012B00D10A6114F00F0F05D032
:10440000027C006807F0ADFE002010BD027C006851
:1044100007F086FDF8E72DE9F05F04462568284699
:1044200007F0D8FF00287ED1206807F0FFFF0028A2
:1044300079D0206807F0FAFF10F0020F04D020684E
:10444000416901F002014161206807F0EFFF10F4BB
:10445000002F4FF001094FF0080A4FF0100B4CD01D
:104460000026206807F0C1FF80465FEA080044D0BC
:1044700018F0010F3BD0F1B2206807F0CFFF0746DC
:1044800017F0010F07D005EB4610C0F8089B314626
:10449000204605F0F3FA17F0080F07D03146204602
:1044A00005F0B8FA05EB4610C0F808AB17F0100F8E
:1044B00003D005EB4610C0F808BB17F0200F0DD055
:1044C0002069012805D104F571720121206807F0E7
:1044D000BDFD05EB46112020C1F8080B17F4005F65
:1044E00005D005EB46114FF40050C1F8080B761CBF
:1044F0004FEA5808B8F1000FBAD1206807F096FFCC
:1045000010F4802F64D0206807F068FF074600266B
:10451000002F5DD017F0010F56D0F1B2206807F0E0
:104520006BFF804600E08BE118F0010F27D006F00A
:104530000F0009FA00F0D5F834188143C5F8341893
:1045400005EB4610C0F808992069012807D1C6EB91
:10455000C60004EB8000426C816C11448164F1B2AE
:104560002046FFF755FE2069012808D13EB9206D8D
:1045700028B904F571720121206807F067FD18F071
:10458000080F03D005EB4610C0F808A918F0100F6B
:1045900003D005EB4610C0F808B918F0400F04D05E
:1045A00005EB46114020C1F8080918F0020F04D0AD
:1045B00005EB46110220C1F8080918F0800F03D05E
:1045C0003146204605F0D2FA761C7F08002FA1D193
:1045D000206807F02BFF10F0004F11D0D5F8040829
:1045E00020F00101C5F8041894F8F40301285BD009
:1045F000204600F051F92068416901F00041416115
:10460000206807F013FF10F4006F0CD0D5F80808ED
:1046100010F0010F02D0204600F06AF920684169CD
:1046200001F400614161206807F000FF10F4805F31
:1046300060D0D5F8040820F00101C5F80418102155
:10464000206807F0A3FE00216068002817D94FF604
:104650007F3205EB4110C0F80829D0F8003923F467
:104660000013C0F80039C0F8082BD0F8003B23F441
:104670000013C0F8003B491C60688842E9D8D5F8AF
:104680001C0840F00111C5F81C18206BA0B1D5F82A
:10469000840840F00B01C5F88418D5F8440840F0B0
:1046A0000B01C5F8441814E0002084F8F40300213D
:1046B0002046FFF7A5FD9EE7D5F8140842F22B012E
:1046C0000143C5F81418D5F8100840F00B01C5F8DF
:1046D0001018D5F8000820F4FE61C5F80018217CF8
:1046E00004F57172206807F0B1FC2068416901F49B
:1046F00080514161206807F099FE10F4005F16D0E8
:10470000206807F0F3FB206807F054FEE06000F03B
:1047100081FA23680146227B184607F0AFFE204647
:1047200000F0A2F82068416901F40051416120685D
:1047300007F07CFE10F0100F36D02068816921F060
:10474000100181612F6A07F00F00C0EBC00004EB7D
:10475000800000F5FE76C7F34340022802D0062809
:1047600012D01CE047F6F070074218D0C7F30A12C7
:1047700017462846F16807F05DFEF0683844F0609F
:10478000B0693844B0610AE0082204F57171284626
:1047900007F050FEB069C7F30A110844B061206801
:1047A000816941F010018161206807F03FFE10F03F
:1047B000080F07D0204600F076F82068416901F024
:1047C00008014161206807F031FE10F4801F08D015
:1047D0000021204600F036F82068416901F480117C
:1047E0004161206807F022FE10F4001F08D000216C
:1047F000204600F030F82068416901F40011416161
:10480000206807F013FE10F0804F07D02046FFF716
:10481000F8FC2068416901F080414161206807F09F
:1048200005FE10F0040F0BD02068456815F0040F4A
:1048300002D02046FFF70CFD206841682943416003
:10484000BDE8F09F70B504460D462946D4F804042F
:1048500006F0EBFF70BD70B504460D462946D4F84E
:10486000040406F0E4FF70BD70B504460125E0685D
:1048700008B9002506E0E068022801D1012501E021
:10488000FDF7C2FE2946D4F8040407F03DF8D4F839
:10489000040406F0FEFF70BD10B50446D4F804040D
:1048A00007F020F810BD10B50446D4F8040407F052
:1048B0001FF810BD10B5044694F8BC0301280BD0B6
:1048C000012084F8BC0384F83810206807F0C4FD88
:1048D000002084F8BC0310BD022010BD10B50446B2
:1048E00004F57171D4F8040407F024F810BD000039
:1048F00010B50446D4F8040407F05EF82068D0F838
:10490000000E40F001002168C1F8000E206A28B1B5
:104910000348006840F006000149086010BD00002F
:1049200010ED00E02DE9F84304464FF0010820782F
:104930004FF0000710F0050F33D0DFF84491C9F8AD
:104940006870FFF7C5F906464E4D286810F0006FF5
:104950000BD0FFF7BDF9801B022802D90320BDE868
:10496000F883286810F0006FF3D16068217A800125
:1049700040EA017044490860C9F86880FFF7A8F967
:104980000646286810F0006F0BD1FFF7A1F9801BD5
:10499000022802D90320BDE8F883286810F0006FD0
:1049A000F3D0207810F0020F5CD03848016841F055
:1049B00080510160006800F080500090344D2868FC
:1049C00040F480702860FFF783F90646286810F4E9
:1049D000807F0BD1FFF77CF9801B022802D90320CE
:1049E000BDE8F883286810F4807FF3D0294D28684B
:1049F00000F4407028B3A18901F44071814220D0B5
:104A0000286820F440702449C1F800800F602860B5
:104A1000286810F0010F14D0FFF75AF906462868ED
:104A200010F0020F0DD141F28837FFF751F9801BCA
:104A3000B84202D90320BDE8F883286810F0020FBD
:104A4000F3D0E0684FF4407131EA000213490CD012
:104A5000086820F4F81008602868A189C1F30B01E8
:104A6000084328600020BDE8F8830A6820F44070FD
:104A700022F4F81220F0704010430860ECE70000C8
:104A8000000047420038024084380240403802406B
:104A90000070004070380240400E47420838024023
:104AA0002DE9F04704460D46002C13D0DFF8509155
:104AB000D9F80000EFB200F00F00A8420DD289F83B
:104AC0000070D9F8000000F00F00A84205D00120C6
:104AD000BDE8F0870120BDE8F0872068494E10F05E
:104AE000020F14D010F0040F03D0306840F4E050EF
:104AF0003060207810F0080F03D0306840F4604038
:104B000030603068A16820F0F00008433060207801
:104B100010F0010F3ED060683B49012808D0022800
:104B20000DD003280BD0096811F0020F28D00AE03D
:104B3000096811F4003F06D10120BDE8F08709683B
:104B400011F0007F19D0316821F003010843306073
:104B5000FFF7BEF880463068616800F00C00B0EBEB
:104B6000810F17D041F2883AFFF7B2F8A0EB0800A6
:104B7000504508D90320BDE8F0870120BDE8F08743
:104B80000120BDE8F0873068616800F00C00B0EBF0
:104B9000810FE9D1D9F8000000F00F00A8420AD92E
:104BA00089F80070D9F8000000F00F00A84202D088
:104BB0000120BDE8F087207810F0040F05D03068A0
:104BC000E16820F4E05008433060207810F0080FCE
:104BD00006D03068216920F4604040EAC1003060AE
:104BE00000F03EF83168094AC1F30311515CC84036
:104BF000074908600F20FFF763FA0020BDE8F0873F
:104C0000003C02400838024000380240EC23010812
:104C1000300000200148006870470000300000208C
:104C200000B5FFF7F7FF04490968044AC1F3822180
:104C3000515CC84000BD000008380240FC23010858
:104C400000B5FFF7E7FF04490968044AC1F34231A0
:104C5000515CC84000BD000008380240FC23010838
:104C600010B51748006810F00C01164816D0164B06
:104C7000042912D0082911D1144C216801F03F02F7
:104C8000216811F4800F0AD02068C0F38810A0FBBF
:104C900003010023FCF704F909E0184610BD216860
:104CA0000023C1F38811A1FB0001FCF7F9F821688A
:104CB000C1F30141491C4900B0FBF1F010BD0000F7
:104CC000083802400024F400001BB70004380240FA
:104CD0002DE9F84F0446002C10D02078FA4D10F042
:104CE000010F64D0F948016801F00C0104290DD0CE
:104CF000006800F00C00082803D011E00120BDE896
:104D0000F88FF348006810F4800F09D0286810F479
:104D1000003F4CD06068002849D10120BDE8F88FE1
:104D20006068B0F5803F14D0B0F5A02F16D0286889
:104D300020F480302860286820F480202860606893
:104D400010B3FEF7C5FF0646286810F4003F0ED0EA
:104D50002DE0286840F480302860F0E7286840F4AF
:104D600080202860286840F480302860E7E7FEF75C
:104D7000AFFF801B642802D90320BDE8F88F2868A4
:104D800010F4003FF3D012E0FEF7A2FF06462868B9
:104D900010F4003F0BD0FEF79BFF801B642802D964
:104DA0000320BDE8F88F286810F4003FF3D1207885
:104DB000C84F10F0020F4FF0000856D0C3480168EA
:104DC00011F00C0F15D0006800F00C00082804D179
:104DD000BF48006810F4800F0BD0E06878B3012062
:104DE0003860FEF775FF0646286810F0020F12D0F3
:104DF0001DE0286810F0020F05D0E068012802D0FD
:104E00000120BDE8F88F2868216920F0F80040EA09
:104E1000C100286029E0FEF75BFF801B022802D951
:104E20000320BDE8F88F286810F0020FF3D028683F
:104E3000216920F0F80040EAC100286015E0FFE792
:104E4000C7F80080FEF744FF0646286810F0020FFE
:104E50000BD0FEF73DFF801B022802D90320BDE8DE
:104E6000F88F286810F0020FF3D1207810F0080FA7
:104E700033D09948DFF864926169B9B101210160CA
:104E8000FEF726FF0646D9F8000010F0020F24D1E5
:104E9000FEF71EFF801B022802D90320BDE8F88F11
:104EA000D9F8000010F0020FF2D016E0C0F8008030
:104EB000FEF70EFF0646D9F8000010F0020F0CD0E6
:104EC000FEF706FF801B022802D90320BDE8F88FF9
:104ED000D9F8000010F0020FF2D1207810F0040F82
:104EE00073D04FF00009DFF8F8A1DAF8000010F0F5
:104EF000805F0CD1DAF8000040F08050CAF8000062
:104F0000DAF8000000F0805000904FF00109DFF85F
:104F1000D4B1DBF8000010F4807F1AD1DBF8000078
:104F200040F48070CBF80000FEF7D2FE0646DBF8B6
:104F3000000010F4807F0CD1FEF7CAFE801B02280F
:104F400002D90320BDE8F88FDBF8000010F4807F61
:104F5000F2D0A068DFF890B1012818D005281DD044
:104F6000DBF8000020F00100CBF80000DBF80000C7
:104F700020F00400CBF80000A06838B3FEF7A8FECC
:104F80000646DBF8000010F0020F14D03CE0DBF81E
:104F9000000040F00100CBF80000EDE7DBF8000076
:104FA00040F00400CBF80000DBF8000040F0010006
:104FB000CBF80000E0E7FEF78BFE811B41F2883062
:104FC000814204D90320BDE8F88F26E005E0DBF834
:104FD000000010F0020FEED016E0FEF779FE064654
:104FE000DBF8000010F0020F0ED0FEF771FE811BFF
:104FF00041F28830814202D90320BDE8F88FDBF806
:10500000000010F0020FF0D1B9F1010F05D1DAF86C
:10501000000020F08050CAF80000A069E8B32B49D6
:10502000096801F00C0108296BD0022810D0C7F8DC
:105030006080FEF74DFE0446286810F0007F5ED0C9
:10504000FEF746FE001B022855D90320BDE8F88F65
:10505000C7F86080FEF73CFE0646286810F0007F27
:105060000BD0FEF735FE801B022802D90320BDE8D5
:10507000F88F286810F0007FF3D1216AE069A26AF6
:105080000843616A4FF0FF33890103EB520241EAA2
:105090000241084394F82C1000E030E040EA01613E
:1050A0000B48016001203866FEF712FE04462868AE
:1050B00010F0007F23D1FEF70BFE001B022815D94C
:1050C0000320BDE8F88F1CE0003802400838024099
:1050D0000438024000004742800E474274380240C4
:1050E000403802400070004070380240286810F0DC
:1050F000007FE0D003E0286810F0007FA0D10020FE
:10510000DFE70120DDE770B50446002C03D06079AD
:10511000002510B105E0012070BD2571204600F08A
:105120000DF8022060712068016841F004010160FF
:1051300001206071A560002070BD000008B50A4A1A
:10514000016891420FD100BF002100910749096811
:1051500041F04001054A11601146096801F0400123
:10516000009100BF00BF08BD00080650343802405F
:1051700070B50446002C02D0607F10B106E001201B
:1051800070BD00202077204600F050F802206077A4
:105190002168CA204862216853204862204605F0F1
:1051A00027FAFF25042620B1206845626677012092
:1051B00070BD2068816821F0400121F4E001816028
:1051C0002068816862686369114322691A43114348
:1051D00081602168E068086120680169228941EAEC
:1051E000024101612068C16821F08001C16020682E
:1051F000806810F0200F08D1204600F023F820B17D
:10520000206845626677012070BD2068016C21F43A
:10521000802101642068016CA26911430164206847
:10522000456201206077002070BD0000034A0168DC
:10523000914202D10121024A1160704700280040CA
:105240003C0E474270B504462068C16821F0A001B9
:10525000C160FEF73DFD05462068C06810F0200FD4
:105260000CD1FEF735FD401BB0F57A7F01D9032044
:1052700070BD2068C06810F0200FF2D0002070BD13
:1052800070B50446002C05D00025A56294F85100A5
:1052900010B106E0012070BD84F85050204600F0A7
:1052A00031F8022084F851002068016821F04001A3
:1052B0000160A168606822690843E16811430843FE
:1052C00061690843218B01F400710843E1690843D7
:1052D000216A0843A16A084321680860A069042183
:1052E00001EA1040616A0843216848602068C1698A
:1052F00021F40061C1616565012084F8510000203E
:1053000070BD000010B586B00446142101A8FBF75B
:10531000DFFE6749206888427ED100BF00200090F0
:105320006448006840F4805062490860084600689C
:1053300000F48050009000BF00BF00BF002000902C
:105340005C481438006840F002005A49143908607B
:105350000846006800F00200009000BF00BF00BFD8
:10536000002000900846006840F0010008600846F0
:10537000006800F00100009000BF00BF18200190FD
:105380000220029001200390032004900520059044
:1053900001A94948FEF786FB802001900220029077
:1053A00001200390032004900520059001A94348A3
:1053B000FEF778FB4248434908604FF0C060486000
:1053C000002140488160C1604FF48061016100218B
:1053D00041618161C1614FF440310162002141624C
:1053E000FEF70EFA08B1FDF70FF900BF3548E0648B
:1053F000846300BF32481830334908604FF0C06002
:1054000048604021304881600021C1604FF48061D4
:1054100001610021416100E010E08161C1614FF450
:105420000031016200214162FEF7EAF908B1FDF79F
:10543000EBF800BF2448A064846336E02349206869
:10544000884232D100BF002000901A48001F006837
:1054500040F480401749091F08600846006800F4BE
:105460008040009000BF00BF00BF002000901148A6
:105470001438006840F002000E49143908600846EC
:10548000006800F00200009000BF00BF4FF46040D1
:105490000190022002900120039003200490052037
:1054A000059001A90448FEF7FDFA06B010BD000002
:1054B0000030014044380240000402400000024035
:1054C00040640240C40F0020241000200038004037
:1054D0002DE9F84F04460A9E8A4693461F46012549
:1054E0004FF0000894F8500001280ED0012084F8F5
:1054F0005000FEF7EDFB814694F8510061680128E9
:105500000ED0B1F5827F07D102E00220BDE8F88F0E
:10551000A16809B9042803D04FF0020800F0CBB805
:10552000BAF1000F1DD0BBF1000F1AD0380018D00F
:1055300094F85100042802D0052084F8510000207E
:105540006065C4F838B0E787A787C4F830A0E7865D
:10555000A786206460642068016811F0400F03D0C2
:1055600006E04FF00108A6E0016841F0400101604B
:10557000E068B0F5006F05D06068002848D0012FC2
:1055800046D07EE0606808B1012F3AD1206B2168D7
:105590000088C860206B801C2063E08E401EE0867F
:1055A0002FE02068816811F0020F0DD0E18E59B113
:1055B000012D09D1216B0988C160206B801C2063FB
:1055C000E08E401EE08600252068816811F0010F02
:1055D0000BD0E18F49B1C068A16B0880A06B801C23
:1055E000A063E08F401EE0870125FEF771FBA0EB72
:1055F0000900B04205D3B6F1FF3F02D04FF00308D7
:1056000059E0E08E0028CCD1E08F0028C9D13EE0DF
:10561000206B216800780873206B401C2063E08EAB
:10562000401EE0862DE02068816811F0020F0DD049
:10563000E18E59B1012D09D1216B09780173206BDD
:10564000401C2063E08E401EE086002520688168B3
:1056500011F0010F0BD0E18F49B1C068A16B087048
:10566000A06B401CA063E08F401EE0870125FEF781
:105670002FFBA0EB0900B04202D3B6F1FF3F11D1DE
:1056800086B1E08E0028CED1E08F0028CBD14A46EB
:105690003146204604F0CEFF38B14FF001082020FB
:1056A000606508E04FF0030805E0A06818B92068BD
:1056B000C16880680090012084F85100002084F8BF
:1056C00050004046BDE8F88F401EB0F1807F01D306
:1056D000012070474FF0E0214861044AF02010702B
:1056E00000208861072008610020704723ED00E05A
:1056F0007047704790F83C20012A2CD0012280F896
:105700003C20CA680023D1F808C022F4407242EA63
:105710000C02D1F804C022F4806242EA0C02D1F8F3
:1057200000C022F4006242EA0C02D1F810C022F458
:10573000805242EA0C02D1F814C022F4005242EA2C
:105740000C02C96922F4804211430268516480F856
:105750003C30002070470220704730B490F83C2065
:10576000012A1ED0012480F83C40022280F83D200E
:105770000268D2F804C093682CF0700C0D6845EAFA
:105780000C0C23F0800349681943C2F804C0026876
:10579000916080F83D40002180F83C1030BC002032
:1057A000704730BC0220704710B50446002C03D06F
:1057B00094F83D0010B107E0012010BD002084F8EE
:1057C0003C00204600F00CF8022084F83D00211D2A
:1057D000206805F073F8012084F83D00002010BD1A
:1057E00038B504464E49206888420FD100BF0020DA
:1057F00000904C48006840F001004A4908600846A3
:10580000006800F00100009000BF88E02068B0F15F
:10581000804F1AD100BF002000904248001F00684E
:1058200040F001003F49091F08600846006800F089
:105830000100009000BF00BF002205211C20FEF7E0
:1058400099FC1C20FEF788FC69E0374920688842F3
:1058500011D100BF002000903248001F006840F0C6
:1058600002003049091F08600846006800F0020085
:10587000009000BF53E02D492068884211D100BF3D
:10588000002000902748001F006840F004002549D0
:10589000091F08600846006800F00400009000BF7F
:1058A0003DE023492068884211D100BF00200090CC
:1058B0001C48001F006840F008001A49091F0860D2
:1058C0000846006800F00800009000BF27E0194972
:1058D000206888420FD100BF002000901148006866
:1058E00040F002000F4908600846006800F002001E
:1058F000009000BF13E01049206888420FD100BF1C
:10590000002000900748006840F400300549086016
:105910000846006800F40030009000BF00BF38BDAA
:1059200000000140443802400004004000080040EC
:10593000000C00400004014000440140022180F8B6
:105940003D1001688A6802F00702062A03D00A683F
:1059500042F001020A60012180F83D1000207047EA
:105960000168CA6842F00102CA600068816801F0FB
:105970000701062903D0016841F001010160002000
:10598000704770B5044694F83C00012818D00125F2
:1059900084F83C50022084F83D002068826822F0A0
:1059A000770222F47F4282600868502832D00EDCF1
:1059B00020284DD006DC00284AD010284DD147E0E1
:1059C000022070BD302843D0402846D136E0602800
:1059D0002AD0702806D0B0F5805F3ED0B0F5005FC9
:1059E0003BD10BE0CB684A688968206804F0DBFF94
:1059F0002068816841F0770181602EE0CB684A68B9
:105A00008968206804F0CFFF2068816841F48041F4
:105A1000816022E0CA684968206805F0D0F850210A
:105A2000206804F0CBFF18E0CA684968206805F0D8
:105A3000D9F86021206804F0C1FF0EE0CA68496807
:105A4000206805F0BCF84021206804F0B7FF04E0AE
:105A500022680146104604F0B1FF84F83D50002052
:105A600084F83C0070BD704770B504462068016939
:105A70004FF0000511F0020F17D0C16811F0020FAE
:105A800013D0E91E0161012020772068806910F0A1
:105A9000030F03D02046FFF7E6FF05E0204600F0A5
:105AA000FDF9204600F086FA25772068016911F09B
:105AB000040F18D0C16811F0040F14D06FF0040166
:105AC0000161022020772068806910F4407F03D0B4
:105AD0002046FFF7C8FF05E0204600F0DFF920462A
:105AE00000F068FA25772068016911F0080F18D0D6
:105AF000C16811F0080F14D06FF008010161042093
:105B000020772068C06910F0030F03D02046FFF70C
:105B1000AAFF05E0204600F0C1F9204600F04AFA4D
:105B200025772068016911F0100F18D0C16811F0B5
:105B3000100F14D06FF01001016108202077206849
:105B4000C06910F4407F03D02046FFF78CFF05E0CA
:105B5000204600F0A3F9204600F02CFA25772068B3
:105B6000016911F0010F09D0C16811F0010F05D0D2
:105B70006FF001010161204600F03EFA20680169E2
:105B800011F0800F09D0C16811F0800F05D06FF0BF
:105B9000800101612046FFF7ABFD2068016911F02B
:105BA000400F09D0C16811F0400F05D06FF04001DF
:105BB0000161204600F021FA2068016911F0200FF0
:105BC0000BD0C16811F0200F07D06FF020010161E8
:105BD0002046BDE87040FFF78CBD70BD10B586B0A3
:105BE0000446142101A8FBF773FA994920688842FA
:105BF00032D100BF002000909648006840F01000AD
:105C0000944908600846006800F01000009000BF4A
:105C100000BF4FF4D4400190022002900120039075
:105C2000022004900120059001A98B48FDF73AFF5E
:105C30008A48FFF783FE0021884800F0BCF9042160
:105C4000864800F0B8F90821844800F0B4F90C2126
:105C5000824800F0B0F9F9E081492068884224D1F7
:105C600000BF002000907B48006840F004007949A4
:105C700008600846006800F00400009000BF00BF04
:105C800088150190022002900120039002200490C8
:105C9000059001A97348FDF705FF7348FFF74EFE15
:105CA0000821714800F087F9D0E0704920688842E7
:105CB0001FD100BF002000906648006840F0080037
:105CC000644908600846006800F00800009000BFC2
:105CD00000BF4FF480400190022002900120039009
:105CE000032004900220059001A96148FDF7DAFE27
:105CF000ACE060492068884234D15F48FFF71EFE5F
:105D000008215D4800F057F900BF0020009051487D
:105D1000006840F080004F4908600846006800F0C5
:105D20008000009000BF00BF4FF4E05001900220BF
:105D300002900120039002200490059001A94F4891
:105D4000FDF7B0FE4E48FFF7F9FD00214C4800F08A
:105D500032F904214A4800F02EF90821484800F0A1
:105D60002AF973E047492068884246D100BF0020E5
:105D700000903848006840F4807036490860084652
:105D8000006800F48070009000BF00BF00BF0020DA
:105D900000900846006840F004000860084600686B
:105DA00000F00400009000BF00BF402001900220DE
:105DB000029001200390022004900320059001A985
:105DC0003148FDF76FFE4020019002200290012033
:105DD0000390022004900320059001A92148FDF7BB
:105DE00061FE2A48FFF7AAFD0021284800F0E3F8E9
:105DF0000421264800F0DFF828E025492068884281
:105E000024D100BF002000901248006840F020001C
:105E1000104908600846006800F02000009000BFAC
:105E200000BF402001900220029001200390022038
:105E300004900320059001A91648FDF733FE16488B
:105E4000FFF77CFD0021144800F0B5F806B010BD46
:105E50000000014030380240001002408410002051
:105E60000004004000080240041100200008004027
:105E7000000C0240000C004044110020001C0240B5
:105E8000841100200004014000200240C4110020C1
:105E9000004401400014024004120020704770B515
:105EA00004460D4694F83C0001280DD0012684F8E4
:105EB0003C60022084F83D0042B1042A1AD0082A2E
:105EC0002DD00C2A53D13EE0022070BD2946206817
:105ED00004F07CFD2068816941F00801816120683F
:105EE000816921F004018161206881692A69114377
:105EF00081613CE02946206804F0A0FD20688169AA
:105F000041F4006181612068816921F480618161CF
:105F1000206881692A6941EA0221816127E02946D6
:105F2000206804F0C7FD2068C16941F00801C16123
:105F30002068C16921F00401C1612068C1692A6932
:105F40001143C16113E02946206804F0EFFD206889
:105F5000C16941F40061C1612068C16921F48061B7
:105F6000C1612068C1692A6941EA0221C16184F8DE
:105F70003D60002084F83C0070BD10B50446002C44
:105F800003D094F83D0010B107E0012010BD0020BF
:105F900084F83C00204600F00CF8022084F83D0014
:105FA000211D206804F08AFC012084F83D000020B7
:105FB00010BD7047704710B504460122206804F0F8
:105FC000E3FC2168A1F18040B0F5803004D0A1F15C
:105FD0008040B0F5823003D1486C40F40040486402
:105FE0002068816801F00701062903D0016841F0AB
:105FF00001010160002010BD70477047704700002C
:1060000010B5044622681068D168526900F00F0389
:10601000002B0AD110F0200F07D011F0200F04D070
:106020002046BDE8104004F012BE002B6BD002F0F9
:10603000010301F4907C53EA0C0364D010F0010FCB
:1060400006D011F4807F03D0E36B43F00103E363D8
:1060500010F0040F06D012F0010F03D0E36B43F0F1
:106060000203E36310F0020F06D012F0010F03D019
:10607000E36B43F00403E36310F0080F06D012F063
:10608000010F03D0E26B42F00802E263E26B002AE8
:106090002ED010F0200F05D011F0200F02D0204696
:1060A00004F0D5FD20684069C0F38010E16B11F069
:1060B000080F00D108B3204604F0AEFD2068416906
:1060C00011F0400F15D0416921F040014161606B32
:1060D00058B118490165606BFDF78AFA002807D0AE
:1060E000606B016DBDE8104008472046FFF786FF52
:1060F00010BD2046FFF782FF10BD2046FFF77EFF50
:106100000020E06310BD10F0800F07D011F0800F69
:1061100004D02046BDE8104004F088BF10F0400FC6
:10612000F0D011F0400FEDD02046BDE8104004F053
:1061300081BD000009AC000870B50446002C04D0F5
:1061400094F83900002510B106E0012070BD84F8F4
:106150003850204600F022F8242084F839002068C6
:10616000C16821F40051C160204604F0BFFD2068E1
:10617000016921F4904101612068416921F02A01FF
:1061800041612068C16841F40051C160E56320208D
:1061900084F8390084F83A00002070BD10B586B04C
:1061A0000446142101A8FAF793FFAF4920688842FA
:1061B00078D100BF00200090AC48006840F010008B
:1061C000AA4908600846006800F01000009000BF6F
:1061D00000BF00BF00200090A4481438006840F0C1
:1061E0000200A249143908600846006800F0020065
:1061F000009000BF00BF00BF00200090084600686C
:1062000040F0010008600846006800F001000090BE
:1062100000BF00BF80200190022002900120039067
:10622000032004900720059001A99148FDF73AFC4E
:106230004FF400700190022002900120039003208F
:1062400004900720059001A98A48FDF72BFC8A4895
:106250008A4908604FF000604860402187488160AB
:106260000021C1604FF480610161002141618161C1
:10627000C1614FF48031016200214162FDF7C0FA33
:1062800008B1FCF7C1F900BF7C482063846300BFFC
:10629000002205212520FDF76DFF2520FDF75CFF7D
:1062A000DFE0FFE77649206888425BD100BF00202D
:1062B00000906E48001F006840F480206B49091F61
:1062C00008600846006800F48020009000BF00BF0E
:1062D00000BF0020009065481438006840F00400BA
:1062E0006249143908600846006800F00400009014
:1062F00000BF00BF4FF440600190022002900120D7
:106300000390032004900720059001A95D48FDF744
:10631000C9FB5D485D4908604FF00060486000219E
:106320005A488160C1604FF4806101610021416180
:106330008161C1614FF40031016200214162FDF7CA
:106340005FFA08B1FCF760F900BF504860638463EE
:1063500000BF002204212720FDF70CFF2720FDF7B6
:10636000FBFE7EE04A49206888427AD100BF0020C7
:1063700000903E48006840F020003C490860084614
:10638000006800F02000009000BF00BF00BF0020A8
:10639000009036481438006840F040003349143902
:1063A00008600846006800F04000009000BF00BF91
:1063B0004FF48440019002200290012003900320BA
:1063C00004900820059001A93248FDF76BFB2A488C
:1063D0009038314908608005486000212E4881606E
:1063E000C1604FF480610161002141618161C1613F
:1063F0004FF40031016200214162FDF701FA08B15A
:10640000FCF702F900BF24486063846300BF1A48A8
:106410001838224908604FF02060486040211F482A
:1064200081600021C1604FF4806101610021416100
:106430008161C1614FF48031016200214162FDF749
:10644000DFF908B1FCF7E0F800BF1448206384636B
:1064500000BF002205214720FDF78CFE4720FDF7F5
:106460007BFE06B010BD0000001001404438024021
:106470000004024000000240B864024004130020FF
:1064800000480040000802402860024064130020D9
:106490000014014000180240C413002024140020FE
:1064A00090F83A30202B01D002207047F9B1F2B1B8
:1064B00090F83830012B1CD081628285C285002182
:1064C000C163222280F83A2080F838100168CA6837
:1064D00042F48072CA6001684A6942F001024A616E
:1064E0000068C16841F02001C160002070470120B0
:1064F000704702207047000070B505463349286890
:10650000884262D1324804783248007888B9A52C94
:106510000BD1314801880088401C2F4A10802F4839
:10652000445401202B49087049E000202A49088082
:1065300045E02848007801281BD1274801880088B9
:10654000401C254A108025484454104600880228E3
:1065500035D122480178A52905D1417819B9022100
:106560001C4A117004E000211B4A1180194A117065
:1065700025E018480078022821D1174801880088B2
:10658000401C154A108015484454104600880E28B7
:1065900015D1124E0C360E21104809F069FD40B19C
:1065A0000F49A6F10A0002680A6042684A60008941
:1065B00008810020084908800649087000BF0122B0
:1065C00003490848FFF76CFF00BF70BD0010014091
:1065D000B8010020BC010020BA010020F42B0020EB
:1065E000022C0020441200202DE9F84304460D46F9
:1065F00091461E4694F83900202802D00220BDE8BA
:10660000F8834DB3B9F1000F26D094F83800012873
:1066100025D0012084F838000027E763212084F882
:106620003900FDF755FB8046A4F82490A4F8269085
:10663000E08CA0B3E08C401EE084A068B0F5805FE1
:1066400010D04346002280212046009604F021FD10
:10665000F0B10320BDE8F8830120BDE8F8830220F3
:10666000BDE8F8834346002280212046009604F0CE
:1066700010FD10B10320BDE8F88328882168C0F31D
:1066800008004860206908B16D1C05E0AD1C03E0FE
:10669000216815F8010B4860E08C0028CAD14346F8
:1066A000002240212046009604F0F3FC10B10320A4
:1066B000BDE8F883202084F8390084F83870002081
:1066C000BDE8F88390F83930202B01D002207047C4
:1066D000A9B1A2B190F83830012B12D001628284A6
:1066E000C2840021C163212280F8392080F838104B
:1066F0000068C16841F08001C1600020704701203E
:10670000704702207047704770B50446002020741F
:10671000A37B484D2D8803FB05F26168D4F8F40093
:10672000FAF77AFCA27B434B1B8802FB03F16068FB
:10673000FAF7CEFCA27B3F4B1B885A43A37B02FB9C
:1067400003F1D4F81801FAF7C3FC227B394B1B88FC
:106750005A43A37B02FB03F1D4F80C01FAF7B8FC0F
:10676000002031E0D4F8F41001EB800191ED000A33
:10677000B5EEC00AF1EE10FA24D0D4F8F41001EB13
:10678000800191ED000A227CD4F8F41001EB820123
:1067900081ED000A227C616A8854A16901EB8001C5
:1067A00091ED000A6169095C227B237C12FB0311D5
:1067B000491ED4F80C2102EB810181ED000A217CF5
:1067C000491C2174411CC8B2A17B8142CADC002053
:1067D00011E0626A125CE16901EB820191ED000A4D
:1067E000227C00FB0202D4F8181101EB820181ED3A
:1067F000000A411CC8B2217C8142EADC207CA4F85A
:106800007800217B7A200153207BA4F88000217C32
:1068100082200153207CA4F89000217C9220015317
:10682000207BA4F89800217C9A200153207CA4F8B6
:10683000480070BD5C05002000BFFEE770B52DED7F
:10684000088B86B004460D46164694ED040ACA48E5
:10685000D0ED000A30EE600AB0EEC00ADFEDC70AE4
:10686000B4EEE00AF1EE10FA22DC94ED050AC44819
:10687000D0ED000A30EE600AB0EEC00ADFEDBF0ACC
:10688000B4EEE00AF1EE10FA12DC94ED060ABD480F
:10689000D0ED000A30EE600AB0EEC00ADFEDB70AB4
:1068A000B4EEE00AF1EE10FA02DC207800287DD088
:1068B00094ED040ADFEDB40A80EE201AB0EE41BA7E
:1068C000B0EE4B0AF9F754FDF0EE408A94ED050A5C
:1068D000DFEDAD0A80EE201AB0EE41BAB0EE4B0A01
:1068E000F9F746FDF0EE40AA94ED060ADFEDA60AA0
:1068F00080EE201AB0EE41BAB0EE4B0AF9F738FD3F
:10690000B0EE409A94ED040ADFED9F0A80EE201A63
:10691000B0EE41BAB0EE4B0AF9F766FDB0EE40AA10
:1069200094ED050ADFED980A80EE201AB0EE41BA28
:10693000B0EE4B0AF9F758FDF0EE409A94ED060AD6
:10694000DFED910A80EE201AB0EE41BAB0EE4B0AAC
:10695000F9F74AFDB0EE408A68EE890A2AEE291A54
:10696000B0EE480A41EE000A8848C0ED000A2AEE5F
:106970008A0A874880ED000AB0EE480A28EE800AAD
:1069800069EE0A0A00EEE90A824880ED000A68EE24
:10699000A90AB0EE480A20EE800A09EE4A0A7E48AB
:1069A00080ED000A28EEAA0A7C4800E021E080ED94
:1069B000000AF1EE4A0AB0EE480A20EE800A68EEBC
:1069C000890A00EEE90A764880ED000AF1EE6A0ACB
:1069D000B0EE480A20EE800A724880ED000A724844
:1069E000C0ED009A2AEE890A704880ED000A002066
:1069F0002070002011E005EB800191ED000A211DBF
:106A000001EB8001D1ED000A20EE200A03A901EB81
:106A1000800181ED000A411CC8B20328EBDB9DED2B
:106A2000030A5A48D0ED000A20EE200ADDED040AE0
:106A3000574890ED001A01EE200ADDED050A554891
:106A400090ED001A01EE200A85ED000A9DED030A83
:106A50005148D0ED000A20EE200ADDED040A4F482F
:106A600090ED001A01EE200ADDED050A4C4890ED8C
:106A7000001A01EE200A85ED010A9DED030A49483E
:106A8000D0ED000A20EE200ADDED040A464890ED24
:106A9000001A01EE200ADDED050A444890ED001AC7
:106AA00001EE200A85ED020A00200AE006EB8001D3
:106AB00091ED000A694601EB800181ED000A411C5D
:106AC000C8B20328F2DB9DED000A3048D0ED000A81
:106AD00020EE200ADDED010A2D4890ED001A01EEAE
:106AE000200ADDED020A2B4890ED001A01EE200A83
:106AF00086ED000A9DED000A2748D0ED000A20EE41
:106B0000200ADDED010A254890ED001A01EE200A69
:106B1000DDED020A224890ED001A01EE200A86ED12
:106B2000010A9DED000A1F48D0ED000A20EE200A60
:106B3000DDED010A1C4890ED001A01EE200ADDEDA2
:106B4000020A1A4890ED001A01EE200A86ED020AA8
:106B500094ED040A084880ED000A94ED050A0848FF
:106B600080ED000A94ED060A064880ED000A06B0A2
:106B7000BDEC088B70BD00003C0100206F12833A11
:106B80004001002044010020E12E65424801002020
:106B90004C01002050010020540100205801002029
:106BA0005C010020600100206401002068010020D9
:106BB00010B5044654F8EC0F90ED000A834880EDC0
:106BC000000A206890ED010A814880ED000A2068E3
:106BD00090ED020A7F4880ED000A54F8EC0990ED30
:106BE000030A7D4880ED000A7848D0ED000A60EE87
:106BF000A00A774890ED001AD0ED001A41EE210A64
:106C0000744890ED001AD0ED001A41EE210A724846
:106C100090ED001AD0ED001A41EE210AB0EE600AA4
:106C200007F0A2FD6D4880ED000A002012E0D4F8C4
:106C3000EC1001EB800191ED000A6849D1ED000AEA
:106C400020EE200AD4F8EC1001EB800181ED000A5F
:106C5000411CC8B20428EADB614890ED6F0A5C4829
:106C6000D0ED000A20EE200AF0EE000A80EE201A95
:106C7000F834A06880ED041A594890ED6F0A554821
:106C8000D0ED000A20EE200AF0EE000A80EE201A75
:106C9000A06880ED051A524890ED6F0A4B48D0ED80
:106CA000000AF1EE600A20EE200AF0EE000A80EE03
:106CB000201AA06880ED0A1A494890ED6F0A4648EC
:106CC000D0ED000A20EE200AF0EE000A80EE201A35
:106CD000A06880ED0B1A424890ED6F0A3E48D0ED57
:106CE000000AF1EE600A20EE200AF0EE000A80EEC3
:106CF000201AA06880ED101A394890ED6F0A3348C9
:106D0000D0ED000AF1EE600A20EE200AF0EE000A53
:106D100080EE201AA06880ED111A314890ED6F0ABC
:106D20002C48D0ED000A20EE200AF0EE000A80EE9A
:106D3000201AA06880ED161A294890ED6F0A2448A1
:106D4000D0ED000AF1EE600A20EE200AF0EE000A13
:106D500080EE201AA06880ED171A206890ED1C0ABA
:106D60001F48D0ED720A80EE201A206880ED1C1AB0
:106D7000206890ED230A1A48D0ED720A80EE201A9E
:106D8000206880ED231A54F8F80990ED1C0ADFED15
:106D9000150AB4EEE00AF1EE10FA05DD9FED110AD6
:106DA000D4F8F80080ED1C0AD4F8F80090ED230A1E
:106DB000DFED0C0AB4EEE00AF1EE10FA05DD9FED0E
:106DC000090AD4F8F80080ED230A10BD2805002038
:106DD0002C05002030050020340500203805002057
:106DE000902C002000401C4610B52DED068BF0EED7
:106DF000408AB0EE609AB0EE41AAB0EE618AF0EE41
:106E0000429A0120374908700846C0ED6C8A80ED2F
:106E10006D9A80ED6EAA9FED340A80ED710A002014
:106E200081F8380100212F4AC2F84011C2F84411FC
:106E3000C2F84811C2F84C11B7EE000AB4EEC08A8D
:106E4000F1EE10FA03DDB7EE000AB0EE408A2548F5
:106E500080ED728AC0ED649A032300220621001D92
:106E600001F096F8B7EE000A1E48D0F8EC0080ED6D
:106E7000000A9FED1E0A1B48D0F8EC0080ED010AC5
:106E80009FED1A0A1748D0F8EC0080ED020A9FED3A
:106E9000170A1448D0F8EC0080ED030A1449114891
:106EA000C0F8D0101349C0F8D4101349C0F8D81056
:106EB0001249C0F8DC10012180F82E1080F82F1044
:106EC00001469022D1F804010D49FAF7A5F80549C9
:106ED0009022D1F8FC000B49FAF79EF8BDEC068B26
:106EE00010BD0000902C0020CDCCCC3D0000000057
:106EF000096F0008B16B00083D6F00089976000823
:106F0000C02401088804002010B5044654F8F81F76
:106F100090220748FAF780F848220648616AFAF793
:106F20007BF86169F83C48220348FAF775F810BD10
:106F300088040020682E0020B02E002010B50446E2
:106F400054F8EC0F90ED000AF0EE000A20EE200A53
:106F50003F4880ED000A206890ED010AF0EE000A3B
:106F600020EE200A3B4880ED000A206890ED020ADE
:106F7000F0EE000A20EE200A374880ED000A206873
:106F800090ED030AF0EE000A20EE200A334880ED6F
:106F9000000A14F8DE2C324B1B885A4314F8E03CEC
:106FA00002FB03F1206AFAF793F82B4890ED000AF0
:106FB000B1EE400A206A80ED000A284890ED000AF0
:106FC000206A80ED010A224890ED000AB1EE400AE5
:106FD000206A80ED020A1F4890ED000A206A80EDC9
:106FE000030A1C4890ED000A206A80ED060A184842
:106FF00090ED000A206A80ED070A184890ED000A1B
:10700000206A80ED080A144890ED000A206A80ED9D
:10701000090A0F4890ED000A206A80ED0C0A0D481D
:1070200090ED000AB1EE400A206A80ED0D0A0A4890
:1070300090ED000AB1EE400A206A80ED0E0A074882
:1070400090ED000A206AEC3C80ED0F0A10BD0000B4
:107050003C05002040050020440500204805002094
:107060005C05002010B52DED088BB0EE40AAF0EEC7
:1070700060AAB0EE41BAF0EE618AB0EE429AF0EE4C
:10708000629AB0EE438AFE48007858B99FEDFD2A17
:10709000F7EE001A9FEDFC1ADFEDFC0AB2EE040ACF
:1070A000FFF7A2FEF64880ED6F8A90ED580A3AEE9F
:1070B000400A80ED5B0A90ED590A3AEEC00A80ED75
:1070C0005C0A90ED5A0A3BEE400A80ED5D0A90EDB5
:1070D0005B0AF6EE000A20EE200A20EE080AEC48D1
:1070E00080ED000AE64890ED5C0AF6EE000A20EE1C
:1070F000200A20EE080AE74880ED000AE04890EDFB
:107100005D0AF6EE000A20EE200A20EE080AE248A8
:1071100080ED000ADA499022D1F80401DF49F9F73D
:107120007BFFDB4890ED000AB1EE400AD448D0F86E
:10713000040180ED010AD74890ED000AB1EE400A43
:10714000CF48D0F8040180ED020AD34890ED000A40
:10715000B1EE400ACA48D0F8040180ED030ACC48D9
:1071600090ED000AC648D0F8040180ED060ACA482E
:1071700090ED000AC248D0F8040180ED080AC54825
:1071800090ED000AB1EE400ABD48D0F8040180ED50
:10719000090AC04890ED000AB948D0F8040180ED12
:1071A0000C0ABD4890ED000AB1EE400AB448D0F890
:1071B000040180ED0D0AB64890ED000AB048D0F801
:1071C000040180ED0F0AB44890ED000AAC48D0F8F5
:1071D000040180ED120AAF4890ED000AA848D0F8EB
:1071E000040180ED130AAA4890ED000AB1EE400AAE
:1071F000A348D0F8040180ED140AA148D0F8481142
:10720000D0F84C01002359405840014306D19C4816
:10721000C0ED5E8A80ED5F9AC0ED609A984890ED6F
:107220005E0AD0ED640A60EE200A90ED6F0A90EDE0
:10723000641A30EE011A80EE810AD0ED6F0A90EDEB
:10724000641A70EE810A90ED6F1A21EE281AC1EED1
:10725000201A30EE210A80ED5E0A90ED5F0AD0ED33
:10726000640A60EE200A90ED6F0A90ED641A30EE29
:10727000011A80EE810AD0ED6F0A90ED641A70EE6B
:10728000810A90ED6F1A21EE091AC1EE201A30EE34
:10729000210A80ED5F0A90ED600AD0ED640A60EE8D
:1072A000200A90ED6F0A90ED641A30EE011A80EE1C
:1072B000810AD0ED6F0A90ED641A70EE810A90EDAC
:1072C0006F1A21EE291AC1EE201A30EE210A80ED44
:1072D000600AD0ED5E0A60EEA00A90ED5F1AD0ED74
:1072E0005F1A41EE210A90ED601AD0ED601A41EE6E
:1072F000210AB0EE600A07F037FA694880ED000A0B
:10730000002011E0674901EB800191ED000A64491A
:10731000D1ED000A20EE200A5949896801EB80016D
:1073200081ED000A411CC8B20328EBDB5448D0EDC4
:107330005B0A60EEA00A90ED5C1AD0ED5C1A41EE9B
:10734000210A90ED5D1AD0ED5D1A41EE210AB0EEF2
:10735000600A07F009FAF7EE000A80EE801A484842
:1073600080ED651A4E4890ED000AF7EE000A80EEB7
:10737000801A434880ED661A90ED650ADFED4A0AEF
:10738000B4EEE00AF1EE10FA16D290ED660ADFEDE7
:10739000470AB4EEE00AF1EE10FA0DDD90ED660A50
:1073A000DFED430AB4EEE00AF1EE10FA04D2012058
:1073B000334981F8390103E00020314981F839016E
:1073C0002F4890ED6C0AD0ED6F0A20EE200AD0F81D
:1073D000180180ED000A2A4890ED6C0AD0ED6F0A82
:1073E00020EE200AD0F8180180ED070A244890ED1D
:1073F0006C0AD0ED6F0A20EE200AD0F8180180ED5B
:107400000E0A1F4890ED6C0AD0ED6F0A20EE200A9C
:10741000D0F8180180ED150A194890ED6D0AD0EDED
:107420006F0A20EE200AD0F8180180ED1C0A1448DB
:1074300090ED6D0AD0ED6F0A20EE200AD0F8180109
:1074400080ED230A0E4890ED6E0AD0F81C0180ED05
:10745000000A0B4890ED6E0AD0F81C0180ED040A7A
:10746000074890ED6E0AD0F81C0180ED080A044828
:10747000001D01F00DFA0248406890ED000A19E085
:10748000902C0020000000008096184B6F12833A69
:10749000180500201C05002020050020C02401083C
:1074A00024050020082E00209A99993ECDCC144145
:1074B000CDCC2441734880ED540A406890ED010A18
:1074C000704880ED550A406890ED020A6D4880EDE5
:1074D000560A406890ED030A6A4880ED570A4068F2
:1074E00090ED040A674880ED580A406890ED050A5F
:1074F000644880ED590A1FED1D0A80ED5A0A90ED8F
:10750000541A21EE011AD0ED551A90ED552A01EECC
:10751000821AF7EE001AB0EE002A52EE011AF0EECF
:10752000610A90ED541AD0ED571A21EE211AD0EDD0
:10753000551A90ED562A01EE821AF0EE001A21EE4D
:10754000211AB0EE410A05F065F9DFED4F0A20EE91
:10755000200A4C4880ED6A0A90ED541A21EE011A77
:10756000D0ED571A90ED572A01EE821AF7EE001A65
:10757000B0EE002A52EE011AF0EE610A90ED541AB4
:10758000D0ED551A21EE211AD0ED561A90ED572A5A
:1075900001EE821AF0EE001A21EE211AB0EE410A35
:1075A00005F038F9DFED380A20EE200A354880ED85
:1075B000690AD0ED550A90ED571A60EE810A90EDF8
:1075C000541AD0ED561A41EE610AB8EE001A60EE78
:1075D000810AB0EE600A05F087F8DFED2B0A20EE95
:1075E000200A284880ED680A90ED6A0AD0ED740AF6
:1075F00030EE600ADFED250AB4EEE00AF1EE10FA93
:1076000007DDB0F8CC01401E00B21E49A1F8CC0144
:1076100014E01C4890ED6A0AD0ED740A30EE600A5E
:10762000DFED1B0AB4EEE00AF1EE10FA06D2B0F874
:10763000CC01401C00B21349A1F8CC01114890EDD7
:107640006A0AB0F9CC0100EE900AF8EEE00A9FED6C
:10765000111A01EE200A0B4880ED6B0A90ED6A0AC0
:1076600080ED740AD0F84821D0F84C01521C40F14A
:1076700000000449C1F84821C1F84C01BDEC088B59
:1076800010BD0000902C0020E12E65420000344324
:10769000000034C30000B44370B52DED028B0446E6
:1076A00004F1800104F17800F9F71AFB84F8C800AE
:1076B000B4F87800A4F8A8005A20015BAA2001536E
:1076C00004F1A80204F1580104F17800F9F7E6F991
:1076D00084F8C800B4F8A800A4F8B0008220015BC8
:1076E000B220015304F1B00204F1800104F1A800BA
:1076F000F9F7D4F984F8C800B4F89000A4F8A00011
:107700009220015BA220015304F1A00204F1900138
:1077100004F1B000F8F7A2FE84F8C80004F1B0014B
:1077200004F1A000F8F722FFAC342077206C90ED34
:10773000000AFD4880ED000A206C90ED010AFB482C
:1077400080ED000A206C90ED020AF94880ED000AF5
:10775000206C90ED030AF74880ED000A34F8340CF1
:10776000A081AC3C0121BA200153F04890ED000A01
:10777000F048D0ED000A20EE200AEB48D0ED000AD8
:10778000EB4890ED001A00EEC10AF0EE000A20EE80
:10779000200AD4F82C0180ED000AE34890ED000A9D
:1077A000E248D0ED000A20EE200AE148D0ED000AC0
:1077B000E04890ED001A00EE810AF0EE000A20EE9B
:1077C000200AD4F82C0180ED010AD74890ED000A78
:1077D00020EE000AD548D0ED000A90ED001A00EE28
:1077E000C10AD348D0ED000A90ED001A00EEC10A9C
:1077F000D048D0ED000A90ED001A00EE810AD4F8CE
:107800002C0180ED020A002512E0D4F82C0100EBD7
:10781000850090ED000AB0EEC00AB0EE408A04F098
:10782000D7FEC54800EB850080ED000A681CC5B294
:10783000032DEADBB4F84800A4F8C0000121C220FF
:10784000015304F1C00204F1B80104F14800F9F752
:10785000C3F984F8C800B4F8C000A4F8A800012156
:10786000AA20015304F1A80204F1C00104F1B00000
:10787000F9F714F9B8342074012020802189B83C2C
:10788000BA20015304F1B80104F1C000F9F728FA55
:1078900084F8C8000120A4F8A8000121AA200153FF
:1078A00004F1A80204F1C00104F1B800F9F7F6F8F8
:1078B00084F8C800AC20005990ED000A9F4880ED84
:1078C000700A90ED700AD0ED710AB6EE001A60EE03
:1078D000810AB4EEE00AF1EE10FA03D201209749D2
:1078E00081F83801954890ED700AD0ED710AB4EE38
:1078F000E00AF1EE10FA46DD90F83801002842D097
:107900008E4890F8390168B18C48D0F84021D0F801
:107910004401521C40F100008849C1F84021C1F8DF
:10792000440105E00020854AC2F84001C2F8440144
:107930008248D0F84031D0F844110020D3F132020F
:10794000884106D200207D4981F8380184F82C0056
:107950004AE0237B7A4D2D8803FB05F2D4E93A01F6
:10796000F9F75AFB237B764D2D886B43257B03FB70
:1079700005F2D4E93E01F9F74FFB012084F82C0011
:10798000BDEC028B70BD6D4890ED700AD0ED710AB0
:107990009FED6C1A60EE810AB4EEE00AF1EE10FA87
:1079A00014DD90F8380188B1644890ED710AD0ED8B
:1079B000700A30EE600AD0ED710A9FED631A60EE36
:1079C000810A80EE201A80ED671A04E0B7EE000A03
:1079D0005A4880ED670A0021584AC2F84011C2F89F
:1079E0004411002084F82C00B4F85800A4F8A80032
:1079F0008220015BAA20015304F1A80204F1800156
:107A000004F15800F9F74AF884F8C80004F1980224
:107A100004F1B00104F1A800F9F740F884F8C800B7
:107A2000002012E0D4F81C1101EB800191ED000A56
:107A30004249D1ED670A20EE200AD4F81C1101EB6F
:107A4000800181ED000A411CC8B2B4F898109A2256
:107A5000125B51438142E5DC042025E000211FE058
:107A6000021F354B03EB8202D2ED000A9FED371A5D
:107A700080EE810A00EB40030B44D4F81C2102EB9A
:107A80008302D2ED000A20EE200A00EB40030B44F3
:107A9000D4F81C2102EB830282ED000A4A1CD1B209
:107AA0000329DDDB411CC8B20628D7DBB4F89800F7
:107AB000A4F8B8000121BA20015304F1B80204F17E
:107AC000C00104F19800F8F7E9FF84F8C8001B48EA
:107AD00090F8380138B3042055E0BC21095901EB76
:107AE000800191ED000A1549D1ED6F0A9FED181A3A
:107AF00060EE810AB4EEE00AF1EE10FA0BDD91EDD2
:107B00006F0ADFED130A20EE200ABC21095901EBB0
:107B1000800181ED000ABC21095901EB800191ED42
:107B2000000A064916E030E04C0500205005002010
:107B30005405002058050020142E0020902C002011
:107B40005C050020CDCCCC3D6666663FDA0FC93FB0
:107B50000AD7233CD1ED6F0A9FED151A60EE810A1A
:107B6000B4EEE00AF1EE10FA0BD291ED6F0ADFED00
:107B7000100A20EE200ABC21095901EB800181ED99
:107B8000000A411CC8B20628A7DB9FED0A0ABC20E8
:107B9000005980ED030A04F1300204F1B80104F148
:107BA0003800F8F75BFC84F8C80000BFE8E6000086
:107BB0000AD723BC0000000010B52DED028B15483C
:107BC000D0ED070AB0EE600A1348D0ED000A134862
:107BD00002F01DF81148406B00EE100A06F05AF949
:107BE00000EE100AB8EEC00AB0EE408A9FED0C1A03
:107BF000DFED0C0A06F038F9BCEEC00A10EE100AF0
:107C000084B222460021084802F0BCFFBDEC028B82
:107C100010BD0000582C002034010020042000205A
:107C20000000804F000000000412002010B5B7EEE5
:107C3000000A244880ED010AB7EE000A80ED020A2E
:107C4000B7EE000A80ED030A9FED1F0A80ED040ADB
:107C50009FED1D0A80ED050A9FED1B0A80ED060AC7
:107C60000120184908709FED182AF7EE001A9FEDC1
:107C7000171ADFED170AB2EE040AFFF7B5F8002273
:107C80001146DFED114A9FED104ADFED0F3A9FEDEF
:107C90000E3ADFED0D2AB3EE042ADFED0E1A9FED4A
:107CA0000A1ADFED0D0A9FED0D0A0D4802F018F9D2
:107CB00000210C48FEF77FF99FED0B0A0B4880ED81
:107CC000100A10BDE81F0020000000008096184B2D
:107CD0006F12833A00007A44000096430000FA4491
:107CE000042000200412002096430B3C681F002053
:107CF00010B586B0964A07CA03AB07C39548FAF792
:107D0000D5FA954880ED000A944890ED000A924813
:107D1000D0ED000A30EE200A904880ED000A00BF46
:107D20008F48F9F73FFC8E4890ED010AB1EE400A0A
:107D30008C4880ED070A8A4890ED000A894880ED5A
:107D4000080A874890ED020A864880ED090A8448AF
:107D500090ED040AB1EE400A824880ED040A8048A2
:107D600090ED030A7F4880ED050A7D4890ED050AF5
:107D70007C4880ED060A00F11C0200F110017A48EF
:107D8000FEF75CFD774890ED091AF0EE410A90EDA0
:107D9000071AB0EE410A04F03DFDB1EE400ADFEDF6
:107DA000730A20EE200ADFED720A80EE201A6D4879
:107DB00080ED1A1A90ED091AF0EE410A90ED081ABA
:107DC000B0EE410A04F026FDDFED680A20EE200A3D
:107DD000DFED670A80EE201A624880ED1B1A90EDF5
:107DE000093AF0EE432A90ED083AB0EE432A90EDBE
:107DF000073AF0EE431A90ED063AB0EE431A90EDD2
:107E0000053AF0EE430A90ED043AB0EE430A5248C8
:107E100090ED003AFFF726F952495648D0E915345B
:107E2000026DC06D81E81C00C8600A4644315248AA
:107E3000F9F77EFD4B4A02F150015048F9F778FD01
:107E4000484A02F15C014E48F9F772FD454A69461D
:107E500003A8FAF72CFB002039E042491C3101EB62
:107E6000800191ED000A694601EB8001D1ED000A25
:107E700030EE600A3849D1ED000A60EE200A394937
:107E800091ED100A344991ED001A30EE011A80EE9E
:107E9000810A3449283101EB8001D1ED000A3149D2
:107EA00091ED101A60EE810A91ED101A2A49D1ED78
:107EB000001A31EE211AC0EE811A30EE210A29494A
:107EC000283101EB800181ED000A411CC8B2032872
:107ED000C3DB244A02F13401A1F10C00F9F728FDBB
:107EE000284890ED6A0A1F4880ED1E0A254890ED4B
:107EF000690A1C4880ED1D0A224890ED680A19485D
:107F000080ED1C0A90ED1E0A1F4880ED000A1548FE
:107F100090ED1D0A1C4880ED010A124890ED1C0AE4
:107F2000194880ED020A174890ED6B0A0D4880ED64
:107F30001F0A00BF1548007800F0010008B9FFF7DC
:107F40003BFE12480068401C1049086006B010BD96
:107F50009C24010824010020280100202C0100207D
:107F6000582C0020681F0020E81F00200000344328
:107F7000DB0F4940902D002078240108842401085B
:107F800090240108902C0020B0200020380100200F
:107F90000FB583B00420FE4908800820FD49088001
:107FA000DDE903100873039905984873039906984F
:107FB000887300210398017406980290F8F71AFF5D
:107FC00003994861069802900398406901900299CC
:107FD000F9F75CF8EE480088069948430290F8F7F4
:107FE00009FF03998861EA4800880699484302908E
:107FF0000398806901900299F9F76AF8E4480088CB
:10800000069948430290F8F7F5FE0399C861E048E5
:1080100000880699484302900398C069019002992C
:10802000F9F756F8DA480088049948430290F8F7BF
:10803000E1FE03990862D6480088049948430290FB
:108040000398006A01900299F9F742F806980290A5
:10805000F8F7D0FE03994862069802900398406AA8
:1080600001900299F9F712F8C94800880499484329
:108070000290F8F7BFFE03990860C548008804998C
:10808000484302900398006801900299F9F720F89C
:10809000BF480088069948430290F8F7ABFE039961
:1080A0004860BB480088069948430290039840689E
:1080B00001900299F9F70CF8B548008805994843F2
:1080C0000290F8F797FE03998860B14800880599F7
:1080D000484302900398806801900299F8F7F8FFEE
:1080E000AB480088049948430290F8F783FE03994F
:1080F000C1F8E800A6480088049948430290039814
:10810000D0F8E80001900299F8F7E2FF0398D0F860
:10811000E80002900398007B019001220146DDE90E
:1081200002303030F8F71EFA994800880499484325
:108130000290F8F75FFE0399C1F8EC0094480088BC
:108140000499484302900398D0F8EC0001900299FA
:10815000F8F7BEFF0398D0F8EC0002900398007B7C
:10816000019001220146DDE902303830F8F7FAF9D2
:10817000059818B386480088059948430290F8F797
:1081800039FE0399C1F8F0008148008805994843F9
:1081900002900398D0F8F00001900299F8F798FF48
:1081A0000398D0F8F00002900398407B01900122E0
:1081B0000146DDE902304030F8F7D4F97448008810
:1081C000069948430290F8F715FE0399C1F8F400A8
:1081D0006F4800880699484302900398D0F8F4004D
:1081E00001900299F8F774FF0398D0F8F400029018
:1081F0000398807B019001220146DDE9023048307E
:10820000F8F7B0F96248008804994843484302905F
:10821000F8F7F0FD0399C1F8F8005D48008804996B
:108220004843484302900398D0F8F800019002991F
:10823000F8F74EFF0398D0F8F80002900398007BFF
:1082400001900398007B00900146DDE90230503038
:10825000019AF8F787F94E48008804994843484343
:108260000290F8F7C7FD0399C1F8FC004848008860
:1082700004994843484302900398D0F8FC000190C9
:108280000299F8F725FF0398D0F8FC0002900398B4
:10829000007B01900398007B00900146DDE90230ED
:1082A0005830019AF8F75EF9394800880499484334
:1082B00048430290F8F79EFD0399C1F80001344845
:1082C00000880499484348430290F8F793FD0399C6
:1082D000C1F804012E48008804994843484302909D
:1082E0000398D0F8000101900299F8F7F1FE2848B0
:1082F000008804994843484302900398D0F8040149
:1083000001900299F8F7E4FE0398D0F8000102907A
:108310000398007B01900398007B00900146DDE903
:1083200002306030019AF8F71DF90398D0F8040183
:1083300002900398007B01900398007B0090014617
:10834000DDE902306830019AF8F70CF9059878B346
:108350000F48008804994843059948430290F8F76C
:1083600049FD0399C1F80801094800880499484368
:108370000599484302900398D0F8080101900299AA
:10838000F8F7A6FE0398D0F808010290039803E0DE
:108390005C0500205E050020407B01900398007B77
:1083A00000900146DDE902307030019AF8F7DAF802
:1083B000B948008806994843049948430290F8F761
:1083C00019FD0399C1F80C01B3480088049948438A
:1083D000069948430290F8F70DFD0399C1F8100182
:1083E000AD48008806994843049948430290039891
:1083F000D0F80C0101900299F8F76AFEA6480088AF
:10840000049948430699484302900398D0F8100114
:1084100001900299F8F75CFE0398D0F80C010290E5
:108420000398007B01900398807B00900146DDE972
:1084300002307830019AF8F795F80398D0F81001D7
:1084400002900398807B01900398007B0090014686
:10845000DDE902308030019AF8F784F88E48008810
:108460000499484348430290F8F7C4FC0399C1F8C3
:1084700014018948008804994843484302900398AE
:10848000D0F8140101900299F8F722FE0398D0F871
:10849000140102900398007B01900398007B0090E8
:1084A0000146DDE902308830019AF8F75BF87A4836
:1084B00000880699484348430290F8F79BFC0399CB
:1084C000C1F818017448008806994843484302904F
:1084D0000398D0F8180101900299F8F7F9FD039874
:1084E000D0F8180102900398807B01900398807B5C
:1084F00000900146DDE902309030019AF8F732F839
:108500006548008804994843069948430290F8F763
:1085100071FC0399C1F81C015F4800880499484325
:108520000699484302900398D0F81C0101900299E3
:10853000F8F7CEFD0398D0F81C0102900398807BD9
:1085400001900398007B00900146DDE902309830ED
:10855000019AF8F707F80398007B4F4909884843C8
:108560000399097B48430290F8F744FC0399C1F84A
:1085700020010398007B4849098848430399097BF7
:1085800048430290F8F736FC0399C1F82401039898
:10859000007B4149098848430399097B484302907D
:1085A000F8F728FC0399C1F828010398007B3A49A1
:1085B000098848430290F8F71DFC0399C1F82C0183
:1085C0000398007B3449098848430290F8F712FC6D
:1085D0000399C1F830010398D0F820010290039864
:1085E000007B01900398007B00900146DDE902309A
:1085F000A030019AF7F7B6FF0398D0F82401029053
:108600000398007B01900398007B00900146DDE910
:108610000230A830019AF7F7A5FF0398D0F8280197
:1086200002900398007B01900398007B0090014624
:10863000DDE90230B030019AF7F794FF0398D0F8E3
:108640002C0102900398007B019001220146DDE994
:108650000230B830F7F786FF0398D0F83001029067
:108660000398007B019001220146DDE90230C03011
:10867000F7F778FF0021039880F82810039880F816
:108680002910039880F82A10039880F82B1003987B
:1086900080F82C1007B000BD5C05002070B50446C2
:1086A000E07B18B12046FEF72FF811E0A37B0E4DBA
:1086B0002D8803FB05F26168D4F8F400F8F7ACFCF0
:1086C000A27B094B1B8802FB03F16068F8F700FDF1
:1086D000637B054D2D8803FB05F2A168D4F8F000FB
:1086E000F8F79AFC70BD00005C05002010B5044648
:1086F00094F82C0068BBB4F89800A4F8A8007A207D
:10870000015BAA200153B4F8A800A4F8B0005A20D5
:10871000015BB220015304F1A80204F1780104F1D5
:108720009800F8F7BBF984F8C80004F1B00204F12E
:10873000580104F1A800F8F7B1F984F8C80004F171
:10874000500204F1B00104F15800F8F745FA84F83A
:10875000C80010BD10B5044694F8290068BB04F1A8
:10876000680104F16000F8F7BBFA84F8C80004F16E
:10877000580204F1500104F16000F8F78FF984F811
:10878000C800B4F85800A4F8A8006A20015BAA2029
:10879000015304F1A80204F1680104F15800F8F74C
:1087A0007DF984F8C80004F1580204F1880104F14D
:1087B000A800F7F753FE84F8C80010BD10B50446B2
:1087C00094F82A00002861D104F1800104F17800B6
:1087D000F8F786FA84F8C800B4F87800A4F8A8007E
:1087E0005A20015BAA20015304F1A80204F15801A8
:1087F00004F17800F8F752F984F8C800B4F8A8003A
:10880000A4F8B0008220015BB220015304F1B00251
:1088100004F1800104F1A800F8F740F984F8C800D9
:10882000B4F89000A4F8A0009220015BA2200153AC
:1088300004F1A00204F1900104F1B000F7F70EFE7C
:1088400084F8C80004F1B00104F1A000F7F78EFE2F
:1088500084F8C800B4F85800A4F8A8008220015B8E
:10886000AA20015304F1A80204F1800104F1580088
:10887000F8F714F984F8C80004F1980204F1B00183
:1088800004F1A800F8F70AF984F8C80010BD000048
:1088900070B504462046FFF701FFD4F8CC0018B1AC
:1088A0002046D4F8CC108847204600F085F8D4F84C
:1088B000D00018B12046D4F8D01088472046FFF7E2
:1088C00049FFD4F8D40018B12046D4F8D410884712
:1088D000207C08B9E07BB8B92046FFF76FFFD4F8D9
:1088E000D80018B12046D4F8D8108847204600F0A8
:1088F000A1F8D4F8DC0018B12046D4F8DC10884781
:108900002046FFF7F3FE13E0237B2A4D2D8803FB5F
:1089100005F2D4E93A01F8F77FFB237B254D2D883A
:108920006B43257B03FB05F2D4E93E01F8F774FBAA
:10893000D4F8E00018B12046D4F8E01088470020B1
:1089400022E0227B00FB0202D4F8F81001EB820146
:1089500091ED000A216A01EB8001D1ED000AB4EE2D
:10896000E00AF1EE10FA0DD2216A01EB800191EDDF
:10897000000A227B00FB0202D4F8F81001EB82010E
:1089800081ED000A411CC8B2217B8142D9DC237BE6
:10899000084D2D8803FB05F2D4F8E8102068F8F79D
:1089A0003BFBD4F8E40018B12046D4F8E410884723
:1089B000206870BD5C05002010B5044694F82800BE
:1089C00060BB607B00282ADD207BA4F8B800012171
:1089D000BA20015304F1B80204F1300104F160003F
:1089E000F8F75CF884F8C800207BA4F8C0000121E7
:1089F000C220015304F1C00204F1400104F17000EF
:108A0000F8F74CF884F8C80004F1380204F1C0010A
:108A100004F1B800F7F722FD84F8C80009E004F17A
:108A2000380204F1300104F16000F8F737F884F8F7
:108A3000C80010BD10B5044694F82B00E0BBB4F894
:108A40007800A4F8B8000121BA20015304F1B8025B
:108A500004F1380104F17800F8F720F884F8C80030
:108A6000B4F84800A4F8C0000121C220015304F169
:108A7000C00204F1B80104F14800F8F7ADF884F839
:108A8000C800B4F89800A4F8B8000121BA20015336
:108A900004F1B80204F1C00104F19800F7F7FEFFF9
:108AA00084F8C80004F1300204F1B80104F1380080
:108AB000F7F7D4FC84F8C80010BD00001FB50020F3
:108AC00000900190029003901548164908604FF4F9
:108AD000003048600021134881600161017680F810
:108AE0002010C162104981620021C1600121C16171
:108AF000002180F8301001214161F9F75FFF08B1D2
:108B0000F9F782FD102000900120019000200290D2
:108B100069460448F9F798FE08B1F9F775FD1FBDDD
:108B200000200140A80C00200100000F1FB500200C
:108B300000900190029003901548164908604FF488
:108B4000003048600021134881600161017680F89F
:108B50002010C162104981620021C1600121C16100
:108B6000002180F8301001214161F9F727FF08B199
:108B7000F9F74AFD082000900120019000200290A2
:108B800069460448F9F760FE08B1F9F73DFD1FBDDD
:108B900000220140F00C00200100000F10B50E482B
:108BA0000E4908600320486000210C488160C160C4
:108BB0004FF4102101614FF4001141610021017651
:108BC00041768176C17601774177FAF772FA08B17A
:108BD000F9F71AFD10BD000000640040380D0020B8
:108BE00010B50E480E4908600320486000210C486B
:108BF0008160C1604FF4102101614FF400114161A7
:108C00000021017641768176C17601774177FAF7C6
:108C100050FA08B1F9F7F8FC10BD000000680040F8
:108C2000600D002010B50548054908600846FAF7B0
:108C3000B1FC08B1F9F7E8FC10BD000000300240BB
:108C40002800002008B500BF002000902A480068D6
:108C500040F48000284908600846006800F480005D
:108C6000009000BF00BF00BF0020009008460068D1
:108C700040F4001008600846006800F400100090FE
:108C800000BF00BF002205210C20FBF773FA0C2067
:108C9000FBF762FA002205212F20FBF76BFA2F2049
:108CA000FBF75AFA002205213920FBF763FA392035
:108CB000FBF752FA002205213A20FBF75BFA3A2033
:108CC000FBF74AFA002205213B20FBF753FA3B2031
:108CD000FBF742FA002205214520FBF74BFA45201D
:108CE000FBF73AFA002205214620FBF743FA46201B
:108CF000FBF732FA08BD00003038024000B5B9B0C9
:108D00001C22304932A8F8F787F9002132A805F073
:108D10008AFF2D4908601C222A491C312BA8F8F72C
:108D20007BF900212BA805F07EFF284908601C2252
:108D30002449383124A8F8F76FF9002124A805F058
:108D400072FF234908601C221E4954311DA8F8F700
:108D500063F900211DA805F066FF1E4908601C226A
:108D60001849703116A8F8F757F9002116A805F030
:108D70005AFF194908601C2212498C310FA8F8F7D4
:108D80004BF900210FA805F04EFF144908601C2282
:108D90000C49A83108A8F8F73FF9002108A805F008
:108DA00042FF0F4908601C220649C43101A8F8F7A8
:108DB00033F9002101A805F036FF0949086039B0F0
:108DC00000BD00000C23010820000020000000204E
:108DD00004000020080000200C00002010000020EB
:108DE0001400002000B587B0142102A8F8F770F92C
:108DF00000BF002001908948006840F002008749C8
:108E000008600846006800F00200019000BF00BF43
:108E100000BF002001900846006840F04000086054
:108E20000846006800F04000019000BF00BF00BF8E
:108E3000002001900846006840F0010008600846E4
:108E4000006800F00100019000BF00BF00BF0020DB
:108E500001900846006840F0080008600846006875
:108E600000F00800019000BF00BF00BF002001908B
:108E70000846006840F0040008600846006800F0FA
:108E80000400019000BF00BF00BF00200190084611
:108E9000006840F4807008600846006800F4807044
:108EA000019000BF00BF00BF00200190084600688D
:108EB00040F0200008600846006800F020000190A3
:108EC00000BF00BF00BF002001900846006840F0CE
:108ED000800008600846006800F08000019000BF34
:108EE00000BF00BF002001900846006840F010005D
:108EF00008600846006800F01000019000BF00BF45
:108F0000012240214648FAF7DBFE012210214548A4
:108F1000FAF7D6FE012241F201014348FAF7D0FEEA
:108F200080200290002003900120049002A93F4875
:108F3000FAF7B8FD402002900120039004900590BC
:108F400002A93748FAF7AEFD09200290384803908D
:108F50000120049002A93248FAF7A4FD07200290EC
:108F600000200390049002A93248FAF79BFD0120EB
:108F70000290002003900120049002A92948FAF7EA
:108F800091FD102002900120039004900220059092
:108F900002A92448FAF786FD302002902448039065
:108FA0000120049002A92348FAF77CFD4FF4805079
:108FB0000290012003900490059002A91A48FAF744
:108FC00071FD01200290039004900220059002A9F7
:108FD0001548FAF767FD002206210846FBF7CAF894
:108FE0000620FBF7B9F8002205210920FBF7C2F89B
:108FF0000920FBF7B1F8002205210A20FBF7BAF897
:109000000A20FBF7A9F8002205211720FBF7B2F888
:109010001720FBF7A1F807B000BD00003038024070
:1090200000180240000002400004024000200240FC
:10903000000021100008024010B50B480B490860E1
:109040000B484860002109488160C1604FF48041AD
:109050000161002141618161C1610162FAF73EFE57
:1090600008B1F9F7D1FA10BD00540040880D002076
:10907000801A060010B50B480B4908600B48486081
:10908000002109488160C1604FF4804101610021E5
:1090900041618161C1610162FAF720FE08B1F9F70F
:1090A000B3FA10BD00580040DC0D0020801A060005
:1090B00010B50B480B4908600B484860002109486F
:1090C0008160C1604FF48041016100214161816193
:1090D000C1610162FAF702FE08B1F9F795FA10BD15
:1090E000005C0040300E0020801A060010B50548D4
:1090F000054908600846FCF706F808B1F9F784FA54
:1091000010BD000000080650E40E002010B50A480B
:109110000A490860002048607C210848816040F6C8
:109120007F41C1600021016141618161FCF720F84C
:1091300008B1F9F769FA10BD00280040F40E0020CC
:1091400010B50F480F4908604FF482704860002145
:109150000C488160C1600221016101214161490225
:1091600081613821C16100210162416281620A216D
:10917000C162FCF785F808B1F9F746FA10BD0000A6
:1091800000300140140F002010B50F480F4908604F
:109190004FF48270486000210C488160C160022158
:1091A000016101214161490281613821C1610021D0
:1091B0000162416281620A21C162FCF761F808B173
:1091C000F9F722FA10BD0000003800406C0F0020B3
:1091D00000B587B01C216846F7F77AFF1548164995
:1091E00008600020486000211348816041F2873107
:1091F000C160002101618161FCF7D6FA08B1F9F77D
:1092000003FA0D48FCF7B9FE08B1F9F7FDF9602043
:1092100000900020019002900490002269460648C8
:10922000FCF73DFE08B1F9F7EFF90348FCF7D6FC6F
:1092300007B000BD004401400412002000B595B005
:10924000002011901290139014900F9010901C21F8
:1092500008A8F7F73DFF20216846F7F739FF38489F
:1092600038490860A720486000213648816044F6EC
:109270001F61C1600021016141618161FCF794FAC5
:1092800008B1F9F7C1F94FF48050119011A92D4898
:10929000FCF777FB08B1F9F7B7F92A48FCF76DFE40
:1092A00008B1F9F7B1F900200F9010900FA92548E7
:1092B000FCF753FA08B1F9F7A7F9602008904FF4CA
:1092C0007A70099000200A900B900C900D900E90EF
:1092D000002208A91B48FCF7E2FD08B1F9F794F950
:1092E000042208A91748FCF7DAFD08B1F9F78CF950
:1092F000082208A91348FCF7D2FD08B1F9F784F950
:109300000C2208A90F48FCF7CAFD08B1F9F77CF94F
:109310000020009001900290039004904FF40050C0
:1093200005900020079069460648FCF7E3F908B16C
:10933000F9F76AF90348FCF751FC15B000BD0000CD
:10934000000001408410002000B587B00020039089
:10935000049005900690019002904FF080401449CF
:109360000860A720486000211148816040F2E73181
:10937000C160002101618161FCF716FA08B1F9F7BB
:1093800043F94FF48050039003A90948FCF7F9FA18
:1093900008B1F9F739F900200190029001A90448B9
:1093A000FCF7DBF908B1F9F72FF907B000BD0000B1
:1093B000C410002000B58DB0002009900A900B90D9
:1093C0000C90079008901C216846F7F781FE204812
:1093D000204908600020486000211E48816042F258
:1093E000CF01C160002101618161FCF7DDF908B1A5
:1093F000F9F70AF94FF48050099009A91548FCF7CC
:10940000C0FA08B1F9F700F91248FCF7B6FD08B147
:10941000F9F7FAF800200790089007A90D48FCF723
:109420009CF908B1F9F7F0F8602000900020019055
:1094300002900490082269460648FCF730FD08B106
:10944000F9F7E2F80348FCF7C9FB0DB000BD0000D6
:10945000000400400411002000B58DB000200990E8
:109460000A900B900C90079008901C216846F7F723
:109470002FFE204820490860A720486000211E4890
:1094800081604FF6FF71C160002101618161FCF7CD
:109490008BF908B1F9F7B8F84FF48050099009A991
:1094A0001548FCF76EFA08B1F9F7AEF81248FCF768
:1094B00064FD08B1F9F7A8F800200790089007A903
:1094C0000D48FCF74AF908B1F9F79EF860200090C2
:1094D0000020019002900490082269460648FCF79B
:1094E000DEFC08B1F9F790F80348FCF777FB0DB004
:1094F00000BD0000000800404411002000B58DB000
:10950000002009900A900B900C90079008901C2165
:109510006846F7F7DDFD28482849086000204860C4
:109520000021264881604FF6FF71C1600021016172
:109530008161FCF739F908B1F9F766F84FF480500A
:10954000099009A91D48FCF71CFA08B1F9F75CF865
:109550001A48FCF712FD08B1F9F756F800200790F9
:10956000089007A91548FCF7F8F808B1F9F74CF886
:109570006020009000200190029004900022694633
:109580000E48FCF78CFC08B1F9F73EF80422694656
:109590000A48FCF784FC08B1F9F736F80822694656
:1095A0000648FCF77CFC08B1F9F72EF80348FCF7F5
:1095B00015FB0DB000BD0000000C00408411002020
:1095C00000B595B0002011901290139014900F9058
:1095D00010901C2108A8F7F77BFD20216846F7F7BB
:1095E00077FD304830490860A720486000212E48A8
:1095F000816044F61F61C1600021016141618161A8
:10960000FCF7D2F808B1F8F7FFFF4FF48050119043
:1096100011A92548FCF7B5F908B1F8F7F5FF22487C
:10962000FCF7ABFC08B1F8F7EFFF00200F901090AB
:109630000FA91D48FCF791F808B1F8F7E5FF602085
:1096400008904FF47A70099000200A900B900C90CB
:109650000D900E90002208A91348FCF720FC08B1D9
:10966000F8F7D2FF042208A90F48FCF718FC08B14C
:10967000F8F7CAFF00200090019002900390049038
:109680004FF4005005900020079069460648FCF70B
:1096900031F808B1F8F7B8FF0348FCF79FFA15B0A6
:1096A00000BD000000040140C411002010B50B48AB
:1096B0000B4908604FF4E1304860002108488160A0
:1096C000C16001610C21416100218161C161FCF730
:1096D00033FD08B1F8F798FF10BD000000100140FD
:1096E0004412002010B50B480B4908600B48486035
:1096F000002109488160C1604FF4806101610C2143
:10970000416100218161C161FCF716FD08B1F8F7E4
:109710007BFF10BD0048004084120020A08601009D
:1097200010B50B480B4908604FF4E1304860002148
:1097300008488160C16001610C21416100218161A3
:10974000C161FCF7F9FC08B1F8F75EFF10BD00003D
:1097500000140140C412002000BFFEE77047000063
:1097600010B52DED028B0446B0EE408AF0EE608A13
:10977000D4F8060090ED010A8A4880ED000A002026
:109780001DE054F8062F411C02EB810191ED000A07
:109790008449D1ED000A30EE600A216801EB8001B6
:1097A00081ED000A6268411C02EB810191ED000A23
:1097B000A41F02EB800181ED000A411C88B22188C0
:1097C000491E8142DDDCD4F806102088801E01EBA2
:1097D000800090ED000A30EE080A2088401E01EB60
:1097E000800080ED000AD4F80A102088401E01EBAA
:1097F0008000C0ED008AD4F802002188884204D29B
:10980000D4F80200401CC4F80200102104F11A0030
:10981000F7F73CFC21886288891A88B24AE054F83C
:10982000061F01EB8001D1ED000A216801EB8001E8
:1098300091ED001A616900EE101A00EE810A10EE37
:10984000101A616154F8061901EB8001D1ED000A8C
:10985000D4F81E1000EE101A30EE800A10EE101A26
:10986000C4F81E10D4F8061001EB8001D1ED000AF7
:10987000D4F80A1001EB800191ED001AD4F82210FF
:1098800000EE101A00EE810A10EE101AC4F8221031
:10989000D4F80A1001EB8001D1ED000AD4F82610AB
:1098A00000EE101A30EE800A10EE101AC4F82610DE
:1098B000411C88B221888142B1DCD4F8220000EE3C
:1098C000100A208800EE900AF8EE600A20EE200AC6
:1098D000D4F81E0000EE900AD4F8260001EE100A1B
:1098E00000EEC10AD4F81A0000EE900A208801EEBA
:1098F000100AB8EE411A20EE811AD4F81E0000EECC
:10990000900A01EE900A00EEE11AC0EE010A10EE94
:10991000900AC4F80E009FED240A10EE100AC4F855
:10992000160021886288891A88B221E054F8061F3F
:1099300001EB800191ED001AE16800EE101AA168B8
:1099400000EE901A00EE810A616801EB8001D1ED12
:10995000000A30EE600AF0EEC00A216900EE101A2B
:1099600030EE800A10EE101A2161A41F411C88B24B
:1099700021888142DADCD4F8160000EE100A208833
:1099800000EE900AB8EE601AC0EE010A10EE900ADE
:10999000C4F81600D4F80E0000EE100ABDEC028BDD
:1099A00010BD0000700500200000000070B50446E6
:1099B0000D46A41C24F8025C00202060A800F7F7E4
:1099C00019FA6060A800F7F715FAA0609FED0C0A7D
:1099D00010EE100AE0609FED0A0A10EE100A2061F6
:1099E000A9006068F7F774FBA900A068A41EF7F748
:1099F0006FFB102104F11A00F7F748FB70BD00005F
:109A00000000000010B50248FAF705FD10BD000087
:109A10008414002070B504462068056C00EB4111E9
:109A2000D1F8080B2369134E4FF40042012B10D0DC
:109A3000114B9D4204D110F4004F01D0C1F8082B06
:109A40002046FAF74BFFB54211D92069012808D00A
:109A50000DE0B542F4D910F4004FF1D0C1F8082B55
:109A6000EEE704F571720121206802F0EFFA0020A0
:109A700070BD00000A30544F0A31544F2DE9F041B7
:109A800004460E462068016C00EB4615D5F8080B1D
:109A9000226920234FF4004C012A08D0314A914218
:109AA00059D110F4004F4CD0C5F808CB57E02E4ADE
:109AB00010F0080F13D0914204D910F4004F01D0D8
:109AC000C5F808CB2046FAF709FF04F571720121A9
:109AD000206802F0BBFA0820C5F8080B3FE010F040
:109AE000200F02D0C5F8083B39E010F0280F36D11E
:109AF000914205D910F4004F02D0C5F808CB2EE0F2
:109B0000C6EBC60004EB8000D5F8102BD0F8041289
:109B1000C2F312028A1AC0F81422D0F808221144A3
:109B2000C0F80812F1B22046FAF782FBBEB9D4F8A9
:109B30001002A0B904F571720121206802F086FAC2
:109B40000DE010F0200F01D0C5F8083BF1B220461F
:109B5000FAF76EFB03E0F1B22046FAF769FB00204A
:109B6000BDE8F0810A31544F0A30544F2DE9F84FC7
:109B700007460E46D7F80080C6EBC60007EB80000C
:109B800000F13C046169A069884202D90120BDE866
:109B9000F88F081AA168814200D20846C01C4FEA1B
:109BA000900A08EB461915E0151AA268AA4200D2DD
:109BB0001546E81C4FEA900A387C0090ABB2F2B22E
:109BC0004046E16802F0D4FCE0682844E060A06907
:109BD0002844A061D9F8180980B2504505D36269BC
:109BE000A069904201D2002ADED1A1696069884251
:109BF0000AD806F00F00012101FA00F0D8F8341855
:109C000021EA0000C8F834080020BDE8F88F10B53C
:109C10002DED028B0446B0EE408AF0EE608A94F897
:109C2000980000F0800010B1204603F0ADFF04F171
:109C30008C00F8F73BFB10EE100AC4F8900018EE09
:109C4000100A206118EE900A2060206800EE100AC9
:109C5000206900EE900A30EE600A10EE100AA06152
:109C6000D4F8A20018B1D4F8A21020468847A06901
:109C700000EE100AB5EEC00AF1EE10FA03DDA0699D
:109C800000EE100A04E0A06900EE100AB1EE400AEE
:109C9000A06C00EE900AB4EEE00AF1EE10FA7EDD60
:109CA000D4F8940098BB606800EE100AA06900EE3A
:109CB000900A20EE200A10EE100A6062A06800EE02
:109CC000100AA06900EE900A60EE200AD4F8900015
:109CD00000EE100A20EE800A10EE100A2063B4F89D
:109CE0006000022814DDA06900EE900AD4F890000C
:109CF00000EE100A04F16200FFF732FDE06800EEAA
:109D0000900A20EE200A10EE100AE0627FE016E0D2
:109D1000A06900EE100AE06900EE900A70EE600A99
:109D2000E06800EE100A20EE801AD4F8900000EEF1
:109D3000100AC1EE000A10EE900AE06267E0606867
:109D400000EE100AD4F89400006800EE900A70EE5D
:109D5000200AA06900EE100A20EE800A10EE100A18
:109D60006062A06800EE100AD4F89400406800EE2B
:109D7000900A70EE200AA06900EE100A60EE800AD8
:109D8000D4F8900000EE100A20EE800A10EE100ABF
:109D90002063B4F8600002281CDDA06900E08EE0BA
:109DA00000EE900AD4F8900000EE100A04F1620070
:109DB000FFF7D6FCE06800EE900AD4F894008068C3
:109DC00001EE100A70EE810A20EE200A10EE100A51
:109DD000E0621CE0E06800EE100AD4F894008068AD
:109DE00000EE900A30EE201AA06900EE100AE06939
:109DF00000EE900A30EE600A21EE001AD4F89000CE
:109E000000EE100AC1EE000A10EE900AE062D4F8EB
:109E1000A60018B1D4F8A6102046884794F89800F8
:109E200000F0040010B1204603F02BFF94F89800D6
:109E300000F0200010B1204603F0C2FC94F8980016
:109E400000F0020010B1204603F05DFD94F8980088
:109E500000F0400010B1204603F02AFD94F898006D
:109E600000F0010010B1204603F0C8FDA06A00EE2A
:109E7000100A206B00EE900A30EE200A10EE100A55
:109E8000A062606A00EE100AA06A00EE900A70EE0E
:109E9000200AE06A00EE100A30EE800A10EE100A86
:109EA000606394F8980000F0100010B1204603F0B1
:109EB0001DFE204603F045FE204603F0BFFE20694C
:109EC0006061606BA063E06AE063A069E061206BA1
:109ED0002062606B00EE100ABDEC028B10BD00002A
:109EE00070B52DED0A8B0446B0EE408AF0EE608A24
:109EF000B0EE419AF0EE619AB0EE42AAF0EE62AA9C
:109F0000B0EE43BAF0EE63BAB0EE44CAF0EE64CA03
:109F10000D46164619EE100AA06418EE900A606409
:109F200018EE100A20649FED1C0A10EE100A206043
:109F300019EE900A60601AEE100AA0601AEE900AFC
:109F4000E0609FED150A10EE100A20631BEE100A68
:109F500020651BEE900A60651CEE100AA0651CEEE1
:109F6000900AE065A4F86050294604F16200FFF70A
:109F70001DFD00208D3444F8010CE6720021E160E3
:109F800021618D3CA12001559FED030A10EE100ABE
:109F90006063BDEC0A8B70BD00000000B0EE401A9B
:109FA00010B99FED790A704790ED100A80ED110A03
:109FB00090ED0F0A80ED100AC0ED060A80ED071A39
:109FC00030EEC10A80ED0F0A0178002975D190EDBD
:109FD000010AD0ED0F1A20EE210A80ED090A90ED5A
:109FE0000A0AD0ED021A90ED0F2A01EE820A80EDE6
:109FF0000A0A90ED0D0A80ED0E0A90ED0C0A80ED34
:10A000000D0A90ED0F0AD0ED101A30EE610A80EDC6
:10A010000C0A90ED030AD0ED0C1A20EE210A80ED17
:10A020000B0A90ED0A0AD0ED051AB4EEE10AF1EE42
:10A0300010FA04DD90ED050A80ED0A0A10E090EDBB
:10A040000A0AD0ED051AF1EE611AB4EEE10AF1EE5A
:10A0500010FA05D290ED050AB1EE400A80ED0A0A29
:10A0600090ED090AD0ED0A1A30EE210AD0ED0B1A54
:10A0700030EE210A80ED080A90ED080AD0ED041AAE
:10A08000B4EEE10AF1EE10FA04DD90ED040A80ED81
:10A09000080A76E090ED080AD0ED041AF1EE611A94
:10A0A000B4EEE10AF1EE10FA6BD290ED040AB1EED3
:10A0B000400A80ED080A64E0FFE70178012960D1D9
:10A0C00090ED0F0AD0ED101A30EE610AD0ED011AB2
:10A0D00020EE210A80ED090A90ED020AD0ED0F1A58
:10A0E00020EE210A80ED0A0A90ED0D0A80ED0E0A9D
:10A0F00090ED0C0A80ED0D0A90ED0F0AD0ED101ACC
:10A10000B0EE002A02EE610AD0ED111A30EE210AFB
:10A1100080ED0C0A90ED030AD0ED0C1A20EE210A16
:10A1200080ED0B0A90ED090AD0ED0A1A30EE210AF3
:10A13000D0ED0B1A30EE210AD0ED081A30EE210ACC
:10A1400080ED080A90ED080AD0ED041AB4EEE10A99
:10A15000F1EE10FA04DD90ED040A80ED080A10E03B
:10A1600090ED080AD0ED041AF1EE611AB4EEE10A9E
:10A17000F1EE10FA05D290ED040AB1EE400A80ED3E
:10A18000080A90ED080A0EE70000000000B102B9CD
:10A190007047017092ED001A80ED011A92ED011ADC
:10A1A00080ED021A92ED021A80ED031A80ED040A86
:10A1B000C0ED050A9FED0C1A80ED0E1A80ED0D1A08
:10A1C00080ED0C1A9FED081A80ED081A80ED0B1A2D
:10A1D00080ED0A1A80ED091A80ED111A80ED101A2F
:10A1E00080ED0F1A00BFD3E70000000010B5234B2D
:10A1F0001B685B6943F04003204C246863611F4B7C
:10A200001B68DB6843F010031C4C2468E3601C4BA4
:10A210001B681B6823F00103194C2468236007E0C6
:10A22000174B1B681B6823F00103154C246823603F
:10A23000134B1B681B6803F00103002BF0D1114B7B
:10A240000F4C2468A3600E4B1B68D8600C4B1B6836
:10A2500019610B4B1B685A60094B1B681B6843F460
:10A260008023074C24682360054B1B681B6843F060
:10A270000103034C2468236010BD000084120020F9
:10A28000641300200448004010B50020CF49087036
:10A2900017E0CE48007800EB800101EBC000CC490C
:10A2A00008440079C00938B10020CA490880CA4969
:10A2B0000880CA49087010BDC4480078401CC349D2
:10A2C0000870C24800780528E3DBC448007878B9F4
:10A2D000C1480088B0F5FA6F0ADD06F07BFAC04984
:10A2E00008600120BD4908700020BB4908804FE08C
:10A2F000BA480078022813D1B7480088B0F5FA6F41
:10A300000EDD0020B5490870B3490880B048407C94
:10A3100020F080008030AE49487402F067FD37E0DD
:10A32000AE48007803281DD1AB480088B0F5FA6F1D
:10A3300018DD0020A9490870A7490880A448807F3B
:10A3400020F080008030A24988772820A549C87075
:10A35000084690F903002D2801DD2D20C87002F079
:10A3600045FD15E09D480078042811D19A480088E1
:10A37000B0F5FA6F0CDD0020984908709649088006
:10A38000F7F7BEFBF7F7BCFBF7F7BAFB02F02EFDC1
:10A3900095480068B0F9000010F5167F27DA92485A
:10A3A0000068B0F9020010F5167F20DA8E480068C8
:10A3B000B0F90400B0F5167F19DD8B480068B0F9DC
:10A3C000060010F5167F12DA87480068807A0228A6
:10A3D0000DD185480068C07A022808D17F480078EE
:10A3E00028B97D480088401C7B49088098E07E4859
:10A3F0000068B0F90000B0F5167F2ADD7A480068E1
:10A40000B0F90200B0F5167F23DD77480068B0F997
:10A41000040010F5167F1CDA73480068B0F90600D6
:10A42000B0F5167F15DD70480068807A022810D1DB
:10A430006D480068C07A02280BD16848007840B1A6
:10A4400065480088401C6449088002206349087000
:10A4500066E065480068B0F90000B0F5167F2ADDB7
:10A4600061480068B0F9020010F5167F23DA5E48F3
:10A470000068B0F9040010F5167F1CDA5A4800682D
:10A48000B0F9060010F5167F15DA57480068807A93
:10A49000022810D154480068C07A02280BD14F48D6
:10A4A000007840B14C480088401C4B49088003208C
:10A4B0004A49087034E04C480068B0F9000010F5D3
:10A4C000167F2ADA48480068B0F90200B0F5167F16
:10A4D00023DD45480068B0F90400B0F5167F1CDDA7
:10A4E00041480068B0F90600B0F5167F15DD3E481A
:10A4F0000068807A022810D13B480068C07A0228A0
:10A500000BD13648007840B133480088401C3249AE
:10A51000088004203149087002E000202E4908809C
:10A5200006F058F931490860084600682C49096866
:10A53000401A44F62061884203D900202749087058
:10A54000B9E62A48006826490968401A42F21071A3
:10A5500088420BD92248006840B12048007828B1D1
:10A5600044F61F611F2002F049FC10E01F480068FC
:10A570001B490968401A0AD01948006838B11748C1
:10A58000007820B142F210715F2002F037FC1348CE
:10A59000007820B10F480088401C0E4908800D4803
:10A5A0000088B0F5C87F05DD0C48007810B10020A8
:10A5B0000849088007480088C82804DD0748007853
:10A5C00008B102F013FC00BF75E600001501002081
:10A5D000241F00201C0100201E010020200100205B
:10A5E00018010020D8000020D40000201001002015
:10A5F00070B504462068C16811F0400F17D14FF0C4
:10A60000FF31C160F9F764FB05462068C06810F0AF
:10A61000400F0CD1F9F75CFB401BB0F57A7F01D9F4
:10A62000032070BD2068C06810F0400FF2D00020F9
:10A6300070BD000010B582B004461548DFF854C064
:10A640000068B0FBFCF04FF47A7C00FB0CF001904A
:10A650006068B0F5827F0ED10B4600920022802107
:10A66000204600F019F880B1606D40F02000606570
:10A6700002B0032010BD019838B10198401E01902E
:10A680002068806810F0800FF5D102B0002010BD66
:10A690003000002000366E012DE9F0410446069E90
:10A6A000884617461D462068806838EA000016D0A4
:10A6B0000020B84210D0B5F1FF3F05D0F9F708FBF4
:10A6C000801BA8420DD265B12068806838EA00007E
:10A6D00033D00020B842EED10020BDE8F081012047
:10A6E000E7E72068416821F0E00141606068B0F56B
:10A6F000827F0BD1A068B0F5004F02D0B0F5806F1B
:10A7000004D12068016821F040010160A06AB0F521
:10A71000005F09D12068016821F4005101602068C0
:10A72000016841F400510160012084F851000020CB
:10A7300084F850000320BDE8F0810120CAE7000042
:10A74000012205490548FBF7ABFE04E000F0E6FCFA
:10A750001E2004F05BFAF9E7B80100204412002043
:10A7600010B5F9F78BFC06F027F8012801D005F0A9
:10A7700021FD10BD00B597B030210BA8F6F7A8FC5D
:10A78000142106A8F6F7A4FC002002900390049080
:10A79000059000BF01902948006840F0805027498B
:10A7A00008600846006800F08050019000BF00BFBC
:10A7B00000BF002001902248006840F480402049FA
:10A7C00008600846006800F48040019000BF00BFA8
:10A7D00001200B9000040C90022011904105129171
:10A7E00006211391A8211491022115910721169198
:10A7F0000BA8FAF76DFA08B1F7F706FF0F200690DD
:10A8000002200790002008904FF4A05009904FF4C8
:10A8100080500A90052106A8FAF742F908B1F7F727
:10A82000F3FE022002900748059002A8FAF77AF892
:10A8300008B1F7F7E9FE17B000BD0000403802404C
:10A840000070004000031E001448006840F47000CF
:10A85000124908601248006840F001001049086081
:10A8600000200F49083108600D4800680D49084074
:10A870000B4908600C48091D0860081F006820F497
:10A880008020091F0860002005490C3108604FF046
:10A8900000600249803908607047000088ED00E0E0
:10A8A00000380240FFFFF6FE1030002410B50248C9
:10A8B000FBF7DAF810BD0000C4100020F0B4026805
:10A8C0002C4B2D4C2D4D2E4EDFF8B8C098420AD09F
:10A8D000B0F1804F07D0A04205D0A84203D0B042CB
:10A8E00001D0604503D122F070024F683A4398428C
:10A8F00028D0B0F1804F25D0A04223D0A84221D04B
:10A90000B0421FD060451DD0A0F18044B4F5A03402
:10A9100018D0A0F18044B4F5A23413D0A0F1804443
:10A92000B4F5A4340ED0A0F18044B4F5C05409D0DD
:10A93000A0F18044B4F5E05404D0A0F18044B4F513
:10A94000005403D122F44072CC6822434C6922F0B7
:10A950008002224302608A68C2620A688262984268
:10A9600001D0604501D10969016301214161F0BC59
:10A970007047000000000140000400400008004053
:10A98000000C00400004014001F01F0101238B4036
:10A99000D0F820C02CEA03030362036A02FA01F133
:10A9A000194301627047D0F808C02CF47F4C42EA8A
:10A9B0000322114341EA0C0181607047826822F052
:10A9C0007002114341F007018160704770B4026A60
:10A9D00022F001020262036A4268D0F818C02CF02B
:10A9E000700C2CF0030C0C6844EA0C0C23F00203EE
:10A9F0008C6823430F4C104DA04201D0A84205D1D2
:10AA000023F00803CE68334323F00403A04201D0AF
:10AA1000A84207D122F4807222F400724C692243CA
:10AA20008C6922434260C0F818C0496841630362E0
:10AA300070BC7047000001400004014070B4026A1D
:10AA400022F010020262036A4268D0F818C02CF4A7
:10AA5000E04C2CF4407C0C684CEA042C23F02003DE
:10AA60008C6843EA0413114C114DA04201D0A84256
:10AA700006D123F08003CE6843EA061323F0400397
:10AA8000A04201D0A84209D122F4806222F40062DF
:10AA90004C6942EA84028C6942EA84024260C0F84E
:10AAA00018C049688163036270BC704700000140B0
:10AAB0000004014070B4026A22F480720262036AE8
:10AAC0004268D0F81CC02CF0700C2CF0030C0C6801
:10AAD00044EA0C0C23F400738C6843EA0423114C01
:10AAE000114DA04201D0A84206D123F40063CE68E4
:10AAF00043EA062323F48063A04201D0A84209D18F
:10AB000022F4805222F400524C6942EA04128C6909
:10AB100042EA04124260C0F81CC04968C163036283
:10AB200070BC7047000001400004014010B4026A8C
:10AB300022F480520262D0F820C04268C36923F434
:10AB4000E04323F440730C6843EA04232CF4005CD4
:10AB50008C684CEA043CA0F18044B4F5803404D005
:10AB6000A0F18044B4F5823404D122F480424C69CF
:10AB700042EA84124260C36149680164C0F820C09F
:10AB800010BC70470368DB6A934202D20368DB6A39
:10AB90009AB231B1042907D0082908D00C290CD168
:10ABA00008E003685A6308E003689A6305E00368F5
:10ABB000DA6302E003681A6400BF00BF7047036AEB
:10ABC000D0F820C02CF0010CC0F820C0D0F818C07C
:10ABD0002CF0F00C4CEA021223F00A0319438261B4
:10ABE00001627047036A23F010030362D0F818C0B3
:10ABF000036A2CF4704C4CEA023223F0A00343EABF
:10AC0000011182610162704710B5806B0021C1851E
:10AC1000C184FBF7F3F910BD0168CA6822F4907291
:10AC2000CA6001684A6922F001024A61202180F865
:10AC30003A10704710B50168CA6822F04002CA6035
:10AC4000202180F83910FBF75EFD002010BD10B503
:10AC500090F83A10222901D0022010BD8168B1F588
:10AC6000805F11D0016919B30168496801F07F0262
:10AC7000816A4B1C83620A70C18D491E0904090C4C
:10AC8000C1851CD0002010BD816A02693AB10268FA
:10AC90005268D2B20A80816A491C8162ECE702687C
:10ACA0005268C2F308020A80816A891C8162E3E764
:10ACB00001684A68816A4B1C83620A70DCE701689C
:10ACC000CA6822F02002CA600168CA6822F4807251
:10ACD000CA6001684A6922F001024A61202180F8B5
:10ACE0003A10FBF709FC002010BD00002DE9F041EF
:10ACF000044620680169E26821F440511143016172
:10AD00002169A068E2690843616911430143206831
:10AD1000C26822F4037222F414421143C160206815
:10AD20004169A26921F4407111434161E069BC4A63
:10AD3000BC49BD4D3226B0F5004F5ED02068884238
:10AD400002D0904240F01281F9F77AFF00EBC00187
:10AD500001EB001061688900B0FBF1F7F9F770FFB3
:10AD600000EBC00101EB001061688900B0FBF1F05D
:10AD7000A5FB001040096FF01801484307EB800065
:10AD800006EB0010A5FB0010400900F0F007F9F7F2
:10AD900057FF00EBC00101EB001061688900B0FBB8
:10ADA000F1F0A5FB0010400907EB0017F9F748FF89
:10ADB00000EBC00101EB001061688900B0FBF1F805
:10ADC000F9F73EFF00EBC00101EB0010616889005C
:10ADD000B0FBF1F0A5FB001040096FF018014843EB
:10ADE00008EB800006EB0010A5FB00102168C0F303
:10ADF000431038448860BDE8F0812068884201D063
:10AE0000904259D1F9F71CFF00EBC00101EB001093
:10AE100061684900B0FBF1F0A5FB00104009070193
:10AE2000F9F70EFF00EBC00101EB0010616849006B
:10AE3000B0FBF1F8F9F704FF00EBC00101EB0010E3
:10AE400061684900B0FBF1F0A5FB001040096FF00C
:10AE50001801484308EB800006EBC000A5FB00107A
:10AE6000400900F0F80007EB4007F9F7E9FE00EBB6
:10AE7000C00101EB001061684900B0FBF1F8F9F77F
:10AE8000DFFE00EBC00101EB001061684900B0FB80
:10AE9000F1F0A5FB001040096FF01801484308EBE2
:10AEA000800006EBC000A5FB00102168C0F3421033
:10AEB00038448860BDE8F081F9F7B2FE00EBC001CC
:10AEC00001EB001061684900B0FBF1F0A5FB001038
:10AED00040090701F9F7A4FE00EBC00101EB0010E7
:10AEE00061684900B0FBF1F8F9F79AFE00EBC00188
:10AEF00001EB001061684900B0FBF1F0A5FB001008
:10AF000040096FF01801484308EB800006EBC000D1
:10AF1000A5FB0010400900F0F80007EB4007F9F727
:10AF20007FFE00EBC00101EB001061684900B0FB3F
:10AF3000F1F8F9F775FE00EBC00101EB0010616854
:10AF40004900B0FBF1F0A5FB001040096FF01801BB
:10AF5000484308EB800006EBC000A5FB0010216809
:10AF6000C0F3421038448860BDE8F081F9F758FE1C
:10AF700000EBC00101EB001061688900B0FBF1F744
:10AF8000F9F74EFE00EBC00101EB0010616889008B
:10AF9000B0FBF1F0A5FB001040096FF01801484329
:10AFA00007EB800006EB0010A5FB0010400900F045
:10AFB000F007F9F735FE00EBC00101EB0010616806
:10AFC0008900B0FBF1F0A5FB0010400907EB00176A
:10AFD000F9F726FE00EBC00101EB00106168890063
:10AFE000B0FBF1F8F9F71CFE00EBC00101EB00101B
:10AFF00061688900B0FBF1F0A5FB001040096FF01B
:10B000001801484308EB800006EB0010A5FB001078
:10B010002168C0F3431038448860BDE8F081000027
:10B0200000140140001001401F85EB5190F83910C9
:10B03000212901D0022070478168B1F5805F0CD0D2
:10B04000016A4A1C0262026809785160C18C491E7B
:10B050000904090CC18410D019E0016A026809884A
:10B06000C1F308015160016919B1016A491C01620B
:10B07000ECE7016A891C0162E8E70168CA6822F00E
:10B080008002CA600068C16841F04001C1600020D0
:10B0900070472DE9F0410446069D884617461E4636
:10B0A0002068006838EA000020D00020B84227D18C
:10B0B000B5F1FF3F1CD025B1F8F70AFE801BA8426E
:10B0C00016D92068C16821F4D071C1602068416937
:10B0D00021F001014161202084F8390084F83A0010
:10B0E000002084F838000320BDE8F0810120DDE76E
:10B0F0002068006838EA000005D00020B842D7D0A8
:10B100000020BDE8F0810120F8E7000010B50248FA
:10B11000FAF776FF10BD00004412002038B513483E
:10B12000006813490968401A1E2800D238BD02F091
:10B1300033F80E4800680E4908600E4D13240A20AB
:10B140000090224629460C48FBF7BCFA00BF0A488B
:10B1500000680068C0F380100028F8D0012269461A
:10B160000548FBF7AFFA00BFE0E7000084050020C8
:10B17000C00100200C2C00204412002008B54448D7
:10B180000068006800F0200060B100BF002000905F
:10B190003F480068006800903D48006840680090A3
:10B1A00000BF74E03B48006800F0100000286ED03B
:10B1B00000BF0020009036480068006800903448C6
:10B1C00000684068009000BF00BF33480068006816
:10B1D00000F4002070BB30480068006820F00100D7
:10B1E0002D49096808602C4800684068C0F12400B7
:10B1F0002A490880242028490968486026480068B0
:10B20000006840F40020244909680860224800686A
:10B21000006840F001002049096808601F48008864
:10B22000122834D11E491F4804F07EFA002002F093
:10B230003BF82CE018480068006820F0010016492F
:10B2400009680860144800684068C0F12400134988
:10B25000088024201049096848601348806A20F457
:10B260000020114988620C480068006840F0010025
:10B2700009490968086009480088122807D1084967
:10B280000848243004F050FA002002F00DF808BD00
:10B290008412002000480040641300208201002036
:10B2A000032A00201B2A00200060024008B5434802
:10B2B000006800F0100000287FD000BF0020009040
:10B2C0003F480068006800903D4800684068009072
:10B2D00000BF00BF3A48406B0068006800F40020DF
:10B2E000A8BB3748406B0068006820F00100344973
:10B2F000496B096808603248406B00684068C0F5D7
:10B300000070304908804FF400702D49496B09687E
:10B3100048602B48406B0068006840F400202849D2
:10B32000496B096808602648406B0068006840F077
:10B3300001002349496B09680860224802882249B4
:10B34000224802F0DEFC0B2001F0AEFF35E0FFE703
:10B350001B48406B0068006820F001001849496BE9
:10B36000096808601648406B00684068C0F50070C6
:10B37000144908804FF400701149496B096848600E
:10B380000F48406B0068006820F400200C49496BAE
:10B39000096808600A48406B0068006840F00100D6
:10B3A0000749496B09680860064802880849074848
:10B3B00002F0A7FC0B2001F077FF08BD001401404C
:10B3C000C412002080010020072100200825002051
:10B3D0000723002010B5D0F88C2252689047002037
:10B3E00010BD90F87422012A05D0022A03D0032A46
:10B3F00001D000F019B84988012904D10021C0F812
:10B400007C1200F035B8704710B513460A4600218B
:10B4100000F027FA002010BD10B513460A4600219F
:10B4200000F0D3FA002010BD10B50446802120465C
:10B4300000F0AFFA2046BDE81040002100F0A9BAA4
:10B4400010B50521C0F86C1200231A46194600F009
:10B4500008FA002010BD10B50223C0F86C32C2619A
:10B46000026213460A46002100F0AFFA002010BD28
:10B4700010B50421C0F86C1200231A46194600F0DA
:10B48000A4FA002010BDCA88012A01D0FFF7CCBF62
:10B4900090F87422012A05D0022A03D0032A08D08A
:10B4A000FFF7C2BF00218160012200F10801FFF710
:10B4B000D2BF0122011DFFF7CEBFF8B504460D46ED
:10B4C0006888010A082972D2DFE801F08D040C1F98
:10B4D0008D8D5C6AD4F88812207C0A686946904792
:10B4E00001466DE0207C022638B1D4F88C02C16A96
:10B4F0006846884701464E7062E0D4F88C02816A43
:10B500006846884701464E705AE0C0B2062834D2D9
:10B51000DFE800F0030B131B232BD4F88812207CE8
:10B520004A686946904701464AE0D4F88812207C70
:10B530008A6869469047014642E0D4F88812207C28
:10B54000CA686946904701463AE0D4F88812207CE0
:10B550000A6969469047014632E0D4F88812207C97
:10B560004A696946904701462AE0D4F88812207C4F
:10B570008A6969469047014622E029462046FFF73E
:10B5800053FFF8BD207C20B129462046FFF74CFF31
:10B59000F8BDD4F88C02416B6846884701460FE03D
:10B5A000207C28B129462046FFF73EFFF8BD1AE06F
:10B5B000D4F88C02016B6846884701460720487022
:10B5C000BDF8000040B1EA8832B1824200D902469B
:10B5D00000922046FFF73FFFE8880028E6D120468A
:10B5E000FFF746FFF8BD29462046FFF71DFFF8BDCF
:10B5F00090F87422012A05D0022A03D0032A01D030
:10B60000FFF712BFCA88022A01D0FFF70DBF012140
:10B61000C160D0F87C1209B10321C160022200F19F
:10B620000C01FFF718BF0146002031B1012906D0F7
:10B63000022906D0032908D105E0002007E00220F6
:10B6400005E0012003E0022001E0022000BF00BF6E
:10B6500070472DE9F04104460D4600260027294693
:10B66000D4F89802F8F7FBFD06463046FFF7DBFFFB
:10B6700007463846BDE8F08170B504469446002977
:10B6800009D0D4F88C0242691AB194F874020328E4
:10B6900059D0022070BD04F11400D4F86C120025BA
:10B6A000022904D0042940D000293ED041E0C368DB
:10B6B00001698B420DD9591AC1608AB26146204690
:10B6C000FFF7AAFE00231A461946204600F0C9F8E3
:10B6D0002FE08068B0FBF1F201FB12029AB98842B8
:10B6E00011D3D4F8701288420DD2002211462046A0
:10B6F000FFF792FEC4F8705200231A4619462046FE
:10B7000000F0AFF815E0D4F88C02C16829B194F8C4
:10B710007402032801D1204688478021204600F08A
:10B7200038F92046FFF78CFE03E08021204600F028
:10B7300030F994F87802012807D1204600F071F919
:10B7400084F8785201E020469047002070BD10B583
:10B75000044608461146002809D0D4F88C128A699C
:10B760001AB194F87412032931D0022010BD04F5E7
:10B77000A070D4F86C32032B02D0052B1FD029E027
:10B78000D0F810C0C36863450BD9A3EB0C03C360AA
:10B790000069834200D303469AB22046FFF734FE85
:10B7A00018E0D4F88C02016929B194F874020328D6
:10B7B00001D1204688472046FFF75AFE0AE00020C4
:10B7C000C4F86C020021204600F0E3F802E00146D4
:10B7D00020469047002010BD0020704710B5012181
:10B7E00080F87412D0F88C220179526890470020BA
:10B7F00010BD10B50246D2F8983201F080008028C2
:10B8000009D101F07F00C0EBC00403F13C0000EB64
:10B810008400807810BD01F07F00C0EBC00403F508
:10B82000FE7000EB84008078F4E700207047002071
:10B8300070472DE9F04704460F4615461E464FF067
:10B840000008C1462B4632463946D4F89802F8F72C
:10B8500034FD80464046FFF7E6FE81464846BDE897
:10B86000F0872DE9F04704460D4616461F464FF077
:10B870000008C1463B4632462946D4F89802F8F7FC
:10B880004AFD80464046FFF7CEFE81464846BDE869
:10B89000F08770B504460022402311462046FFF78A
:10B8A000C8FF0125C4F844514026C4F85061402324
:10B8B000002280212046FFF7BCFFA561666284F864
:10B8C00074520020C4F86C026060C4F87C02D4F8A2
:10B8D000900228B1D4F88C0200214268204690479B
:10B8E000002070BD90F8751280F874120020704727
:10B8F00010B590F87412032904D1D0F88C12C969DC
:10B9000001B18847002010BD0174002070472DE967
:10B91000F04104460D46002600272946D4F8980237
:10B92000F8F7C8FF06463046FFF77DFE0746384663
:10B93000BDE8F08110B5044604F5207000F05DF814
:10B940000120C4F86C02B4F88602C4F8700294F8BE
:10B95000801211F01F000AD001280ED0022812D048
:10B9600001F08001204600F014F8002010BD04F51D
:10B970002071204600F0FEF8F7E704F5207120461C
:10B9800000F030FAF1E704F52071204600F032F9BA
:10B99000EBE72DE9F04104460D4600260027294635
:10B9A000D4F89802F8F7DAFC06463046FFF73BFE7B
:10B9B00007463846BDE8F08190F8741280F8751299
:10B9C000042180F87412002070472DE9F0470446E6
:10B9D0000D4616461F464FF00008C1463B4632460C
:10B9E0002946D4F89802F8F7F3FC80464046FFF762
:10B9F0001AFE81464846BDE8F0870A7802704A7808
:10BA000042708A78CB7802EB032242800A794B7924
:10BA100002EB032282808A79C97902EB0121C1807D
:10BA200070470020704770B504468888002821D1EF
:10BA3000C888F8B9488880281CD200F07F0594F89F
:10BA4000740203280DD084F8765229462046FFF769
:10BA50005EFF2046FFF70CFD45B1022084F874021A
:10BA600070BD2046BDE87040FFF7DEBC012084F8C1
:10BA7000740270BD2046BDE87040FFF7D5BC10B51C
:10BA80000224D0F88C22002A03D01268904700B913
:10BA90000024204610BD000070B504460D46304E0F
:10BAA000A9783170012905D929462046BDE87040A2
:10BAB000FFF7BABC94F8740202280BD0032823D0F5
:10BAC00029462046FFF7B0FC31782046BDE870409B
:10BAD000FFF780BC99B16160032084F874022046AE
:10BAE000FFF7CDFF022804D02046BDE87040FFF7E5
:10BAF000BFBC29462046BDE87040FFF795BC2046F4
:10BB0000BDE87040FFF7B4BC91B16068884221D0B5
:10BB1000C1B22046FFF75EFC317861602046FFF736
:10BB2000AEFF022810D02046BDE87040FFF7A0BC51
:10BB3000022084F8740261602046FFF74BFC204627
:10BB4000BDE87040FFF794BC29462046BDE8704030
:10BB5000FFF76ABC2046BDE87040FFF789BC0000D3
:10BB6000FC0500204988012903D1C0F87C12FFF7A9
:10BB70007FBC704710B503460024087810F06002BF
:10BB80000ED0202A06D0402A04D01846FFF74CFCDD
:10BB9000204610BDD3F88C02826818469047F7E71C
:10BBA00048780A2822D2DFE800F0151D2119210962
:10BBB0000521110D1846FFF780FCE9E71846FFF74D
:10BBC00032FFE5E71846FFF767FFE1E71846FFF7A2
:10BBD0005AFCDDE71846FFF70BFDD9E71846FFF7DB
:10BBE000C1FFD5E71846FFF7FCFBD1E71846FFF782
:10BBF0001BFCCDE72DE9F0410446084600260179FB
:10BC0000037813F0600211D0202A08D0402A06D011
:10BC100001462046FFF708FC3046BDE8F081D4F825
:10BC20008C128A68014620469047F5E703F06002CF
:10BC3000202A0BD04278002A61D0012A37D0032A6B
:10BC40000CD001462046FFF7EFFBE5E7D4F88C1255
:10BC50008A6801462046BDE8F041104794F87422F6
:10BC6000022A06D0032A14D001462046FFF7DCFB47
:10BC7000D2E749B1802907D02046FFF78AFE80210C
:10BC80002046FFF786FEC7E701462046FFF7CCFBBC
:10BC9000C2E742883AB931B1802904D0C08810B9CE
:10BCA0002046FFF776FE2046FFF7E2FBB4E794F864
:10BCB0007422022A06D0032A14D001462046FFF738
:10BCC000B3FBA9E749B1802907D02046FFF761FE01
:10BCD00080212046FFF75DFE9EE701462046FFF7E4
:10BCE000A3FB99E74088002896D111F07F0F02D07E
:10BCF0002046FFF7AEFC2046FFF7BAFB8CE794F82E
:10BD000074220027022A06D0032A26D001462046A4
:10BD1000FFF78AFB80E731B1802904D00146204635
:10BD2000FFF782FB78E711F0800F08D001F07F0069
:10BD300000EB800004EB800000F1140107E001F04B
:10BD40007F0000EB800004EB800000F5A0710F6025
:10BD500002222046FFF77FFB5EE711F0800F0CD038
:10BD600001F00F0202EB820204EB820292696AB9CF
:10BD700001462046FFF758FB4EE701F00F0202EBA9
:10BD8000820204EB8202D2F844215AB111F0800FF2
:10BD90000DD001F07F0000EB800004EB800000F18B
:10BDA00014050CE001462046FFF73EFB34E701F0A6
:10BDB0007F0000EB800004EB800000F5A07541B12E
:10BDC000802906D02046FFF714FD20B1012028600D
:10BDD00002E02F6000E02F60022229462046FFF794
:10BDE0003AFB19E770B505460C46207810F0600262
:10BDF00009D0202A07D0402A05D021462846FFF73F
:10BE000013FB002070BD95F87422012A08D0022A85
:10BE100006D0032A04D021462846FFF705FBF0E7A9
:10BE2000207901280ED8D5F88C0221468268284650
:10BE30009047E1880029E4D10028E2D12846FFF7A5
:10BE400017FBDEE721462846FFF7EEFAD9E70000A8
:10BE500010B40A784C784FF0010C02F00F030CFA82
:10BE600003F3012C0DD0D0F81CC84CEA0343C0F8F2
:10BE70001C3800EB4210D0F8002B12F4004F22D0F7
:10BE80002EE0D0F81CC89BB24CEA0303C0F81C3863
:10BE900000EB4210D0F8003913F4004F20D1D0F855
:10BEA0000039B1F808C0C978CCF30A0C890443EA18
:10BEB0000C0341EA8251194341F4004141F08051A1
:10BEC000C0F800190CE0D0F8002B0B89C978C3F337
:10BED0000A031A43044B43EA81411143C0F8001B93
:10BEE00010BC00207047000000800010D0F800193E
:10BEF0006FF30A01C0F80019D0F8081801F0060124
:10BF0000042905D1D0F8001941F00301C0F8001947
:10BF1000D0F8041841F48071C0F80418002070476C
:10BF200030B491F800C04C780B78012C00EB43132F
:10BF300022D0D3F8100B6FF31200C3F8100BD3F814
:10BF4000100B6FF3DC40C3F8100B486908B1886828
:10BF50004861D3F8100B40F40020C3F8100BD3F85D
:10BF6000100BD1F808C0CCF3120C40EA0C00C3F857
:10BF7000100B012A5CD05FE04C69B4B3D3F81049D0
:10BF80006FF31204C3F81049D3F810496FF3DC447F
:10BF9000C3F810494D698C68A54200D94C61D3F8AB
:10BFA000104944F40024C3F81049D3F810494D69EE
:10BFB000C5F312052C43C3F81049012A29D000EB20
:10BFC0004C12D2F8003943F00443C2F800394A69F0
:10BFD0006AB3D0F834280978012301F00F0103FA7D
:10BFE00001F11143C0F834182CE0FFE7D3F81049F1
:10BFF0006FF3DC44C3F81049D3F8104944F400242B
:10C00000C3F81049D3F810496FF31204C3F810496C
:10C01000D3E7096919B100EB4C12C2F8141900EB0F
:10C020004C10D0F8001941F00441C0F8001909E0A3
:10C03000C86808B1C3F8140BD3F8000B40F00440F3
:10C04000C3F8000B30BC002070470000036CDFF821
:10C0500058C0634506D9D0F8003B13F0004F01D01B
:10C06000002070470023C0F8103BD0F8103B43F489
:10C070000023C0F8103BD0F8103B43F01803C0F881
:10C08000103BD0F8103B43F0C043C0F8103B0129EF
:10C0900007D1C0F8142BD0F8001B41F08021C0F864
:10C0A000001B0020704700000A30544F4A780B787C
:10C0B000012A00EB43100BD0D0F8002B22F4001221
:10C0C000C0F8002BC978032914D0022912D017E038
:10C0D000D0F8002922F40012C0F80029C9780329F9
:10C0E00001D002290CD1D0F8001941F08051C0F8DC
:10C0F000001905E0D0F8001B41F08051C0F8001B8A
:10C10000002070470A784B780978012B00EB41102A
:10C1100005D0D0F8001B11F0004F13D019E0D0F873
:10C12000001911F0004F06D12AB1D0F8001921F002
:10C130008041C0F80019D0F8001941F40011C0F88E
:10C1400000190CE02AB1D0F8001B21F08041C0F8A2
:10C15000001BD0F8001B41F40011C0F8001B0020A8
:10C16000704778B591F800C04D780B786FF0604457
:10C1700000EB4313012D2DD0D3F810CB6FF3120C2D
:10C18000C3F810CBD3F810CB6FF3DC4CC3F810CB53
:10C19000D1F814C0BCF1000F7DD08D68AC44ACF177
:10C1A000010CBCFBF5FC1FFA8CFCD3F8105B04EA15
:10C1B000CC442C43C3F8104BD3F8104B8D6805FBCF
:10C1C0000CFCCCF3120C44EA0C0CC3F810CB012A83
:10C1D0007DD0BDE04D6925B3D3F810596FF312053A
:10C1E000C3F81059D3F810596FF3DC45C3F8105950
:10C1F0004E698D682E44761EB6FBF5F504EAC544FB
:10C20000D3F810592C43C3F81049D3F810494D699D
:10C21000C5F312052C43C3F81049CC78012C13D078
:10C220001EE0D3F810496FF3DC44C3F81049D3F88B
:10C23000104944F40024C3F81049D3F810496FF3AF
:10C240001204C3F810490BE0D3F8104924F0C0449D
:10C25000C3F81049D3F8104944F00054C3F810490A
:10C26000012A1DD000EB4C13D3F800C94CF0044C4C
:10C27000C3F800C991F803C0BCF1010F3AD04A6974
:10C28000002A79D0D0F834280978012301F00F0171
:10C2900003FA01F100E047E01143C0F834186BE005
:10C2A0000A691AB100EB4C13C3F81429C9780129A3
:10C2B0000CD1D0F8081811F4807F12D000EB4C118B
:10C2C000D1F8002942F08052C1F8002900E03BE09B
:10C2D00000EB4C10D0F8001941F00441C0F80019EF
:10C2E0004AE000EB4C11D1F8002942F00052C1F8AD
:10C2F0000029EBE7D0F808C81CF4807F0DD0D3F8F4
:10C3000000C94CF0805CC3F800C900928A8A93B2DD
:10C310000A78C96800F02CF92EE0D3F800C94CF077
:10C32000005CC3F800C9F0E7D3F810CB8C68C4F305
:10C3300012044CEA040CC3F810CBD3F810CB4CF425
:10C34000002CC3F810CB42E7CA680AB1C3F8142B1B
:10C35000C97801290AD1D0F8080810F4807F0DD0DF
:10C36000D3F8000B40F08050C3F8000BD3F8000B5B
:10C3700040F00440C3F8000B002078BDD3F8000B58
:10C3800040F00050C3F8000BF0E70000002220232B
:10C3900043EA811101610649521C8A4201D90320F6
:10C3A0007047036913F0200FF6D10020704700009A
:10C3B000400D0300D0F8080800F00600002805D062
:10C3C000022805D0062803D00F20704700207047B0
:10C3D00002207047406900F001007047D0F818183B
:10C3E000D0F81C08084080B27047D0F81818D0F870
:10C3F0001C080840000C7047D0F81028D0F83438DA
:10C4000001F00F0C23FA0CF303F0010342EAC3120C
:10C4100000EB4110D0F808091040704700EB4111C3
:10C42000D1F8081BD0F814080840704741698069AA
:10C430000840704703460846D11C8A080021002A9C
:10C4400009D903F58053D3F800C0C0F800C0001D1F
:10C45000491C9142F7D37047D0F8002822F4FE62BD
:10C46000C0F80028D0F800284FF4FE6303EA011159
:10C470001143C0F80018002070470000022A0FD0B6
:10C48000002A54D00921C26822F47052C260C268E6
:10C490004FF4705303EA81211143C16000207047BB
:10C4A000244A254B0A449A4201D20F21EBE7234A42
:10C4B000234B0A449A4201D20E21E4E7A1F574020B
:10C4C000204BA2F510529A4201D20D21DBE7A1F1D7
:10C4D00083721D4BA2F5E7429A4201D20C21D2E7AA
:10C4E0001A4A1B4B0A449A4201D20B21CBE7194A44
:10C4F000194B0A449A4201D20A21C4E7174A184B41
:10C500000A449A4201D20921BDE7A1F1B772154B45
:10C51000A2F558529A4201D20821B4E7124A1144B6
:10C52000124A914201D20721ADE70621ABE709216A
:10C53000A9E70000405327FF00350C00401E1BFFF9
:10C5400040420F00804F120020D6130060B6E5FE77
:10C5500060E3160000D3CEFE40771B00C05BB3FE45
:10C56000C091210020753800E05459FEE09C410044
:10C57000DDF800C0BCF1000F10D1DB1C4FEA930CBA
:10C580000023BCF1000F09D900EB023000F5805008
:10C590000A680260091D5B1C6345F9D300207047DF
:10C5A00000BFFEE74100080218BF04200A0E18BFB2
:10C5B00040F001004FF07F4232EA010108BF40F035
:10C5C0000200012808BF05207047EFF31080704774
:10C5D00010B510EE104A4FF01A402DED028B00EB13
:10C5E0004400B0F1C85F4AD84FF0FC40B0EB440FB4
:10C5F00022D2B0EEC00AF7EE000A30EEC00AF6EE24
:10C60000000A20EE208A18EE100A03F069FA00EE04
:10C61000100A14F0004F1DBF9FED281ADFED280A05
:10C62000B1EE400A9FED271A08BFF0EE410AF8EE7E
:10C63000001A20EE210A05E020EE008A9FED221A62
:10C64000DFED220ADFED221A9FED222A70EEC00AEA
:10C6500020EE080A08EE212ADFED1F1A48EE021A22
:10C660009FED1E2A08EE212ADFED1D1A48EE021A60
:10C67000BDEC028B40EE610A30EE810A10BD4FF036
:10C68000CC40B0EB440F82BF9FED160ABDEC028B8D
:10C6900010BD4FF07F40B0EB440F05D2BDEC028BD4
:10C6A000BDE8104000F005BA0120F4F792FDBDECA2
:10C6B000028BBDE8104000F003BA000000004940C2
:10C6C00022AA7D3A000000000000C93F22AAFD39DD
:10C6D00024FE1C3DC78AD83C1E67383D1B93993DFC
:10C6E000AFAA2A3EDB0FC93F10B54FF00E402DED2B
:10C6F000028BB0EE408A18EE104A00EB4400B0F115
:10C70000506F4AD84FF0FC40B0EB440F22D2B0EE4D
:10C71000C80AF7EE000A30EEC00AF6EE000A60EE34
:10C72000208A18EE900A03F0DBF901EE100A14F0EB
:10C73000004F1DBFDFED2D0A9FED2D0AB1EE411A0E
:10C74000DFED2C0A08BF9FED2C0AF8EE001A21EE4F
:10C75000218A05E0DFED290A68EE088AB0EE600A5A
:10C760009FED271ADFED271A30EE080A48EE811AEE
:10C770009FED251A08EEA11ADFED241A48EE811A62
:10C780009FED231A08EEA11A68EE281ABDEC028B61
:10C7900001EE810A30EE200A10BD4FF0E440B0EB0C
:10C7A000440F0CD918EE100AFFF7FCFE042808BF4E
:10C7B00000F08EF9B0EE480ABDEC028B10BD4FF0D0
:10C7C0007F40B0EB440F07D2B0EE480ABDEC028BBD
:10C7D000BDE8104000F06DB90120F4F7FAFCBDECA3
:10C7E000028BBDE8104000F06BB900000000C9BF2B
:10C7F00022AAFDB90000C93F22AAFD3900000000AD
:10C8000024FE1C3DC78AD83C1E67383D1B93993DCA
:10C81000AFAA2A3E10EE100A10B510EE901A4FF093
:10C82000684202EB40032DED028BB3F1654F3CBF34
:10C8300002EB4102B2F1654F7CD200BFC0F3C75397
:10C84000C1F3C7529A1A1B2A09DD10F0004F14BF1A
:10C850009FED6E0A9FED6E0ABDEC028B10BD12F1CA
:10C860001A0F1BDA11F0004F09D010F0004F0CBF67
:10C870009FED680A9FED680ABDEC028B10BD80EE4B
:10C88000208A18EE100AFFF78DFE042808BF00F07A
:10C890001FF9B0EE480ABDEC028B10BD4200B2EBAE
:10C8A000410F37D910F0004F19BFDFED5C1A9FED33
:10C8B0005C1ADFED5C1A9FED5C1AB0EE602A0A4646
:10C8C000F1EE400A80F00041B0EE420A10460A1A2A
:10C8D0005200B2F1807F34D2484010F0004FDFEDBB
:10C8E000532A9FED533A1DBFBEEE002A71EEE21AA5
:10C8F00031EE431AB6EE002A04BF71EEA21A31EEF1
:10C90000031AF0EE402A42EE602A40EE020A82EE5E
:10C91000A02A18E011F0004F04BF9FED461AF0EE78
:10C92000411AD4D010F0004F1CBFDFED431A9FED29
:10C93000431A00E026E004BFDFED411A9FED411AE3
:10C94000C5E780EE202A22EE020ADFED3F0ADFED86
:10C950003F2ABDEC028B40EE202ADFED3D0A40EE7F
:10C96000220ADFED3C2A40EE202ADFED3B0A40EEB2
:10C97000220A22EE000A00EE201A31EE020A30EE00
:10C98000210A10BD4FF07F42B2EB400F28BFB2EB3F
:10C99000410F05D2BDEC028BBDE8104000F08CB811
:10C9A00040EA01035B0008BF41F0FF410BD0B2EB4E
:10C9B000400F08BFB2EB410F08D120F0804000EEDD
:10C9C000100A21F0804100EE901A37E7B2EB400FD9
:10C9D00012BF5FEA410240F0FF4001F000413FF426
:10C9E0002DAF4A0092EA40033FF528AF002AACBFC2
:10C9F0009FED1A1A9FED1A1A20EE010A60EE810AC5
:10CA000010EE100A10EE901A18E70000DB0FC9BFF5
:10CA1000DB0FC93FDB0F4940DB0F49C00000C9BF36
:10CA200022AAFDB90000C93F22AAFD390060ED3EEF
:10CA3000C30ACE3700000000000049C022AA7DBA18
:10CA40000000494022AA7D3A2DAD65BD8FB8D53D85
:10CA50000FB511BE61C84C3EA8AAAABE0000804F07
:10CA60000000802F2DED020B019820F00040019076
:10CA70009DED000B02B0704710B52DED028BB1EEAD
:10CA8000C08A18EE100A20F00040C0F1FF40C00F2D
:10CA90000AD010EE100A20F00040C0F1FF40C00F95
:10CAA00004BF0120F4F795FBB0EE480ABDEC028B01
:10CAB00010BD30EE000A704730EE200A70470000CB
:10CAC000DFED020A80EEA00A7047000000000000BF
:10CAD0009FED020A20EE000A7047000000000010DF
:10CAE00080F3108870470000010E144A1170C0F3E3
:10CAF0000741127811FB02F1114A1180C0F307219E
:10CB00000E4A127811FB02F10E4A1180C1B20B4A93
:10CB1000127811FB02F10C4A1180114609880B4A68
:10CB20001268516307490988084A126891630449E9
:10CB30000988064A1268D163704700004C00002043
:10CB40004E000020500000205200002084110020E0
:10CB500010B5F4F709FD8020F4F7CEFE5520F4F768
:10CB6000CBFE5520F4F7C8FE50490870F4F7F2FCEC
:10CB70000120F6F7BBFEF4F7F7FC8020F4F7BCFECB
:10CB80005520F4F7B9FE5520F4F7B6FE4749087072
:10CB9000F4F7E0FC0120F6F7A9FEF4F7E5FCB62176
:10CBA0007E20F4F7BBFEF4F7D5FC5020F6F79EFE8E
:10CBB000F4F7DAFC8020F4F79FFE5520F4F79CFE92
:10CBC0005520F4F799FE39490870F4F7C3FC0120A9
:10CBD000F6F78CFEF4F7C8FC8020F4F78DFE5520A4
:10CBE000F4F78AFE5520F4F787FE30490870F4F711
:10CBF000B1FC0120F6F77AFE2C4800781E2801D0FF
:10CC0000FF2010BD00202A49087049E0F4F7ACFC71
:10CC1000274A127802EB4202264B1A445178244AE2
:10CC2000127802EB4202985CF4F778FEF4F792FC7B
:10CC30000120F6F75BFEF4F797FC1D49097801EB3C
:10CC400041011C4A515C41F08000F4F755FE55202B
:10CC5000F4F752FE5520F4F74FFE14490870F4F72C
:10CC600079FC0120F6F742FE1148007800EB400005
:10CC70001049084440780D49097888420BD00C4887
:10CC8000007800EB40000B49084480780A49097895
:10CC900008430949087006480078401C0449087098
:10CCA000034800780628B1DB0020AAE7D401002061
:10CCB000D5010020E0010020D601002010B5F4F7D6
:10CCC00067FC45490020F4F70AFEF4F757FC012001
:10CCD000F6F70CFEF4F75CFC3F490020F4F7FFFD8B
:10CCE000F4F74CFC0120F6F701FEF4F751FCB621F5
:10CCF0001420F4F713FEF4F741FC5020F6F7F6FD8C
:10CD0000F4F746FC34490020F4F7E9FDF4F736FC6B
:10CD10000120F6F7EBFDF4F73BFC2F490020F4F778
:10CD2000DEFDF4F72BFC0120F6F7E0FD2A48007841
:10CD30000F2801D0FF2010BD00202849087045E0D1
:10CD4000F4F726FC254A127802EB4202244B1A44DF
:10CD50005178224A127802EB4202985CF4F7DEFD29
:10CD6000F4F70CFC0120F6F7C1FDF4F711FC1B49A8
:10CD7000097801EB41011A4A505C1749F4F7AFFDFD
:10CD8000F4F7FCFB0120F6F7B1FD1448007800EB46
:10CD900040001349084440780F490978884210D070
:10CDA0000E480078401E0D4908700846007800EBD8
:10CDB00040000C49084480780B49097808430A4927
:10CDC000087006480078401C044908700348007841
:10CDD0000628B5DB0020AEE7D4010020D5010020F5
:10CDE000F2010020E0010020D601002000200249CD
:10CDF0000968C8637047000044110020034A1268A4
:10CE000090620022014B1B68DA63704744110020D6
:10CE100010B504461A48007840B91A48007828B975
:10CE20001748047064201749087027E014480078F8
:10CE300038B914480078401E12490870FFF7D6FF31
:10CE40001CE011480078401C0F4908700846007823
:10CE5000322802DAFFF7CAFF10E00B480078642896
:10CE600004DA00210120FFF7C9FF07E0002006498E
:10CE7000087003480078401E0149087010BD00008A
:10CE800097010020980100209901002070B500242E
:10CE9000002500BF2DE004EB840303EBC4031B4E0D
:10CEA00033441B795B06DA0D04EB840303EBC40304
:10CEB0003344D3F80510164B5819F4F768F804EB0F
:10CEC000840000EBC40031460844007900F07F0084
:10CED00005EB800085B20E48284404EB840101EB89
:10CEE000C4013246114409680160281D85B2601CE6
:10CEF000C4B2052CCFDB0121064800F052FF1E22F0
:10CF00000349044800F064FF70BD0000241F0020A6
:10CF1000AC1E002000000A080246002070470246AE
:10CF20000B4611460BB901207047002008702820DD
:10CF3000C87091F903002D2801DD2D20C87043F23F
:10CF40003900A1F80100B3EE060A10EE100A48609D
:10CF50000120E9E701F036F94D49086042F210710D
:10CF60005F20FFF74BFF91E0FDF78EF90020494964
:10CF700008707EE04748007800EB800101EBC000BC
:10CF8000454908440079C00900286DD0414800781F
:10CF900000EB800101EBC0003F490844D0F80900D4
:10CFA000002861D03D493B4B1B7851F8230039499B
:10CFB000097801EB810303EBC101374B1944D1F828
:10CFC000092001219047E0B33248007800EB40008F
:10CFD0003349085C2F49097801EB810202EBC1015A
:10CFE0002D4A50542B48007800EB40002C4908444F
:10CFF00040782849097801EB810202EBC101264AF9
:10D00000114448702348007800EB4000244908444C
:10D0100080782049097801EB810202EBC1011E4AA8
:10D020001144887055201B49097801EB810202EBFD
:10D03000C101194A1144C8701648007800EB8001FC
:10D0400000E011E001EBC00011460844007920F037
:10D0500080001049097801EB810202EBC1010E4A00
:10D0600011440871FFF712FF0A480078401C094973
:10D070000870084800780528FFF67CAF012001F011
:10D08000C5FD002002F0D4FD064908606CE70000F1
:10D09000D400002014010020241F0020E000002004
:10D0A00068240108D000002000B58BB00120099051
:10D0B000002007900120089000200190029003902A
:10D0C00004900690059001A90C48F5F78DFD0B48DA
:10D0D000F6F727FA02210948F5F7F2FC0E200A902C
:10D0E000069001A90648F5F77FFD0548F6F719FAFD
:10D0F00002210348F5F7E4FC0BB000BD380D002019
:10D10000600D002070B52DED048B04460D4614B95A
:10D11000BDEC048B70BD287F032820D194ED4C0A10
:10D12000DFED1A0A30EE600A10EE101A084604F01D
:10D13000F7FE41EC190BB0EE490AF0EE690AFFF771
:10D1400091FCB0EE408AF0EE608A9FED110B53EC3B
:10D15000102B51EC180B04F0B0FB00D2D8E7294695
:10D16000204602F027FA2946204601F01BFB2946FB
:10D17000204603F0FBFC94EDA00A85ED050A94ED32
:10D18000A20A85ED060A00BFC2E700000000000009
:10D19000000000A09999B93F70B52DED048B82B0C5
:10D1A00001A800F089FFA5202E490870FF204870D3
:10D1B00000F08CFF2C4908600846006890EDA00A3A
:10D1C000DFED2A0A80EE201A11EE106A304604F0D4
:10D1D000A7FE41EC190B9FED260B53EC102B04F02E
:10D1E000CDF941EC180B03F02DFD1E49C1F80200EA
:10D1F0001D48006890ED4C0ADFED1C0A80EE201AF5
:10D2000011EE106A304604F08BFE41EC190B9FEDD5
:10D21000180B53EC102B04F0B1F941EC180B03F090
:10D2200011FD1049C1F806000F480068D0F88802C7
:10D23000C1F80A0000210B4881730421C1739DF8D5
:10D2400004100174044611254FF6FF72294620464A
:10D2500000F000FF2146A1F8110002B0BDEC048BE4
:10D2600070BD00000C2C0020C401002000003443DD
:10D270004AD8124DFB210940074800680749B0FB16
:10D28000F1F007490870044800684FF47A71B0FB68
:10D29000F1F00449086070473000002040420F0060
:10D2A000340000203800002010B5044604EBC40010
:10D2B000454901EB8000006804EBC401424A02EBDF
:10D2C0008101486003F086FA04EBC4013E4A02EB98
:10D2D0008101086004EBC400114601EB8000C07CB2
:10D2E000C0F38010B0B104EBC40001EB8000C07C3F
:10D2F00020F0400004EBC40102EB8101C87404EB90
:10D30000C400114601EB8000006804EBC40102EB8D
:10D310008101C86004EBC4002B4901EB80008069E7
:10D3200090B304EBC401284A02EB8101886980476D
:10D3300058B304EBC400244901EB8000C07C20F00A
:10D340002000203004EBC4011F4A02EB8101C874A5
:10D3500004EBC400114601EB8000C07C20F080008B
:10D36000803004EBC40102EB8101C87404EBC400FB
:10D37000114601EB8000006A28B304EBC40102EB04
:10D380008101086A80471EE00FE0FFE704EBC4005C
:10D390000D4901EB8000C07C20F0800004EBC4014B
:10D3A000094A02EB8101C8740DE004EBC400064990
:10D3B00001EB8000C07C20F0800004EBC401024A35
:10D3C00002EB8101C87410BD1419002010B596B08D
:10D3D00004465422554901A8F3F71EFE00209FE0A1
:10D3E00000EB400101AA32F8112000EBC001504BC4
:10D3F00003EB8101098A62F30B0100EBC00203EB2E
:10D400008202118200EB400101AA02EB41014A882D
:10D4100000EBC00103EB8101B1F8111062F30F11B1
:10D4200000EBC00203EB8202A2F8111000EB4001F6
:10D4300001AA02EB4101097900EBC00203EB820271
:10D44000D27C61F3440200EBC00103EB8101CA749A
:10D45000002100EBC00203EB8202916100EBC002ED
:10D4600003EB8202D16100EBC00203EB8202116286
:10D4700000EBC0011A4602EB8101C97C21F00101D9
:10D48000491C00EBC00203EB8202D17400EBC00127
:10D490001A4602EB8101C97C21F02001203100EB0A
:10D4A000C00203EB8202D17400EBC0011A4602EB0A
:10D4B0008101C97C21F04001403100EBC00203EB47
:10D4C0008202D17400EBC0011A4602EB8101C97CD3
:10D4D00021F08001803100EBC00203EB8202D174A5
:10D4E0009FED140A10EE101A00EBC00203EB82024B
:10D4F000516100EBC0011A4602EB81010C6000EBA8
:10D50000C00102EB81014C6000EBC00102EB810124
:10D510008C6000EBC00102EB8101CC60411CC8B201
:10D520000E28FFF65DAF16B010BD00000424010800
:10D53000141900200000000003F04CF99B4908601A
:10D5400008460068FFF742FF392002F0A3FC2CE1F7
:10D5500003F040F9954908600E20954908709548F8
:10D5600090F80B0220F04001924880F80B1290F8DE
:10D570000B0220F020018F4880F80B12002409E1F3
:10D5800004EBC4008B4901EB8000C07C00F001007B
:10D5900000B9FEE004EBC400864901EB800000689E
:10D5A00082490968081A04EBC401824A02EB81012E
:10D5B000098AC1F30B01884260D904EBC40011460B
:10D5C00001EB8000C07CC0F3401008BB04EBC4003A
:10D5D00001EB8000C07C20F04000403004EBC4012F
:10D5E00002EB8101C87404EBC400114601EB80001A
:10D5F000C07C20F02000203004EBC40102EB81014C
:10D60000C8746A48006804EBC40102EB81018860B9
:10D6100004EBC400674901EB8000C07CC0F3430009
:10D620006349097801EBC101624A02EB8101C97CBF
:10D63000C1F34301884201DD5D490C705D4890F8FB
:10D640000B0220F0400040305A4981F80B02084696
:10D6500090F80B0220F02000203081F80B0204EB40
:10D66000C40001EB8000C069002806D004EBC401AF
:10D67000504A02EB8101C869804789E004EBC4008D
:10D680004C4901EB8000C06848490968081A04EB5E
:10D69000C401484A02EB8101B1F81110B0EB111F2F
:10D6A0001BD204EBC400114601EB8000C07C20F0CB
:10D6B000400004EBC40102EB8101C87404EBC40018
:10D6C000114601EB8000C07C20F02000203004EBEC
:10D6D000C40102EB8101C8745AE004EBC40035496F
:10D6E00001EB8000C07C20F0400004EBC401314A13
:10D6F00002EB8101C87404EBC400114601EB800009
:10D70000C07CC00968B104EBC40001EB8000C07CA0
:10D7100020F02000203004EBC40102EB8101C8742A
:10D720000DE004EBC400234901EB8000C07C20F035
:10D73000200004EBC4011F4A02EB8101C87404EB12
:10D74000C4001C4901EB8000006804EBC401194AC5
:10D7500002EB8101496888421AD904EBC4001146E2
:10D7600001EB8000006804EBC40102EB8101496811
:10D77000401A00EE100AF8EE400A9FED0F1A81EEF3
:10D78000200A10EE100A04EBC40102EB810148618B
:10D7900000BF641C0E2CFFF6F3AE0A2002F07AFBE9
:10D7A000002002F045FA05490860D1E6B0000020EB
:10D7B000B40000201419002000007A44AC000020BE
:10D7C000816900EE101A816A00EE901A20EE200A9C
:10D7D000B5EEC00AF1EE10FA65DD816900EE101AAF
:10D7E000B5EEC00AF1EE10FA03DD816900EE101A01
:10D7F00004E0816900EE101AB1EE400A416D00EEBE
:10D80000901AB4EEE00AF1EE10FA00D87047016DFC
:10D8100000EE101A416D00EE901A70EE200A816938
:10D8200000EE101AB5EEC00AF1EE10FA03DD8169C0
:10D8300000EE101A04E0816900EE101AB1EE400A01
:10D84000F4EEC00AF1EE10FA28DB016D00EE901A3A
:10D85000816900EE101AB5EEC00AF1EE10FA03DD90
:10D86000816900EE101A04E0816900EE101AB1EE31
:10D87000400A70EEC00A416D00EE101A30EE801AB8
:10D88000016D00EE101AC1EE000A016B00EE101AD5
:10D8900020EE800A10EE101A016304E09FED030AE7
:10D8A00010EE101A016300BFB0E700000000000096
:10D8B00050F82C1F00EE101A416E00EE901A60EE28
:10D8C000201A016B00EE101A416E00EE901A30EE35
:10D8D000200A81EE801A016900EE101A016B00EE39
:10D8E000901A60EE201A00EE101A416E00EE901AA7
:10D8F00030EE200AC1EE800A31EE200A10EE101A36
:10D9000040F82C19704710B50446D4F8940090BB29
:10D91000B4F86000022817DD206901EE100AB1EEAC
:10D92000411AF0EE410AD4F8900000EE100A04F11A
:10D930006200FBF715FFE06800EE900A20EE200A77
:10D9400010EE100AE06257E0606900EE100A2069EC
:10D9500000EE900A70EE600AE06800EE100A20EE19
:10D96000801AD4F8900000EE100AC1EE000A10EE02
:10D97000900AE06240E0FFE7B4F8600002281EDD94
:10D98000206901EE100AB1EE411AF0EE410AD4F816
:10D99000900000EE100A04F16200FBF7E1FEE0687F
:10D9A00000EE900AD4F89400806801EE100A70EE40
:10D9B000810A20EE200A10EE100AE0621CE0E06806
:10D9C00000EE100AD4F89400806800EE900A30EE61
:10D9D000201A606900EE100A206900EE900A30EE0D
:10D9E000600A21EE001AD4F8900000EE900A81EE51
:10D9F000200A10EE100AE06210BD0000816A00EEFD
:10DA0000101A016B00EE901A30EE200A344981EDB5
:10DA1000000A416A00EE101A816A00EE901A70EE58
:10DA2000200AC16A00EE101A30EE800A2D4981EDFD
:10DA3000000A91ED000AB5EEC00AF1EE10FA02DD1F
:10DA400091ED000A04E0274991ED000AB1EE400A89
:10DA5000016C00EE901AB4EEE00AF1EE10FA11DD5E
:10DA6000816900EE101A816A00EE901A20EE200AF9
:10DA7000B5EEC00AF1EE10FA04DD9FED1B0A10EEC0
:10DA8000101A0163416C00EE101A1549D1ED000A1D
:10DA9000B4EEE00AF1EE10FA06D29FED130A10EE92
:10DAA000101A0163416C8162416C00EE101AB1EEF4
:10DAB000400A0B49D1ED000AB4EEE00AF1EE10FA8B
:10DAC0000CDD9FED090A10EE101A0163416C00EEA7
:10DAD000101AB1EE400A10EE101A81627047000071
:10DAE00068040020640400200000000050F8341F87
:10DAF00000EE101AC16D00EE901A60EE201A416A15
:10DB000000EE101AC16D00EE901A30EE200A81EE80
:10DB1000801A416800EE101A416A00EE901A60EE19
:10DB2000201A00EE101AC16D00EE901A30EE200A95
:10DB3000C1EE800A31EE200A10EE101A40F83419B6
:10DB40007047416B00EE101A016C00EE901AB4EEB3
:10DB5000E00AF1EE10FA01DD016C4163416B00EE69
:10DB6000101A016C00EE901AF1EE600AB4EEE00AB1
:10DB7000F1EE10FA07D2016C00EE101AB1EE400A75
:10DB800010EE101A4163704710B5416B00EE101A89
:10DB9000016C00EE901A9FED261A60EE810AB4EE39
:10DBA000E00AF1EE10FA0BD3016800EE101AB0EEA5
:10DBB000C00ADFED200AB4EEE00AF1EE10FA00D25E
:10DBC00010BD016800EE101A016900EE901A30EEE7
:10DBD000600AF0EEC00A016800EE101AB0EEC00A4A
:10DBE00080EE801A9FED140AB4EEC01AF1EE10FA1E
:10DBF00009DD50F8994F4168631C41F10001036051
:10DC00004160993804E00022C0F89920C0F89D20B6
:10DC1000D0F89940D0F89D304FF4FA720021121BD1
:10DC2000994102D20122A1210A5400BFC8E7000095
:10DC30006F12833A17B7D1383333733F416A00EE1E
:10DC4000101A016C00EE901AB4EEE00AF1EE10FA30
:10DC500001DD016C4162416A00EE101A016C00EEB8
:10DC6000901AF1EE600AB4EEE00AF1EE10FA07D273
:10DC7000016C00EE101AB1EE400A10EE101A41626B
:10DC80007047D0F89410D1B9816900EE101AC169BB
:10DC900000EE901A30EE200AB0EE001AC0EE010A33
:10DCA000816800EE101A60EE800AD0F8901000EE45
:10DCB000101A20EE800A10EE101A016320E081692C
:10DCC00000EE101AC16900EE901A30EE200AF0EE54
:10DCD000000A80EE201A816800EE101AD0F8941025
:10DCE000496800EE901A30EE200A61EE000AD0F882
:10DCF000901000EE101A20EE800A10EE101A016348
:10DD000070472DE9F047044688461546FEF75DFC4E
:10DD1000824672B6B8F1000F00D13CE0A06800B9AD
:10DD200039E061686069884201D920686061A06853
:10DD3000A84201DD284600E0A068054661696068E8
:10DD4000401A461CAE4209DB2E4632464146606907
:10DD5000F3F71DF96069304460610FE0A5EB060937
:10DD6000324641466069F3F712F908EB06014A466C
:10DD70002068F3F70CF9206848446061A068401BF4
:10DD8000A060E0682844E0602F465046FEF7A8FEF9
:10DD90003846BDE8F0875046FEF7A2FE4FF0FF3050
:10DDA000F7E730B587B005460C46284600F0D8F8AE
:10DDB000049000200290022006900594F5F74AFE98
:10DDC00001A902A8F5F7A6FDF5F7FAFD07B030BDE9
:10DDD0002DE9F04104460D461646F5F73BFE1E4878
:10DDE0000460204600F07AF91C4908601C48056070
:10DDF00000201C49086024E01948006807683A467A
:10DE00000023154801680220F5F7E4FD98B912488F
:10DE10000068001D1049086011480068001D104985
:10DE2000086010480068401C0E49086008460068F9
:10DE3000B04206D10BE0F5F7C3FD4FF0FF30BDE86F
:10DE4000F08105480068054909688842D4D900BFB7
:10DE5000F5F7B6FD0020F2E73C000020400000206E
:10DE60004400002048000020F0EE401AF4EEE01AD2
:10DE7000F1EE10FA02D2B0EE600A7047F4EEC11A69
:10DE8000F1EE10FA02DDB0EE410AF6E7B0EE610AFB
:10DE9000F3E70000FDEEC00A0E48C0ED000AD0ED29
:10DEA000000AF8EEE00A70EE600A0B48C0ED000AC6
:10DEB000D0ED000AB6EE001AF4EEC10AF1EE10FA47
:10DEC00004DD04480068401C0249086001480068FD
:10DED000704700006405002068050020F0EE401A3D
:10DEE000F4EEE01AF1EE10FA02D2B0EE600A7047DA
:10DEF000F4EEC11AF1EE10FA02DDB0EE410AF6E7D7
:10DF0000B0EE610AF3E7000010B51148C068807AEE
:10DF1000032804D00E48C068807A01280BD19FEDF9
:10DF20000D0A0B4880ED590A9FED0B0A80ED5A0A45
:10DF300000F02AFD0AE09FED090A054880ED590A24
:10DF40009FED060A80ED5A0A00F016FD10BD000094
:10DF5000782A00200080BBC50080BB45000000007F
:10DF600001460020304A914203D2B1F1006F00D344
:10DF700058E02E4A914204D22B4A914201D301200B
:10DF800050E02B4A914204D2284A914201D3022008
:10DF900048E0284A914204D2254A914201D3032005
:10DFA00040E0254A914204D2224A914201D3042002
:10DFB00038E0224A914204D21F4A914201D30520FF
:10DFC00030E01F4A914204D21C4A914201D30620FC
:10DFD00028E01C4A914204D2194A914201D30720F9
:10DFE00020E0194A914204D2164A914201D30820F6
:10DFF00018E0164A914204D2134A914201D30920F3
:10E0000010E0134A914204D2104A914201D30A20EF
:10E0100008E0B1F1016F04D20D4A914201D30B2007
:10E0200000E00B207047000000400008008000085E
:10E0300000C00008000001080000020800000408F9
:10E04000000006080000080800000A0800000C088C
:10E0500000000E0830B5034613B94FF6FF7030BD0F
:10E0600009E013F8014B82EA0400C0B2054D35F80F
:10E07000100080EA2222081EA1F10101F1D1104610
:10E08000EDE700005228010800487047681F002093
:10E0900000487047B020002000487047181E00203C
:10E0A000014601F0030000EB8000024A02EB400051
:10E0B000704700008C1800200149097801707047F2
:10E0C000A80000200048704714190020004870473D
:10E0D000581B002000487047781F00200146002090
:10E0E0002D4A914204D2B1F1006F01D3104651E0A4
:10E0F0002A4A914204D2284A914201D3274849E052
:10E10000274A914204D2254A914201D3244841E052
:10E11000244A914204D2224A914201D3214839E053
:10E12000214A914204D21F4A914201D31E4831E054
:10E130001E4A914204D21C4A914201D31B4829E055
:10E140001B4A914204D2194A914201D3184821E056
:10E15000184A914204D2164A914201D3154819E057
:10E16000154A914204D2134A914201D3124811E058
:10E17000124A914204D2104A914201D30F4809E059
:10E180000F4A914204D20D4A914201D30C4801E05A
:10E190004FF0016070470000004000080080000858
:10E1A00000C0000800000108000002080000040888
:10E1B000000006080000080800000A0800000C081B
:10E1C00000000E0800487047032A002000487047EE
:10E1D000022C002010B5044694F81C0128B99FEDCC
:10E1E000140A144880ED190A20E094F81C01012853
:10E1F0000CD194ED4D1AF0EE410A94ED4C1AB0EEAC
:10E20000410A04F14400FBF7C9FE0FE094F81C0139
:10E2100003280BD194ED4D1AF0EE410A94ED4C1AFF
:10E22000B0EE410A04F14400FBF7B8FE10BD000057
:10E2300000000000581B002010B52DED088B04468F
:10E2400014B9BDEC088B10BD2069B0F9080000EED0
:10E25000100AB8EEC00A84ED4A0A606890ED010A1F
:10E2600084ED4C0AA06890ED010A84ED4E0A2E4818
:10E2700090ED1F0A84EDA00A94F8B40284F8B50268
:10E280002068807C84F8B402B4F8B602A4F8B8021E
:10E290002068808AA4F8B60294ED540A84ED550AE9
:10E2A000224800684168084603F03AFE41EC1A0B28
:10E2B0009FED1F0B53EC102B02F058FF41EC190B94
:10E2C0009FED1D0B53EC102B03F058F941EC180B8C
:10E2D00002F0B8FCC4F8500194EDAA0A84EDAB0A30
:10E2E000124800680168084603F01AFE41EC1B0B57
:10E2F0009FED0F0B53EC102B02F038FF41EC1A0B83
:10E300009FED0D0B53EC102B03F038F941EC190B7A
:10E3100002F098FC08EE100AB0EE480A01F0B0FBDB
:10E3200084EDAA0A00BF8CE7681F0020C40000200B
:10E330001F85EB51B81E09400000000000806640B8
:10E3400010B50446FFF7A0FEE060FFF7A1FE606095
:10E35000FFF7C0FEA060FFF735FF2060FFF736FF34
:10E3600012490860002184F86D1284F81C11002005
:10E370000F494877087794ED4C0A84ED4D0A94EDE7
:10E380004E0A84ED4F0A94EDA00A084680ED040A77
:10E39000DFED080A9FED080A084A002104F1440055
:10E3A000FBF7F4FE2046FFF747FF10BDC400002036
:10E3B000181E002000000000007C9249582401082B
:10E3C00010B52DED0C8B04462068B0F902000A2828
:10E3D00005DC2068B0F9020010F10A0F04DA2068A9
:10E3E00040886249088002E000206049088094F873
:10E3F0001C01012869D15E480078012865D1206898
:10E40000B0F90E0000EE100AB8EEC00ADFED590AAE
:10E4100020EE200A10EE101A084603F081FD41ECB0
:10E420001D0B9FED550B53EC102B03F0A7F841EC9F
:10E430001B0B4E48B0F9000000EE100AB8EEC00AFF
:10E44000DFED4F0A20EE200A10EE101A084603F006
:10E4500067FD41EC1C0B53EC1B2B02F055FD41EC0E
:10E46000190B94ED4D0A10EE101A084603F058FDF2
:10E4700041EC1A0B53EC192B03F050FA41EC180B3A
:10E4800002F0E0FBC4F8340194ED4D0AFBEE030A00
:10E49000B4EEE00AF1EE10FA04D2BBEE030A84ED0A
:10E4A0004D0A5FE094ED4D0AF3EE0D0AB4EEE00A7A
:10E4B000F1EE10FA04DDB3EE0D0A84ED4D0A51E0E1
:10E4C00094ED4D0A84ED4D0A4CE094F81C010128AE
:10E4D00040D127480078B8BB2448B0F9000000EECE
:10E4E000100AB8EEC00ADFED260A20EE200A2068E6
:10E4F000B0F90E0000EE900AF8EEE00A9FED1D1A4A
:10E5000000EE810AD4ED4D0A30EEC00A84ED4D0ACA
:10E5100094ED4D0AFBEE030AB4EEE00AF1EE10FAB8
:10E5200004D2BBEE030A84ED4D0A1BE094ED4D0AC4
:10E53000F3EE0D0AB4EEE00AF1EE10FA05DDB3EEEB
:10E540000D0A84ED4D0A0DE004E094ED4D0A84EDD2
:10E550004D0A07E094F81C01032803D19FED090A36
:10E5600084ED4D0ABDEC0C8B10BD0000CC000020EA
:10E57000C000002017B75139000000000000E03F44
:10E5800017B7D1B80000000010B52DED048B04467C
:10E5900014B9BDEC048B10BD94F81C0103284CD1B8
:10E5A00094ED4C0ADFED380A30EE600A10EE101AD6
:10E5B000084603F0B5FC41EC190BB0EE490AF0EE49
:10E5C000690AFEF74FFAB0EE408AF0EE608A9FEDDE
:10E5D0002F0B53EC102B51EC180B02F093FF09D2C8
:10E5E0002C480088642810DA2A480088401C2949F1
:10E5F00008800AE02848008841F27071884204DAF5
:10E6000025480088401C244908802348008841F29E
:10E61000707188420CDA1F480088642808DA206884
:10E62000807A022804D0002001F0C0FA00B9B0E7D7
:10E63000002018490880184908802068C07A0228FC
:10E6400003D0002001F0B2FA18B1002184F81C11A7
:10E650000AE02068C07A032803D02068C07A012825
:10E6600002D1012184F81C1194F81D0128B994F8F5
:10E670001C0110B1032184F81C1194F81C1184F8BA
:10E680001D1100BF85E7000000000000000000A091
:10E690009999B93FCA000020C8000020C92001F0A4
:10E6A000F9FB2148FFF74CFE204800F04DFA01F03D
:10E6B000A9F837E001F0F0F81B49C1F8B0021B4996
:10E6C0001948FEF71FFD1848FFF75EFF1648FFF7D1
:10E6D000B3FD1548FFF774FE1348FFF77BFD01F00B
:10E6E000DBF81149C1F8B002084690ED190ABDEEF9
:10E6F000C00A10EE100A01B200231A461846F3F7BA
:10E7000021FA094AD2F8B022B2F96E11064AD2F8BB
:10E71000B022B2F96C0100231A46F3F7C9F90120BF
:10E7200001F0B8FBC6E70000581B0020181E0020AF
:10E730000EB5002000900190029000BFF9F7D8FAC2
:10E74000084890ED1D0A8DED000A90ED1C0A8DED34
:10E75000010A90ED1E0A8DED020A012000F056FA22
:10E76000ECE70000681F0020F0EE400AF6EE001A09
:10E7700060EEA11AB0EE611AB0EE600A10EE100A57
:10E780000749A1EB600000EE100A21EE002AF7EE27
:10E79000081A42EE401A61EE801AB0EE610A704724
:10E7A000865A375F70B504460D4694F8B60200F0FD
:10E7B000010020B1B7EE080A85ED000A1CE094F8CC
:10E7C000B60200F0020020B1BFEE080A85ED000A93
:10E7D00012E094F8B60200F0040020B1B7EE080A87
:10E7E00085ED010A08E094F8B60200F0080018B1BF
:10E7F000BFEE080A85ED010A94F8B60200F00100A8
:10E8000048B194F8B60200F0100020B1B0EE080A4A
:10E8100085ED000A2BE094F8B60200F0020048B142
:10E8200094F8B60200F0100020B1B8EE080A85EDA9
:10E83000000A1CE094F8B60200F0040048B194F815
:10E84000B60200F0100020B1B0EE080A85ED010A12
:10E850000DE094F8B60200F0080040B194F8B6025A
:10E8600000F0100018B1B8EE080A85ED010AB4F8FE
:10E87000B60200F4007048B1B4F8B80200F40070B9
:10E8800020B19FED370A85ED030A0DE0B4F8B6021A
:10E8900000F4005040B1B4F8B80200F4005018B1D0
:10E8A0009FED300A85ED030A94F8B60200F04000AF
:10E8B000B8B194F8B60200F0100090B195ED030ADB
:10E8C000DFED290A30EE200A85ED030AD5ED030AB3
:10E8D000B0EE600A9FED221ADFED220AFFF7FEFA82
:10E8E0001BE094F8B60200F08000B0B194F8B602D4
:10E8F00000F0100088B195ED030ADFED1B0A30EE41
:10E90000600A85ED030AD5ED030AB0EE600A9FEDBB
:10E91000141ADFED140AFFF7E1FAB4F8B60200F4B6
:10E92000804060B1B4F8B80200F4804038B90F48B4
:10E93000007808B9012000E000200C490870B4F804
:10E94000B60200F4807038B1B4F8B80200F48070F8
:10E9500010B901200649087006480078687770BD34
:10E96000CDCC0C3FCDCCCC3DCDCC4C3DC00000201F
:10E97000C1000020782A0020002002490968C863ED
:10E98000704700000411002042F2CF0001490968DD
:10E99000C8637047041100202DED088BCEE00024E1
:10E9A000C9E0674850F82400000E00EE100AB8EEE7
:10E9B000400AB0EE40AA624850F82400C0F3074075
:10E9C00000EE100AB8EE400AF0EE40AA5C4830F8BB
:10E9D0002400C0F3072000EE100AB8EE400AB0EEA3
:10E9E00040BA574810F8240000EE100AB8EE400A6A
:10E9F000F0EE40BA5249601C51F82000000E00EEC3
:10EA0000100AF8EE400A084650F82400000E00EE06
:10EA1000100AB8EE400A30EEC00AB0EE408A601C20
:10EA200051F82000C0F3074000EE100AF8EE400A4B
:10EA3000084650F82400C0F3074000EE100AB8EE74
:10EA4000400A30EEC00AF0EE408A601C31F8200027
:10EA5000C0F3072000EE100AF8EE400A084630F82E
:10EA60002400C0F3072000EE100AB8EE400A30EE92
:10EA7000C00AB0EE409A601C11F8200000EE100AA7
:10EA8000F8EE400A084610F8240000EE100AB8EE2E
:10EA9000400A30EEC00AF0EE409A9FED2A0AC8EE16
:10EAA000000AB0EE608A9FED270AC8EE800AF0EEF9
:10EAB000608A9FED240AC9EE000AB0EE609A9FEDCD
:10EAC000210AC9EE800AF0EE609A00252EE03AEEA7
:10EAD000080AB0EE40AA3AEEA80AF0EE40AA3BEED1
:10EAE000090AB0EE40BA3BEEA90AF0EE40BABCEE1D
:10EAF000CA0A10EE100A0106BCEEEA0A10EE100A6D
:10EB000041EA0041BCEECB0A10EE100A41EA0020B7
:10EB1000BCEEEB0A10EE101A40EA01063046FDF793
:10EB2000E3FF012000F072F8681C85B2B5F57A7F2A
:10EB3000CDDB601C84B2062CFFF633AF2FE700005C
:10EB40009C01002000007A449FED020A80ED030A38
:10EB50007047000000000000F5F798FAFBF70AFE86
:10EB6000FAF740F9FAF76EF8F9F7A8FFF9F7DEFFC0
:10EB7000FAF714F8FAF734F8FAF75EFAFAF7E0FA67
:10EB8000FAF76AFCFAF7BAFCFAF7ACFDFAF718FDE7
:10EB9000FAF748F8FAF7AAFAFAF76CFAFAF788FAE5
:10EBA000FAF7B4FAFAF7F0FAFAF748FBFAF702FCC8
:10EBB000FAF70EFBFAF77AFDFAF7B2FDFAF7C4FBA3
:10EBC0000D48F6F7CDFEFEF76FFAFEF755FB00F0A5
:10EBD000A1FDA820F3F7BAFB00BF01210748F2F717
:10EBE0001FFE0028F9D1F9F721F8FAF787F800F0AD
:10EBF00015F800BFFEE70000C4100020140F00202D
:10EC00000021842800D0C11C0846704710B5002898
:10EC100000D1012001F03EF9002010BD10B501F037
:10EC2000A7F9002010BD30B585B004460D466169D6
:10EC3000B4F90800002910D0A16971B1FFF7E0FF15
:10EC40006269A1690192029100902B4622692168B4
:10EC5000606801F081FD049010E0FFF7D1FF04A986
:10EC600001910090208A2B4682B22168606801F0F1
:10EC70003DFD012802D005B0002030BD049805B04C
:10EC800030BD00002DE9F04104460F461B4E75696A
:10EC90003168002081F852003068001D00F0B4FF98
:10ECA00048B93068012190F82C0001FA00F0B169F0
:10ECB00021EA0000B061B4F1FF3F07D137B13068FD
:10ECC000BDE8F041011D0E4800F0FDBF2C44306846
:10ECD0004460AC4206D23068011DB068BDE8F04126
:10ECE00000F0D6BF3068011D706800F0D1FF306BB6
:10ECF000844200D23463BDE8F08100008805002022
:10ED00003430002070B5044600F0EAFF1C4D28693D
:10ED1000401C2861286810B1E86938B10CE02C600B
:10ED20002869012808D100F08BF905E02868E16A1C
:10ED3000C06A884200D82C60E86A401CE862E06A39
:10ED40000121AA6981401143A9610E4900EB8000AD
:10ED500001EB8000211D00F0B6FF00F0E1FFE86943
:10ED600000280CD02868E16AC06A884207D20649A8
:10ED70004FF080500860BFF34F8FBFF36F8F70BDAF
:10ED800088050020582F002004ED00E038B500F081
:10ED9000A7FF0F4CA068B8B90E4800F06BFF0E48F3
:10EDA00000F068FF0B4820601430606000200B4BBF
:10EDB000009003F1480210210A2001F011FAA0602E
:10EDC00010B107A101F02CF8BDE8384000F0A8BF51
:10EDD000C4050020483000205C3000207030002046
:10EDE000546D72510000000070B50D4CE0680028B1
:10EDF00015D00C4E00F074FFF068C568281D00F0B7
:10EE000003FF2069401E2061E068401EE06000F0C2
:10EE100087FF284600F051F8E0680028EAD170BD6D
:10EE200088050020203000200B46026C002A0CD000
:10EE3000C1681144C160D0F804C0614501D30168C4
:10EE4000C160C1681846F2F7A2B870472DE9F041D9
:10EE5000044616460027A56B226C002A10D0C6B1C6
:10EE6000E068F2F794F8E168206C091AE160226822
:10EE7000914202D26168081AE060022E16D017E0B3
:10EE80002068A8B9606801F013FD074600206060A3
:10EE90000EE0A068F2F77BF8216CA0680844A0603F
:10EEA0006168884204D32068A06001E005B16D1E4E
:10EEB000681CA0633846BDE8F08110B5044694F89C
:10EEC000511000290BD0012911D0022914D0502053
:10EED00080F31188BFF34F8FBFF36F8FFEE7206B76
:10EEE00000F034FF2046BDE8104000F02FBF204660
:10EEF000BDE8104000F02ABF10BD000007490A68B5
:10EF00001168002904D00021016019B10020704768
:10EF10000121F9E7D068006870470000C4050020AF
:10EF20004FF4C041104810F0070F06D0C01D20F06C
:10EF300007000D49411AC1F5C0410C4A1060002379
:10EF400053600144083921F00701103A11604B6009
:10EF50000B600B1A436001604068906050604FF096
:10EF60000040D0607047000058310020E8050020C4
:10EF7000074E4FF08054074DFFF736FF30680128E9
:10EF8000FAD92C60BFF34F8FBFF36F8FF4E7000007
:10EF9000582F002004ED00E003460098002905D01A
:10EFA0000260C3630164012101F052B90060F8E717
:10EFB0002DE9F05F82460B9F0A9D0C9C0E46904601
:10EFC0009B464FEA8801A522206BF2F757F8206B89
:10EFD000A8F1010100EB810020F007094FF00008C3
:10EFE00000202218315C82F83410315C11B1401CD1
:10EFF0001028F6D384F84380072D00D30625E56258
:10F000006564C4F84880201D00F03FFE04F118003C
:10F0100000F03BFE2461C5F10700A0616462C4F802
:10F020004C8084F8508084F852805A4651464846B5
:10F0300000F0AAFA2060002F00D03C60BDE8F09FED
:10F0400070B500240F4D04EB840005EB800000F048
:10F0500011FE641C072CF6D30B4800F00BFE0B4886
:10F0600000F008FE0A4800F005FE0A4800F002FE23
:10F07000094800F0FFFD09480349416014318160EF
:10F0800070BD0000582F0020E42F0020F82F002032
:10F090000C30002020300020343000208805002073
:10F0A00010B4144900E011460A688242FBD34B6851
:10F0B00003EB010C844503D14068184448600846BE
:10F0C0000C68D0F804C00CEB0003A3420CD10A4B2F
:10F0D0001B689A4206D05268624442600A6812680D
:10F0E000026002E0036000E00260814200D008603C
:10F0F00010BC7047E8050020D805002010B500249A
:10F1000041600061DFF838C091420BD8D11A8269A2
:10F11000914201D3012410E0011DDCF8040000F04D
:10F12000B7FD0AE09A4203D2994201D3012404E0D8
:10F13000011DDCF8000000F0ABFD204610BD000012
:10F14000C405002010B5044600F0CAFDA06B20B134
:10F15000002400F0E5FD204610BD0124F9E710B5BC
:10F16000044600F0BDFDA06BE16B884201D1012493
:10F1700000E0002400F0D4FD204610BDF8B505469F
:10F180000E4614480068C068C468201D00F03CFDAD
:10F19000E069012810D1A0692B464119324620466A
:10F1A000FFF7ACFF40B100200346014600902A461D
:10F1B000204601F0A1FC28B1616A01B02046BDE8FB
:10F1C000F0400847502080F31188BFF34F8FBFF302
:10F1D0006F8FFEE7C405002030B587B0334D0022A5
:10F1E00002A9A86801F092F900285CD002980028D2
:10F1F00003DA039A059904989047029800284BDB9C
:10F20000049C606910B1201D00F0FEFC01A800F014
:10F2100097F8024602980A283ED2DFE800F005057A
:10F22000053D263705053D260398A169034601449F
:10F230002046FFF763FF00B3616A20468847E06914
:10F24000012829D1002000900398A16900234218C9
:10F250001946204601F050FC78B9502080F31188FF
:10F26000BFF34F8FBFF36F8FFEE70398A06128B104
:10F27000811813462046FFF741FF0DE0502080F330
:10F280001188BFF34F8FBFF36F8FFEE794F828000C
:10F2900010B9204600F05AFD002202A9A86801F02A
:10F2A00035F90028A2D107B030BD0000C405002008
:10F2B000F8B505460C4600F0A3FE684600F040F89D
:10F2C0000646009810B101F07DFBF8BD44B9B54287
:10F2D00006D801F077FB31462846FFF74FFFF8BD0F
:10F2E0000C481CB14168096891B10024A91B224651
:10F2F000806800F0A9FD01F065FB0028EFD1064908
:10F300004FF080500860BFF34F8FBFF36F8FF8BD91
:10F310000124EBE7C405002004ED00E0074948683C
:10F320000068002805D04868C068C0684068086365
:10F3300070474FF0FF3008637047000088050020D9
:10F3400070B5044601F046FA0546074E306985421D
:10F3500004D200F00BF80120206001E000202060C2
:10F360003561284670BD0000C4050020F8B51B4E6D
:10F3700030680068002824D000273068C06805681D
:10F38000C468201D00F040FC616A20468847E0699F
:10F39000012812D1A0692844A84206D960602461DE
:10F3A000211D306800F074FC07E000232A4619464E
:10F3B0002046009701F0A0FB40B1306800680028AB
:10F3C000DBD13068716831607060F8BD502080F327
:10F3D0001188BFF34F8FBFF36F8FFEE7C405002086
:10F3E00000210278A52A04D1401C491C0278A52AD4
:10F3F000FAD0880880B270470A484068B0F1FF3FF1
:10F4000007D0502080F31188BFF34F8FBFF36F8F69
:10F41000FEE7502080F31188BFF34F8FBFF36F8F4B
:10F42000FEE70000F005002082B001A8FFF766FDAE
:10F430000199FFF73DFFFFF7CFFEF6E770B50446F1
:10F4400000F04EFC94F94550002D0CDD606A50B17F
:10F4500004F1240001F07AFA08B100F04BFD681EB7
:10F4600045B2002DF2DC4FF0FF3684F8456000F025
:10F4700057FC00F035FC94F94450002D0CDD206958
:10F4800050B104F1100001F061FA08B100F032FD52
:10F49000681E45B2002DF2DC84F84460BDE870407F
:10F4A00000F03EBC2DE9F0410546002600F0A8FD25
:10F4B000334F386808B9FFF733FDF86805424ED17D
:10F4C0009DB1083515F0070F0FD005F00700C0F10A
:10F4D0000800054415F0070F07D0502080F311886D
:10F4E000BFF34F8FBFF36F8FFEE7002D37D07868E3
:10F4F000854234D823490846046801E02146044681
:10F500006068A84202D220680028F7D13868844297
:10F5100025D0086800F10806206808606068411B73
:10F5200010290FD9601910F0070F07D0502080F371
:10F530001188BFF34F8FBFF36F8FFEE741606560A7
:10F54000FFF7AEFD61687868401A7860BA6890424B
:10F5500000D2B860F868084360600020206001F0C5
:10F5600031FA16F0070F07D0502080F31188BFF34F
:10F570004F8FBFF36F8FFEE73046BDE8F08100008C
:10F58000D8050020E8050020001F4FF080730360BD
:10F59000001F21F001010160001F054901601438BE
:10F5A0000260001F6FF00201016020387047000008
:10F5B000F9F300082DE9F0412DED048B04460D46CA
:10F5C0002068C07A022802D1002028770BE020684A
:10F5D000C07A032802D10220287704E02068C07A8C
:10F5E000012800D128772068B0F906000A2805DC38
:10F5F0002068B0F9060010F10A0F03DA2068B0F9AC
:10F60000066000E000262068B0F904000A2805DC46
:10F610002068B0F9040010F10A0F03DA2068B0F98D
:10F62000047000E000272068B0F900000A2805DC1B
:10F630002068B0F9000010F10A0F07DA2068B0F96D
:10F64000000000EE100AF8EEC09A01E0DFED2C9AFF
:10F650002068B0F902000A2805DC2068B0F9020031
:10F6600010F10A0F07DA2068B0F9020000EE100A64
:10F67000B8EEC08A01E09FED228A00EE106AB8EE73
:10F68000C00ADFED200A60EE208A00EE107AB8EEA4
:10F69000C00ADFED1D0A20EE209AC5ED008A85ED37
:10F6A000019A2068B0F9080000EE100AB8EEC00A0E
:10F6B000DFED140A20EE200A85ED020A95ED030A1B
:10F6C000DFED120A08EE200A85ED030AD5ED030AE4
:10F6D000B0EE600A9FED0E1ADFED090AFEF7FEFBA1
:10F6E00085ED030A2068807A032801D1012000E01B
:10F6F000002085F82000BDEC048BBDE8F0810000FF
:10F70000000000000AD7A33C0AD7A3BCBD370635CA
:10F71000C3F5A83E10B524220249A1F12400FAF74E
:10F7200065FD10BD3F2A002000B101B97047027885
:10F73000437842EA0322C2F30A020A804278D210D6
:10F74000837842EA4312C2F30A024A808278921115
:10F75000C37842EA8302037942EA8322C2F30A02AF
:10F760008A8002795210437942EAC312C2F30A0234
:10F77000CA804279C2F301128A7242791211930847
:10F78000CB728279C37942EA032212B28A81027A69
:10F79000437A42EA032213B201F10C02CB81827A4E
:10F7A000C37A42EA032213B201F10C020B82037BFB
:10F7B0008B74437BCB74827BC37B42EA03228A82B5
:10F7C000027C437C42EA032212B20A810A88A2F533
:10F7D000806212B20A804A88A2F5806212B24A8020
:10F7E0008A88A2F5806212B28A80CA88A2F58062F5
:10F7F00012B2CA800A89A2F5806212B20A8100BFE1
:10F8000094E7000010B5DFED1E0A9FED1E0A1E4AA8
:10F8100000211E48FAF7BAFCDFED190A9FED190A1C
:10F82000194A002119484830FAF7B0FCDFED180AF0
:10F830009FED140A174A002114489030FAF7A6FCED
:10F84000DFED130A9FED0F0A124A00210F48D8304E
:10F85000FAF79CFC00200D4924390870FEF7B2FC31
:10F860000A492439C8600020FEF71AFC07492439E8
:10F8700048600120FEF714FC04492439886010BD5B
:10F8800000409C450060EA46A82401089C2A00200C
:10F8900000401C46B424010810B500F037F800F011
:10F8A000A1F800F04BF8FEF72FFB174890ED591A1E
:10F8B000F0EE410A90ED571AB0EE410A2430FAF703
:10F8C0006DFB114890ED5A1AF0EE410A90ED581A6E
:10F8D000B0EE410A6C30FAF761FB0B4890ED110A6B
:10F8E000BDEEC00A10EE100A00B20749A1F86C0183
:10F8F000084690ED230ABDEEC00A10EE100A00B2D1
:10F90000A1F86E01084610BD782A00200A4890F838
:10F910007001094981F87201084690F8710181F877
:10F9200073010846C068807C81F870010846C06891
:10F93000C07C81F871017047782A00202648C06891
:10F94000807A022803D100202349087007E022486A
:10F95000C068807A032802D101201F4908701E4820
:10F9600090F8710118B11C4890F8730120B11A4841
:10F97000C068807A012806D117480078042802D090
:10F980000320154908701448C068807A01280FD1F7
:10F9900012480068401C1149086008460068B0F52C
:10F9A000C87F05DD01200E49087000200B49086062
:10F9B000094890F8700118B1074890F8720118B919
:10F9C00007480078012805D1002005490870042067
:10F9D0000149087070470000782A00208801002043
:10F9E0008C01002010B5234890ED570A80ED550A90
:10F9F00090ED580A80ED560A4068B0F9020000EE1A
:10FA0000100AB8EEC00AF6EE000A20EE200A1948E5
:10FA1000D0ED550AB6EE001A01EE200A80ED570A25
:10FA20008068B0F9020000EE100AB8EEC00AF6EEE7
:10FA3000000A20EE200A0F48D0ED560AB6EE001A52
:10FA400001EE200A80ED580AD0ED570AB0EE600AA8
:10FA50009FED091ADFED090AFEF740FA0548D0EDDF
:10FA6000580AB0EE600A9FED041ADFED040AFEF7B3
:10FA700035FA10BD782A002000401C4600401CC604
:10FA8000F0EE400A13481449096800EB8100C0ED0C
:10FA9000000A11480068401C0A2190FBF1F201FBAA
:10FAA00012000D4908609FED0D0AB0EE401A0020CB
:10FAB00009E0084901EB800191ED000A30EE010AEE
:10FAC000B0EE401A401C0A28F3DBF2EE041A81EE75
:10FAD000210A7047301B0020BC00002000000000FD
:10FAE00010B500EE100A2DED028BB1EEC08A18EEB3
:10FAF000100A20F00040C0F1FF40C00F0AD010EE05
:10FB0000100A20F00040C0F1FF40C00F04BF0120E8
:10FB1000F1F75FFB18EE100ABDEC028B10BD000080
:10FB2000FEF7D0FA1D49086037E000201C49087034
:10FB30001C49087014E01B48007800EBC00017490E
:10FB4000096801EB8000C07CC0F3401018B10120AF
:10FB50001349087008E013480078401C11490870E8
:10FB6000104800780B28E6DB00BF0D48007820B96C
:10FB70000D48007808B1FDF739F90948007828B137
:10FB800008490978491CC8B2FDF742F904480078D1
:10FB9000054908700A20FFF739F8C6E790010020F0
:10FBA000940100209601002095010020014601EB00
:10FBB000C100034A02EB8000C07CC0F340107047D4
:10FBC00014190020AA200D490870FF204870FEF784
:10FBD00063FA0B49086010E02822094801680748C9
:10FBE000001DF1F719FA4FF0FF332C2203490548A5
:10FBF000F6F7FAFC0A20FFF709F8EDE7202C0020C1
:10FC0000C8010020441200200169436882689A609C
:10FC1000836842685A604A68824201D182684A60B9
:10FC2000002202610868401E0860086870470000F2
:10FC3000002801D102480068006BFFF7D1BB00002B
:10FC400088050020034B0360034B0B608023136087
:10FC5000704700000006002054060020034B03609C
:10FC6000034B0B604FF480731360704754080020FF
:10FC7000A808002000F1080141604FF0FF328260C7
:10FC8000C16001610021016070470021016170477E
:10FC900010B4D1F800C0BCF1FF3F02D000F108025F
:10FCA00002E0026904E01A4653681C686445FAD908
:10FCB00053684B6099608A60516008610168491C13
:10FCC000016010BC704742684A6093688B6093681B
:10FCD0005960916008610168491C0160704700002B
:10FCE000502080F31188BFF34F8FBFF36F8F0A4905
:10FCF0004868401C486001280CD10848006810F092
:10FD0000FF0F07D0502080F31188BFF34F8FBFF350
:10FD10006F8FFEE770470000F005002004ED00E063
:10FD200009494868002806D0401E4860002801D1D3
:10FD300080F311887047502080F31188BFF34F8FF4
:10FD4000BFF36F8FFEE70000F005002070B50028BC
:10FD500027D0A0F10804134D6068E968084207D174
:10FD6000502080F31188BFF34F8FBFF36F8FFEE7F2
:10FD700022683AB1502080F31188BFF34F8FBFF350
:10FD80006F8FFEE78843606000F03AF96068696849
:10FD9000084468602046FFF783F9BDE8704000F032
:10FDA00011BE70BDD80500204FF0E0200021016198
:10FDB000816105494FF47A720968B1FBF2F1491E7D
:10FDC00041610721016170473000002010B5F0F754
:10FDD000ABFA114910280ED300F1E02090F8F0039F
:10FDE0000A78904207D2502080F31188BFF34F8FDA
:10FDF000BFF36F8FFEE709480068896800F4E06090
:10FE0000884207D9502080F31188BFF34F8FBFF38A
:10FE10006F8FFEE710BD0000F00500200CED00E044
:10FE20000022084B53F832C0BCF1000F03D0521C23
:10FE3000082AF7D3704743F8321003EBC201486039
:10FE400070470000182F002070B504460D46164676
:10FE5000FFF746FF94F94400B0F1FF3F4FF0000078
:10FE600001D184F8440094F94510B1F1FF3F01D16C
:10FE700084F84500FFF754FFA06B28B932462946A5
:10FE800004F1240000F056F82046BDE87040FFF76A
:10FE9000D5BA000010B502460020002A12D00F4843
:10FEA000806B38B1502080F31188BFF34F8FBFF3C0
:10FEB0006F8FFEE700F0A4F800211046FEF7E2FE87
:10FEC00000F080FD002807D105494FF08050086000
:10FED000BFF34F8FBFF36F8F10BD00008805002068
:10FEE00004ED00E002498A6A026049694160704796
:10FEF00088050020014901204862704788050020DC
:10FF000010B50C4600280BD0094A126802F11801FE
:10FF1000FFF7BEFE2046BDE810400121FEF7B2BE4D
:10FF2000502080F31188BFF34F8FBFF36F8FFEE730
:10FF30008805002070B50D46144600280DD00B49E9
:10FF400009681831FFF7BFFE0CB14FF0FF352146AD
:10FF50002846BDE87040FEF795BE502080F311881A
:10FF6000BFF34F8FBFF36F8FFEE7000088050020BF
:10FF700030B587B000250695059504AA05A906A801
:10FF8000FFF760FE06980599019102900023009505
:10FF900017A11948049A00F0DFFB184C606308B100
:10FFA000012000E00020012801D100F071FD0128AE
:10FFB0000AD0B0F1FF3F19D1502080F31188BFF370
:10FFC0004F8FBFF36F8FFEE7502080F31188BFF390
:10FFD0004F8FBFF36F8F4FF0FF3020630120E06140
:10FFE000656107B0BDE8304000F062B807B030BDD1
:10FFF00049444C450000000071EF000888050020CE
:020000040801F1
:100000000248816B491C816370470000880500200D
:10001000154A906B002802D00120506270470020E2
:1000200050629069B0FA80F0C0F11F000F4900EBF8
:10003000800051F8203073B101EB800041684968BD
:10004000416000F10803994201D14968416040686C
:10005000C06810607047502080F31188BFF34F8F45
:10006000BFF36F8FFEE7000088050020582F0020A7
:1000700070B505460C4600260DB1022C01D80020B3
:1000800070BDA11E094802882846FDF7E3FF064619
:10009000F1B2A01E285C814206D1601E285CB0EB44
:1000A000162F01D10120EBE70020E9E778050020B9
:1000B00000B583B038480168384A914207D15020D2
:1000C00080F31188BFF34F8FBFF36F8FFEE7006897
:1000D0003349884207D1502080F31188BFF34F8FF6
:1000E000BFF36F8FFEE72F4908780290FF2008705A
:1000F000087801909DF804009DF8042000F0F000BD
:10010000904207D0502080F31188BFF34F8FBFF388
:100110006F8FFEE79DF80400234B00F0500018702D
:10012000072098609DF8040010F0800F0BD09868AD
:10013000401E98609DF80400400001909DF8040066
:1001400010F0800FF3D19868032807D0502080F377
:100150001188BFF34F8FBFF36F8FFEE74FF44070EE
:100160009860029808701148016841F470010160BC
:10017000016841F070410160FFF716FE00205860F1
:10018000F0F79AF80A48016841F040410160F0F741
:100190007FF803B0002000BD00ED00E071C20F4108
:1001A00070C20F4100E400E0F005002020ED00E007
:1001B00034EF00E010B5502080F31188BFF34F8F6B
:1001C000BFF36F8F00F00CFB18B104494FF0805063
:1001D0000860002080F3118810BD000004ED00E0ED
:1001E00038B5049D002804D05BB102B189B1C2B119
:1001F00020E0502080F31188BFF34F8FBFF36F8F43
:10020000FEE7502080F31188BFF34F8FBFF36F8F4D
:10021000FEE7502080F31188BFF34F8FBFF36F8F3D
:10022000FEE739B1502080F31188BFF34F8FBFF341
:100230006F8FFEE74FF0480CCDF800C01C4601233D
:1002400084F846302B460094FEF7A6FE204638BDC3
:1002500070B504460D46002C25D0FFF741FD226CF9
:10026000E16B206801FB020060600020A063206851
:10027000A060E16B226C2068491E01FB0200E06077
:100280004FF0FF3084F8440084F845009DB104F13C
:100290001000FFF7EFFC04F12400FFF7EBFCFFF781
:1002A0003FFD012070BD502080F31188BFF34F8FB8
:1002B000BFF36F8FFEE720690028F0D004F1100033
:1002C00000F044FB0028EAD004494FF08050086059
:1002D000BFF34F8FBFF36F8FE1E7000004ED00E045
:1002E0002DE9FF4782B004468A461F460025002CB0
:1002F00003D0BAF1000F08D011E0502080F311882C
:10030000BFF34F8FBFF36F8FFEE7206C38B15020E3
:1003100080F31188BFF34F8FBFF36F8FFEE7022F7B
:100320000AD1E06B012807D0502080F31188BFF379
:100330004F8FBFF36F8FFEE700F03EFA48B9049885
:1003400038B1502080F31188BFF34F8FBFF36F8F08
:10035000FEE700264FF08058DFF8F090FFF7C0FC72
:10036000A06BE16B884205D3022F03D0049808B339
:1003700035B329E03A4651462046FEF767FD616AEB
:1003800059B104F1240000F0E1FA68B1C9F8008025
:10039000BFF34F8FBFF36F8F06E028B1C9F800801D
:1003A000BFF34F8FBFF36F8FFFF7BAFC06B001208A
:1003B000BDE8F087FFF7B4FC06B00020BDE8F08789
:1003C0006846FFF78FFD0125FFF7AAFCFFF718FE2F
:1003D000FFF786FC94F94400B0F1FF3F01D184F8A7
:1003E000446094F94500B0F1FF3F01D184F84560C5
:1003F000FFF796FC04A9684600F02CF940B12046AE
:10040000FFF71CF800F0DEFA06B00020BDE8F08728
:100410002046FEF7A4FE90B104F110000499FFF706
:100420006FFD2046FFF70AF800F0CCFA002895D1BE
:10043000C9F80080BFF34F8FBFF36F8F8EE7204660
:10044000FEF7FCFF00F0BEFA88E7000004ED00E0D4
:100450002DE9F0470446894617461E46002C03D076
:10046000B9F1000F08D011E0502080F31188BFF3DC
:100470004F8FBFF36F8FFEE7206C38B1502080F3B1
:100480001188BFF34F8FBFF36F8FFEE7022E0AD1A3
:10049000E06B012807D0502080F31188BFF34F8F05
:1004A000BFF36F8FFEE7FFF791FC5020EFF3118849
:1004B00080F31188BFF34F8FBFF36F8FA06BE16B99
:1004C000884206D3022E04D0002088F31188BDE8AC
:1004D000F08794F94550324649462046FEF7B6FC6F
:1004E000B5F1FF3F04D0681C84F845000120ECE71B
:1004F000606A0028FAD004F1240000F027FA0028EE
:10050000F4D0002FF2D001203860EFE72DE9F74753
:1005100083B004468A460025002C03D0BAF1000FB0
:1005200008D011E0502080F31188BFF34F8FBFF344
:100530006F8FFEE7206C38B1502080F31188BFF335
:100540004F8FBFF36F8FFEE700F036F948B905987B
:1005500038B1502080F31188BFF34F8FBFF36F8FF6
:10056000FEE700274FF08058DFF8E490FFF7B8FB74
:10057000A66BC6B151462046FEF756FC701EA0631E
:10058000206950B104F1100000F0E0F928B1C9F879
:100590000080BFF34F8FBFF36F8FFFF7C1FB06B033
:1005A0000120BDE8F087059808B135B109E0FFF7F3
:1005B000B7FB06B00020BDE8F0876846FFF792FC65
:1005C0000125FFF7ADFBFFF71BFDFFF789FB94F952
:1005D0004400B0F1FF3F01D184F8447094F9450024
:1005E000B0F1FF3F01D184F84570FFF799FB05A9F1
:1005F000684600F02FF868B12046FEF71FFF00F0B4
:10060000E1F92046FEF79EFD0028AFD006B000209D
:10061000BDE8F0872046FEF795FD90B104F1240077
:100620000599FFF76DFC2046FEF708FF00F0CAF9B8
:1006300000289BD1C9F80080BFF34F8FBFF36F8FA5
:1006400094E72046FEF7FAFE00F0BCF98EE70000C2
:1006500004ED00E02DE9F04105460C46002D14D0D4
:10066000DCB1FFF73DFBDFF880C0DCF814006B68FD
:10067000C11ADCF80020002692F85220AAB1DCF85A
:10068000000080F85260012429E0502080F3118896
:10069000BFF34F8FBFF36F8FFEE7502080F31188B9
:1006A000BFF34F8FBFF36F8FFEE72268B2F1FF3FBA
:1006B00008D02F68DCF828C0674505D0834203D8EE
:1006C00001240CE000240AE08A4206D9501A206076
:1006D0002846FFF707FC002401E026600124FFF70D
:1006E0001FFB2046BDE8F081880500202DE9F04F72
:1006F00085B081460F9F0E9E8A4690469B464FEAE4
:100700008800FEF7CFFE054628000AD05420FEF7E9
:10071000C9FE04460CB1256304E02846FFF716FB2A
:1007200000E000249CB1002084F8510003905B4657
:10073000424651460197009602944846FEF738FC1F
:100740002046FEF7DFFA05B00120BDE8F08F05B0C6
:100750004FF0FF30BDE8F08F70B586B00646DDF88B
:1007600028C00C9C0B98002816D0ECB15425049599
:100770002063022084F85100002005AD0390CDF8DD
:1007800000C0019502943046FEF712FC2046FEF7A9
:10079000B9FA059806B070BD502080F31188BFF3F8
:1007A0004F8FBFF36F8FFEE7502080F31188BFF3A8
:1007B0004F8FBFF36F8FFEE70548C169002903D053
:1007C000806B18B1002070470120704702207047ED
:1007D0008805002001484069704700008805002016
:1007E0002DE9F0470026304FB86B002808D0386A52
:1007F000401C3862786A00B101263046BDE8F087B7
:100800007869451C7D619DB97868006838B15020D1
:1008100080F31188BFF34F8FBFF36F8FFEE77868C7
:10082000B9687960B860B86A401CB862FEF776FDB6
:10083000386BDFF8788085420FD34FF00109786874
:10084000006838B17868C068C468606885420ED2B4
:10085000386302E04FF0FF3038633868C06A00EB5D
:10086000800058F820000128C4D90126C2E7201DC5
:10087000FFF7CAF9A06A18B104F11800FFF7C4F92C
:10088000E16ABA6909FA01F01043B86101EB81002D
:1008900008EB8000211DFFF716FAE06A3968C96A83
:1008A0008842CCD30126CAE788050020582F0020B3
:1008B00070B504460021002841D0224D28688442AA
:1008C00007D0502080F31188BFF34F8FBFF36F8F95
:1008D000FEE7A06C38B1401EA064636CE26A9A42E5
:1008E0002DD040B12BE0502080F31188BFF34F8F03
:1008F000BFF36F8FFEE7201DFFF786F91249012233
:1009000058B9E06A00EB800351F823302BB9AB698A
:1009100002FA00F023EA0000A861606CE062C0F116
:100920000700A061E06AAB6982401A43AA6100EB4C
:10093000800001EB8000211DFFF7C5F90121084669
:1009400070BD000088050020582F002070B5C068D9
:10095000C468002C14D004F11800FFF755F9164DA7
:10096000A86B0126A0B104F118011448FFF7ABF9F8
:10097000E06A2968C96A88421CD901206E6270BD8C
:10098000502080F31188BFF34F8FBFF36F8FFEE7C6
:10099000201DFFF739F9E06AAA6906FA00F1114350
:1009A000A961074900EB800001EB8000211DFFF7E2
:1009B0008AF9DDE7002070BD880500200C3000209A
:1009C000582F00202DE9F0470024A0462D4DA86B9C
:1009D000002807D0FFF784F9A86B401EA863A86B16
:1009E00040B149E0502080F31188BFF34F8FBFF32F
:1009F0006F8FFEE7286900283ED0234F3868012614
:100A000000B3A7F1B409F868C46804F11800FFF74F
:100A1000FBF8201DFFF7F8F8E06AAA6906FA00F172
:100A20001143A96100EB800009EB8000211DFFF755
:100A30004AF9E06A2968C96A884200D36E62386858
:100A40000028E0D10CB1FEF769FC2C6A44B1FFF735
:100A5000C7FE00B16E62641E002CF8D1002028622F
:100A6000686A48B14FF0010808494FF080500860AB
:100A7000BFF34F8FBFF36F8FFFF752F94046BDE8CA
:100A8000F0870000880500200C30002004ED00E015
:100A900030B587B00024FEF779F9134DA868B0B1DE
:100AA00000200690059004AA05A906A8FFF7D6F82D
:100AB00005990698022200920191029000230BA151
:100AC0000C48049AFFF748FEE86000B1012414B115
:100AD00007B0204630BD502080F31188BFF34F8F00
:100AE000BFF36F8FFEE70000C4050020546D722035
:100AF0005376630029F40008F0B585B084460A9D5A
:100B000016461F460022BCF1000F14D0164CA068F8
:100B100000B300910196CDF808C006291BDAFFF753
:100B20004BFE02280FD000231A466946A068FFF743
:100B3000D7FB024615E0502080F31188BFF34F8F9A
:100B4000BFF36F8FFEE700232A466946A068FFF7D0
:100B5000C7FB024605E000233A466946FFF778FCEA
:100B6000024605B01046F0BDC40500200A7F032AE6
:100B700003D191ED050A81ED040A0A7F3AB991ED9E
:100B8000050A81ED040A9FED280A81ED030A0A7F18
:100B9000012A02D00A7F022A22D1244A1278FAB905
:100BA000234A1278E2B9234AB2F9002000EE102A53
:100BB000B8EEC00ADFED200A20EE200A0268B2F982
:100BC0000C2000EE902AF8EEE00A9FED1C1A00EED1
:100BD000810AD1ED040A30EEC00A81ED040A0DE06D
:100BE0000A7F012A02D00A7F022A07D10F4A12780F
:100BF000012A03D190EDAA0A81ED040A0A7F012A95
:100C000002D00A7F022A0ED1094A1278012A0AD19B
:100C100091ED040ADFED0A0A30EE200A81ED040AA4
:100C20000022034B1A70704700000000C000002033
:100C3000C1000020CE00002017B7D13852499D399D
:100C40000000344321F00042A2F16052B2F5801F4F
:100C500001F0004328BFD2F17E6C51D9F1EE10CAE9
:100C60001CF4400F14D15FEAC00C43EAC20202EB4D
:100C7000507008BF70475FEA4C0C40F10000DFF88D
:100C800080C241F0578028BF20F0010001F052B827
:100C9000C30001F0004343EAC20202EB507008BFF8
:100CA00070471B4248BF4FEA4C0C1CF4000F08BFB2
:100CB000401CDFF84CC201F03DB8C30001F0004316
:100CC00043EAC20202EB507204BF104670471B4257
:100CD00048BF4FEA4C0C1CF4000FDFF824C218BFC9
:100CE000104641F0278008BF521C12F4000F08BFC5
:100CF000104601F01F8021F0004201F0004330E077
:100D000050EA410C04BF084670475FEA125CBCF130
:100D1000FE0F1ED1F1EE10CA1CF4400FCDD15FEAD8
:100D2000C00C9BD05FEA001C4FEAC20C4CEB507C1D
:100D300004BFC2002CEAD27C1CF4000F04BF4CEAB2
:100D40000300DFF8BCC100F0F58721F00042A2F1FA
:100D50006052B2F5801F4FEA410C2ADB1CF5001FE0
:100D600016D2F1EE10CA1CF4806F06D02CF0005C95
:100D70004CF0805CA1F140612AE04FF07F40DFF849
:100D800084C143EA500000F0D5BF084601F083B9A2
:100D900070B500F0D3FC00BF000000B9880000046B
:100DA000FFF7F3BF21F0704243EA507040EAC200FF
:100DB0007047F1EE10CA2CF0805C4CF0005C1CF423
:100DC000006F25D04B00B3F5001F51D301F14061F6
:100DD0001CF4400F40F07E800CF0405CC3004CF0EF
:100DE000880C11D05CF0404C10F0805F0CD00346B2
:100DF00010F1005041F10001020108BF20F0005045
:100E0000834218BF2CF0004C00F0604001F03FBA64
:100E10001CF4400F1AD01B4248BF4FEA4C0C1CF484
:100E2000000F13D112F1406248BF22F07F424FEA17
:100E3000C00CBCF1010F43EAC20242EB50704FF00C
:100E4000880228BF42F0804201F02AB912F14062C4
:100E500048BF22F07F425FEAC00C43EAC20242EA86
:100E600050704FF0880218BF42F0404201F018B9AC
:100E700001F0004321F00041094214D0B1FA81FC95
:100E8000ACF10B0CCCF1200201FA0CF120FA02F2C9
:100E900041EA02014FEA0C5200FA0CF0A1EB020108
:100EA00081EA03010FE0B0FA80F200FA02F002F1E9
:100EB00015024FEAD0214FEA0252A1EB02014FEA9C
:100EC000405081EA0301F1EE10CA2CF0805C4CF036
:100ED000005C7BE762460CF0405CC3004CF0880C81
:100EE00092D05CF0404C094248BF520012F4000F0F
:100EF0008AD110F1005041F100012CF0004C83D157
:100F0000880000408800001010B5DFF840E211F5BD
:100F1000801C13F580141EEA4C0F18BF1EEA440F04
:100F200000F0C88091EA030F48BF83F0004300F14E
:100F30000A85841A71EB030C05D2121943EB0C03DA
:100F4000001B61EB0C014FEA1154A4EB135C23EA84
:100F50006E0321EA045143F48013DCF1200E53D3D5
:100F600022FA0CFE10EB0E0023FA0CFE41EB0E01F0
:100F7000CCF1200E03FA0EFE10EB0E0051F1000131
:100F8000B1F5801FCCF1200E53D201EB045112FABF
:100F90000EF2BDE8104008BF7047F1EE10CA1CF415
:100FA000400F1ED14FF0110C92F0000F4CF0804C0E
:100FB00040F1C086401C38BF5FEA420240F0BA866A
:100FC000002814BF20F0010041F100014FEA410365
:100FD00013F5001F24BF4CF0805CA1F1C04100F06C
:100FE000A9BE11F0004F54BF1CF4000F1CF4800F79
:100FF0004FF0110C4CF0804C40F09C86401CC0F02F
:10100000998641F10001E1E7012A43EB0302ACF1CB
:10101000200CDCF11F0E32BF4FF0000E23FA0CF350
:1010200010EB030041EB0451B4EB115FAFD0A1EB27
:10103000045101F5801149085FEA300002FA0EF20E
:1010400042EA420201EB04515FEA320213D0BDE8EA
:101050001040F1EE10CA1CF4400F1AD14FF0110CE1
:1010600092F0000F4CF0804CB0D5401C38BF5FEAC6
:101070004202ABD1A4E7BDE810404FEA410313F5AB
:10108000001F38BF7047DFF8C8C0A1F1C04100F0B1
:1010900051BE11F0004F54BF1CF4000F1CF4800F20
:1010A0004FF0110C4CF0804C90D1401C8ED341F18C
:1010B00000018BE74EF4001E3EEA410418BF3EEAF1
:1010C000430439D091EA030F48BF83F0004300F195
:1010D0003585841A71EB030C05D2121943EB0C030E
:1010E000001B61EB0C0152EA430E4FEA1154A4EBD2
:1010F000135C13D05FEA445E21EA04511CBF23F065
:101100000043ACF1010C7FF428AFBDE810404FF074
:10111000110C801841EB030100F0F7BC5FEA445E5C
:10112000BDE8104018BF704750EA410C08BF704737
:101130004FF0110C00F0E9BCBDE8104070B500F0B4
:10114000FDFA00BF64FBBE3E110000040000C0FFBA
:1011500011000010491058BFC1F140415B1058BF49
:10116000C3F140438B42EFF3008070472DE9C0414B
:1011700030B4DFF864C33CEA111418BF3CEA13141E
:1011800000F04B8181EA03051CEA111444EAD5748E
:1011900018BF1CEA131500F01D81A4EB05044FF0E5
:1011A000004545EAC12145EAC32341EA505143EADB
:1011B000525304F17F74994204F500344FEAC02081
:1011C0004FEAC22208BF904200F0D0804FEA136578
:1011D0000FF20426765D4FEA134506FB05F7C7F1CB
:1011E000807706FB07F74FEAD737A7FB03687642FD
:1011F000C8F58038A7FB06CE38BFA8F1010807FB69
:1012000008E64FF0000EA6FB028CE6FB03CEDCF1F5
:10121000000CCEF1004E38BFAEF1010EA6FB0C580B
:101220004FF000074FF00005E6FB0E87A1FB08C654
:10123000A0FB07CE16EB0E0645F10005E1FB0765A6
:1012400015F1E04E7EBFA4F580345FEA46066D419D
:1012500016F18007F1EE10CA45F100054FEA172795
:1012600047EA05671CF4400F4FEA152536D14FEACF
:101270004666A6F15E46B6F1085F2FD9B4F1FE6F5F
:101280002CD8384624F0010C05EBC471BCF1FE6F7C
:1012900001EB0C11DFF844C202D8F0BCBDE80041FC
:1012A00040F2488524425CBF01F5801E9EEAC47F5F
:1012B00002D4F0BCBDE8004140F13C85244277D423
:1012C000DFF81CC256EA080EA1F1C04118BF4CF06D
:1012D000804CF0BCBDE8004100F02CBD4FEAD222AA
:1012E00042EA43524FEAD323A7FB02864FEAD020BB
:1012F00040EA415007FB03661EEA0E0F4FEAD12178
:1013000005FB026658BFA6EB0056B6EB00564FEA47
:10131000520E4EEAC37E18EB0E0E56EB530E05D559
:1013200018EB02085E417F1C55F1000556EA080ED5
:1013300024D01CF4400FA4D014F0010F18BF4FEAC2
:101340004C0C1CF4000F08D036429AD4B8EB0208BB
:101350009E417F1E75F1000593E7364291D518EB4B
:1013600002085E417F1C55F100058AE74FF48015A5
:101370004FF000074FF000064FF0000824F0010C7A
:10138000384605EBC471BCF1FE6F01EB0C1102D8BD
:10139000F0BCBDE800811CEA0C0F5CBF01F5801EAB
:1013A0009EEAC47F02D4F0BCBDE80081244287D508
:1013B00056EA080C01F1C0411CBF06F0004C4CF08D
:1013C000804C4CF0005CF0BC4CF0140CBDE80041CB
:1013D00000F0F2BB50EA410E0CEA13150BD052EAB2
:1013E000430E13D000F02BFA641B86EA4606240451
:1013F00044EAD674D3E652EA430E00F02680F0BCED
:1014000081EA030101F00041BDE80081F0BCBDE8C4
:101410000041DFF8D0C000F08DBCF0BCBDE8004159
:1014200070B500F08BF900BF097EFC3E140000048B
:1014300000F007B881EA03014FF0000001F000411D
:10144000704781EA030100F032BAF0BCBDE8004108
:101450005FF828C000F06EBCFFFDFBF9F7F5F4F271
:10146000F0EEEDEBE9E8E6E4E3E1E0DEDDDBDAD83F
:10147000D7D5D4D3D1D0CFCDCCCBCAC8C7C6C5C49D
:10148000C2C1C0BFBEBDBCBBBAB9B8B7B6B5B4B3B4
:10149000B2B1B0AFAEADACABAAA9A8A8A7A6A5A49F
:1014A000A3A3A2A1A09F9F9E9D9C9C9B9A99999863
:1014B0009797969595949393929191908F8F8E8E06
:1014C0008D8C8C8B8B8A8989888887878685858493
:1014D00084838382828181800000FF0714000040A2
:1014E0001400001014000008B1FA81F201FA02F1B0
:1014F000C2F11D024FEA415003EB025303EBD1212D
:101500007047000051EA030C11D41CF5801F00F154
:101510000680994218BF704708BF9042704711F586
:10152000801F58BF13F5801F18D4994270471CF5CF
:10153000801F09D550EA410C0EBF52EA430C8B4282
:10154000704708BF824270474FF4001C1CEB410FEC
:1015500038BF1CEB430F01D28B42704770B500F0CF
:10156000EDF800BF0000003F19001604FFF7F2BDC0
:101570004FF000514FF08053FFF7ECBDDFF8B4C1DE
:1015800070B51CEA111E1EBF1CEA13159EEA0C0F53
:1015900095EA0C0F00F0948081EA030421EA4C11D3
:1015A0004EEAD47E23EA4C13AE4441F4801143F456
:1015B0008013A1FB024CA0FB0365AEF17F7E3619C0
:1015C00055EB0C05A1FB034C4CF10003A0FB021CE6
:1015D00016EB0C06654153F10003094218BF46F0B3
:1015E000010613F4007F0BD14FEA03314FEA0530B7
:1015F000340341EA155140EA16506FF003020AE045
:101600004FEAC3214FEAC520F40241EA555140EAAE
:1016100056506FF00202264602EB2E4201EB0255B5
:1016200085EACE7127D0F1EE10CA05461CF4400CB5
:1016300014D15FEA440C18BF24F0004450F10000BC
:1016400041F1000120EAD47040F2FD7C624517D2DE
:10165000BDE87040DFF8E0C000F06CBB5FEACE741C
:1016600054BF1CF4000F1CF4800F08BF10F10100E0
:1016700041F10001E8E740F2FE7C624504D270BD12
:1016800008BF11F4801FE3D0A84214BF4FF080447C
:101690004FF04044002E08BF0024BEF1806FD8BF39
:1016A00001F1C041A8BFA1F1C04144F0130CA8BF93
:1016B0004CF0805CBDE8704040F37E8200F03ABBA5
:1016C0009EEA0C0F0CEA131518BF95EA0C0F19D0FF
:1016D00091EA030F48BF4EF0010E50EA410418BFD3
:1016E00052EA430409D000F0AAF8641986EA4606D3
:1016F0004FEA044E4EEAD67E5BE74FEACE714FF0DA
:10170000000070BD00F01AF88900013E13000004CB
:1017100000F005B800F007B852EA430C06D081EAA1
:10172000030100F0C4B850EA410CF8D15FF824C0BE
:1017300000F000BB0000FF07130000400EF1020E96
:101740002EF0030E01285EF8086B41EB010414F53E
:10175000001418BFB4F5801F23D3364208D4012AE1
:1017600043EB030515F5001518BFB5F5801F18D319
:1017700001EB010C1CF5801F16D2364204D403EB9A
:10178000030C1CF5801F0FD2002C10D14FEAD17C26
:10179000002D0CEB4C0C0CF1020C08BF4CEBD37C75
:1017A00007E04FF0090C04E04FF0080C01E04FEAAD
:1017B000D37C0CEB4C0526FA05F606F00706B6F1CD
:1017C000040C06D20EEB860CBDE870404CF0010C08
:1017D0006047DFE80CF0222413025EF804CC1B2DD6
:1017E00008D1002C88BFB4F5801F34BF4CF4804C66
:1017F0004CF4004CBDE8704000F09CBA002C88BF4F
:10180000B4F5001F24BF1946104670BD4FF000000C
:101810004FF00041A1F5002170BD19461046012886
:1018200051EB010418BFD4F5001484BF5EF804CC5A
:101830002CF0806CBDE8704000F25B82704780B590
:101840004FF003065C004FEA03334FEA3606640D9F
:101850004FEA133318BF43F480131CD153EA125ECE
:1018600004F1010402BF13460022203C1B4202BFC8
:10187000130B1205143CB3FA83FEAEF10B0ECEF13E
:10188000200C03FA0EF322FA0CFC02FA0EF2A4EB7F
:101890000E0443EA0C030FB416F0010F0CBC03BC9A
:1018A00018BF2546CED180BD80B50126F3E70808D4
:1018B000A0F500114FEA3101704753EA010C11D431
:1018C0001CF5801F00F106808B4218BF704708BFCF
:1018D0008242704713F5801F58BF11F5801F18D43E
:1018E0008B4270471CF5801F09D552EA430C0EBF8E
:1018F00050EA410C9942704708BF904270474FF43C
:10190000001C1CEB430F38BF1CEB410F01D2994266
:1019100070470FB40CBC03BCFFF720BE10B5DFF856
:1019200094E211F5801C13F580141EEA4C0F18BFC9
:101930001EEA440F00F0F38091EA030F48BF83F0E2
:1019400000433FF5F6AA841A71EB030C07D2121973
:101950008CF0004C43EB0C03001B61EB0C0152427A
:101960004FEA1154A4EB135C23EAAE0321EA0451BD
:10197000C3EBAE0338BF5B1EDCF1200E48D322FA66
:101980000CFE10EB0E0043FA0CFE41EB0E01CCF105
:10199000200E03FA0EFE10EB0E0051F10001CCF107
:1019A000200E4CD412FA0EF201EB0451BDE81040A7
:1019B00008BF7047F1EE10CA1CF4400F14D14FF06D
:1019C000120C92F0000F4CF0804C40F1B381401C9F
:1019D00018BFB2F1004F40F0AD8100280CBF491C88
:1019E00020F0010000F0A6B911F0004F54BF1CF424
:1019F000000F1CF4800F4FF0120C4CF0804C40F0A4
:101A00009981401C40F0968141F1000100F092B9AB
:101A100012EB020E43EB030218BF4FF0010E4EEA29
:101A20004202ACF1200CDCF11E0E4BD943FA0CFE45
:101A300010EB0E0051F1FF31CCF11E0EB2D50EF1BC
:101A4000010E12FA0EFE404141EB010101EB445C34
:101A50005FEA5C5C06D95FEA0E0201EB0451BDE867
:101A60001040A5E73BD24FEAD42C11F5001124F425
:101A700000641AD0B1FA81F20B3AA41AA41ED2F172
:101A80002003914030FA03F31943904001EBCC71ED
:101A9000002C01EB0451BDE81040A8BF704701F1D4
:101AA000C0414FF0120C00F087B8B0FA80F310FA82
:101AB00003F101D1BDE8104019D0E41A173C4805E4
:101AC000C90AE3E701EB0451BDE81040401E61F193
:101AD00000015FF0FF326BE701EB045110BD4910CC
:101AE00001EB0451BDE810404FEA30000BE0F1EE8D
:101AF00010CA4FF000010CF4400CBCF5000F08BFF9
:101B00004FF0004170474FF0120C4A0008BF0042EE
:101B1000EDD0B2F5001F28BF704700F0EAB84EF4D0
:101B2000001E3EEA410418BF3EEA430434D091EA65
:101B3000030F48BF83F000433FF5CBAA841A71EB33
:101B4000030C07D212198CF0004C43EB0C03001B62
:101B500061EB0C0152EA033E4FEA1154A4EB135C13
:101B600014D05FEA445E21EA045109D023F0004317
:101B70005242ACF1010CC3F1000338BF5B1EFBE61F
:101B8000BDE81040801A61EB0301BCE7BDE81040DE
:101B900050EA410CB7D1AAE7BDE8104070B5FFF795
:101BA000CDFD00BF40DFF63E1100000483F0004190
:101BB000104670470000C0FFF1EE103A13F0807F2E
:101BC0001EBF01F000410020704713F4006F40F089
:101BD000AA80094248BF4CF4803C4FF4C0634FEAEE
:101BE000115203F1010321EA025122F400629A1A10
:101BF00048BF6FF0FE0241F48011352A3CD830D046
:101C0000152A1ED3203A0CD90028C2F1200321FA4C
:101C100002F001FA03F218BF42F001024FF0000196
:101C200030E0C2F1000302F1200201FA03F120FAD0
:101C300002F241EA020100FA03F208464FF0000105
:101C400020E0C2F1200310B400FA03F401FA03F318
:101C500020FA02F021FA02F1224610BC43EA000009
:101C600010E050EA01324FF000004FF000014FF059
:101C7000004218BF521C05E04FF001024FF0000176
:101C80004FF000001CF4803F2CF4803C18BF41F062
:101C9000004112421ED0F1EE103A13F4400F20D151
:101CA000520003D30CD0401C41F10001F1EE103A78
:101CB0004CF0804C43F00803E1EE103A00F03AB8E3
:101CC0005FEAAC72EFD4F1D1401C41F1000120F089
:101CD0000100EBE71CF0804F08BF70472CF0004C70
:101CE000E4E7094254BF13F4000F13F4800FDDD171
:101CF000D9E7F1EE103A13F0807F1EBF01F00041EA
:101D00000020704713F4006F08BF70472DE9F050B2
:101D1000FFF7CAFD04F5C064A4F10104314301EBEF
:101D20000451BDE8F0504CF0005C4CF0800C00F029
:101D3000AEBA00001CF0700F08BF0A460FB4F1EEF7
:101D4000101A0CF0405030EA814318BF4CF0804C20
:101D50004FEA4C0310EA814F4FEAD36323EA112381
:101D600018BF23F0100341EA030101F0E073E1EE34
:101D7000101A4CEA030C0CF00F030A2B1DBF082BA2
:101D80000CF070034CEAC30C4FF4003304BF33EA89
:101D90000C034CF4400C1CF0005F14D11CF0805F6D
:101DA0000BD11CF0804F31D11CF0006F12D111F417
:101DB000807F0FBC62D000F06ABA11F4806F0FBC54
:101DC0002BD000F064BA11F4006F0FBC08BF70474D
:101DD00000F05DBA11F4007F0FBC40F058821CF097
:101DE000400F1EBF4FF0004040F0010070471CF054
:101DF000100F14BF81EA030242400CF00F000A28C2
:101E000008BF4FF0FF324FF0000326E011F4805F6F
:101E10000FBC08BF704700F03ABAF1EE103A2CF050
:101E2000805C1CF0800F14BF01F0004200F0004203
:101E300012420CBF12EA336F12EAF35F0DD31CF0AB
:101E4000100F1DBF30A003C81143314808BF104315
:101E500013F4805F40F01B8270471CF0100F02F0FB
:101E600000421DBF0FF2940003C81143254808BF6C
:101E7000104313F4805F40F00A8270471CF0400F5B
:101E800040F028801CF4404F1BD01CF4004F1CBFB6
:101E9000194610460CF4807218BF8CEA520C1CF0E4
:101EA000800F0CBF40F4800041F400218CEADC0379
:101EB00013F0100F1CBF2CF00F0C4CF0080C00F0AE
:101EC0008DB91CF0100F1ABF12A393E8030013483A
:101ED00000F084B91CF0800F14BF01F0004200F044
:101EE00000421CF0100F1BBF0AA393E803000B482D
:101EF000114308BF104300F071B900BF000000009B
:101F00000000F07F0000807FFFFFFFFFFFFFEF7FFB
:101F1000FFFF7F7F000000000000F87F0000C07F0F
:101F200043004FEAD30C4FEA3C0C43401FBF40072D
:101F30000CF1605113F0FE4F70471CF0006F14D18C
:101F400033F0004004BF1946704783EA830383EAF5
:101F5000430303F0070343EACC010CF0004303F111
:101F60005A5303F54013FFF7BFBA0CF0004343EA9E
:101F7000507010B540EACC0000F00FF8000000BA35
:101F8000180000044FEA0001FFF791BC4FEAE0029D
:101F90004FEA407042F0E04170470EF1020E2EF021
:101FA000030E4FEA40025EF8084B12F1807218BF30
:101FB000B2F5000F22D3244207D44FEA410313F1B4
:101FC000807318BFB3F5000F18D34FEA400C1CF50F
:101FD000000F16D2244204D44FEA410C1CF5000F26
:101FE0000FD2002A10D14FEAD07C002B0CEB4C0C06
:101FF0000CF1020C08BF4CEBD17C07E04FF0090C50
:1020000004E04FF0080C01E04FEAD17C0CEB4C03EC
:1020100024FA03F404F00704B4F1040C06D20EEB26
:10202000840CBDE810404CF0010C6047DFE80CF078
:102030001F2013025EF804CC1B2B08D1002A88BF96
:10204000B2F5000F34BF4CF4804C4CF4004CBDE8AA
:102050001040FFF76FBE002A88BFB2F1807F28BF13
:10206000084610BD4FF00040A0F5800010BD0846A6
:10207000420018BFD2F1807284BF5EF8042C22F0B7
:102080008062BDE8104000F28A8070474FF0000087
:10209000E1EE100A7047FF2141EAD050C0057047B9
:1020A000F1EE101A11F0807F1CBF00F00040704765
:1020B00011F4006F40F08E8000F0004343EAD053EB
:1020C00023F48073C3F1C10323F00041172941D8E1
:1020D000C3F1200310FA03F1C3F1200320F07F4085
:1020E00040F4000020FA03F003F0004340EA03004C
:1020F00019D00B46F1EE101A41F00801E1EE101A6A
:1021000011F4400F1CD1590009D318BF401C06D14F
:102110007FEAE27398BF401C38BF20F0010042F014
:10212000804CFFF707BE12F0804F08BF7047F1EEFA
:10213000101A944641F00801E1EE101AFFF7FABDBB
:1021400010F0004F14BF5FEAF1535FEA316338BF0C
:10215000401CE4E7182903EB912318BF6FF00041FE
:102160000131F1EE101A41F00801E1EE101A11F4FC
:10217000400F18BF03F00040E2D168BF03F00040F9
:1021800009D6400203F0004000F1010004BF12F044
:10219000004F20F001004FF0804CFFF7CBBDF1EE77
:1021A000101A11F0807F1CBF00F00040704711F43E
:1021B000006F08BF704700F0004120F00040B0FA07
:1021C00080F3A3F1080341F0C04100FA03F0A1EB52
:1021D000C351084442F0005C00F059B80CF00F0302
:1021E000092B08BF082000F064800A2B32D0082B8E
:1021F00018BF704708BF1CF0400F31D01CF4803F5F
:1022000023D11CF0200F11D11CF0100F0BBF024680
:102210000A466FF000406FF0004118BF4FF0FF30EA
:1022200012F0004F1CBFC043C94370471CF0100F91
:102230000CBF02460A4612F0004F4FF0FF304FF03D
:10224000FF311CBFC043C94370474FF000004FF03F
:10225000000170471CF0400F18BF4FF0004070475E
:102260001CF0100F08D020F0704300F07F4242EACB
:10227000D3014FEA4370704700F0604021F07F4285
:1022800042EA000201F07F4040EA727070472DE997
:1022900000502DE90050EEF7C5FFBDE80050BDE845
:1022A00000500CF00F0393F0090F18BF7047AFF305
:1022B00000801CF4801F24D01CF4E02F09D010F003
:1022C000080F02D1D0F1020070476FEACC3149000B
:1022D00070474FF0604111EA407028BF40F0405015
:1022E000F1EE103A23F0704343EA0003E1EE103AB6
:1022F000EFF3008222F0704242EA000282F300888B
:1023000070471CEA004018BF01207047A432010842
:1023100021FB000800000000000000008000000019
:1023200000000000000000006C32010855CF0008DA
:10233000000000000000000000020000000000009B
:10234000000000006032010839D5000800000000DC
:10235000000000000001000000000000000000007C
:10236000743201089DE60008020000000000000031
:1023700000020000000000000000000080320108A0
:1023800031E7000803000000000000000004000026
:1023900000000000000000006832010899E9000810
:1023A000000000000000000000010000000000002C
:1023B0000000000098320108C5FB00080000000082
:1023C000000000000001000000000000000000000C
:1023D0008832010841A7000800000000000000004A
:1023E00000010000000000000000000000000000EC
:1023F00000000000010203040607080900000000B5
:10240000010203041E0028000F000A000A000B004E
:102410000A000A000A000A000A0009000A000A006D
:102420000800020003000E00020003000D000A0075
:102430000A000C0002000300070005000500070069
:102440002800C80007006400640005000A000A00B4
:10245000070064006400010000A00C4600000000BA
:1024600000802644ABAAAA3E484400474D00475985
:10247000524143434D4147000000803F00000000AF
:1024800000000000000000000000803F000000008D
:1024900000000000000000000000803F000000007D
:1024A00000000000C3F51C413333333F8FC2753D3C
:1024B0009A99993E9A99193FCDCC4C3E0000000064
:1024C0000000803F0000000000000000000000004D
:1024D0000000000000000000000000000000803F3D
:1024E00000000000000000000000000000000000EC
:1024F00000000000000000000000803F000000001D
:1025000000000000000000000000000000000000CB
:10251000000000000000803F0000000000000000FC
:1025200000000000000000000000000000000000AB
:102530000000803F000000000000000000000000DC
:102540000000000000000000000000000000803FCC
:10255000FF005EBCE2613FDD83C29C7E20A3FD1FC5
:10256000419DC3217FFCA2401E5F01E3BD3E60820E
:10257000DC237D9FC1421CFEA0E1BF5D0380DE3CE9
:1025800062BEE0025CDF81633D7C22C09E1D43A1F0
:10259000FF4618FAA427799BC584DA3866E5BB594B
:1025A00007DB856739BAE406581947A5FB7826C4C6
:1025B0009A653BD987045AB8E6A7F91B45C6987AAD
:1025C00024F8A6441A99C7257B3A6486D85B05E7A8
:1025D000B98CD2306EEDB3510F4E10F2AC2F719317
:1025E000CD114FADF3702ECC92D38D6F31B2EC0E76
:1025F00050AFF1134DCE90722C6D33D18F0C52B081
:10260000EE326C8ED0530DEFB1F0AE4C1291CF2D57
:1026100073CA947628ABF517490856B4EA6937D5DA
:102620008B5709EBB536688AD495CB2977F4AA483D
:1026300016E9B7550B88D6346A2B7597C94A14F634
:10264000A8742AC896154BA9F7B6E80A54D7896B1F
:1026500035000000891112239B322446AD573665A0
:10266000BF74488CC19D5AAFD3BE6CCAE5DB7EE90E
:10267000F7F88110080193331A22A5562C47B77535
:102680003E64C99C408DDBBF52AEEDDA64CBFFF9EE
:1026900076E802218B30100299132667AF76344416
:1026A000BD554AADC3BC588ED19F6EEBE7FA7CC8CE
:1026B000F5D983310A2091121803A7772E66B554F5
:1026C0003C45CBBD42ACD99E508FEFFB66EAFDD8AE
:1026D00074C904428D5316619F702004A9153227D6
:1026E000BB364CCEC5DF5EEDD7FC6888E1997AAB8E
:1026F000F3BA85520C4397711E60A1142805B337B5
:102700003A26CDDE44CFDFFD56ECE9986089FBBB6D
:1027100072AA06638F7214409D512225AB34300695
:10272000B9174EEFC7FE5CCCD5DD6AA9E3B8788A4D
:10273000F19B87730E6295501C41A3352A24B11674
:102740003807CFFF46EEDDDC54CDEBB962A8F99A2D
:10275000708B088481951AA793B62CC2A5D33EE14D
:10276000B7F04008C919522BDB3A644EED5F766D25
:10277000FF7C899400859BB712A6ADD224C3BFF11C
:1027800036E0C1184809D33B5A2AE55E6C4FF77D05
:102790007E6C0AA583B4188691972EE3A7F23CC0FD
:1027A000B5D14229CB38500AD91B666FEF7E744CE5
:1027B000FD5D8BB502A499961087AFF326E2BDD0DC
:1027C00034C1C3394A28D11A580BE77F6E6EF55CC5
:1027D0007C4D0CC685D71EE597F42880A1913AA3BD
:1027E000B3B2444ACD5B5669DF78600CE91D722FA5
:1027F000FB3E8DD604C79FF516E4A9902081BBB39C
:1028000032A2C55A4C4BD7795E68E11C680DF33F84
:102810007A2E0EE787F61CC495D52AA1A3B038827C
:10282000B193466BCF7A5448DD59622DEB3C700E64
:10283000F91F8FF706E69DD414C5ABB122A0B9925B
:102840003083C77B4E6AD5585C49E33D6A2CF11E44
:10285000780F0000891112239B322446AD5736654C
:10286000BF74488CC19D5AAFD3BE6CCAE5DB7EE90C
:10287000F7F88110080193331A22A5562C47B77533
:102880003E64C99C408DDBBF52AEEDDA64CBFFF9EC
:1028900076E802218B30100299132667AF76344414
:1028A000BD554AADC3BC588ED19F6EEBE7FA7CC8CC
:1028B000F5D983310A2091121803A7772E66B554F3
:1028C0003C45CBBD42ACD99E508FEFFB66EAFDD8AC
:1028D00074C904428D5316619F702004A9153227D4
:1028E000BB364CCEC5DF5EEDD7FC6888E1997AAB8C
:1028F000F3BA85520C4397711E60A1142805B337B3
:102900003A26CDDE44CFDFFD56ECE9986089FBBB6B
:1029100072AA06638F7214409D512225AB34300693
:10292000B9174EEFC7FE5CCCD5DD6AA9E3B8788A4B
:10293000F19B87730E6295501C41A3352A24B11672
:102940003807CFFF46EEDDDC54CDEBB962A8F99A2B
:10295000708B088481951AA793B62CC2A5D33EE14B
:10296000B7F04008C919522BDB3A644EED5F766D23
:10297000FF7C899400859BB712A6ADD224C3BFF11A
:1029800036E0C1184809D33B5A2AE55E6C4FF77D03
:102990007E6C0AA583B4188691972EE3A7F23CC0FB
:1029A000B5D14229CB38500AD91B666FEF7E744CE3
:1029B000FD5D8BB502A499961087AFF326E2BDD0DA
:1029C00034C1C3394A28D11A580BE77F6E6EF55CC3
:1029D0007C4D0CC685D71EE597F42880A1913AA3BB
:1029E000B3B2444ACD5B5669DF78600CE91D722FA3
:1029F000FB3E8DD604C79FF516E4A9902081BBB39A
:102A000032A2C55A4C4BD7795E68E11C680DF33F82
:102A10007A2E0EE787F61CC495D52AA1A3B038827A
:102A2000B193466BCF7A5448DD59622DEB3C700E62
:102A3000F91F8FF706E69DD414C5ABB122A0B99259
:102A40003083C77B4E6AD5585C49E33D6A2CF11E42
:102A5000780F000610160006101600000000000097
:102A6000920E493CB10AC93C2BC3163D2EFB483D92
:102A7000752B7B3D04A9963D80B6AF3D36BDC83D64
:102A80002FBCE13D73B2FA3D87CF093E8340163E2D
:102A9000B5AB223EA2102F3ECF6E3B3EC2C5473E95
:102AA0000115543E135C603E7F9A6C3ECCCF783E5D
:102AB000C07D823E938E883E229A8E3E32A0943E06
:102AC00086A09A3EE59AA03E128FA63ED47CAC3EEC
:102AD000EF63B23E2A44B83E491DBE3E15EFC33EE9
:102AE00053B9C93ECA7BCF3E4136D53E80E8DA3E77
:102AF0004F92E03E7533E63EBBCBEB3EEA5AF13EE9
:102B0000CBE0F63E275DFC3EE4E7003F3D9C033F03
:102B1000824B063F9BF5083F6B9A0B3FDA390E3F1D
:102B2000CDD3103F2A68133FD9F6153FC07F183F19
:102B3000C6021B3FD17F1D3FCBF61F3F9967223F47
:102B400025D2243F5636273F1594293F4AEB2B3F89
:102B5000DE3B2E3FBB85303FC9C8323FF304353FD3
:102B6000233A373F4268393F3B8F3B3FF9AE3D3F09
:102B700067C73F3F70D8413F01E2433F03E4453F11
:102B800065DE473F12D1493FF8BB4B3F029F4D3FA7
:102B9000207A4F3F3D4D513F4918533F31DB543F61
:102BA000E595563F5348583F6AF2593F1A945B3FA8
:102BB000532D5D3F05BE5E3F2146603F97C5613F97
:102BC0005A3C633F59AA643F880F663FD86B673F02
:102BD0003CBF683FA7096A3F0C4B6B3F5E836C3F6D
:102BE00093B26D3F9ED86E3F73F56F3F0809713FFA
:102BF0005213723F4714733FDD0B743F0BFA743F5F
:102C0000C6DE753F07BA763FC58B773FF853783FEE
:102C10009812793F9DC7793F02737A3FBE147B3F7C
:102C2000CDAC7B3F283B7C3FC9BF7C3FAC3A7D3F6E
:102C3000CCAB7D3F23137E3FB0707E3F6DC47E3FA3
:102C4000580E7F3F6D4E7F3FAB847F3F0FB17F3F7C
:102C500097D37F3F43EC7F3F11FB7F3F0000803FD6
:102C600011FB7F3F43EC7F3F97D37F3F0FB17F3F07
:102C7000AB847F3F6D4E7F3F580E7F3F6DC47E3FDC
:102C8000B0707E3F23137E3FCCAB7D3FAC3A7D3F9F
:102C9000C9BF7C3F283B7C3FCDAC7B3FBE147B3F14
:102CA00002737A3F9DC7793F9812793FF853783F76
:102CB000C58B773F07BA763FC6DE753F0BFA743F88
:102CC000DD0B743F4714733F5213723F0809713F85
:102CD00073F56F3F9ED86E3F93B26D3F5E836C3F3E
:102CE0000C4B6B3FA7096A3F3CBF683FD86B673FFF
:102CF000880F663F59AA643F5A3C633F97C5613FBE
:102D00002146603F05BE5E3F532D5D3F1A945B3FF9
:102D10006AF2593F5348583FE595563F31DB543FDF
:102D20004918533F3D4D513F207A4F3F029F4D3F41
:102D3000F8BB4B3F12D1493F65DE473F03E4453FB7
:102D400001E2433F70D8413F67C73F3FF9AE3D3F87
:102D50003B8F3B3F4268393F233A373FF304353FCF
:102D6000C9C8323FBB85303FDE3B2E3F4AEB2B3F8D
:102D70001594293F5636273F25D2243F9967223F95
:102D8000CBF61F3FD17F1D3FC6021B3FC07F183FC0
:102D9000D9F6153F2A68133FCDD3103FDA390E3FDD
:102DA0006B9A0B3F9BF5083F824B063F3D9C033FD0
:102DB000E4E7003F275DFC3ECBE0F63EEA5AF13EF9
:102DC000BBCBEB3E7533E63E4F92E03E80E8DA3E09
:102DD0004136D53ECA7BCF3E53B9C93E15EFC33EFF
:102DE000491DBE3E2A44B83EEF63B23ED47CAC3EA1
:102DF000128FA63EE59AA03E86A09A3E32A0943E4F
:102E0000229A8E3E938E883EC07D823ECCCF783E05
:102E10007F9A6C3E135C603E0115543EC2C5473E2E
:102E2000CF6E3B3EA2102F3EB5AB223E8340163EF6
:102E300087CF093E73B2FA3D2FBCE13D36BDC83D98
:102E400080B6AF3D04A9963D752B7B3D2EFB483DDA
:102E50002BC3163DB10AC93C920E493C000000004C
:102E6000920E49BCB10AC9BC2BC316BD2EFB48BD8E
:102E7000752B7BBD04A996BD80B6AFBD36BDC8BD60
:102E80002FBCE1BD73B2FABD87CF09BE834016BE29
:102E9000B5AB22BEA2102FBECF6E3BBEC2C547BE91
:102EA000011554BE135C60BE7F9A6CBECCCF78BE59
:102EB000C07D82BE938E88BE229A8EBE32A094BE02
:102EC00086A09ABEE59AA0BE128FA6BED47CACBEE8
:102ED000EF63B2BE2A44B8BE491DBEBE15EFC3BEE5
:102EE00053B9C9BECA7BCFBE4136D5BE80E8DABE73
:102EF0004F92E0BE7533E6BEBBCBEBBEEA5AF1BEE5
:102F0000CBE0F6BE275DFCBEE4E700BF3D9C03BFFF
:102F1000824B06BF9BF508BF6B9A0BBFDA390EBF19
:102F2000CDD310BF2A6813BFD9F615BFC07F18BF15
:102F3000C6021BBFD17F1DBFCBF61FBF996722BF43
:102F400025D224BF563627BF159429BF4AEB2BBF85
:102F5000DE3B2EBFBB8530BFC9C832BFF30435BFCF
:102F6000233A37BF426839BF3B8F3BBFF9AE3DBF05
:102F700067C73FBF70D841BF01E243BF03E445BF0D
:102F800065DE47BF12D149BFF8BB4BBF029F4DBFA3
:102F9000207A4FBF3D4D51BF491853BF31DB54BF5D
:102FA000E59556BF534858BF6AF259BF1A945BBFA4
:102FB000532D5DBF05BE5EBF214660BF97C561BF93
:102FC0005A3C63BF59AA64BF880F66BFD86B67BFFE
:102FD0003CBF68BFA7096ABF0C4B6BBF5E836CBF69
:102FE00093B26DBF9ED86EBF73F56FBF080971BFF6
:102FF000521372BF471473BFDD0B74BF0BFA74BF5B
:10300000C6DE75BF07BA76BFC58B77BFF85378BFEA
:10301000981279BF9DC779BF02737ABFBE147BBF78
:10302000CDAC7BBF283B7CBFC9BF7CBFAC3A7DBF6A
:10303000CCAB7DBF23137EBFB0707EBF6DC47EBF9F
:10304000580E7FBF6D4E7FBFAB847FBF0FB17FBF78
:1030500097D37FBF43EC7FBF11FB7FBF000080BFD2
:1030600011FB7FBF43EC7FBF97D37FBF0FB17FBF03
:10307000AB847FBF6D4E7FBF580E7FBF6DC47EBFD8
:10308000B0707EBF23137EBFCCAB7DBFAC3A7DBF9B
:10309000C9BF7CBF283B7CBFCDAC7BBFBE147BBF10
:1030A00002737ABF9DC779BF981279BFF85378BF72
:1030B000C58B77BF07BA76BFC6DE75BF0BFA74BF84
:1030C000DD0B74BF471473BF521372BF080971BF81
:1030D00073F56FBF9ED86EBF93B26DBF5E836CBF3A
:1030E0000C4B6BBFA7096ABF3CBF68BFD86B67BFFB
:1030F000880F66BF59AA64BF5A3C63BF97C561BFBA
:10310000214660BF05BE5EBF532D5DBF1A945BBFF5
:103110006AF259BF534858BFE59556BF31DB54BFDB
:10312000491853BF3D4D51BF207A4FBF029F4DBF3D
:10313000F8BB4BBF12D149BF65DE47BF03E445BFB3
:1031400001E243BF70D841BF67C73FBFF9AE3DBF83
:103150003B8F3BBF426839BF233A37BFF30435BFCB
:10316000C9C832BFBB8530BFDE3B2EBF4AEB2BBF89
:10317000159429BF563627BF25D224BF996722BF91
:10318000CBF61FBFD17F1DBFC6021BBFC07F18BFBC
:10319000D9F615BF2A6813BFCDD310BFDA390EBFD9
:1031A0006B9A0BBF9BF508BF824B06BF3D9C03BFCC
:1031B000E4E700BF275DFCBECBE0F6BEEA5AF1BEF5
:1031C000BBCBEBBE7533E6BE4F92E0BE80E8DABE05
:1031D0004136D5BECA7BCFBE53B9C9BE15EFC3BEFB
:1031E000491DBEBE2A44B8BEEF63B2BED47CACBE9D
:1031F000128FA6BEE59AA0BE86A09ABE32A094BE4B
:10320000229A8EBE938E88BEC07D82BECCCF78BE01
:103210007F9A6CBE135C60BE011554BEC2C547BE2A
:10322000CF6E3BBEA2102FBEB5AB22BE834016BEF2
:1032300087CF09BE73B2FABD2FBCE1BD36BDC8BD94
:1032400080B6AFBD04A996BD752B7BBD2EFB48BDD6
:103250002BC316BDB10AC9BC920E49BC0000008048
:1032600044455445435400006C65640063616C69D7
:103270000000000067696D62616C5461736B00004F
:10328000696D755461736B0053454C465F41494D00
:103290005F7461736B000000554152545F74617339
:1032A0006B0000007465737400000000CC320108EC
:1032B0000000002000060000C4010008C833010817
:1032C00000060020B8CB000020020008013103AD49
:1032D00024F422D81420501E1B207C041A64041AE3
:1032E0009404360205060606131FCF1B08190401B5
:1032F0003203382042000B1E200A7961770A706978
:10330000740A32642AFF03190519074AFF07791363
:10331000390F011080093333EB3A58A08B3A320150
:10332000157D04017C100F0240AB034101055308D9
:10333000065804070F160810810911160A15800B8C
:1033400016450C18010D031070174B40400411591D
:10335000040B14803F1C2918691C390809113479A1
:1033600024091118A914092A30290439847995C926
:1033700018A904092AC4691C094AC4A9A8E918E9BA
:103380001CE9C46930E9D06918691C0912E40916FE
:103390009CA988A9040120A990E980A984A970A901
:1033A000E0011B08081250C347CDCCCC3D040953A3
:1033B0001C110B1AC8421C014802170723FFFF32D9
:0833C000010273101AAA018139
:040000050800018965
:00000001FF
