:020000040800F2
:10000000E8DE0020E5030008B9B000088D92000882
:1000100091AF00083B36000815E200080000000020
:1000200000000000000000000000000025030008A0
:100030006B4D000800000000810300088DD300080C
:10004000FF030008FF030008FF030008FF03000888
:10005000FF030008FF0300086D4D0008FF030008C0
:10006000FF030008734D0008794D0008FF030008E6
:10007000FF030008FF030008FF030008FF03000858
:10008000FF030008FF030008FF030008FF03000848
:100090003D360008FF030008FF0300087F4D0008FD
:1000A000FF030008FF030008FF030008FF03000828
:1000B000FF030008FF030008FF030008FF03000818
:1000C000FF030008FF030008FF030008FF03000808
:1000D000FF03000875E00008FF03000881E0000846
:1000E000FF030008FF030008FF030008FF030008E8
:1000F000FF030008FF030008FF030008394700085A
:10010000FF030008FF030008FF030008FF030008C7
:10011000FF030008FF030008FF030008FF030008B7
:10012000FF030008914700089D470008FF030008EF
:10013000FF030008FF030008FF030008FF03000897
:1001400049360008FF030008FF030008FF0300080A
:10015000FF030008694C0008754C000851E10008D5
:10016000FF030008FF030008FF030008FF03000867
:10017000FF030008FF030008FF0300080000000061
:10018000FF030008FF03000800F002F800F0BAF8CF
:100190000AA090E8000C82448344AAF10107DA45E2
:1001A00001D100F0AFF8AFF2090EBAE80F0013F07A
:1001B000010F18BFFB1A43F0010318476C970100A9
:1001C0008C97010010F8013B0A4413F0030408BFA8
:1001D00010F8014B1D1108BF10F8015B641E05D01B
:1001E00010F8016B641E01F8016BF9D1002D15D0D8
:1001F00010F8014B03F00C030C2BA1EB04040ABF15
:1002000010F8013BA4EB8314A4EB032405F10103D4
:1002100014F8016B5B1E01F8016BF9D5914238BFF0
:1002200010F8013BD1D3704700230024002500269D
:10023000103A28BF78C1FBD8520728BF30C148BF49
:100240000B6070476E2901F08182702900F073877E
:10025000662917F0CF84652917F0CC84672917F039
:10026000C984612917F0C88403681B0A28BF41F0BC
:100270008001692901F02E82642901F02B82752901
:1002800001F028826F2901F05083782900F03F8720
:10029000E92901F0EB82E42901F0E882F52901F077
:1002A000E582EF2901F04D83F82900F03E870368CD
:1002B000DB0928BF41F08001632901F065877329BC
:1002C00001F06A87E32901F07587F32901F07A8745
:1002D000002070471FB517F0D5FB9DE8030001F023
:1002E00023F901F0C9FF04000020002115F090FF60
:1002F000401C60600020002115F074FFE0601FBD0D
:1003000010B510BD01F08AFF1146FFF7E3FF13F0AF
:10031000C2F802F067F803B4FFF7F2FF03BC02F083
:100320009FF800002C4B19680868B0E8F04F80F384
:100330000988BFF36F8F4FF0000080F3118870477A
:100340000000000008480068006880F308884FF04B
:10035000000080F3148862B661B6BFF34F8FBFF31D
:100360006F8F00DF00BF00BF08ED00E0DFF80C007A
:10037000016841F470010160704700BF88ED00E042
:10038000EFF30980BFF36F8F134B1A681EF0100F45
:1003900008BF20ED108A20E9F04F106009B44FF03B
:1003A000500080F31188BFF34F8FBFF36F8F15F0AC
:1003B00009F94FF0000080F3118809BC196808683A
:1003C000B0E8F04F1EF0100F08BFB0EC108A80F3B9
:1003D0000988BFF36F8F704728070020EFF305806F
:1003E000704700000948804709480047FEE7FEE7DC
:1003F000FEE7FEE7FEE7FEE7FEE7FEE7FEE7FEE7D5
:1004000004480549054A064B7047000059D40008C6
:1004100089010008E89E0020E8DE0020E8BE0020F8
:10042000E8BE00209FED1A1AF5EE000A40EE010A20
:10043000BDEEE00AF5EEC00A10EE100AF1EE10FA79
:1004400038BF401E00EE100A1349F7EE001AB8EE4E
:10045000C00A30EEC00ADFED0F0A20EE200AFCEEE3
:10046000C00A10EE900AC0F3080000EE900A01EBFB
:100470008000F8EE600A90ED011A70EE600A90EDCF
:10048000000A71EEE01A21EE800A00EE810A704740
:1004900083F9223E00000044EC8D0108DFED190ACB
:1004A000B5EEC00A60EE200ABDEEE01A11EE100AA9
:1004B000F1EE10FA38BF401E00EE100A1349F7EEB5
:1004C000001AB8EEC00A30EEC00ADFED0F0A60EE87
:1004D000200ABCEEE00A10EE100AC0F3080000EE9D
:1004E000100A01EB8000B8EE400A90ED011A70EEA0
:1004F000C00A90ED000A71EEE01A21EE800A00EECB
:10050000810A704783F9223E00000044EC8D010807
:1005100070B405880E884468D1F804C05368B542A9
:1005200008D140884988884201BF11888D4251888E
:10053000884203D070BC6FF00200704705FB00F1E9
:10054000880827D094ED001ADCED000A94ED010A2A
:10055000DCED011A31EE201AD4ED020A70EE211AF8
:100560009CED020A83ED001AC3ED011A94ED031A03
:10057000DCED031A30EE800A401E71EE210A83ED95
:10058000020A04F11004C3ED030A03F110030CF195
:10059000100CD7D111F0030030D0B0F1004F30D2A1
:1005A00000282BDD211F1B1FACF1040210F0010FEE
:1005B0000AD091ED010AD2ED010A091D121D30EE9B
:1005C000200A83ED010A1B1D400817D091ED010A96
:1005D000D2ED010A401E30EE200A83ED010A91EDB2
:1005E000020AD2ED020A01F1080102F1080230EE1E
:1005F000200A83ED020A03F10803E7D170BC002052
:100600007047B4EC010A401EFCEC010A30EE200AEF
:10061000A3EC010AF5D1F1E7018042804360704705
:100620002DE9F34F84B00498406800904868019029
:100630000498B0F800E04588DFEDFE0A0020029043
:10064000B0EE600AAE4506D108884988884204BFEA
:100650007146864504D06FF0020006B0BDE8F08F09
:1006600001985FEA010C18BFB7EE001A3DD000BF39
:10067000BEEB0C0117D0B1F1004F80F01F820029B2
:1006800011DD021F11F0010F1CBFC2ED010A121D86
:100690004B1006D0C2ED010AC2ED020A08325B1E01
:1006A000F8D100EB8100BCF10102A0EC011A19D0D5
:1006B000B2F1004F80F00882002A13DD031F12F010
:1006C000010F1CBFC3ED010A1B1D511008D000BF54
:1006D000C3ED010AC3ED020A491E03F10803F7D175
:1006E00000EB8200BCF1010CC2D14FF00008039571
:1006F000002D14BFB0EE602A002000F0BF8100BFC3
:10070000009908FB05F001EB800B0199DBED002A55
:1007100001EB80000346F0EE421AC64552D9AEEB1B
:100720000802ABEB850112F0010F17D001EB850138
:1007300091ED000AB5EEC00AF1EE10FA07DDB4EE55
:10074000E10AF1EE10FA09DDF0EE401A06E0B1EE32
:10075000400AF4EEC01AF1EE10FAF5D3521031D07F
:1007600001EB850C9CED000AB5EEC00AF1EE10FA23
:1007700005DDB4EEE10AF1EE10FA09DD06E0B1EEB6
:10078000400AF4EEC01AF1EE10FA01D2F0EE401A6F
:1007900001EBC50191ED000AB5EEC00AF1EE10FAC9
:1007A00005DDB4EEE10AF1EE10FA09DD06E0B1EE86
:1007B000400AF4EEC01AF1EE10FA01D2F0EE401A3F
:1007C000521ECDD1F5EEC01AF1EE10FA00F0738191
:1007D000F5EEC02A0126F1EE10FA0099D4BFB1EE71
:1007E000620AB0EE620AB4EE610AF1EE10FA1CBFC2
:1007F000AEEB0802B2F1010C47D005FB08F201EBA9
:10080000820292ED001A00BFB0EE410A05FB06F429
:10081000B5EEC00A00EB8404F1EE10FACCBFF0EEA6
:10082000400AF1EE400AF4EE610AF1EE10FA28D126
:10083000B5EB080C11D0BCF1004F7DD2BCF1000F1C
:100840000BDD00BF92ED000AD1ED000ABCF1010CF6
:10085000E2EC010AA1EC010AF4D129000ED0B1F1B9
:10086000004F6AD2002909DD94ED000AD0ED000A9C
:10087000491EE4EC010AA0EC010AF5D10120029026
:100880000BE0761CBCF1010CBED10298012804D00B
:10089000F5EEC02AF1EE10FA7ED09BED000AB5EB22
:1008A00008009A465946064622D0B0F1004F74D24D
:1008B00000281DDD091F10F0010F06D0F0EE400AE0
:1008C00080EEA01A81ED011A091D401010D000BF62
:1008D000D1ED010A401E80EE801A81ED011A91EDE2
:1008E000021AC1EE000AC1ED020A01F10801EFD1BE
:1008F000280026D0B0F1004F7ED2002821DDAAF1D9
:10090000040110F0010F06D0D1ED010A80EE801A2B
:1009100081ED011A091D401013D000BFD1ED010A6D
:10092000401E80EE801A81ED011AD1ED020A80EEA0
:10093000801A81ED021A01E0CBE0D6E001F1080156
:10094000ECD1DDE900124FF000095FEA0E0773D029
:10095000C14504BF01EB860102EB850274D091ED25
:10096000000ADC465046330035D01C46B6F1004F35
:100970007ED2002C2FDD0B1FABF1040C16F0010F03
:100980000FD0F0EE400ADCED011AB0EE601A00EE76
:10099000E11A83ED011A01E08DE0B1E01B1D0CF1BD
:1009A000040C741015D000BFD3ED010A9CED011AA0
:1009B00040EE410AC3ED010AD3ED020A9CED021A92
:1009C0000CF1080C40EE410AC3ED020A0833641E24
:1009D000EAD101EB86012B0036D0B3F1004F72D281
:1009E000002B31DDA2F1040CAAF1040013F0010F79
:1009F0000CD0DCED010A00E08BE090ED011A001D47
:100A000040EE410ACCED010A0CF1040C5C1019D047
:100A1000DCED010A90ED011A40EE410ACCED010A2D
:100A2000DCED020A90ED021A083040EE410ACCEDEE
:100A3000020A03E0000000000DE005E0641E0CF176
:100A4000080CE5D102EB830201EB88017F1E09F15E
:100A500001097FF47DAF009808F10108001D0090A6
:100A60000398401E03907FF44BAE0299012900E0E9
:100A700058E004BF06B0BDE8F08F00BFB5EEC00A75
:100A8000F1EE10FA7FF4E9AD04990EFB05F3002BAB
:100A90004A684FF000010BD902EB810C9CED000A73
:100AA000B5EEC00AF1EE10FA02D1491C8B42F3D820
:100AB0008B427FF4D2AD6FF00400CEE5E0EC010A8A
:100AC000491EFBD1EFE538E0E0EC010A521EFBD1F4
:100AD00008E692ED000AD1ED000ABCF1010CE2EC4F
:100AE000010AA1EC010AF4D1B7E694ED000AD0EDB9
:100AF000000A491EE4EC010AA0EC010AF5D1BDE6AA
:100B0000D1ED000A401E80EE801AA1EC011AF7D147
:100B1000EEE6D3ED000A401E80EE801AA3EC011A27
:100B2000F7D10EE7BCEC011AD1ED000A5B1E40EED6
:100B3000410AE1EC010AF5D14DE7B0EC011AD2ED22
:100B4000000A5B1E40EE410AE2EC010AF5D17BE7A8
:100B50002DE9F04F82B046685368019305884788B5
:100B60004B88002000900888874201BFB2F800C07F
:100B70006545528893421EBF6FF0020002B0BDE887
:100B8000F08F9FED412A4FEA970EC7F3400B00BF4D
:100B9000DDE9000202EB800A4A6898464FF000093E
:100BA000B0EE420AB4465FEA0E0025D092ED001A7C
:100BB000DCED001A02EB8302DCED010A01EE810A92
:100BC00092ED001A02EB8302401ED2ED001A02EBF6
:100BD000830200EE810A9CED021ADCED030A000498
:100BE0000CF1100C000C01EE210A92ED001A02EB40
:100BF000830200EE810AD9D117F0030026D0ACF1B0
:100C00000404A2EB830210F0010F08D002EB830270
:100C1000D4ED010A92ED001A241D00EE810A5FEA6C
:100C20000B0013D002EB830CD4ED010A9CED001AEB
:100C300002EBC302401E00EE810AD4ED020A92EDDF
:100C4000001A04F1080400EE810AEBD109F1010059
:100C5000AAEC010A1FFA80F9486800EB8902A8F1A2
:100C600001001FFA80F8B8F1000F99D1009806EB47
:100C70008706184480B20090681E05042D0C87D1A9
:100C800002B00020BDE8F08F0000000070B40588BD
:100C90000E884468D1F804C05368B54208D1408832
:100CA0004988884201BF11888D425188884203D00B
:100CB00070BC6FF00200704705FB00F1880827D078
:100CC00094ED001ADCED000A94ED010ADCED011A46
:100CD00031EE601AD4ED020A70EE611A9CED020A40
:100CE00083ED001AC3ED011A94ED031ADCED031A2B
:100CF00030EEC00A401E71EE610A83ED020A04F173
:100D00001004C3ED030A03F110030CF1100CD7D14A
:100D100011F0030030D0B0F1004F30D200282BDDAD
:100D2000211F1B1FACF1040210F0010F0AD091ED3E
:100D3000010AD2ED010A091D121D30EE600A83ED91
:100D4000010A1B1D400817D091ED010AD2ED010ADE
:100D5000401E30EE600A83ED010A91ED020AD2EDE9
:100D6000020A01F1080102F1080230EE600A83ED87
:100D7000020A03F10803E7D170BC00207047B4EC0D
:100D8000010A401EFCEC010A30EE600AA3EC010AE5
:100D9000F5D1F1E72DE9F04F02884768B0F80280FD
:100DA0004888D1F8049082B04FF0000A164682427B
:100DB00007BF098888456FF0020002B018BFBDE880
:100DC000F08F4FEA980B02EB42000190C8F340000D
:100DD000CDF8000009EB8A01BBF1000F33D0019878
:100DE00001EB820C01EB80043B46E64601EBC205B9
:100DF0004FEA0B0093ED000A401E81ED000A93EDCF
:100E0000010A01EB02118CED000A93ED020A0CEBD2
:100E1000021C85ED000A93ED030A05EB021584ED33
:100E2000000A04EB021403F11003E3D10EEB82007D
:100E300000EB820000EB8201ABF10100504307EBB5
:100E40000B1701EB001118F0030C21D03B1FA1EB95
:100E500082011CF0010F06D093ED010A01EB820123
:100E60001B1D81ED000A009880B100BF93ED010ABF
:100E700001EB820401EBC20184ED000A93ED020A4A
:100E8000401E81ED000A03F10803EFD107EB8C0748
:100E90000AF101001FFA80FA701E0604360C99D17F
:100EA00002B00020BDE8F08F70B5064600F020FBD0
:100EB000056806F10B0020F00704B4429CBF002037
:100EC00070BD2B466A68BAB11068A04210D304F115
:100ED000080188423CBF5068586007D35168101918
:100EE00041601168091B016058601460101D70BDDD
:100EF00013465268002AE7D12146284600F000FB3D
:100F00000028DED170BD70B50446051F00F0F0FA70
:100F10000068002C14BF446870BD002C18BFAC42A0
:100F20003CBF20466468F8D301680A18AA4218BF7B
:100F3000456003D12A6805461144016028684119BB
:100F4000A1421CBF6C6070BD616869602168084483
:100F5000286070BD53EA020C00F069802DE9F04B67
:100F60004FF00006002B1FBFB3FA83F503FA05F418
:100F700024FA05F65E4012BF1643B2FA82F502FA71
:100F800005F4C5F120051EBF22FA05FC44EA0C0455
:100F9000203556EA044C4FEA144418BF641C4FF045
:100FA00000084FF00009904271EB030C39D300297F
:100FB00019BFB1FA81F701FA07F6B0FA80F700FA23
:100FC00007F6C7F120071EBF20FA07FC46EA0C0609
:100FD0002037B6FBF4FCA7EB0507103F07F01F0B0B
:100FE000CBF120060CFA0BFB2CFA06F644BFB346F5
:100FF0000026202FA4BF5E464FF0000B5BEA060CD4
:1010000008BF4FF0010B19EB0B09ABFB027C48EB5F
:101010000608C01B06FB02CC0BFB03CC71EB0C01DA
:10102000C1E70B46024641464846BDE8F08B13B582
:101030004FF000004FF00001AFF30080BDE81C400E
:10104000704700001CB50C46064B7B446946009077
:10105000204600F094FB04460020694600F0A2FB05
:1010600020461CBD5707000070B50446856900681E
:10107000C10601D5302600E02026C00707D070BD8C
:10108000D4E9012130469047206A401C20626D1E41
:10109000F6D570BD70B5044685690078C00707D1E4
:1010A00070BDD4E9012120209047206A401C2062B5
:1010B0006D1EF6D570BD0000F0B40D46018809051F
:1010C00002D5214C7C4402E01F4C7C440E340021AC
:1010D00000F1240608E002F00F071209E75D42EA7A
:1010E00003721B097754491C52EA0307F3D10278B3
:1010F0000023120704D5702D06D009B10223113444
:101100002246F0BC00F08CBA01231034F8E770B529
:1011100004460D462146106800F050FA0246294662
:101120002046BDE870400023C6E7D21D22F0070329
:10113000D3E90023C0E70368126843F0200303608B
:101140000823C3610023B7E7288501002DE9F05F7C
:10115000894604464FF0000ADFF874B1FB44C0F83A
:1011600020A02046E1688847002874D0252806D0B2
:10117000D4E901219047206A401C2062F1E7002653
:101180005F462046E16888472028054607DB312D69
:1011900005D2781910F8200C08B10643F1E7B00722
:1011A00001D526F00406C4F81CA00027C4F818A036
:1011B0002A2D09D028460EF0DDF938B304EB870854
:1011C000303DC8F8185019E059F8041B204604EBCC
:1011D00087029161E1688847012F054618D1E069CF
:1011E000002820DA26F020061DE0D8F8180000EBD1
:1011F000800005EB40003038C8F818002046E16850
:10120000884705460EF0B6F90028EED1012F0AD026
:101210002E2D08D12046E16888477F1C0546022F05
:1012200046F02006C4DBA069002803DA404246F0FD
:101230000106A061F00701D026F010066C2D0BD03E
:10124000682D09D04C2D39D06A2D35D0742D35D06C
:101250007A2D33D016E038E0E1682F4620468847E3
:10126000B842054609D16C2F26D04FF48060E16862
:10127000064320468847054604E06C2F1AD04FF4F9
:10128000807006430DB3A5F14100192802D820351E
:1012900046F400664A462946204626604E46FEF73A
:1012A000D1FF80B101280BD0F61D26F0070000F118
:1012B000080956E74020E4E78020D8E70020D6E779
:1012C00006F104094DE7284652E7206ABDE8F09F81
:1012D000B884010040EA0103024630B59B0710D1F3
:1012E0004FF0013400E008C208C91D1B9D4315EAF8
:1012F000C41FF8D013F0FF0102F8011B0DD01B0A28
:10130000F8E711F8013B002B02F8013B05D011F87A
:10131000013B002B02F8013BF3D130BD10B5431C5B
:1013200002E010F8011B71B18107FAD14FF00132D0
:1013300002C88C1A8C4314EAC211F9D0C01A0A06EA
:1013400003D0C01E10BDC01A10BD0A0401D0801EFB
:1013500010BD0902FCD0401E10BD032A40F23080AF
:1013600010F0030C00F0158011F8013BBCF1020FE6
:10137000624498BF11F801CB00F8013B38BF11F867
:10138000013BA2F1040298BF00F801CB38BF00F87E
:10139000013B11F0030300F02580083AC0F00880FB
:1013A00051F8043B083A51F804CBA0E80810F5E7DF
:1013B000121D5CBF51F8043B40F8043BAFF30080C2
:1013C000D20724BF11F8013B11F801CB48BF11F837
:1013D000012B24BF00F8013B00F801CB48BF00F807
:1013E000012B704710B5203AC0F00B80B1E81850BF
:1013F000203AA0E81850B1E81850A0E81850BFF4FF
:10140000F5AF5FEA027C24BFB1E81850A0E818509D
:1014100044BF18C918C0BDE810405FEA827C24BFF1
:1014200051F8043B40F8043B08BF7047D20728BF7F
:1014300031F8023B48BF11F8012B28BF20F8023BCE
:1014400048BF00F8012B704702F0FF0343EA032274
:1014500042EA024200F002B84FF000020429C0F054
:10146000128010F0030C00F01B80CCF1040CBCF1D6
:10147000020F18BF00F8012BA8BF20F8022BA1EB28
:101480000C0100F00DB85FEAC17C24BF00F8012B0D
:1014900000F8012B48BF00F8012B70474FF0000205
:1014A00000B5134694469646203922BFA0E80C505A
:1014B000A0E80C50B1F12001BFF4F7AF090728BF35
:1014C000A0E80C5048BF0CC05DF804EB890028BFB1
:1014D00040F8042B08BF704748BF20F8022B11F0DA
:1014E000804F18BF00F8012B704770477047704756
:1014F000004870478C9E00207047704770477047C7
:1015000038B504460A4600206946AFF3008000283B
:1015100008BF38BD02460099204600F025FA012098
:1015200038BD012000F072BEF8B5AFF3008005466B
:1015300000200C46102000BF0646A819A0420DD975
:10154000324669460020AFF30080070008BF00F074
:101550005DFE0098A04218BF0546C419FFF7C8FFFA
:1015600005600746F01D20F007004619284600F0E8
:101570000AF8B44208BFF8BDA21B31463868BDE87E
:10158000F84000F0F1B900210160C0E90110704796
:101590001020704710B500F0E3F9006810BD10B5D9
:1015A000044600F0DDF9046010BD09684A0501D564
:1015B00040B27047C905FCD500B2704709684A05BA
:1015C00001D5C0B27047C905FCD580B2704770B56F
:1015D0000C460546012A05D02878800600D5EA6920
:1015E000002302E0012305E05B1C934202D2E05C91
:1015F0000028F9D1A869E618C01AA861286A184419
:1016000028622846FFF730FD04E0D5E9012114F8EF
:10161000010B9047B442F8D32846FFF73BFD70BD5D
:101620002DE9F0470D4699469246044600F12408FC
:101630000168880604D5E06921F01001216000E00E
:101640000120A84201DD471B00E00027A1697A19AB
:1016500002EB0900081AA0612078C00602D42046D7
:10166000FFF702FD002608E0D4E901211AF8060080
:101670009047206A401C761C20624E45F4DB20789F
:10168000C0060AD52046FFF7EFFC06E0D4E90121A9
:1016900030209047206A401C2062381EA7F10107C5
:1016A000F4DC07E0D4E9012118F805009047206A2E
:1016B000401C2062281EA5F10105F3DC2046FFF73F
:1016C000E9FC2078000602D50220BDE8F087012061
:1016D000FBE700002DE9F04106460024106875295B
:1016E000314616A510D0FFF760FF002802DA40420D
:1016F00013A507E031688A0701D512A502E0490762
:1017000004D511A5012401E0FFF758FF00210A22AA
:1017100006F1240709E0B0FBF2FCB0FBF2F302FB98
:101720001C00303078541846491C0028F3D1234659
:101730002A463046BDE8F041FFF772BF00000000C6
:101740002D0000002B00000020000000116802683E
:10175000006A530501D508700AE0D30501D5088059
:1017600006E0130603D5C217C1E9000200E00860D5
:101770000120704701694A1C02610878704700B572
:101780008FB0CDE901310021059105497944CDE9BA
:10179000031011466846FFF7D9FC0FB000BD0000EA
:1017A000E5FFFFFF0A6802F8010B0A6070470000BE
:1017B0002DE9FF5F15468A460446DFF8AC80F84401
:1017C0000027D8E900103E46CDE9001010E03AF8B5
:1017D00016106A4602A800F0F9FC411C07D02178D7
:1017E000890603D5E269391891420DD80744761C61
:1017F0002078800602D5E069B84205DDAE42E6DB1E
:101800003AF816000028E2D1A069C01BA06120466A
:10181000FFF72AFCD8E90010CDE90010002017E0FE
:101820003AF818106A4602A800F0D0FCB0F1FF3F69
:1018300081460BD000250DF1080B05E0D4E901210C
:101840001BF8050090476D1C4D45F7D308F10100CA
:10185000B0428046E4DB206A384420622046FFF72D
:1018600019FCBDE8FF9F0000067F01002DE9F04153
:101870008046D21D22F007020025D2E90002F52998
:1018800015A614D0011E72F1000106DA0023D0EB78
:10189000030063EB020211A608E0D8F800108B07E2
:1018A00001D50FA602E0490701D50EA60125114674
:1018B000002408F1240704E000F070F830323A55B3
:1018C000641C50EA0102F7D12B46324621464046BD
:1018D000BDE8F041FFF7A4BE000000002D000000AD
:1018E0002B0000002000000030B4002100F124048F
:1018F00008E002F00705D208303542EA4372DB08FF
:101900006554491C52EA0305F3D10468002310A270
:10191000250707D5A40600D421B1C46901230DA26F
:10192000641EC46130BCFFF77BBE10B5044621467F
:101930001068FFF743FE02462046BDE81040002332
:10194000D2E7D21D22F00701D1E90023CCE7000045
:10195000000000003000000000487047849E002016
:1019600000487047849E0020034640688C4600284B
:1019700018BF88423CBF03464068F8D31868184433
:10198000884207D00CF1030020F00700001D411A27
:10199000521A0146081D0A60FFF7B5BA30B5B0F11A
:1019A0000A024FEA900E71F100034EEA817EB0EB1D
:1019B0000E0061EB91014FEA101E4EEA017E10EB22
:1019C0000E0041EB11114FEA102E4EEA016E10EBA2
:1019D0000E0041EB11214FEA104E4EEA014E10EB82
:1019E0000E0041EB1141401841F100014FEAD000D7
:1019F00040EA41704FEAD10110EB80054FEA8104C3
:101A000044EA907444EB01046D1944EB0404521B46
:101A1000A3414FF0000348BF0A3200D530BD401C3F
:101A200041F1000130BD00001FB584B000200A9CC8
:101A300006AB04AA02A90094AFF3008018B1DDE957
:101A4000020108B010BD0348204000F0D9FC00207E
:101A50000146F6E70000207C70472DE9FF4F0C4659
:101A60001E464FF0FF378BB0D2E90001DDF86080F1
:101A70000A908A46C1F30A5505B93D460021084639
:101A800016F0A8F8BAF1000F00F4400005DA00EBF8
:101A900080004FF4400101EA50004FEA9059B9F13B
:101AA000010F00DDB9460A9850EA4A000ED044F60C
:101AB0001050A5F2FF3545432F14B8F1000F1ED08A
:101AC0007542291E1EDDC9F100021CE0B8F1010FAC
:101AD0004FF0000001D0302103E0F24305E0215433
:101AE000401CB042FBDB30460022002121540B9900
:101AF000C1F80880C1E900200FB0BDE8F08FBD1B20
:101B00006D1CDEE74A4600DA694206A800F0F8FBE1
:101B100006AB93E8070003AB83E8070050460A9939
:101B200000F05BFD8DE80700A0F500501F38009025
:101B30000398002D0ADD42F21F014A4608440023A3
:101B400003A90390684600F0C4FF09E0A0F5005027
:101B50004A461F38002303A90390684600F0CEFFD1
:101B60008DE807000004000C03D04FF0FF3041085F
:101B700000E01046B8F1000F03D000220092154695
:101B80001EE0751E05D4FFF709FF303262556D1E49
:101B9000F9D5B3460122084302D000227F1C04E09D
:101BA0002078302801D100227F1E002A099784D096
:101BB0001DE0112D07DAFFF7F1FE303262556D1C82
:101BC00050EA0102F5D1084302D00098C8B10EE0F6
:101BD0000021681E05E0235C625C63542254401EB1
:101BE000491C8142F7DBAB46A81B401E0990002030
:101BF00004F80B000B98099AC0F80880C0E9002B84
:101C00007AE711264FF0000857E72DE9F04F884694
:101C10000446D21D22F0070191B0D1E90001CDE9BF
:101C20000A010CF0F8FA02460B98C00F01D02D20E3
:101C300007E02068810701D52B2002E0202101EA7E
:101C4000C000032A099001D0072A05DB034641465C
:101C5000204600F015FB0BE12078800601D5E069F5
:101C600000E00620B8F1650F814606D0B8F1660F96
:101C700018D0B8F1670F70D131E00020B9F1110F21
:101C8000009001DB112301E009F101030AAA01A977
:101C90000CA8FFF7E2FEDDE90C70002609F1010552
:101CA000834647E001204B4600904FF000470AAAC8
:101CB00001A90CA8FFF7D1FEDDE90DB00C995D4636
:101CC000002610B909F101000D18B9EB050003D485
:101CD000C0F1FF3609F10105A5EB09002BE0B9F1D0
:101CE000010F01DA4FF001090020B9F1110F009046
:101CF000484601DD112300E003460AAA01A90CA809
:101D0000FFF7ABFEDDE90C704D46002683462078D8
:101D100000070AD4AB4500DA5D4601A8012D04DDB9
:101D2000411911F8011C302907D04F4502DA17F18B
:101D3000040F04DA012082460FE06D1EEEE7002F4B
:101D400002DCED1B3E4403E0781CA84200DD7D1C54
:101D5000B81B00F1010A4FF000472078000703D4B8
:101D6000AA4501DB4FF0FF3A0021B7F1004F0DF11A
:101D700043088DF8431024D002202B23002F01DAD2
:101D80007F422D230A21021EA0F1010000DC5FB179
:101D900097FBF1FC97FBF1F201FB1C7C17460CF161
:101DA000300C08F801CDEEE7A8F10100037021889E
:101DB000090501D5452100E06521A0F1010800F8E1
:101DC000011C09980FA9A1EB0807FF1D00B1012014
:101DD000411901EBEA70A1693844081A401EA0615C
:101DE0002078C00602D42046FFF73EF9099828B1B2
:101DF000D4E901219047206A401C20622078C00667
:101E000022D52046FFF730F91EE0002E04DBB34553
:101E100002DD01A8805D00E03020D4E90121904777
:101E2000206A401C2062761CAAF101005FEA000AC9
:101E30000AD100F021FAC0680168405CD4E90121B0
:101E40009047206A401C2062281EA5F10105DCDCB9
:101E500007E0D4E9012118F8010B9047206A401CE3
:101E60002062381EA7F10107F3DC2046FFF712F9C4
:101E7000032011B041E600002DE9F04F04460D4665
:101E8000D21D22F0070089B0D0E9009748463946B4
:101E90000CF0C1F90246F80F01D02D2307E02068AD
:101EA000810701D52B2302E0202101EAC0038DF830
:101EB00020300BB1012000E00020032A824601D02F
:101EC000072A04DB2946204600F0DAF93FE12078B2
:101ED000800601D40D2500E0E569C7F30A560D2DF3
:101EE00049DA00214FEA175B084615F073FE002F10
:101EF00000F4400007DA00EB80004FF4400100EBF3
:101F0000D07001EA60008115012901DD4FF0FF3139
:101F100000224FEA850CBCF1180F06D31346ACF132
:101F200018004FF08052C24003E04FF4801323FAB0
:101F30000CF30CF10C0CBCF1200F04D3ACF1200C11
:101F400009FA0CF001E007FA0CF000294FF0004804
:101F500001DD18B90FE00ED140450CD319EB020991
:101F60005F4121B9404502D19F4329EA0209BBEBF9
:101F7000175F00D0761C2088000502D57B48784486
:101F800002E07A487844193808AA302302F80A3067
:101F9000037C0AF10101002E0AF1020A53546A4639
:101FA00002DC4FF0300101E04FF031014FF0010849
:101FB0008DF8001002D0A6F2FF3603E059EA47017F
:101FC00000D06B4E002D02DC2178090704D54FF0BC
:101FD00002082E218DF80110C44600210BE0C7F342
:101FE00003433F01C35C491C6D1E02F808300529FC
:101FF00008F1010801DA002DF1DC00210CE000EB12
:102000001973491C1B786D1E082902F808304FEA25
:10201000091908F1010801DA002DF0DC21688B06AE
:1020200002D516E0A8F10108E04505DD02EB080342
:1020300013F8013C302BF5D0B8F1000F09DD02EBAD
:10204000080313F8013C2E2B03D1090701D4A8F192
:102050000108002D05DD3E2102F808106D1E08F173
:102060000108407C002E02F8080008F1010804DA9B
:102070002D20764202F8080002E02B2002F808002A
:102080000A214FF47A70864208F101080BDB96FBB7
:10209000F0F3303302F8083096FBF0F308F1010852
:1020A00000FB136601E0642E0CDB642096FBF0F36A
:1020B000303302F8083096FBF0F308F1010800FB1A
:1020C000136601E00A2E06DB96FBF1F0303002F8D1
:1020D000080008F1010896FBF1F001FB10603030B8
:1020E00002F80800A16908F1010808EB050202EBFB
:1020F0000A00081AA0612078C00602D42046FEF724
:10210000B3FF216A08AE01EB0A00206204E0D4E9C3
:10211000012116F8010B9047BAF1010AF7D2207895
:10212000C00602D52046FEF79FFF6E4609E016F86E
:10213000010B3E280FD0D4E901219047206A401CB2
:102140002062B8F10108F2D22046FEF7A3FF09B0E1
:102150000320BDE8F08F206A2844206203E0D4E920
:102160000121302090476D1EEBD3F8E789780100FC
:1021700002FCFFFF10B5436913B1AFF3008001E02B
:10218000FFF725FA012010BD127800F124010A7032
:1021900000224A700122EDE711684FF0FF32E9E7B3
:1021A00010B5436913B1AFF3008001E0FFF700FB06
:1021B000012010BD128800F1240182840022C28413
:1021C0000122EDE711684FF0FF32E9E770B51646DE
:1021D0000C46054600F048F8036893F80101012811
:1021E00006D0FF2C0FD8185D68B101202C7070BD8F
:1021F000D3F807013246214603F207130344284669
:10220000BDE8704018474FF0FF3070BD10B500F0CA
:10221000FFF8BDE8104000F0EEB870477546FFF7D4
:102220009BFBAE4605006946534620F007008546F5
:1022300018B020B5FEF7E4F8BDE820404FF00006E6
:102240004FF000074FF000084FF0000B21F007019E
:10225000AC46ACE8C009ACE8C009ACE8C009ACE8E1
:10226000C0098D467047000010B500F005F8001D4C
:1022700010BD00BF9D3F010000487047A49E002094
:102280002DE9F0411F46044603260168072A01F4A0
:10229000006004DB08B116A505E016A503E008B14F
:1022A00015A500E015A521F010002060A069C01E52
:1022B000A0610FB1401EA0612046FEF7D5FE4FB1D0
:1022C000D4E9012138469047206A401C2062C01C96
:1022D000206206E0206AFAE7D4E9012115F8010B33
:1022E0009047761EF8D22046FEF7D4FEBDE8F08176
:1022F0004E414E006E616E00494E4600696E6600AA
:102300002DE9F047814616468AB0354878440DC815
:102310008DE80D0032487844801C03AC0DC884E879
:102320000D0041F69B300844372190FBF1F290FB01
:10233000F1F5A5F1800501FB12041B3C02D56442B6
:10234000012000E00020DFF898A080460027FA4432
:10235000AAF1BE0A0EE0E0070AD03246684607EB53
:10236000470101230AEB810100F0C8FB8DE807005B
:1023700064107F1C002CEED1194F7F44AE3F19E052
:10238000E80715D007EB04100DF1180A90E80E00CD
:102390008AE80E00C068F04201D1981908903246D0
:1023A000012306A903A800F0A9FB03AB83E80700FB
:1023B0006D10641C002DE3D14FF0010332466946D5
:1023C000B8F1000F03A802D000F083FB01E000F099
:1023D00095FBC9E90001C9F808200AB0BDE8F087FB
:1023E0008C75010010B50446AFF300802046BDE8AF
:1023F0001040FDF790BF002801D000F031B87047C1
:1024000010B500F04DF8BDE81040FFF7F4BF000034
:1024100010B5012805D0002103A000F027F8012005
:1024200010BD09A1F8E7000053494752544D454DEE
:102430003A204F7574206F662068656170206D6565
:102440006D6F7279000000003A2048656170206D60
:10245000656D6F727920636F727275707465640058
:1024600001491820ABBEFEE72600020070B5054604
:102470000C460A2000E06D1C00F0A8F835B1287861
:102480000028F8D102E0641C00F0A0F814B1207814
:102490000028F8D1BDE870400A2000F097B800008D
:1024A00010B5022803D0410103D50DA112E0002090
:1024B00010BD010101D50FA10CE0C10001D511A192
:1024C00008E0810001D512A104E0400001D513A16C
:1024D00000E0002115A0FFF7C9FF012010BD00009A
:1024E000496E76616C6964204F7065726174696FC2
:1024F0006E000000446976696465204279205A655F
:10250000726F00004F766572666C6F770000000096
:10251000556E646572666C6F77000000496E657871
:1025200061637420526573756C74000053494746AB
:1025300050453A2041726974686D6574696320651D
:102540007863657074696F6E3A2000004FF0013C4B
:1025500050F8042B51F8043B9A4221D1A2EB0C0312
:10256000934313EACC1317D150F8042B51F8043BD2
:102570009A4215D1A2EB0C03934313EACC130BD16F
:1025800050F8042B51F8043B9A4209D1A2EB0C03FA
:10259000934313EACC13DBD04FF00000704700BF29
:1025A000D01A01BAB1FA81F101F0180122FA01F052
:1025B000CB40C1F12001DBB2C0B2C01A2CFA01F34A
:1025C000D11A914311EAC311E6D1704708B56946A3
:1025D0008DF800000320ABBE08BD5FEA400C08BFC9
:1025E00091F0000F4FEA8C234FEAC12243EA515188
:1025F0004FEA1C5018BF00F5F0404FEA300018BFFA
:1026000041F000415FEA6C5C00F02980BCF1FF3FC3
:1026100008BF40F080407047130C06BF12044FF013
:10262000100C4FF0000C130E04BF12020CF1080C3A
:10263000130F04BF12010CF1040C930F04BF92009E
:102640000CF1020CD30F04BF52000CF1010C114627
:102650004FF00002A0F11F00A0EB0C00704711F03A
:10266000004F08BF704731F000413FF4D5AF0B0C6D
:1026700006BF09044FF0100C4FF0000C0B0E04BF06
:1026800009020CF1080C0B0F04BF09010CF1040C3A
:102690008B0F04BF89000CF1020CCB0F04BF490063
:1026A0000CF1010CCCF12003A0EB0C0022FA03F397
:1026B00002FA0CF241EA030100F10100704720F038
:1026C0007F4C80EA030023F07F47ACEB070303F560
:1026D0007C5300F0004003F1FF032DE980494FEAED
:1026E000154B09B44FEA144325EA0B4E24EA03487C
:1026F0000FF2042606EB132749083E785FEA320200
:1027000003FB0667C7F5000707FB06F64FEA5437D9
:102710004FEAD64606F1020607FB066CCCF1005CD8
:102720004FEA1C472CEA074C07FB06F40CFB06F5A6
:1027300004EB15464FEA961634BF00204FF00040D8
:102740004FEAD13706FB07FC4FEA1C4C0CFB0BF79A
:10275000D21B03FB0CF761EB07010CFB0EF7B0EB90
:10276000074072EB17420CFB08F734BFA2EB07429D
:10277000B2EB074261EB17414FEA0C444FEA910775
:1027800006FB07FC4FEA1C4C0CFB0BF7B0EBC740F9
:1027900072EB573203FB0CF734BFA2EBC742B2EB2C
:1027A000C74261EB57310CFB0EF7B0EBC70072EB81
:1027B00057720CFB08F734BFA2EBC702B2EBC7029B
:1027C00061EB5771039F4FEA816141EA921104EB7B
:1027D000CC044FEAD1374FEA826206FB07FC42EA9B
:1027E00090124FEA80604FEA1C4C0CFB0BF7D21B97
:1027F00003FB0CF761EB07010CFB0EF7B0EB074096
:1028000072EB17420CFB08F734BFA2EB0742B2EBA6
:10281000074261EB17414FEA8C554FEA910704EBF1
:102820009C2406FB07FC4FEA1C4C0CFB0BF7B0EB9F
:10283000C74072EB573203FB0CF734BFA2EBC74221
:10284000B2EBC74261EB57310CFB0EF7B0EBC700A0
:1028500072EB57720CFB08F734BFA2EBC702B2EB66
:10286000C70261EB577115EB4C254FEA816141EAD4
:1028700092114FEA82624FEAD13742EA901206FB88
:1028800007FC44F100044FEA80604FEA1C4C0CFB4B
:102890000BF7D21B03FB0CF761EB07010CFB0EF7E8
:1028A000B0EB074072EB17420CFB08F734BFA2EB0A
:1028B0000742B2EB074261EB174115EB1C154FEADB
:1028C000813141EA92414FEA823242EA90424FEA34
:1028D00080304FEA0C7644F1000448EA03434EEAA4
:1028E0000B484FF0000EB2EB080C71EB030724BF4E
:1028F000624639464EEB0E0E4FF0000B0018524167
:1029000049414BEB0B0BB2EB080C71EB03077BF16E
:10291000000B24BF624639464EEB0E0E4FF0000B03
:102920000018524149414BEB0B0BB2EB080C71EB19
:1029300003077BF1000B24BF624639464EEB0E0EB7
:1029400051EA020718BF46F0010616EB0E7655F164
:10295000000254F1000103D5BDE88901BDE80088FB
:10296000BDE88901BDE80048B619524141EB0101BB
:10297000A3F10103704780807F7E7D7C7B7A79782C
:10298000777676757473727171706F6E6E6D6C6C34
:102990006B6A6A69686867666665646463636261D6
:1029A0006160605F5F5E5E5D5D5C5C5B5B5A5A5957
:1029B00059585857575656555555545453535252C3
:1029C0005251515050504F4F4F4E4E4D4D4D4C4C1B
:1029D0004C4B4B4B4A4A4A49494948484847474764
:1029E00047464646454545444444444343434342A1
:1029F000424242414141002B9C4630D477002BD0CB
:102A00001CB54FEA370703B44FF010004FF0100128
:102A1000BAF1000F06D0BCF1000FDCBF40F0080097
:102A200040F0080115F0D6F80FBCBDE810400BF1DE
:102A3000010BBBF1010F08BF5FEA170722BF12F1BC
:102A4000010211F101014FF0004143F1000300F0D8
:102A5000004043EA00007047F9D35708D0E746EA40
:102A6000064613F1400F4FEA16461FDD13F1200F03
:102A7000DFBF16430A46002120335B42BED0C3F1BC
:102A8000200746EA064602FA07F74FEA164646EAE4
:102A90000706C3F1200722FA03F201FA07F721FA29
:102AA00003F14FF0000342EA0702A7E746EA0206F5
:102AB00046EA06464FEA164646EA0106BCBF46EA23
:102AC0000646360C4FF000034FF000024FF00001B5
:102AD00094E72DE9804C9A46934670B491E838000B
:102AE00007C831EA400C48BF34EA430C03D5FFF76E
:102AF000E6FDFFF780FFF0BCBDE8008C2DE9804CBF
:102B00009A46934670B491E8380007C810F0804F99
:102B100008BF13F0804F03D100F005F8FFF76BFFFB
:102B2000F0BCBDE8008C20F07F4780EA030023F072
:102B30007F4C07EB0C03A3F57C5300F00040A3F19E
:102B4000FE0392F0000F00F0B38095F0000F00F04C
:102B500077802DE901494FEA11404FEA144621EAF6
:102B6000004800FB06FC24EA064708FB06F607FBC4
:102B700008F800FB07F718EB06484CEB164C4FEA39
:102B8000124B18EB07484FEA15464CEB174022EA68
:102B90000B4E0BFB06FC25EA06470EFB06F607FB71
:102BA0000EFE0BFB07F71EEB064E4CEB164C4FF0E0
:102BB00000061EEB074E4CEB174B18EB0B0840F1D1
:102BC000000018EB0E0B58EB000840F100008F1AC4
:102BD0004FF000013CBFC943661B14BFB5EB040CAA
:102BE00000213CBFC943F61B4FEA17444EEA8E0E44
:102BF00027EA04454FEA1C4704FB07622CEA074C0E
:102C000005FB07F70CFB05F604FB0CFC16EB07466F
:102C100042EB174216EB0C4642EB1C421BEB06063E
:102C200058EB0202414146EA9E0601D5BDE8018902
:102C3000B619524141EB0101A3F10103BDE801893D
:102C40004FEA14454FEA114724EA054621EA074CAA
:102C500005FB07F406FB07F70CFB06F105FB0CFC74
:102C600011EB074144EB17444FEA124711EB0C41BB
:102C700044EB1C4422EA074C05FB07F206FB07F76E
:102C80000CFB06F605FB0CFC16EB074642EB174265
:102C900016EB0C4642EB1C456A1854F1000148BF84
:102CA0007047B619524141EB0101A3F1010370478E
:102CB00095F0000F37D04FEA11424FEA144721EA4E
:102CC000024624EA074C02FB07F106FB07F70CFB60
:102CD00006F402FB0CFC14EB074441EB17414FEAEE
:102CE000154714EB0C4441EB1C4125EA074C02FB51
:102CF00007F506FB07F70CFB06F602FB0CFC16EBD0
:102D0000074645EB174516EB0C4645EB1C421219DE
:102D100051F1000148BF7047B619524141EB010122
:102D2000A3F1010370474FEA14454FEA114724EA23
:102D3000054621EA074C05FB07F106FB07F70CFBEC
:102D400006F24FF0000605FB0CFC12EB074241EBCC
:102D5000174112EB0C4251EB1C4148BF70479218CF
:102D600041EB0101A3F10103704700004A494A68A1
:102D700022F440324A604A6843681A434A60016854
:102D80004A6822F480724A6001684A68036942EA2C
:102D900003224A6001684A6822F040724A60016872
:102DA0004A6883681A434A6001688A6822F40062AC
:102DB0008A6001688A68C3681A438A60816A6FF012
:102DC0007062D14214D001688A6822F070628A6011
:102DD00001688A68836A1A438A6001688A6822F0F7
:102DE00040528A6001688A68C36A1A438A6009E0AF
:102DF00001688A6822F070628A6001688A6822F03D
:102E000040528A6001688A6822F002028A60016882
:102E10008A68037E42EA43028A6090F8201089B1F2
:102E200001684A6842F400624A6001684A6822F414
:102E300060424A6001684A68436A5B1E42EA433264
:102E40004A6004E001684A6822F400624A6001684E
:102E5000CA6A22F47002CA620168CA6A838B5B1E66
:102E600042EA0352CA6201688A6822F400728A60E8
:102E700001688A6890F8303042EA43228A6001682B
:102E80008A6822F480628A6001688A68406942EA3E
:102E90008020886070470000002301400BF0E6B9F5
:102EA0000BF0DEBCFDF7BEBAF0EE400AF5EEC00A4C
:102EB000F1EE10FA02DDB0EE600A7047B1EE600A82
:102EC000FBE70000002803D09FED020A80ED000A16
:102ED0007047000000000000002803D0B3EE060A8F
:102EE00080ED000A7047000070B52DED0C8B84B0AA
:102EF00006460C4615469FED990AF0EE408A9FED76
:102F0000970AB0EE409A9FED950AF0EE40BA9FED19
:102F1000930AF0EE409A9FED910AB0EE40AA0EB1EE
:102F200004B11DB904B0BDEC0C8B70BD8C48FFF72B
:102F3000C9FF8C48FFF7D0FF8A48D0ED000A9FED0B
:102F40008A1A60EE810AB0EE600A00F025F9F0EE10
:102F5000408A28EEA80AF0EE408A8248D0ED000AA6
:102F6000B0EE001A60EE810A9FED7F1A60EE810AD2
:102F7000B0EE600A00F010F9B0EE409A29EE090AAE
:102F8000B0EE409ADFED790AB7EE000A00EEA80A2B
:102F9000DFED770A00EEC90ADFED760A20EE200A9F
:102FA000754880ED000A6E4890ED000ADFED730A67
:102FB00080EE201AB7EE000A31EE000A20EE000A79
:102FC0006D48D0ED000A80EE801A6D4880ED001A41
:102FD00094ED000AB5EEC00AF1EE10FA0DD194EDB1
:102FE000010AB5EEC00AF1EE10FA06D194ED020A1C
:102FF000B5EEC00AF1EE10FA46D09FED580AB0EED9
:10300000408A0020019002900390D4ED000A60EE07
:10301000A00A94ED011AD4ED011A41EE210A94EDB3
:10302000021AD4ED021A41EE210AB0EE600A00F055
:10303000A9F8B0EE408A94ED000A20EE080A8DED62
:10304000010A94ED010A20EE080A8DED020A94EDC2
:10305000020A20EE080A8DED030ADDED010AF1EE09
:10306000600AB0EE600AFFF719FFF0EE409A9DED9E
:10307000031AF0EE410A9DED021AB0EE410AFFF785
:103080000FFFB0EE40AA07E09FED340AF0EE409A41
:103090009FED320AB0EE40AA95ED000AB5EEC00AE7
:1030A000F1EE10FA0DD195ED010AB5EEC00AF1EE80
:1030B00010FA06D195ED020AB5EEC00AF1EE10FA4B
:1030C0003CD0B0EE690A00F067F8B0EE408AB0EE8E
:1030D000690AFFF7E7FEB0EE40DAB0EE4A0A00F008
:1030E0005BF8F0EE40AAB0EE4A0AFFF7DBFEB0EE66
:1030F00040BA28EE2A0AD5ED010A20EE200AD5EDC5
:10310000000A0DEE200A68EE0B0A95ED021A00EE99
:10311000810AB0EE40CA95ED010A20EE0B0AD5ED0A
:10312000020A0AEEE00AF0EE40CAF0EE6C0AB0EED7
:103130004C0AFFF7B5FEF0EE40BA03E09FED070A38
:10314000F0EE40BAB0EE4A1AF0EE690AB0EE6B0A41
:1031500030460DF08FFD00BFE4E6000000000000E7
:103160002C0800203008002035FA8E3CC1BFAD3B52
:103170009DF8C5362F7C1C4134080020506CC24A93
:103180003808002010B50BF0A4FDB7EE001AC1EE10
:10319000000AB0EE600A10BDFDF780B92DE9F041DC
:1031A0002DED028B9AB00546B0EE408A0E461746CA
:1031B000984600201790189019901490159016902A
:1031C0004DB146B13FB1B8F1000F04D0B5EEC08AA1
:1031D000F1EE10FA05D100201AB0BDEC028BBDE86B
:1031E000F08196ED000A8DED170A96ED010A8DED3E
:1031F000180A96ED020A8DED190A97ED000A8DED79
:10320000140A97ED010A8DED150A97ED020A8DED6E
:10321000160A17AA14A928460DF060FB402104A83D
:10322000FEF73CF9002000900190029003900024EA
:1032300017A904A811F0BAFE00BF30E004A800EB03
:10324000041090ED000AD5ED000A20EE200A04A833
:1032500000EB0410D0ED010A95ED011A00EE810A91
:1032600004A800EB0410D0ED020A95ED021A00EE5E
:10327000810A04A800EB0410D0ED030A95ED031AAF
:1032800000EE810A20EE080AF0EE000A80EE201A15
:10329000684600EB840080ED001A601CC4B2042C68
:1032A000CCDB002410E005EB840090ED000A6846BA
:1032B00000EB8400D0ED000A30EE200A05EB84001C
:1032C00080ED000A601CC4B2042CECDB284610F030
:1032D00083FF012080E7000001221021014803F054
:1032E0007BBC00000000024000221021014803F0D6
:1032F00073BC00000000024070470000012211462C
:10330000014803F069BC00000004024000220121D2
:10331000014803F061BC00000004024030B543786E
:1033200004781B021BB2234300EE103A1B4CB8EE8C
:10333000C00AD4ED000A20EE200A81ED000AC3780D
:1033400085781B021BB22B4300EE103AF8EEC00A40
:1033500094ED000A60EE800AC1ED010A4379047918
:103360001B021BB2234300EE903AF8EEE00A20EE77
:10337000800A81ED020A017AC3790904807941EA61
:103380000321014300EE101ADFED050AB8EE400AF2
:1033900020EE200A82ED000A30BD00000403002068
:1033A00000401C42704710F0CFB90FF0E3B80000A6
:1033B00010B542780378120212B21A4300EE102AB6
:1033C000124BB8EEC00AD3ED010A20EE200A81EDBF
:1033D000000AC2788478120212B2224300EE102A48
:1033E000F8EEC00A93ED010A60EE800AC1ED010A11
:1033F00042790079120212B2024300EE902AF8EEEE
:10340000E00A20EE800A81ED020A10BD04030020CC
:1034100010B5FFF771FFFFF7C5FF0DF0A3FD08B171
:10342000802402E00DF010FD04460DF061FF10B1A4
:1034300044F0400010BD0DF0EDFE204310BD000033
:103440002DE9FC4104460D461646002000900190EF
:10345000FFF74AFF922000F0BFF8062269461220CB
:1034600000F09CF8FFF738FF9DF801009DF8001070
:10347000000200B2084300EE100A474FB8EEC00A3F
:10348000D7ED000A20EE200A85ED000A9DF8030022
:103490009DF80210000200B2084300EE100AF8EE98
:1034A000C00A97ED000A60EE800AC5ED010A9DF89A
:1034B00005009DF80410000200B2084300EE900AD7
:1034C000F8EEE00A20EE800A85ED020AFFF71EFF03
:1034D00008226946002000F061F8FFF70FFF9DF811
:1034E00000000F2830D19DF803009DF80210000263
:1034F00000B2084300EE100AD7ED010AB8EEC00A88
:1035000020EE200A84ED000A9DF805009DF80410C5
:10351000000200B2084300EE100AF8EEC00A97ED70
:10352000010A60EE800AC4ED010A9DF807009DF8CB
:103530000610000200B2084300EE900AF8EEE00A1E
:1035400020EE800A84ED020AFFF7CEFEA22000F0F2
:1035500043F802226946222000F020F8FFF7BCFE63
:103560009DF800009DF80110C00040EA5110B0F530
:10357000806F02DBA0F5006000B200EE100AB4EE2E
:10358000001AF8EEC00AB3EE070A00EE810A86EDD3
:10359000000ABDE8FC8100000403002070B50D4660
:1035A000144640F0800000F017F806E0552000F0C7
:1035B00013F805F8010B641EE4B2002CF6D170BDBF
:1035C00010B50C4640F0800000F006F8552000F0E1
:1035D00003F8207010BD000001B582B04FF47A707E
:1035E0000090012301AA02A9024804F09DFD9DF864
:1035F00004000EBDE010002002784078D20042EABC
:103600005010B0F5806F02DBA0F5006000B200EE54
:10361000100AB4EE001AF8EEC00AB3EE070A00EE84
:10362000810A81ED000A704710B50C46FFF7D4FF00
:103630002046BDE81040FFF7CFBFFEE7014802F08B
:10364000B0BA0000740F0020014802F0AABA0000CE
:103650009C0F002008B5012300930F4B1860002039
:103660009860D860082018610C4800688268520190
:103670000AD48268120102D50220009004E080681A
:10368000C00001D5042000900A466B460249034859
:1036900002F0C0F808BD0000D4200020740F002004
:1036A0002DE9F04704462DED048B84B04FF001085E
:1036B000CDF80C80DFED4F8A4FF0000A10EE100AB3
:1036C0004D49884202D3BBEE028A09E010EE100A8F
:1036D0004A49884202DBB3EE028A01E0B0EE408A3A
:1036E00010209FED471ADFED470AB0EE680A0FF091
:1036F00026F805460C209FED441ADFED440AB0EE93
:10370000680A0FF01CF806460C209FED411AB0EE37
:10371000689AB0EE680AF0EE490A0FF010F8074612
:103720000C20B1EE041AF0EE490AB0EE680A0FF070
:1037300006F881460C20B3EE021AFBEE020AB0EE48
:10374000480A0EF0FCFF3349012C06D0022C07D0AA
:10375000032C08D0042C0BD108E081ED028A07E08D
:1037600081ED038A04E081ED048A01E081ED058AA0
:10377000290A8DF804108DF8055031098DF80610CE
:10378000310141EA17218DF807108DF808704FEAD2
:1037900019118DF809104FEA091141EA10218DF82D
:1037A0000A108DF80B001C480460C0F808A0C0F88F
:1037B0000CA008210161194800688168490102D5FF
:1037C000CDF80C800AE08168090102D5022003903F
:1037D00004E08068C00001D50420039003AB01AA77
:1037E0000D490E4802F016F804B0BDEC048BBDE89C
:1037F000F087000000000000000090C10000904130
:103800000000BF420000BFC200003442000034C2CA
:103810000000FA439C010020D4200020740F0020F7
:103820000FB581B014484FF4207101600021816010
:10383000C1600821016111489DF8041001709DF8D4
:10384000051041709DF8081081709DF80910C17035
:103850009DF80C1001719DF80D1041719DF810102C
:1038600081719DF81110C17102466B4602490448EE
:1038700001F0D0FF05B000BDD4200020BC01002025
:103880009C0F002038B50E4C40F2FF152560002536
:10389000A560E560082525610A4C050A2570607061
:1038A000080AA070E170100A20716271180AA071F4
:1038B000E3716B4622460249034801F0ABFF38BD75
:1038C000BC200020B40100209C0F00202DE9F0470F
:1038D00004462DED028B0126A0780025032835D162
:1038E000206C14F019F841EC100B0BF045F99FED2A
:1038F000651B51EC100B53EC112B13F0AEFB01D8F0
:10390000A67423E0D4F84C0114F006F841EC100B37
:103910000BF032F99FED5D1B51EC100B53EC112BAA
:1039200013F0C0F912D2206C13F0F6FF41EC100B2B
:103930000BF022F99FED571B51EC100B53EC112BA0
:1039400013F0B0F902D2A07C00B1A574204609F0B2
:1039500053FCA17B514F012901D1607B20B1207C18
:10396000012805D1E07B18B99FED4D0A87ED0E0ABD
:1039700097ED0E0AB5EEC00AF1EE10FA08DDF7EE8B
:10398000000A30EE600A87ED0E0A6573E57333E0D6
:10399000207A042817D0434AD4F8EC01424BDFF8D0
:1039A0000CC1DFF80C81DFF80C91904203DCD4F8F5
:1039B0009CA09A4505DCD4F89CA0E24506DB404576
:1039C00004DC667305E0E573657315E0484500DDCA
:1039D0006573D4F8F001904203DCD4F8A4209A4235
:1039E00005DCD4F8A420624503DD404501DCE67324
:1039F00002E0484500DDE573A07C012808D109B14B
:103A0000217C29B9617B012939D0E17B012936D09C
:103A1000012800D06574607C08B1E5736573B869EE
:103A200013F07AFF41EC180BD4F84C0113F074FF3B
:103A300041EC100B0BF0A0F853EC182B51EC100BD1
:103A400013F00BFB13D2F86913F066FF41EC180B6F
:103A5000206D13F061FF41EC100B0BF08DF853EC6F
:103A6000182B51EC100B13F0F8FA00D2E675607BBE
:103A7000A073E07B2074BDEC028BBDE8F087667418
:103A8000C9E70000000000000000D03F0000000077
:103A90000000E03F000000A09999B93F3C000020E1
:103AA0000000E14300002041B81E053EC3F5A83EDA
:103AB0000000A041000070412DE9F04104462DEDC9
:103AC0000A8B20789FEDFE9A012823D0204606F02D
:103AD000A5FCE17BFB4E01292CD0607B012829D07D
:103AE000A07A38B3D6ED080A94ED110A06F17800F1
:103AF000B1EE601AB4EEC10AF1EE10FA1FD2D4EDA5
:103B0000200A30EEC00AD0ED000A20EE200A86ED31
:103B1000120A26E084ED6D9A84ED6E9A84ED5E9A29
:103B200084ED5F9A84ED609A84ED619ABDEC0A8B16
:103B3000BDE8F08184ED679A84ED669A41E0B4EEC9
:103B4000E00AF1EE10FA0ADDD4ED200A30EEC00AE8
:103B5000D0ED000A20EE200A86ED120A01E086ED83
:103B6000129AD6ED090A94ED160AB1EE601AB4EE77
:103B7000C10AF1EE10FA08D2D0ED010AB1EE400A06
:103B800020EE800A86ED130A0FE0B4EEE00AF1EEB3
:103B900010FA08DDD0ED010AB1EE400A20EE800AED
:103BA00086ED130A01E086ED139A96ED120AD6ED22
:103BB000130A30EE200A84ED670AB1EE400A84ED64
:103BC000660A207A04287DD00528FCD0BD4F2079D4
:103BD0007037022877D004F58E6004F597689FED62
:103BE000BA8A04F5806501296ED0617B0129FBD07A
:103BF000A178042969D0D4ED250A94ED270A07F0AD
:103C00001DFC95ED240A30EE080A84ED6D0AD4ED12
:103C1000260A94ED290A404607F010FC95ED360A75
:103C200030EE080A84ED6E0A207AA84D05287CD073
:103C3000207906287AD0A07A002878D0A0780428A5
:103C4000FBD094ED3A0AD4ED380AD4ED151A30EED3
:103C5000600AD5ED180A20EE201A95ED190AD4ED68
:103C6000400A00EE201A94ED1F0AD4ED100A30EE3F
:103C7000600AD5ED1C0A00EEC01AD4ED220A70EEDF
:103C8000E10AD5ED1D1A01EEE01A84ED5E1A94EDFD
:103C9000501AD4ED4F1A31EE612A95ED141AD4ED75
:103CA000531A62EE013A94ED541A71EE612A95EDC1
:103CB000151AD4ED0F1A41EE223A94ED1E1A31EE88
:103CC000613A03E00EE134E154E19BE195ED161A0F
:103CD000D4ED141AD5ED174A41EE033A94ED211AAA
:103CE00031EE614A44EE843AC4ED603AD4ED3E3A96
:103CF00094ED3C4AD4ED414A73EEC43A95ED244A22
:103D000063EE843A95ED254A44EE243A95ED264A31
:103D100044EE403A95ED270A50EE203AC4ED5F3A62
:103D200095ED1E0A22EE000A02E08CE1B6E1BEE14A
:103D3000D5ED1F0A00EEA20AD5ED200A00EE830A97
:103D400071EEC10A95ED211A11EE200A84ED610A87
:103D500020799FED5F8B06287DD0F03495ED050A24
:103D6000D4ED040A14ED041A54ED1ABAF1EE600A07
:103D700014ED27CA20EE200A54ED020A70EEC10AA3
:103D800095ED041A01EE600A54ED1D0A14ED2C1A8B
:103D900030EEC1BAD5ED080A95ED091A00EECB0A4E
:103DA0007BEECC0A01EE200A10EE100A13F0B4FDEF
:103DB00053EC182B12F0B2FF12F04CFA206794ED7E
:103DC000140AD4ED130A94ED171A30EE609A95EDAB
:103DD000000AD4ED180AB1EE400A70EEC19A29EE3D
:103DE000000AD5ED010A14ED2D1A00EEE90A54ED92
:103DF0001E0A30EEC1AAD5ED020A14ED281A00EE13
:103E0000CA0A54ED1B0A70EEC1AAD5ED030A00EEF2
:103E1000EA0A10EE100A13F07FFD53EC182B12F093
:103E20007DFF12F017FAA067D4ED050A95ED110A8F
:103E300094ED001AF1EE600A20EE200AD4ED020A99
:103E400070EEC10A95ED101A01EE600AD5ED120A66
:103E500000EECB0A00E033E17CEE6B0A95ED131A1D
:103E600011EE200A10EE100A13F056FD53EC182B39
:103E700012F054FF12F0EEF9606795ED0A0AD5EDE5
:103E80000B0AB1EE400A29EE000A00EEE90AD5ED70
:103E90000C0A00EECA0AD5ED0D0A10EEAA0A10EEC1
:103EA000100A13F039FD53EC182B12F037FF12F003
:103EB000D1F9E067F03C204605F0AEFEE07B0BE078
:103EC000000000003C00002000004842F0370020C5
:103ED000D1915CFE434A534001287CD0607B01288D
:103EE000FBD033E194ED250AD4ED270AB44894EDD4
:103EF0002F1A30EE600AD0ED000A20EE200AD0ED35
:103F0000010A00EEC10A84ED6D0A94ED260AD4ED93
:103F1000290A083094ED301A30EE600AD0ED000A1C
:103F200020EE200AD0ED010A00EEC10A84ED6E0AEF
:103F30007AE6D4ED250A94ED270AD4ED2F1A70EE17
:103F4000C00A97ED000A20EE801AD7ED010A00EEB4
:103F5000E11A84ED6D1A94ED261AD4ED291A31EE8A
:103F6000611A21EE000A94ED301A00EEC10A84EDC8
:103F70006E0A59E6617B01291CD0D4ED250A94ED27
:103F8000270A07F05BFA95ED240A30EE080A84ED63
:103F90006D0AE07B012822D0D4ED260A94ED290A8F
:103FA000404607F04BFA95ED360A30EE080A84EDEC
:103FB0006E0A39E694ED250AD4ED270A94ED2F1AFE
:103FC00030EE600AD7ED000A20EE200AD7ED010A94
:103FD00000EEC10A00E0B6E084ED6D0AD9E794ED89
:103FE000260AD4ED290A94ED301A30EE600AD7ED96
:103FF000000A20EE200AD7ED010A00EEC10A84ED86
:104000006E0A11E694ED250AD4ED270AD4ED2F1A95
:1040100030EE600AD7ED000A20EE201A97ED010A73
:1040200000EE611A84ED6D1A94ED261AD4ED291A6A
:1040300031EE611A61EE200A94ED301A40EE410A29
:10404000C4ED6E0AF0E594ED3A0AD4ED3B0A94ED26
:10405000401A30EE600AD5ED180A20EE200AD5EDA0
:10406000190A00EE810A84ED5E0AD4ED410A95ED4D
:10407000250A94ED3F1AF1EE600A20EE200AD4EDF5
:104080003E0A70EEC10A95ED241A01EE600A84ED35
:104090005F0A84ED609A84ED619A59E684ED619A35
:1040A00084ED5F9A84ED609A84ED5E9A50E684ED2B
:1040B000619A84ED5F9A84ED609A84ED5E9A47E69A
:1040C00084ED589A84ED599A94ED500AD4ED530A30
:1040D000D6ED019A94ED0F1A30EE609AD4ED540AA1
:1040E000B1EE690AD6ED02AA29EE000A30EEC1AAA5
:1040F00094ED14BAD6ED03BA0AEECA0A0BEE8B0A97
:10410000BDEEC00A10EE100A12F094FD53EC182B0D
:1041100012F004FE12F09EF8C4F868012AEE2A0A92
:1041200009EEC90A1BEE8B0ABDEEC00A10EE100A9A
:1041300012F080FD53EC182B12F0F0FD12F08AF80B
:10414000C4F86C01B7E620460EF0D6FD1D4AD4F83F
:1041500068019FED1D0A1D49DFED1D0A904202DD39
:1041600084ED5A0A03E0884201D9C4ED5A0AD4F812
:104170006C01904202DD84ED5B0A03E0884201D9C4
:10418000C4ED5B0A134AD4F880011349B3EE040A64
:10419000FBEE040A904202DD84ED600A03E08842EF
:1041A00001D9C4ED600AD4F88401904202DD84EDA7
:1041B000610ABBE48842FCD9C4ED610AB6E40000A0
:1041C0009C00002000204B4600204B4600204BC6A0
:1041D00000204BC60000A0410000A0C170B50446FD
:1041E0002DED0A8B01212046D4ED380A94ED270AE3
:1041F0000EF0BAFB84ED890AD4ED380A94ED270A53
:10420000032120460EF0B0FB84ED8A0AD4ED380A73
:1042100094ED270A022120460EF0A6FB84ED8B0ABE
:10422000D4ED380A94ED270A042120460EF09CFBB9
:1042300084ED8C0AD4ED3C0A94ED290A0121204634
:104240000EF092FB84ED8D0AD4ED3C0A94ED290A20
:10425000032120460EF088FB84ED8E0AD4ED3C0A43
:1042600094ED290A022120460EF07EFB84ED8F0A90
:10427000D4ED3C0A94ED290A042120460EF074FB8B
:1042800084ED900AD4ED580A94ED5A1A70EE810A22
:10429000C4ED5C0A94ED591AD4ED5B1A31EE211A83
:1042A00084ED5D1A04F58065C5EDBE0A85EDCA1A78
:1042B00010EE900AF64ADFEDF71AF7499FEDF72A5C
:1042C000904202DDC5EDBE1A05E010EE900A88426C
:1042D00001D985EDBE2A11EE100A904202DDC5ED2E
:1042E000CA1A05E011EE100A884201D985EDCA2AE2
:1042F000D4ED5E0A94ED601A70EE812AC4ED642A52
:10430000D4ED5F0A94ED611A70EE811AC4ED651A5E
:10431000D4ED6D0A94ED661A30EE812A84ED712A8F
:10432000D4ED6E0A94ED671A30EE811A84ED721A9C
:10433000D4ED8B0AF1EE600A62EEA00AC4ED6A0ABF
:1043400094ED8C3A22EE833A84ED6B3AD4ED8F2AC9
:10435000F1EE622A61EEA23AC4ED683A21EE804A9B
:1043600084ED694A94ED890A62EE001AC4ED771A69
:1043700094ED8A0AB1EE400A22EE002A84ED782AF2
:1043800094ED8D0AB1EE400A61EE002AC4ED752A63
:1043900094ED8E0A21EE001A84ED761A9FEDC00A84
:1043A000DFEDC04AF4EEC00AF1EE10FA02DD84ED52
:1043B0006A0A06E0F4EEE40AF1EE10FA01D2C4ED66
:1043C0006A4AB4EEC03AF1EE10FA02DD84ED6B0AEF
:1043D00006E0B4EEE43AF1EE10FA01D2C4ED6B4A15
:1043E000F4EEC03AF1EE10FA02DD84ED680A06E060
:1043F000F4EEE43AF1EE10FA01D2C4ED684AB4EEFC
:10440000C04AF1EE10FA02DD84ED690A06E0B4EE6E
:10441000E44AF1EE10FA01D2C4ED694A11EE902A95
:10442000A149A248B3EE0E0AFBEE0E0A8A4202DD53
:1044300084ED770A05E011EE902A824201D9C4ED9D
:10444000770A12EE102A8A4202DD84ED780A05E02E
:1044500012EE102A824201D9C4ED780A12EE902A97
:104460008A4202DD84ED750A05E012EE902A82424E
:1044700001D9C4ED750A11EE102A9FED8DAB9FEDA9
:104480008EBBF9EE04CA9FED8E9BB1EE04CA9FED80
:104490008E8ADFED8E8A8A4202DD84ED760A05E09F
:1044A00011EE101A814201D9C4ED760A94ED6A0A20
:1044B000D4ED770A30EE200A85ED930A94ED6B0A6D
:1044C000D4ED780A30EE200A85ED9D0A94ED680A55
:1044D000D4ED750A30EE200A85EDA70A94ED690A3D
:1044E000D4ED760A30EE200A85EDB10AD4F8340610
:1044F000406813F011FA41EC100B0AF03DFB53EC4D
:104500001A2B51EC100B12F0A8FD04D885ED95CABA
:1045100085ED968A1AE0D4F83406406813F0FCF969
:1045200041EC100B0AF028FB9FED691B51EC100BBE
:1045300053EC112B12F0B6FB04D8C5ED958AC5EDEE
:1045400096CA03E0C5ED958A85ED968AD4F884066F
:10455000406813F0E1F941EC100B0AF00DFB53EC4D
:104560001B2B51EC100B12F09DFB04D8C5EDA98A52
:1045700085EDAA8A18E0D4F88406406813F0CCF9D7
:1045800041EC100B0AF0F8FA53EC192B51EC100B1C
:1045900012F063FD04D885EDA9CA85EDAA8A03E06F
:1045A000C5EDA98A85EDAA8AD4F85C06406813F0A7
:1045B000B3F941EC100B0AF0DFFA53EC1B2B51EC72
:1045C000100B12F06FFB04D8C5ED9F8AC5EDA0CA91
:1045D00018E0D4F85C06406813F09EF941EC100B2B
:1045E0000AF0CAFA53EC192B51EC100B12F035FDFE
:1045F00004D885ED9FCA85EDA08A03E0C5ED9F8AAA
:1046000085EDA08AD4F8AC06406813F085F941EC3A
:10461000100B0AF0B1FA53EC1A2B51EC100B12F0FC
:104620001CFD04D885EDB3CA85EDB48A18E0D4F832
:10463000AC06406813F070F941EC100B0AF09CFADC
:1046400053EC192B51EC100B12F007FD04D8C5EDFB
:10465000B38AC5EDB4CA03E0C5EDB38A85EDB48A6B
:104660001D4AD5F84C029FED1D0A1D49DFED1D0ABC
:10467000904202D985ED930A03E0884201DDC5ED41
:10468000930AD5F8740290422ED985ED9D0A2FE049
:1046900000FC7F4600FC7F4600FC7FC600FC7FC616
:1046A0000000FA440000FAC40000F0410000F0C12C
:1046B0000000000000003E400000000000003EC07E
:1046C0000000000000005140000048C300004843C3
:1046D00000000000000051C00000C8C30000C8C3B3
:1046E0000000C8430000C843884201DDC5ED9D0AB3
:1046F000D5F89C02904202D985EDA70A03E08842D2
:1047000001DDC5EDA70AD5F8C402904204D985EDB4
:10471000B10ABDEC0A8B70BD8842FADDC5EDB10A65
:10472000F7E70000002803D00249012048707047D5
:10473000002070473C00002010B5124A506800016C
:104740001FD5114B114C4FF00061586B0068A0420F
:1047500003D90E484C3801600EE00A4CB834A04230
:1047600003D90A485038016006E0064C5834A0428C
:1047700001D9D16000E091601868016841F40071CE
:10478000016010BD00600240181000205864024013
:10479000014801F00FBF0000401500202DE9F05F37
:1047A000FA48FB4AFA4DC06CFA4EF94F0068DFF840
:1047B000E4C3DFF8DC83DFF8DC93DFF8D4A3DFF8B1
:1047C000D4B3DFF8CCE3F34C483D60361837D1144E
:1047D0000CF1180CA8F1300809F178090AF1300A37
:1047E0000BF1300BAEF1180E90423ED9E84A543A24
:1047F0001368A04201D1202235E0A84201D1202235
:1048000031E0B04201D120222DE0B84201D1202276
:1048100029E0604501D10A4625E0404501D10A461C
:1048200021E0484501D10A461DE0504501D10A4624
:1048300019E0584502D14FF4001214E0704502D13E
:104840004FF400120FE0D34A9032904202D14FF45D
:10485000001208E0CE4A4832904202D14FF40012D2
:1048600001E04FF000621340C3E0CA4AA832904210
:104870003ED9C74A583A1368A04201D1202235E0F8
:10488000A84201D1202231E0B04201D120222DE006
:10489000B84201D1202229E0604501D10A4625E035
:1048A000404501D10A4621E0484501D10A461DE0B4
:1048B000504501D10A4619E0584502D14FF4001283
:1048C00014E0704502D14FF400120FE0B14A90326B
:1048D000904202D14FF4001208E0AD4A48329042B3
:1048E00002D14FF4001201E04FF00062134080E06B
:1048F000A84A483290423ED9A64A103A5368A0428C
:1049000001D1202235E0A84201D1202231E0B0427D
:1049100001D120222DE0B84201D1202229E06045BA
:1049200001D10A4625E0404501D10A4621E048452B
:1049300001D10A461DE0504501D10A4619E058450B
:1049400002D14FF4001214E0704502D14FF400126E
:104950000FE0904A9032904202D14FF4001208E0EA
:104960008B4A4832904202D14FF4001201E04FF0DE
:10497000006213403DE0874A103A1368A04201D11B
:10498000202235E0A84201D1202231E0B04201D1FD
:1049900020222DE0B84201D1202229E0604501D13A
:1049A0000A4625E0404501D10A4621E0484501D1AB
:1049B0000A461DE0504501D10A4619E0584502D18A
:1049C0004FF4001214E0704502D14FF400120FE0D2
:1049D000704A9032904202D14FF4001208E06C4AC3
:1049E0004832904202D14FF4001201E04FF00062D1
:1049F0001340002B72D0664A904235D9A04201D1B3
:104A000020212DE0A84201D1202129E0B04201D18E
:104A1000202125E0B84201D1202121E060451FD0AE
:104A200040451DD048451BD0504519D0584502D1AE
:104A30004FF4001114E0704502D14FF400110FE063
:104A400054499031884202D14FF4001108E0504996
:104A50004831884202D14FF4001101E04FF000616B
:104A60004B484C380160ADE04A4AA832904236D9F2
:104A7000A04201D120212DE0A84201D1202129E02E
:104A8000B04201D1202125E0B84201D1202121E00E
:104A900060451FD040451DD048451BD0504519D01A
:104AA000584502D14FF4001114E0704502D14FF483
:104AB00000110FE037499031884202D14FF40011C4
:104AC00008E033494831884202D14FF4001101E037
:104AD0004FF000612E485038016073E0B6E02D4A77
:104AE0004832904235D9A04201D120212DE0A84280
:104AF00001D1202129E0B04201D1202125E0B84296
:104B000001D1202121E060451FD040451DD04845FE
:104B10001BD0504519D0584502D14FF4001114E074
:104B2000704502D14FF400110FE01A4990318842CC
:104B300002D14FF4001108E015494831884202D1F2
:104B40004FF4001101E04FF0006112481038C160CD
:104B500038E0A04201D1202131E0A84201D120213A
:104B60002DE0B04201D1202129E0B84201D120211D
:104B700025E0604523D0404521D048451FD0504511
:104B80001DD0584508D14FF4001118E0E010002066
:104B90005864024010600240704502D14FF4001189
:104BA0000DE02B49884202D14FF4001107E029495A
:104BB000884202D14FF4001101E04FF00061244817
:104BC000A0388160244C207880070CD5207820F014
:104BD00002002070207840F004002070012211466D
:104BE0001E4801F0F9FF60781D4D80070CD56078F4
:104BF00020F002006070607840F0040060700122D4
:104C00001021284601F0E8FFA07880070CD5A07895
:104C100020F00200A070A07840F00400A0700122F3
:104C20001021284601F0D8FF0EF01AF9207840072D
:104C30000CD5207820F004002070207840F0080087
:104C400020700848016841F001010160BDE8F09F53
:104C5000A0600240A0640240C000002000040240A6
:104C600000000240103C0140014801F0A3BC0000DC
:104C7000A0150020014801F09DBC00008014002018
:104C800001680A4BCAB2103AA3FB02321209084B60
:104C90009B5CC365032A04D96FF30901091D816573
:104CA00002E06FF309018165806D7047ABAAAAAA83
:104CB000D68A0108014600208A6A8B69002B0FD032
:104CC000B3F5005F1DD08AB3012A30D0022A2ED05E
:104CD000032A04D1C96A11F0807F00D001207047F7
:104CE0001AB1012A07D0022AF9D1C96A11F0807FCE
:104CF000F5D001207047C96AB1F1C07FFAD1012017
:104D000070475AB1012A0BD0022A07D0032AF7D1E3
:104D1000C96AB1F1C07FF3D101207047012070470B
:104D2000C96A11F0807FFAD001207047FFE70120A7
:104D3000704710B4D0F800C0DCF8004024F48024A0
:104D4000CCF80040D0F800C0CCF804308368402B89
:104D500005D0036899600068C26010BC70470368A2
:104D60009A600068C16010BC70477047012001F074
:104D700011BE082001F00EBE102001F00BBE202055
:104D800001F008BE704700002DE9F0412DED048BC5
:104D900000285BD001231A4602212E4804F06AFF46
:104DA0002C4900259C3101F88D5C2B4CC86D04F119
:104DB0001802CCCACCC0486ED4E90C37D4E90A62D8
:104DC000C0E90237C0E9006204F13802886FCCCA3A
:104DD000CCC0086FD4E902230CC0C86F22680260FF
:104DE000C86E9FED1E9A80ED009AC86E9FED1C8ADA
:104DF00080ED018ADFED1B8AC1ED268A01231A4668
:104E00000221194804F036FF17499C3101F88D5CE6
:104E100004F11802C86D6CCA6CC004F12802486E17
:104E20006CCA6CC004F13802886F6CCA6CC0086F21
:104E3000D4E902230CC0C86F22680260C86E80EDFE
:104E4000009AC86E80ED018AC1ED268ABDEC048B04
:104E5000BDE8F081F82E00208C0200208D979A3555
:104E6000FFF7163A000000003030002070B505460C
:104E70002DED028B002D37D0234E29789FED238A0C
:104E8000706805F58064012931D094EDBC0A80ED8D
:104E9000000AB06894EDC00A80ED000A1A4805F0D7
:104EA000CFF918B190ED000A86ED4D0A96ED4D0A46
:104EB00084EDBD0A2878164D01281ED0686894ED4F
:104EC000C80A80ED000AA86894EDCC0A80ED000ABB
:104ED0000F4805F0B5F918B190ED000A85ED4D0ABF
:104EE00095ED4D0A84EDC90ABDEC028B70BD80EDD5
:104EF000008AB06880ED008AD0E7686880ED008A9B
:104F0000A86880ED008AE3E7F82E0020000000008A
:104F1000303000202DE9F34104462DED040B0F46FF
:104F20002DED108BF0EE60FADFEDFE0A70EE201A28
:104F30009FEDFD0A61EE801AC1EEA08A30EEC11A23
:104F400021EE000A80EE208A18EE900A12F0E4FCAE
:104F500041EC100B09F0ACFD51EC100B11F07AF99B
:104F60000CEE900A18EE900A12F0D6FC41EC100BF1
:104F700009F00EFE51EC100B11F06CF90DEE900AD9
:104F800018EE100A12F0C8FC41EC100B09F090FD6D
:104F900051EC100B11F05EF90DEE100A18EE100A2C
:104FA00012F0BAFC41EC100B09F0F2FD51EC100BC1
:104FB00011F050F90EEE900A9FEDDCBA9FEDDCEA9D
:104FC0000CEE8BEADFEDDBBA4DEE4BBA2DEE8BCA61
:104FD0002EEE8BFA3BEECE0A7FEE4C0A20EE001A44
:104FE00000EEA01ADFEDD41A60EE219A20EEA1AAFD
:104FF0009FEDD20A71EE000A30EEC09A39EE890AAE
:1050000010EE100A12F088FC29EEA90A41EC180BE8
:105010000AEE0A0A09EE490A10EE100A12F07CFCA8
:1050200041EC100B09F018FEB0EE409AF0EE609AD9
:105030001AEE100A12F070FC53EC192B11F06CFAF6
:1050400053EC182B11F09AFB41EC100B09F0A4F96A
:105050009FEDBB1B51EC100B53EC112B11F05EFEBE
:1050600011F0F8F808EE100A18EE100A12F054FCCD
:1050700041EC100B09F01CFD9FEDB39B51EC100BA4
:1050800053EC192B11F04AFE41EC1A0B1EEE100ADC
:1050900012F042FC53EC1A2B11F03EFA11F0DAF840
:1050A00008EE900A18EE100A12F036FC41EC100BD4
:1050B00009F06EFD53EC192B51EC100B11F02EFE84
:1050C00041EC1A0B1CEE100A12F026FC53EC1A2BC2
:1050D00011F022FA11F0BEF80CEE100A28EEA80A20
:1050E0000CEE0C0A10EE100A12F016FC41EC100B3C
:1050F00009F0B2FD51EC100B11F0ACF805461CEEB6
:10510000100A12F009FC41EC1A0B18EE900A12F08A
:1051100003FC41EC100BB0EE4A1AF0EE6A1A09F0EB
:10512000A7FA51EC100B11F095F80AEE100A9FED5A
:10513000880A6FEE800A60EEADAA6FEE8B0A60EE11
:10514000ACCADDED130A20EE800A20EE2EEA9DEDBA
:10515000130A20EE0B0A20EE0DDA7CEE4F0A38EE31
:10516000EB1A80EE810A10EE100A12F0D5FB41EC2A
:10517000100B09F011F951EC100B11F06BF80CEE5B
:10518000100A7CEE488A18EE900A12F0C5FB41EC3A
:10519000100B09F0FDFC53EC192B51EC100B11F026
:1051A000BDFD41EC190B1CEE100A12F0B5FB41ECF1
:1051B000100B09F0EDFCB0EE40BA3DEE6C0AF0EEDB
:1051C00060BA10EE100A12F0A7FB53EC1B2B11F083
:1051D000A5FD41EC1B0B1CEE100A12F09DFB41ECEF
:1051E000100B09F065FCB0EE40DA3EEE6A0AF0EE14
:1051F00060DA10EE100A12F08FFB53EC1D2B11F049
:105200008DFD53EC1B2B11F087F953EC192B11F08A
:10521000B5FA11F01FF80BEE100A18EE900A12F012
:105220007BFB41EC100B09F0B3FC18EE100A12F0F6
:1052300073FB41EC100B09F0ABFC18EE100A12F0F6
:105240006BFB41EC100B09F033FC18EE100A12F066
:1052500063FB41EC100B09F09BFCB0EE409A9FED14
:105260003D0AF0EE609A2BEE00BA1BEE100A12F027
:1052700053FB53EC192B11F051FD41EC190B1AEEB5
:10528000900A12F049FB53EC192B12F043F810F07E
:10529000E1FF064618EE100A12F03EFB41EC100B3F
:1052A00009F006FCB0EE408AF0EE608A1BEE100AB0
:1052B00012F032FB53EC182B11F030FD41EC180BBF
:1052C0001CEE900A12F028FB53EC182B11F024F975
:1052D00010F0C0FF12F020FB41EC180B1AEE100A80
:1052E00012F01AFB41EC100B09F0E2FB53EC182B07
:1052F00051EC100B11F012FD41EC190B304612F07D
:105300000BFB41EC180B1AEE100A12F005FB41ECF6
:10531000100B09F031FC09F03BFC51EC100B10F0C4
:105320008DFF19E000003443DB0F49409A99193E84
:105330009A9999BD9A99993D713D0A3F994C953D2D
:10534000000000000000004000000020AE47D13FF8
:105350009A9919BE713D8A3E53EC182B11F0DEFC70
:1053600053EC192B11F0D6FF9FED101B53EC112BB2
:1053700011F0D4FC10F06EFF00EE100A57B1C4F823
:105380009C5084ED38AA84ED400ABDEC108B06B029
:10539000BDE8F081C4F8A450F1EE4A0AC4ED3C0A1D
:1053A000B1EE400A84ED410AEFE700000000000082
:1053B0000000084038B44FF0000CCDF800C090F861
:1053C0003C20012A1BD0012280F83C200A680724D7
:1053D000092A17D90368DD680A3A02EB420204FA87
:1053E00002F225EA0202DA600A788B680A3A02EBD6
:1053F000420293400268D4682343D36014E038BC6F
:105400000220704703681D6902EB420204FA02F2AF
:1054100025EA02021A610A788B6802EB4202934085
:1054200002681469234313614A681F24072A15D2AE
:1054300003685D6B521E02EB820204FA02F225EA57
:1054400002025A630A8893B20A79521E02EB820260
:1054500093400268546B234353632CE00D2A15D20A
:1054600003681D6BD21F02EB820204FA02F225EAE6
:1054700002021A630A8893B20A79D21F02EB8202EF
:1054800093400268146B2343136314E00368DD6ADE
:105490000D3A02EB820204FA02F225EA0202DA6213
:1054A0000A8893B20A790D3A02EB820293400268AD
:1054B000D46A2343D362184A184B04689C4206D12D
:1054C0000C68122C03D1546844F4800454600468BE
:1054D0009C421CD10B68102B01D0112B17D15368A3
:1054E00043F4000353600968102910D10C490D4A98
:1054F0000968B1FBF2F101EB8101490000910099CB
:1055000029B10099491E009100990029F9D180F82C
:105510003CC038BC002070470023014000200140FF
:105520001807002040420F000068C06C704770B53B
:1055300004460025002C03D0206C002610B107E0A3
:10554000012070BD204600F01DF8666484F83C60C0
:10555000206C10F0100F04D0012584F83C60284620
:1055600070BD206C20F4885040F00200206420467A
:10557000FDF7FCFB6664206C20F0020040F00100A7
:105580002064EAE710B586B00446142101A8FBF7B1
:1055900085FF174B206800221649984209D10868F8
:1055A00040F480700860086800F48070009006B0D5
:1055B00010BD114B9842FAD1086840F48060086031
:1055C000086800F4806000900A481438016841F0CF
:1055D00020010160006800F0200000901815019083
:1055E00003200290039201A9044801F0DFF9DEE7ED
:1055F00000200140443802400022014000140240D3
:105600002DE9F04104460D46206881684FF00007FF
:1056100011F4806F0CD0806810F4807F08D0206C6B
:1056200040F02000206484F83C700120BDE8F08147
:1056300001F0DAFA06462068006810F0020F12D175
:10564000B5F1FF3F0AD025B101F0CEFA801BA84288
:1056500004D92068006810F0020F12D0206800689A
:1056600010F0020FECD021686FF012000860206C7F
:1056700040F4007020642068816811F0405F09D018
:105680001EE0206C40F00400206484F83C7003208D
:10569000BDE8F081217E99B9C16A11F4700F03D081
:1056A000806810F4806F0BD1206C20F4807020642F
:1056B000206C10F4805F03D1206C40F00100206466
:1056C0000020BDE8F081000081B00022009290F837
:1056D0003C10012908D0012180F83C1001688B683A
:1056E00013F0010F03D016E0022001B070478B6861
:1056F00043F001038B603949394B0968B1FBF3F181
:1057000001EB41010091009929B10099491E0091D6
:1057100000990029F9D101688B6813F0010F52D06C
:10572000036C23F0010323F4C06343F48073036428
:105730004B6813F4806F05D0036C23F4005343F4DB
:1057400080530364036C13F4805F04D0436C23F034
:105750000603436400E0426480F83C20214A6FF075
:1057600022030B60516811F01F0F1F4907D000681A
:10577000884230D1816811F0405F1FD02BE0006873
:10578000884212D0194A904204D1D1F8042312F071
:105790001F0F0AD0A0F18042B2F591321BD1D1F88F
:1057A000041301F01F01102915D2816811F0405F28
:1057B00011D1816841F0804181600CE0816841F045
:1057C0008041816007E0016C41F010010164416C8F
:1057D00041F001014164002001B07047180700202A
:1057E00040420F0000230140002001400021014001
:1057F00090F82020012A07D0022A05D0416A41F4FE
:105800008021416201207047006842691143416173
:105810000020704770B490F82040D0F800C0DCF849
:1058200008C0012C08D0022C06D0416A41F4802126
:10583000416270BC012070470CF080640CF0006580
:105840002C4302D11CF0805F55D0CCF3016C0124B5
:1058500004FA0CF41C608B684FF4C0749BB1CD68E3
:1058600004EB0C162B434D6843EAC5030568AB51A6
:105870004FF4C273066803EB0C130D69F550097DF4
:10588000012909D00DE00D88CB6804EB0C1643EA22
:1058900045530568AB51EBE70168CD5845F4807579
:1058A000CD501179D379557941EA036193791B047D
:1058B00043EA052319434FF4C675036805EB0C153D
:1058C00059511178D37841EA0361937852781B04D7
:1058D00043EA022211434FF4C473026803EB0C1332
:1058E000D150016804EB0C100A5842F001020A5032
:1058F00070BC00207047416A41F40011416270BCE5
:105900000120704790F82020012A07D0022A05D0F4
:10591000416A41F480214162012070474248D0F839
:10592000002242F00102C0F80022D0F8002222F446
:105930007C52C0F80022D0F800224B6A42EA0322CF
:10594000C0F800220A7D012302F01F0203FA02F2CE
:10595000D0F81C329343C0F81C32CB69D3B9D0F8CD
:105960000C329343C0F80C32B1F80CC04B686CF3A6
:105970001F43D1F814C000EBCC0CCCF84032B1F886
:1059800008C00B686CF31F43D1F814C000EBCC0CBB
:10599000CCF84432CB69012B1AD1D0F80C32134326
:1059A000C0F80C32B1F800C04B686CF31F43D1F85B
:1059B00014C000EBCC0CCCF84032B1F808C0CB6876
:1059C0006CF31F43D1F814C000EBCC0CCCF844327C
:1059D0008B697BB1D0F804321343C0F804320B69F1
:1059E00073B1D0F814321343C0F81432096A012994
:1059F0000CD010E0D0F804329343C0F80432EEE744
:105A0000D0F814329343C0F81432EFE7D0F81C12E8
:105A10001143C0F81C12D0F8001221F00101C0F8A7
:105A2000001200207047000000640040704730B44E
:105A300090F820C0BCF1010F09D0BCF1020F06D0D4
:105A4000416A41F48021416230BC0120704739B184
:105A5000D0F800C0DCF810C01CF0030F33D006E013
:105A6000D0F800C0DCF80CC01CF0030F24D04FF4B9
:105A7000D87C04680CEB011C54F80C4004F00404BE
:105A800094603CB3046854F80C40E4085460046823
:105A900054F80CC00CF0020CC2F80CC04FF4DA7CC5
:105AA00004680CEB011C54F80C5005F00F05082D90
:105AB00016D30824146118E0416A41F400114162D0
:105AC00030BC01207047416A41F40011416230BC92
:105AD00001207047046854F80C40640D1460D6E748
:105AE00054F80C4004F00F041461046854F80C409E
:105AF000C4F307249461046854F80CC04FEA1C4CAA
:105B0000C2F814C04FF4DC72D0F800C002EB0112EE
:105B10005CF802C083F800C0D0F800C05CF802C096
:105B20004FEA1C2C83F801C0D0F800C05CF802C01A
:105B30004FEA1C4C83F802C0D0F800C05CF8022089
:105B4000120EDA704FF4DE72D0F800C002EB0112D0
:105B50005CF802C083F804C0D0F800C05CF802C052
:105B60004FEA1C2C83F805C0D0F800C05CF802C0D6
:105B70004FEA1C4C83F806C0D0F800C05CF8022045
:105B8000120EDA7139B10068016941F0200101613A
:105B900030BC002070470068C16841F02001C1603E
:105BA000F6E72DE9F05F0546002428684669D0F83D
:105BB00004908768D0F80CA0D0F810B0D0F8188006
:105BC00016F0010F54D017F0010F17D0012181609A
:105BD00017F0020F03D0284600F082FC0EE017F009
:105BE000040F02D04FF4006408E017F0080F02D051
:105BF0004FF4805402E0284600F071FC17F4807FD7
:105C000019D029684FF48070886017F4007F03D0A2
:105C1000284600F067FC0EE017F4806F02D044F4D1
:105C2000005408E017F4006F02D044F4804402E00E
:105C3000284600F056FC17F4803F19D029684FF42D
:105C40008030886017F4003F03D0284600F04CFCF9
:105C50000EE017F4802F02D044F4004408E017F45B
:105C6000002F02D044F4803402E0284600F03BFCD0
:105C700016F0080F07D01AF0100F04D044F4007487
:105C800029681020C86016F0040F4FF0080707D0ED
:105C90001AF0080F04D02868C760284600F0D0F931
:105CA00016F0020F07D02868C06810F0030F02D06A
:105CB000284600F0C7F916F0400F07D01BF0100F70
:105CC00004D044F4806429681020086116F0200F85
:105CD00007D01BF0080F04D028680761284600F0A1
:105CE000C9FB16F0100F07D02868006910F0030FE9
:105CF00002D0284600F0BFFB16F4003F08D019F090
:105D0000100F05D0296810204860284600F0B4FB29
:105D100016F4803F07D019F0080F04D028684760B8
:105D2000284600F0E2FB16F4004F4AD019F0040FA9
:105D300044D016F4807F04D018F0010F01D044F055
:105D4000010416F4007F04D018F0020F01D044F0D3
:105D5000020416F4806F04D018F0040F01D044F050
:105D6000040416F4006F29D018F0700F26D008F044
:105D70007000402815D006DC102809D020280AD051
:105D8000302816D10AE050280ED0602811D10EE03C
:105D900044F008040DE044F010040AE044F020044C
:105DA00007E044F0400404E044F0800401E044F4DF
:105DB00080742868816921F070018161296804205C
:105DC0004860002C05D0686A204368622846FFF7C7
:105DD0002DFEBDE8F09F70B50446002C03D094F86A
:105DE000200010B104E0012070BD204600F0A8F8AA
:105DF0002068016841F00101016000F0F5FE0546F0
:105E0000206840684FF0050610F0010F11D100F036
:105E1000EBFE401B0A2807D9606A40F4003060623C
:105E200084F82060012070BD2068406810F0010FE8
:105E3000EDD02068016821F00201016000F0D4FE7D
:105E400005462068406810F0020F11D000F0CCFE2B
:105E5000401B0A2807D9606A40F40030606284F869
:105E60002060012070BD2068406810F0020FEDD165
:105E7000207E01283FD02068016821F08001016068
:105E8000607E01283DD02068016821F0400101605A
:105E9000A07E01283BD02068016821F0200101602C
:105EA000E07E012839D02068016841F010010160CE
:105EB000207F012837D02068016821F008010160A7
:105EC000607F012835D02068016821F0040101605D
:105ED000E168A06862690843216911430843616869
:105EE000491E08432168C86100206062012084F8CF
:105EF0002000002070BD2068016841F08001016031
:105F0000BEE72068016841F040010160C0E72068F9
:105F1000016841F020010160C2E72068016821F0BA
:105F200010010160C4E72068016841F008010160C8
:105F3000C6E72068016841F004010160C8E700007D
:105F40002DE9F04186B00446142101A8FBF7A6FA1A
:105F5000364B374ADFF8D08018682168344C032666
:105F60000227401C103200254FF0090C414527D173
:105F70001860012807D1106840F0007010601068A8
:105F800000F000700090206840F008002060206859
:105F900000F0080000900196029703950496CDF852
:105FA00014C001A9234800F001FD0022062114209D
:105FB00001F0D4FA142001F0C3FA06B0BDE8F08174
:105FC000DFF874804145F8D1116841F080611160BB
:105FD000116801F0806100911860012807D11068F4
:105FE00040F000701060106800F0007000902068B1
:105FF00040F002002060206800F002000090602065
:106000000190029703950496CDF814C001A90B489E
:1060100000F0CCFC00220621402001F09FFA402035
:1060200001F08EFAC9E70000006400402C00002057
:1060300030380240000C024000680040000402407A
:10604000704700002DE9F0412DED028B8AB0FB492D
:106050009FEDFB8A4FF480556E42DFF8E883FA4CDF
:1060600088427DD101AB03AA0021FFF7E0FC9DF837
:106070000400012805D0022803D0032801D00428F9
:106080005FD1401EC0B288F80000EF4FB43707EB75
:10609000001090ED010A80ED000A9DF806009DF8C1
:1060A000051040EA01201021DFEDE80A9FEDE80A23
:1060B0000EF034FFDFEDE70A98F8000020EE200A2A
:1060C00007EB001080ED010A10EE101AE24A91422F
:1060D00003DD30EE480A80ED010A90ED010ADF4A47
:1060E00010EE101A914203D930EE080A80ED010A31
:1060F0009DF807009DF80810000140EA11100C21DE
:10610000DFEDD70A9FEDD70A0EF008FF98F80000E0
:1061100007EB001080ED020A9DF808109DF80900B9
:1061200001F00F0140EA01200C21F3EE020ABBEE60
:10613000020A0EF0F3FE98F8000007EB001080ED65
:10614000030A039840F20322A0F2032190423DD0BB
:1061500007DCA0F50070013838D0012831D135E0D6
:106160007DE0012932D00E292BD1BDF8040000EECC
:10617000100AF8EE400A9FEDBC0AB34880EE801A80
:10618000F43080ED001ABDF8061000EE901AF8EE1B
:10619000600A80EE801A80ED011ABDF8081000EE4A
:1061A000901AF8EE600A80EE801A80ED021ABDF8AF
:1061B0000A1000EE901AF8EE600A80EE801A80ED68
:1061C000031A0AB0BDEC028BBDE8F0810398401EB3
:1061D000C2B288F8012002EB820104EB810034F89E
:1061E000213003819DF805309DF8047043EA0723B0
:1061F00024F821309DF807309DF8067043EA072304
:1062000043809DF809309DF8087043EA0723838096
:106210009DF80A30837134F82130B0F90870DB1B27
:10622000AB4203DD03695B1E036104E0B34202DAA3
:1062300003695B1C036103694FF4B47534F82110E2
:106240006B43694303EB513100EE101AB8EEC00AFC
:1062500080ED030A521CD0B20CF0A8F9B1E78349D3
:106260008842AED101AB03AA0021FFF7E0FB0398FF
:10627000754FA0F58070413807F18C07DFED7C0A7F
:1062800006D001282BD0C42850D0C62899D18CE044
:106290009DF8050038709DF806009DF8071040EA4B
:1062A000012078809DF808009DF8091040EA01203F
:1062B000B8809DF80A009DF80B1040EA0120F88094
:1062C000388100EE100AB8EE400A20EE200A20EED7
:1062D000080A87ED030A0FF0B7FD386171E79DF8F2
:1062E000050038759DF806009DF8071040EA01206A
:1062F000F8829DF808009DF8091040EA01203883D3
:106300009DF80A009DF80B1040EA01207883B883BD
:1063100000EE100AB8EE400A20EE200A20EE080A2D
:1063200087ED080A0FF090FD78624AE7042088F8AC
:1063300002004549B4F9502001F15000A1F858205D
:106340009DF805109DF8043041EA0321A4F850108F
:106350009DF807309DF8067043EA072343809DF8B7
:1063600009309DF8087043EA072383809DF80A30BE
:1063700083718A1AAA4204DD334A126E521E0261E8
:1063800005E0B24203DA304A126E521C02612E4A14
:106390004FF4B473126E5A43594302EB513100EE7D
:1063A000101AB8EEC00A80ED030A0398401EC2B26C
:1063B00088F8032002EB820104EB810034F82130DD
:1063C00003819DF805309DF8047043EA072324F803
:1063D00021309DF807309DF8067043EA072343807B
:1063E0009DF809309DF8087043EA072383809DF8E3
:1063F0000A30837134F82130B0F90870DB1BAB42EE
:1064000003DD03695B1E036104E0B34202DA036942
:106410005B1C036103694FF4B47534F821106B43BE
:10642000694303EB513100EE101AB8EEC00A80ED5B
:10643000030A521CD0B20CF0B9F8C2E6740F002067
:106440000000B4439C010020042100200000BF4252
:106450000000BFC20000704200003443000034C39B
:1064600000003442000034C20000C8429C0F0020EB
:106470000000803770477047704770B5044694F845
:106480002000012805D0606A40F4002060620120ED
:1064900070BD022084F820002068016821F001010D
:1064A000016000F0A1FB05462068406810F0010F74
:1064B00012D000F099FB401B0A2808D9606A40F40A
:1064C00000306062052084F82000012070BD206843
:1064D000406810F0010FECD10020606270BD704781
:1064E0007047704770477047704770472DE9F0411B
:1064F0000446A66D00F078FB054694F835000027A9
:10650000022806D08020606584F834700120BDE840
:10651000F0812068016821F016010160206841695E
:1065200021F080014161206C08B9A06C20B1206885
:10653000016821F0080101602068016821F0010173
:1065400001602068006810F0010F12D000F04CFBD1
:10655000401B052808D920206065032084F83500F9
:1065600084F83470BDE8F0812068006810F0010FF5
:10657000ECD194F85C003F2101FA00F0B0600120FA
:1065800084F8350084F834700020BDE8F08190F87C
:106590003510022903D08021416501207047052173
:1065A00080F835100068016821F0010101600020C9
:1065B000704700002DE9F84304464FF00008CDF87D
:1065C000008076484FF416510068B0FBF1F7A56DD6
:1065D0002E6894F85C00082101FA00F0304211D0D6
:1065E0002068026812F0040F0CD0026822F0040246
:1065F000026094F85C0001FA00F0A860606D40F061
:106600000100606594F85C004FF0010909FA00F0A0
:10661000304209D02168496911F0800F04D0A86088
:10662000606D40F00200606594F85C1004208840C2
:10663000304209D02168096811F0020F04D0A86027
:10664000606D40F00400606594F85C101020884094
:10665000304224D02168096811F0080F1FD0A860CB
:106660002068016811F4802F0DD0006810F4002F0D
:1066700004D0A16C99B12046884710E0216C71B11B
:10668000204688470BE0016811F4807F03D1016840
:1066900021F008010160216C09B12046884794F877
:1066A0005C1020208840304251D02168096811F0E8
:1066B000100F4CD0A86094F8350005280DD0206844
:1066C000016811F4802F32D0006810F4002F29D017
:1066D000E16B59B32046884739E02068016821F012
:1066E000160101602068416921F080014161206C40
:1066F00008B9A06C20B12068016821F00801016090
:1067000094F85C003F2101FA00F0A86084F835900D
:1067100084F83480216D00293ED001B02046BDE8C8
:10672000F0430847616C09B1204688470FE00168D3
:1067300011F4807F07D1016821F01001016084F815
:10674000359084F83480E16B09B120468847606D4C
:10675000002821D0606D10F0010F15D0052084F8BD
:1067600035002068016821F0010101600098401C9B
:106770000090B84204D82068006810F0010FF5D1ED
:1067800084F8359084F83480E16C002904D001B09D
:106790002046BDE8F0430847BDE8F883180700200D
:1067A0002DE9F041044600F01FFA0546DCB1022055
:1067B00084F83500002684F834602068016821F0F0
:1067C000010101602068006810F0010F13D000F093
:1067D0000BFA401B052809D920206065032084F8A6
:1067E0003500BDE8F0810120BDE8F0812068006837
:1067F00010F0010FEBD121680868234A1040A3680C
:106800006268D4F810C01A43E36843EA0C031A43E1
:1068100063691A43A3691A43E3691A43236A1A4353
:106820001043626A042A03D1236BE26A1A431043BD
:1068300008602068406920F00701606A40EA0105AD
:10684000012704280ED1A06A0543E06A50B1204612
:10685000FEF730FA30B14020606584F835700120D1
:10686000BDE8F081206845612046FEF709FA94F8FA
:106870005C103F2202FA01F18160666584F8357090
:106880000020BDE8F08100003F8010F070B50446A4
:106890000025A66D94F8340001280DD0012084F85D
:1068A000340094F835C00020BCF1010F06D084F804
:1068B00034000225284670BD022070BD4FF0020C46
:1068C00084F835C060652046FEF733FA94F85C0022
:1068D0003F2101FA00F0B0602068016841F0160124
:1068E0000160206C20B12068016841F0080101605E
:1068F0002068016841F001010160DBE710B5234C1D
:1069000010281AD020282AD0082836D0012813D1E0
:106910000FF08CFA01280FD004F10C0120690EF061
:106920006BFDE068002807D019494FF080500860DF
:10693000BFF34F8FBFF36F8F10BD09200BF036FEF2
:10694000607840F001006070A07840F00100A07015
:1069500020790028F0D0BDE810400CF081BA082062
:106960000BF024FE207840F00100207020790028F0
:10697000E2D0BDE810400CF073BA0A200BF016FE0E
:10698000E07840F00100E07010BD0000C000002081
:1069900004ED00E010B504490A68024202D0086024
:1069A000FFF7ACFF10BD0000143C01402DE9F84F8B
:1069B0000022DFF818A2DFF810924FF0010E032733
:1069C0004FF00F08AAF1040B0EFA02FC0B6803EA61
:1069D0000C0363457DD10C7904F00304012C01D034
:1069E000022C14D18568540007FA04F6B543CE682A
:1069F00006FA04F42C438460446824EA0C0C0C79F5
:106A0000C4F30014944044EA0C0CC0F804C0D1F85C
:106A100004C037EA0C0C0CD0C4684FEA420C07FAE9
:106A20000CF5AC438D6805FA0CFC4CEA040CC0F87C
:106A30000CC091F804C00CF0030CBCF1020F12D191
:106A40004FEAD20C00EB8C04256A4FEA427C4FEAF5
:106A5000DC6C08FA0CF6B5430E6906FA0CFC4CEA3D
:106A6000050CC4F820C004684FEA420C07FA0CF584
:106A7000AC430D7905F0030505FA0CFC4CEA040C57
:106A8000C0F800C0D1F804C01CF4403F7DD0D9F854
:106A900000C04CF4804CC9F800C0D9F800C00CF418
:106AA000804CCDF800C022F0030C0CF1804505F5B8
:106AB0009835D5F808C89407240F08FA04F62CEA8C
:106AC0000606A0F1804CBCF5003C64D0A0F1804CDF
:106AD00000E05AE0BCF5013C60D0A0F1804CBCF570
:106AE000023C5ED0A0F1804CBCF5033C5CD0A0F130
:106AF000804CBCF5043C5AD0A0F1804CBCF5053C60
:106B000058D0A0F1804CBCF5063C56D0A0F1804C8A
:106B1000BCF5073C54D04FF0080C0CFA04FC4CEACE
:106B2000060CC5F808C8DAF800C02CEA030C4C685B
:106B300014F4801F01D04CEA030CCAF800C0244CA6
:106B4000D4F800C02CEA030C4D6815F4001F01D0E6
:106B50004CEA030CC4F800C0DBF800C02CEA030CBC
:106B60004C6814F4003F01D04CEA030CCBF800C091
:106B7000184CD4F800C02CEA030C4D6815F4803F83
:106B800001D04CEA030CC4F800C0521C102AFFF4D8
:106B90001BAFBDE8F88F4FF0000CBEE74FF0010CC3
:106BA000BBE74FF0020CB8E74FF0030CB5E74FF02E
:106BB000040CB2E74FF0050CAFE74FF0060CACE762
:106BC0004FF0070CA9E7000044380240083C0140A0
:106BD0000C3C0140003C0140002A01D0816170471B
:106BE0000904816170470000014880687047000017
:106BF0001C07002070B50446002C04D094F83D001A
:106C0000002510B106E0012070BD84F83C502046FC
:106C100000F09AFB242084F83D002068016821F0F0
:106C2000010101602068016841F4004101602068B1
:106C3000016821F40041016000F06AFE544B616874
:106C4000994203D85349884203D304E05249884209
:106C500001D2012070BD5149B0FBF1F12268D2F898
:106C600004C02CF03F0C4CEA010CC2F804C062686E
:106C70009A4201D84A1C07E04FF4967251434FF4F0
:106C80007A72B1FBF2F14A1C2168D1F820C02CF0D5
:106C90003F0C42EA0C020A626168994210D849002E
:106CA000401EB0FBF1F2521CC2F30B02042A01D2C7
:106CB000042026E0B0FBF1F0401CC0F30B0020E004
:106CC000A268002A50D001EBC10303EB0113A0F12D
:106CD000010CBCFBF3F35B1C43F480431B051B0D51
:106CE0004AD0002A4AD001EBC10202EB0111401E3A
:106CF000B0FBF1F0401CC0F30B0040F4804040F4C6
:106D000000402168CA6922F0FF0222F44F4210437A
:106D1000C861216AE06901432068026822F0C0026C
:106D200011430160E168206901432068826822F014
:106D3000FF0222F4034211438160A16960690143AB
:106D40002068C26822F0FF021143C1602068016818
:106D500041F0010101602564202084F83D00256395
:106D600084F83E50002070BD01EB4103A0F1010CFE
:106D7000BCFBF3F35B1CB1E70120C2E701EB41016F
:106D8000401EB0FBF1F0401CC0F30B00B7E7000061
:106D9000A086010080841E0000093D0040420F00D3
:106DA0002DE9F84F04468A46904699460A9FFFF718
:106DB0001BFF064694F83D00202802D00220BDE8C3
:106DC000F88F192301224C492046009602F017FC47
:106DD00010B10220BDE8F88F94F83C00012808D0DB
:106DE000012084F83C002068016811F0010F03D0F5
:106DF00006E00220BDE8F88F016841F00101016062
:106E00002068016821F400610160212084F83D00C0
:106E1000102084F83E0000252564C4F82480A4F8DE
:106E20002A90608D20853548E06233463A465146C7
:106E3000204602F045FA10B10120BDE8F88F206825
:106E4000416980690090208D002846D0324639463D
:106E5000204602F002FD50B1206C042804D12068C5
:106E6000016841F4007101600120BDE8F88F606A9B
:106E7000216800780861606A00F1010CC4F824C040
:106E8000608D401E6085208D401E80B22085226866
:106E9000516911F0040F0CD058B19CF8000010613A
:106EA000606A401C6062608D401E6085208D401EBF
:106EB000208532463946204602F06EFB50B1206CE8
:106EC000042804D12068016841F4007101600120A8
:106ED000BDE8F88F208D0028B8D12068016841F402
:106EE00000710160202084F83D0084F83E5084F851
:106EF0003C500020BDE8F88F020010000000FFFFAA
:106F00002DE9FF4F83B004468A469346DDF844904E
:106F1000DDF84080129EFFF767FE054694F83D00BD
:106F2000202803D007B00220BDE8F08F19230122EA
:106F3000A5492046009502F062FB18B107B0022077
:106F4000BDE8F08F94F83C00012808D0012084F8B7
:106F50003C002068016811F0010F04D007E007B081
:106F60000220BDE8F08F016841F001010160206856
:106F7000016821F400610160222084F83D00402076
:106F800084F83E0000272764C4F82480A4F82A90DF
:106F9000608D20858D48E062019500965A465146E5
:106FA0002046069B02F0E6F918B107B00120BDE8C3
:106FB000F08F208D10B3012829D0022835D0206809
:106FC000416980690290208D002800F0F180DFF88F
:106FD0000082208D032800F2B780012834D00228D7
:106FE0004AD03346002241462046009502F007FB76
:106FF00000286CD007B00120BDE8F08F20684169FF
:1070000081690291016841F400710160DBE7206849
:10701000016821F480610160206841698169029101
:10702000016841F400710160CDE72068016821F436
:10703000806101602068016841F40061016020689E
:10704000416980690290BEE72A463146204602F037
:10705000C1FB18B107B00120BDE8F08F20680069BE
:10706000616A0870606A401C6062208D401E208545
:10707000608D401E608597E03346002241462046E1
:10708000009502F0BCFA18B107B00120BDE8F08FFE
:107090002068016841F40071016020680069616A3C
:1070A0000870606A401C6062218D491E2185618DD7
:1070B000491E6185216809690170606A401C60622F
:1070C000208D401E2085608D401E60856CE020680C
:1070D000016821F48061016020680069616A0870BC
:1070E000606A401C6062208D401E2085608D401EBD
:1070F00060853346002241462046009502F07FFA23
:1071000018B107B00120BDE8F08F2068016841F494
:107110000071016020680069616A0870606A401C43
:107120006062218D491E2185618D491E618521681E
:1071300009690170606A401C6062208D401E2085D4
:10714000608D401E60852FE02A463146204602F0C1
:1071500041FB18B107B00120BDE8F08F206800693D
:10716000616A0870606A401C6062208D401E82B2B5
:107170002285608D401E60852068416911F0040FF2
:1071800012D0032A03D1016821F4806101602068D4
:107190000069616A0870606A401C6062208D401E50
:1071A0002085608D401E6085208D00287FF411AF02
:1071B000202084F83D0084F83E7084F83C7007B0CD
:1071C0000020BDE8F08F0000020010000000FFFF6B
:1071D000040001002DE9FF4F83B004468A46934620
:1071E000DDF84490DDF84080129EFFF7FDFC054677
:1071F00094F83D00202803D007B00220BDE8F08FAE
:10720000192301224E492046009502F0F8F918B1E1
:1072100007B00220BDE8F08F94F83C00012808D0A8
:10722000012084F83C002068016811F0010F04D0AF
:1072300007E007B00220BDE8F08F016841F00101CE
:1072400001602068016821F400610160212084F858
:107250003D00402084F83E0000272764C4F82480C5
:10726000A4F82A90608D20853648E062019500964A
:107270005A4651462046069B02F026F918B107B03F
:107280000120BDE8F08F208D002836D02A463146F7
:10729000204602F0E2FA58B1206C042804D120689C
:1072A000016841F40071016007B00120BDE8F08F72
:1072B000606A216800780861606A00F1010CC4F816
:1072C00024C0208D401E80B22085618D491E6185BD
:1072D0002368596911F0040F0CD058B19CF80000D4
:1072E0001861606A401C6062208D401E2085608DA0
:1072F000401E6085208D0028C8D12A463146204690
:1073000002F04AF958B1206C042804D120680168C1
:1073100041F40071016007B00120BDE8F08F2068E2
:10732000016841F400710160202084F83D0084F878
:107330003E7084F83C7007B00020BDE8F08F00007C
:10734000020010000000FFFF2DE9F04186B0044666
:10735000142101A8FAF7A2F82168414C3F4B002202
:107360003F48122603250427103499421CD1016896
:1073700041F002010160006800F002000090280264
:107380000190029603920495059701A93548FFF7ED
:107390000DFB206840F400102060206800F400100D
:1073A000009006B0BDE8F0812F4A4FF001089142ED
:1073B00020D1016841F020010160006800F0200048
:1073C000009001950296CDF80C800495059701A9CF
:1073D0002648FFF7EBFA206840F480002060206820
:1073E00000F48000009022480068416841F4006188
:1073F0004160D6E71F4A9142D3D1016841F00401B0
:107400000160016801F004010091016841F001018F
:107410000160006800F00100009050150190029694
:10742000CDF80C800495059701A91348FFF7BEFA23
:107430004FF4807001900296CDF80C80049505976A
:1074400001A90E48FFF7B2FA206840F4000020605E
:10745000206800F400000090A3E700000054004002
:10746000303802400004024000580040001402403E
:1074700018100020005C004000080240000002409C
:107480000248816802781144816070471C0700201F
:1074900010B50B48016841F400710160016841F4C6
:1074A00080610160016841F480710160032000F097
:1074B00089F80F2000F006F800F026F8002010BD33
:1074C000003C024070B504460D4D4FF47A712878A7
:1074D000B1FBF0F00B490968B1FBF0F000F030FFB0
:1074E00008B1012070BD102C07D200222146501E89
:1074F00000F034F86C60002070BD012070BD000009
:107500001C0700201807002082B00C48016841F4D5
:1075100080410160006800F4804001900748001F2E
:10752000016841F080510160006800F080500190D6
:1075300000220F21901E02B000F010B84438024023
:1075400000280ADB00F01F01012202FA01F14009C4
:10755000800000F1E020C0F80011704710B4184B13
:107560001B68C3F30223C3F1070CBCF1040F01D95C
:107570004FF0040C1C1D072C01D2002300E0DB1E81
:10758000012404FA0CFCACF1010C0CEA0101994055
:1075900004FA03F35B1E1A401143002806DB00F1D6
:1075A000E020090180F8001410BC704700F00F00C3
:1075B00000F1E020090180F8141D10BC70470000A4
:1075C0000CED00E000F00700064A11684FF6FF03DB
:1075D000194041EA002040F0FD7040F080601060EA
:1075E000704700000CED00E0BFF34F8F05480168C5
:1075F000054A01F4E06111430160BFF34F8F00BF02
:10760000FDE700000CED00E00400FA052DE9F84369
:1076100004464FF0010820784FF0000710F0050FE6
:1076200033D0DFF84491C9F86870FFF7DDFA0646F9
:107630004E4D286810F0006F0BD0FFF7D5FA801B75
:10764000022802D90320BDE8F883286810F0006FF3
:10765000F3D16068217A800140EA017044490860F2
:10766000C9F86880FFF7C0FA0646286810F0006F76
:107670000BD1FFF7B9FA801B022802D90320BDE81D
:10768000F883286810F0006FF3D0207810F0020F14
:107690005CD03848016841F080510160006800F01A
:1076A00080500090344D286840F480702860FFF7C7
:1076B0009BFA0646286810F4807F0BD1FFF794FAF6
:1076C000801B022802D90320BDE8F883286810F443
:1076D000807FF3D0294D286800F4407028B3A18939
:1076E00001F44071814220D0286820F44070244980
:1076F000C1F800800F602860286810F0010F14D0D6
:10770000FFF772FA0646286810F0020F0DD141F219
:107710008837FFF769FA801BB84202D90320BDE819
:10772000F883286810F0020FF3D0E0684FF440713E
:1077300031EA000213490CD0086820F4F810086000
:107740002868A189C1F30B01084328600020BDE827
:10775000F8830A6820F4407022F4F81220F0704098
:1077600010430860ECE70000000047420038024088
:1077700084380240403802400070004070380240B7
:10778000400E4742083802402DE9F04704460D46B6
:10779000002C13D0DFF85491D9F80000EFB200F0BC
:1077A0000700A8420DD289F80070D9F8000000F057
:1077B0000700A84205D00120BDE8F0870120BDE800
:1077C000F08720684A4E10F0020F14D010F0040F1A
:1077D00003D0306840F4E0503060207810F0080F9B
:1077E00003D0306840F4604030603068A16820F019
:1077F000F00008433060207810F0010F3ED0606840
:107800003C49012808D002280DD003280BD0096874
:1078100011F0020F28D00AE0096811F4003F06D1E8
:107820000120BDE8F087096811F0007F19D03168A8
:1078300021F0030108433060FFF7D6F98046306835
:10784000616800F00C00B0EB810F17D041F2883A6C
:10785000FFF7CAF9A0EB0800504508D90320BDE89E
:10786000F0870120BDE8F0870120BDE8F08730688F
:10787000616800F00C00B0EB810FE9D1D9F800008D
:1078800000F00700A8420AD989F80070D9F8000072
:1078900000F00700A84202D00120BDE8F087207860
:1078A00010F0040F05D03068E16820F4E050084380
:1078B0003060207810F0080F06D03068216920F47D
:1078C000604040EAC100306000F042F831680A4A86
:1078D000C1F30311515CC8400849086008480068BA
:1078E000FFF7F0FD0020BDE8F0870000003C0240FB
:1078F0000838024000380240BE8A010818070020FC
:107900002007002001480068704700001807002089
:1079100000B5FFF7F7FF04490968044AC1F3822163
:10792000515CC84000BD000008380240CE8A010802
:1079300000B5FFF7E7FF04490968044AC1F3423183
:10794000515CC84000BD000008380240CE8A0108E2
:1079500010B51748006810F00C01164816D0164BE9
:10796000042912D0082911D1144C216801F03F02DA
:10797000216811F4800F0AD02068C0F38810A0FBA2
:1079800003010023F9F7E6FA09E0184610BD216863
:107990000023C1F38811A1FB0001F9F7DBFA21688C
:1079A000C1F30141491C4900B0FBF1F010BD0000DA
:1079B000083802400024F400001BB70004380240DD
:1079C0002DE9F84F0446002C12D02078FB4E10F021
:1079D000010FA6F1040563D0301D016801F00C0110
:1079E00004290CD0006800F00C00082803D010E037
:1079F0000120BDE8F88F306810F4800F09D02868A6
:107A000010F4003F4CD06068002849D10120BDE847
:107A1000F88F6068B0F5803F14D0B0F5A02F16D075
:107A2000286820F480302860286820F480202860AE
:107A3000606810B3FFF7D8F80746286810F4003FD5
:107A40000ED02DE0286840F480302860F0E72868E8
:107A500040F480202860286840F480302860E7E700
:107A6000FFF7C2F8C01B642802D90320BDE8F88FD5
:107A7000286810F4003FF3D012E0FFF7B5F807468E
:107A8000286810F4003F0BD0FFF7AEF8C01B642845
:107A900002D90320BDE8F88F286810F4003FF3D125
:107AA0002078C74F10F0020F4FF0000957D0C5489B
:107AB000016811F00C0F14D0006800F00C000828C9
:107AC00003D1306810F4800F0BD0E06880B3012040
:107AD0003860FFF789F88046286810F0020F12D04E
:107AE0001EE0286810F0020F05D0E068012802D0DF
:107AF0000120BDE8F88F2868216920F0F80040EAED
:107B0000C10028602BE0FFF76FF8A0EB0800022807
:107B100002D90320BDE8F88F286810F0020FF2D0D8
:107B20002868216920F0F80040EAC100286016E0CA
:107B3000FFE7C7F80090FFF757F88046286810F075
:107B4000020F0CD0FFF750F8A0EB0800022802D972
:107B50000320BDE8F88F286810F0020FF2D12078DA
:107B600010F0080F35D09848DFF860A26169C1B104
:107B700001210160FFF738F88046DAF8000010F0C4
:107B8000020F26D1FFF730F8A0EB0800022802D937
:107B90000320BDE8F88FDAF8000010F0020FF1D0F2
:107BA00017E0C0F80090FFF71FF88046DAF80000F1
:107BB00010F0020F0DD0FFF717F8A0EB0800022815
:107BC00002D90320BDE8F88FDAF8000010F0020FA8
:107BD000F1D1207810F0040F71D04FF000087C48EC
:107BE000006810F0805F0AD17948016841F0805147
:107BF0000160006800F0805000904FF00108DFF84D
:107C0000D4B1DBF8000010F4807F1BD1DBF800005A
:107C100040F48070CBF80000FEF7E6FF8246DBF808
:107C2000000010F4807F0DD1FEF7DEFFA0EB0A000C
:107C3000022802D90320BDE8F88FDBF8000010F419
:107C4000807FF1D0A068DFF890B1012818D0052816
:107C50001DD0DBF8000020F00100CBF80000DBF8BD
:107C6000000020F00400CBF80000A06840B3FEF74D
:107C7000BBFF8246DBF8000010F0020F14D03EE09C
:107C8000DBF8000040F00100CBF80000EDE7DBF886
:107C9000000040F00400CBF80000DBF8000040F0EA
:107CA0000100CBF80000E0E7FEF79EFFA0EB0A0121
:107CB00041F28830814204D90320BDE8F88F26E0E4
:107CC00005E0DBF8000010F0020FEDD017E0FEF742
:107CD0008BFF8246DBF8000010F0020F0FD0FEF79A
:107CE00083FFA0EB0A0141F28830814202D90320D0
:107CF000BDE8F88FDBF8000010F0020FEFD1B8F10B
:107D0000010F04D13248016821F080510160A0695F
:107D1000F0B32C4909684FF0FF3801F00C01082935
:107D200066D0022810D0C7F86090FEF75DFF0446C9
:107D3000286810F0007F2BD0FEF756FF001B0228AA
:107D400051D90320BDE8F88FC7F86090FEF74CFFCB
:107D50008146286810F0007F0CD0FEF745FFA0EBAD
:107D60000900022802D90320BDE8F88F286810F026
:107D7000007FF2D1216AE069A26A0843616A08EBD8
:107D80005202890141EA0241084394F82C1000E0B4
:107D900055E040EA0160306001203866FEF724FFBC
:107DA0000446286810F0007F49D1FEF71DFF001B34
:107DB000022813D90320BDE8F88F000004380240E0
:107DC0000000474208380240800E474274380240A3
:107DD000403802400070004070380240286810F0BF
:107DE000007FE2D02BE0286810F0007FA4D126E0CD
:107DF000012822D03068E26900F4800191421AD152
:107E0000226A00F03F01914215D147F6C071626AC3
:107E10000140B1EB821F0ED1A26A00F4403108EBA1
:107E20005202B1EB024F06D194F82C1000F07060B2
:107E3000B0EB016F03D00120BDE70120BBE70020BC
:107E4000B9E710B50446002C02D0607F10B106E0FF
:107E5000012010BD00202077204600F041F80220CC
:107E600060772068C16811F0100F05D0002000284D
:107E7000EFD10121617710BDCA21416221685320F1
:107E80004862204603F016FCD8B92068816821F0CA
:107E9000400121F4E00181602068816862686369C3
:107EA000114322691A43114381602168E068086127
:107EB00020680169228941EA02410161204603F0FC
:107EC0001DFC48B921680A6C22F480220A642168EA
:107ED0000A6CA3691A430A642268FF215162C6E74B
:107EE0001FB500210091019102910391006808499A
:107EF00088420CD102200090064803906846FFF7A4
:107F000085FB08B1FCF73EFF0349012008601FBD57
:107F10000028004000031E003C0E474270B5044696
:107F20000C482168C860FEF75FFE05462068C068FF
:107F300010F0200F0CD1FEF757FE401BB0F57A7FF2
:107F400001D9032070BD2068C06810F0200FF2D066
:107F5000002070BD5F7F010070B50446002C09D081
:107F6000606A002540B125616561A56294F8510001
:107F700040B10CE0012070BD6068B0F5827FF4D0A4
:107F8000E561F2E784F85050204600F045F8022001
:107F900084F851002068016821F040010160A08848
:107FA000218900F4827001F404410843A18901F49D
:107FB00000610843217C01F002010843217D01F0AA
:107FC00001010843218B01F400710843217F01F076
:107FD0003801084394F8201001F080010843218DF6
:107FE00001F40051084321680860A169042000EAF7
:107FF000114094F8241001F0100101432068416001
:108000002068C16921F40061C1616565012084F8BF
:108010005100002070BD00002DE9F04387B00546F7
:10802000142102A8F9F73AFA3949286888426CD134
:1080300000263848016841F480510160006800F46E
:108040008050019033481438016841F0020101600A
:10805000016801F002010191016841F00101016034
:10806000006800F001000190182002904FF0020813
:10807000CDF80C804FF00109CDF810900324059441
:108080000527069702A92448FEF790FC802002905D
:10809000CDF80C80CDF810900594069702A91F48E2
:1080A000FEF784FC1F4C1E4820604FF0C068C4F8E7
:1080B0000480A660E660071527616661A661E66137
:1080C0004FF44030206266622046FEF769FB08B13B
:1080D000FCF758FEEC64A5631148124C183060346C
:1080E0002060C4F804804020A060E66027616661DB
:1080F000A661E661C002206266622046FEF750FB80
:1081000008B1FCF73FFEAC64A56307B0BDE8F0839F
:1081100000300140443802400004024000000240A8
:1081200040640240381100202DE9F84F04460A9EB1
:108130008A4693461F460125FEF756FD804694F871
:1081400051006168012809D0B1F5827F03D1A1688F
:1081500009B9042802D00220BDE8F88FBAF1000F57
:1081600028D0BBF1000F25D0380023D094F8500060
:10817000012822D0012084F8500094F851000428EE
:1081800002D0052084F851004FF00009C4F8549043
:10819000C4F838B0E787A787C4F830A0E786A78679
:1081A000C4F84090C4F844902068016811F0400F72
:1081B00006D009E00120BDE8F88F0220BDE8F88F65
:1081C000016841F040010160E068B0F5006F05D042
:1081D000606800284DD0012F4BD083E0606808B163
:1081E000012F3FD1206B21680088C860206B801C64
:1081F0002063E08E401EE08634E02068816811F044
:10820000020F0DD0E18E59B1012D09D1216B0988E2
:10821000C160206B801C2063E08E401EE08600253C
:108220002068816811F0010F0BD0E18F49B1C0685F
:10823000A16B0880A06B801CA063E08F401EE087CC
:108240000125FEF7D1FCA0EB0800B0420AD3B6F13D
:10825000FF3F07D0012084F8510084F8509003209C
:10826000BDE8F88FE08E0028C7D1E08F0028C4D188
:108270003EE0206B216800780873206B401C20636F
:10828000E08E401EE0862DE02068816811F0020F2C
:108290000DD0E18E59B1012D09D1216B09780173FF
:1082A000206B401C2063E08E401EE0860025206885
:1082B000816811F0010F0BD0E18F49B1C068A16B4B
:1082C0000870A06B401CA063E08F401EE087012572
:1082D000FEF78AFCA0EB0800B04202D3B6F1FF3FE4
:1082E00013D196B1E08E0028CED1E08F0028CBD1FB
:1082F00042463146204604F0D1FE70B12020606530
:1083000084F850900120BDE8F88F012084F85100D6
:1083100084F850900320BDE8F88FA06818B9206851
:10832000C16880680090012084F8510084F8509062
:10833000606D10B10120BDE8F88F0020BDE8F88F16
:10834000401EB0F1807F01D3012070474FF0E02143
:108350004861044AF02010700020886107200861FD
:108360000020704723ED00E030B490F83C20012A53
:1083700044D0012480F83C40022280F83D2002686D
:10838000D2F804C093682CF0700C0D6845EA0C0C10
:10839000C2F804C00268A2F1804CBCF5803C20D039
:1083A000B2F1804F1DD0A2F1804CBCF5806C18D08A
:1083B000A2F1804CBCF5006C13D0A2F1804CBCF54E
:1083C000406C0ED0A2F1804CBCF5823C09D0A2F1E9
:1083D000804CBCF5A03C04D0A2F1804CBCF5C05C44
:1083E00004D123F0800349681943916080F83D402F
:1083F000002180F83C1030BC0020704730BC0220C7
:10840000704710B50446002C03D094F83D0010B11D
:1084100007E0012010BD002084F83C00204600F059
:108420001FF8022084F83D00211D206805F03EF869
:10843000012084F8460084F83E0084F83F0084F868
:10844000400084F8410084F8420084F8430084F836
:10845000440084F8450084F83D00002010BD000071
:1084600008B500682549264A884208D1106840F0BE
:1084700001001060106800F00100009008BD204964
:10848000204B091F984208D1086840F0020008609C
:10849000086800F00200009008BD1B4B984208D10C
:1084A000086840F004000860086800F004000090CC
:1084B00008BD164B984208D1086840F008000860D3
:1084C000086800F00800009008BD1149884208D1F2
:1084D000106840F002001060106800F00200009088
:1084E00008BD0C498842FBD1106840F40030106090
:1084F000106800F40030009008BD0000000001404A
:10850000443802400004004000080040000C0040D5
:10851000000401400044014090F83D10012901D0C1
:1085200001207047022180F83D100068A0F18041D1
:10853000B1F5803126D0B0F1804F23D0A0F1804139
:10854000B1F580611ED0A0F18041B1F5006119D074
:10855000A0F18041B1F5406114D0A0F18041B1F5A6
:1085600082310FD0A0F18041B1F5A0310AD0A0F145
:108570008041B1F5C05105D0016841F001010160B1
:1085800000207047816801F007010629F8D00168D2
:1085900041F001010160F3E770B50446002594F84D
:1085A0003C00012818D0012684F83C60022084F8A1
:1085B0003D002068826822F0770222F47F428260C8
:1085C0000868502839D00EDC202854D006DC00285A
:1085D00051D0102811D14EE0022070BD30284AD071
:1085E00040280AD13DE0602831D070280DD0B0F588
:1085F000805F03D0B0F5005F13D0012584F83D60A3
:10860000002084F83C00284670BDCB684A68896821
:10861000206804F0CCFF2068816841F07701816018
:10862000ECE7CB684A688968206804F0C0FF2068DE
:10863000816841F480418160E0E7CA684968206848
:1086400005F0A4F85021206804F0BCFFD6E7CA6802
:108650004968206805F0ADF86021206804F0B2FF99
:10866000CCE7CA684968206805F090F84021206886
:1086700004F0A8FFC2E722680146104604F0A2FFFA
:10868000BCE7000010B586B00446142101A8F8F735
:1086900005FF2068434C444902220123A0421AD11D
:1086A000086840F004000860086800F004000090CA
:1086B00088150190029203930492059201A93B4808
:1086C000FEF774F93A48FFF727FF0821384800F011
:1086D0001BF906B010BD374CA0421BD1086840F012
:1086E00008000860086800F008000090201401905D
:1086F000029203930492059201A92F48FEF756F9BE
:108700002B484830FFF708FF29480821483000F07F
:10871000FBF8DEE7294CA04226D1086840F0800033
:108720000860086800F0800000904FF4E05001906D
:10873000029203930492059201A92148FEF736F9AB
:108740001B489030FFF7E8FE19480021903000F0F8
:10875000DBF817480421903000F0D6F814480821BF
:10876000903000F0D1F8B4E7164CA042B1D10868BF
:1087700040F020000860086800F0200000904020D1
:1087800001900292039304920320059001A90E48E0
:10879000FEF70CF90D48FFF7BFFE00210B4800F073
:1087A000B3F896E700040040303802400008024069
:1087B0004012002000080040000C0240000C004065
:1087C000001C0240004401400014024060130020DD
:1087D00070B504460D46002694F83C0001280FD0E1
:1087E000012084F83C006AB1042A1FD0082A32D044
:1087F0000C2A44D00126002084F83C00304670BD8D
:10880000022070BD2946206804F0E4FE20688169DA
:1088100041F0080181612068816921F004018161D2
:10882000206881692A6911438161E4E7294620684B
:1088300004F008FF2068816941F4006181612068CB
:10884000816921F480618161206881692A6941EA36
:1088500002218161CFE72946206804F02FFF2068BC
:10886000C16941F00801C1612068C16921F00401BA
:10887000C1612068C1692A691143C161BBE729460A
:10888000206804F057FF2068C16941F40061C161AC
:108890002068C16921F48061C1612068C1692A69C9
:1088A00041EA0221C161A6E710B50446002C03D0BD
:1088B00094F83D0010B107E0012010BD002084F8BD
:1088C0003C00204600F01EF8022084F83D00211DE7
:1088D000206804F0EBFD012084F8460084F83E0097
:1088E00084F83F0084F8400084F8410084F8420096
:1088F00084F8430084F8440084F8450084F83D007F
:10890000002010BD7047000010B50446002909D0B2
:1089100004290AD008290BD094F8410001280AD074
:10892000012010BD94F83E00F8E794F83F00F5E709
:1089300094F84000F2E70220D9B3042947D008296F
:1089400048D084F841000122206804F021FE234A27
:1089500020682349904201D0884203D1436C43F4FC
:10896000004343642068904224D0B0F1804F21D06E
:10897000A0F18042B2F580621CD0A0F18042B2F535
:10898000006217D0A0F18042B2F5406212D0884256
:1089900010D0A0F18041B1F5A0310BD0A0F1804101
:1089A000B1F5C05106D0016841F00101016000201D
:1089B00010BD09E0816801F007010629F7D00168C0
:1089C00041F001010160F2E784F83E00BBE784F862
:1089D0003F00B8E784F84000B5E700000000014020
:1089E0000004014070477047F8B5044622681068DB
:1089F000D168536900F00F0CBCF1000F0AD110F0E0
:108A0000200F07D011F0200F04D02046BDE8F84019
:108A100005F0BAB90025BCF1000F75D003F0010CC8
:108A200001F490765CEA06066ED010F0010F06D0D5
:108A300011F4807F03D0626C42F00102626410F096
:108A4000040F06D013F0010F03D0626C42F0020253
:108A5000626410F0020F06D013F0010F03D0626CB5
:108A600042F00402626410F0080F08D001F0200206
:108A700052EA0C0203D0626C42F008026264626C3B
:108A8000002A35D010F0200F05D011F0200F02D0B1
:108A9000204605F079F920684069C0F38010616CC8
:108AA00011F0080F00D148B3204605F02BF92068DB
:108AB000406910F0400F1CD02068143050E8001FAF
:108AC00021F0400140E80012002AF5D1E06B60B1CE
:108AD0005E490165E06BFDF75AFD002808D0E06BA8
:108AE000016D01B0BDE8F04008472046FFF77BFF6D
:108AF000F8BD2046FFF777FFF8BD05E0FFE7204609
:108B0000FFF771FF6564F8BD236B012B7ED110F078
:108B1000100F7BD011F0100F78D0106850680090C3
:108B200050694FF0200310F0400F4FF0020644D080
:108B3000E16B0868406880B20028E4D0A28D8242D0
:108B4000E1D9E085C869B0F5807F2DD020680C3070
:108B500050E8001F21F4807140E80012002AF5D18E
:108B60002068143050E8001F21F0010140E8001295
:108B7000002AF5D12068143050E8001F21F0400190
:108B800040E80012002AF5D184F8423025632068BD
:108B90000C3050E8001F21F0100140E80012002ABC
:108BA000F5D1E06BFDF7A2FC6663A08DE18D401A64
:108BB00081B22046FFF716FFF8BDA08DE18D401A67
:108BC00081B2E08D0028F7D00029F5D020680C3064
:108BD00050E8002F22F4907240E8002CBCF1000F06
:108BE000F4D12068143050E8002F22F0010240E850
:108BF000002CBCF1000FF4D184F8423025632068CA
:108C00000C3050E8002F22F0100200E008E040E8AD
:108C10000023002BF3D166632046FFF7E3FEF8BD87
:108C200010F0800F07D011F0800F04D02046BDE86F
:108C3000F84005F0A9B910F0400FF0D011F0400F46
:108C4000EDD02046BDE8F84005F083B85DDC0008B3
:108C500070B50446002C04D094F84100002510B1F2
:108C600006E0012070BD84F84050204600F024F852
:108C7000242084F841002068C16821F40051C160BB
:108C8000204605F0E7F82068016921F49041016170
:108C90002068416921F02A0141612068C16841F4DE
:108CA0000051C1606564202084F8410084F84200CE
:108CB0006563002070BD00002DE9F04F87B00446C9
:108CC000142102A8F8F7EAFB8249DFF804C214393C
:108CD0002368804A0227072000250E154FF003085D
:108CE0004FF000694FF0400A634551D1136843F0DB
:108CF00010031360126802F0100201920A6842F039
:108D000002020A600A6802F0020201920A6842F056
:108D100001020A60096801F00101019180210291BC
:108D200003970495CDF814808346069002A96A48FB
:108D3000FDF73CFE7010029003970495CDF8148067
:108D4000CDF818B002A96548FDF730FE654F6448BC
:108D50003860C7F80490C7F808A0FD603E617D61E7
:108D6000BD61FD61B00138627D623846FDF718FDD6
:108D700008B1FCF707F8A763BC6300220521252092
:108D8000FEF7ECFB2520FEF7DBFB07B0BDE8F08F1C
:108D9000DFF854C14FF4003B63453DD14D4A121FEB
:108DA000136843F480231360126802F48022019256
:108DB0000A6842F004020A60096801F004010191A6
:108DC0004FF44061029103970495CDF8148006900A
:108DD00002A94648FDF7EAFD424F45486037386032
:108DE000C7F80490BD60FD603E617D61BD61FD61BD
:108DF000C7F820B07D623846FDF7D2FC08B1FBF71A
:108E0000C1FFE763BC63002204212720FEF7A6FB15
:108E10002720FEF795FBB8E736488342B5D11068A6
:108E200040F020001060106800F0200001900868F9
:108E300040F040000860086800F0400001904FF4E6
:108E40008440029003970495CDF814800820069082
:108E500002A92948FDF7AAFD2148224F9038C037C2
:108E600038604FF02068C7F80480BD60FD603E6147
:108E70007D61BD61FD61C7F820B07D623846FDF7B8
:108E80008FFC08B1FBF77EFFE763BC6314481B4F00
:108E900018383860C7F80480C7F808A0FD603E6144
:108EA0007D61BD61FD614FF4803038627D6238467E
:108EB000FDF776FC08B1FBF765FFA763BC630022F2
:108EC00005214720FEF74AFB4720FEF739FB5CE708
:108ED00000100140443802400004024000000240FB
:108EE000B86402408014002000480040000802409E
:108EF000286002400014014000180240A015002024
:108F000090F84230202B01D00220704721B11AB1D5
:108F10000023036305F01CB80120704770B500689A
:108F20001E49884238D11E4800781D4C1D4B641ED6
:108F30000025217821B101290DD0022917D024E084
:108F4000AA2801D0658020E061884A1C62805854BC
:108F50000120207019E061884A1C62805854FF2863
:108F600002D06580257010E0022020700DE061883D
:108F70004A1C92B262805854302A06D1094901F144
:108F80003000F8F72FFA65802570BDE870400122A7
:108F900003490548FFF7B4BF70BD00000010014051
:108FA000910100205C200020A81300202DE9F84347
:108FB00004460E4615461F4694F84100202802D06C
:108FC0000220BDE8F8837EB175B1002060642120E5
:108FD00084F84100FDF708FE8146A584E584A06879
:108FE000B0F5805F03D004E00120BDE8F88320697C
:108FF00090B135460026E08C4FF02008C8B14B46B2
:10900000002280212046009704F0EDFF30B184F863
:1090100041800320BDE8F8830025ECE7B5B1216865
:10902000287848606D1CE08C401EE084E08C0028AD
:10903000E5D14B46002240212046009704F0D3FFA3
:1090400058B184F841800320BDE8F8833088216856
:10905000C0F308004860B61CE5E784F841800020B2
:10906000BDE8F88337B5044694F84100202802D0C3
:1090700003B0022030BD0199002933D0002A31D03D
:109080002162A284E28400206064212384F84130BC
:10909000D4F838C0154BCCF83C30D4F838C0144B59
:1090A000CCF84030D4F838C0124BCCF84C30A36B1D
:1090B00018652068134600F1040C6246A06BFDF7AA
:1090C000E5FB21686FF0400008602068143050E82C
:1090D000001F41F0800140E80012002AF5D103B0E2
:1090E000002030BD03B0012030BD0000B7DC000817
:1090F000FBDC00086DDC0008704770471CB50020E1
:109100006A46FF211154401C0728FBDBFC208DF828
:10911000070069460120FAF79DFA32200CF036F973
:1091200069460220FAF796FA32200CF02FF96946C8
:109130000320FAF78FFA32200CF028F96946042050
:10914000FAF788FA32200CF021F900F02DFDFE200C
:109150008DF8070069460120FAF77CFA32200CF0FE
:1091600015F969460220FAF775FA32200CF00EF96B
:1091700069460320FAF76EFA32200CF007F96946C7
:109180000420FAF767FA32200CF000F91CBD000049
:1091900070B50446002020743B4DA27B616828888E
:1091A0004243D4F8F400F8F71DF9A17B2888414325
:1091B0006068F8F773F9A07B10FB00F12888414341
:1091C000D4F81801F8F76AF9207BA17B10FB01F1B4
:1091D00028884143D4F80C01F8F760F9002029E011
:1091E000D4F8F41001EB800292ED000AB5EEC00A4B
:1091F000F1EE10FA1CD0227C01EB820181ED000A15
:10920000227C616A8854A169227B01EB8001237C66
:1092100091ED000A6169095C12FB0311D4F80C217D
:10922000491E02EB810181ED000A217C491C217459
:10923000401CC0B2A17B8142D2D8002010E0636AFA
:10924000E26900FB01011B5C02EB830292ED000A64
:10925000D4F8182102EB810181ED000A401CC0B254
:10926000217C8142EBD85C3414F84C0CA08314F8B8
:10927000500CE083A084E184A186E186A087E18789
:1092800024F8141C70BD000000070020FEE70168F0
:109290004A6912F4806F11D06FF480624A61002134
:1092A0000163202280F83D2080F83E10026C42F0DD
:1092B0000402026480F83C100120704700207047CF
:1092C000F8B504460D4617461E46E06A082808D041
:1092D000012806D010F5803F03D0206B122806D05D
:1092E0000AE02068016841F48071016004E02068B0
:1092F000016841F4807101603B4600224FF001118A
:109300002046009600F07BF948B12068006810F410
:10931000807F02D04FF4007020640320F8BD2069E4
:10932000B0F5804F0FD005F44070F02141EAD01025
:109330002168086133463A460C49204600F0D4F9CA
:1093400030B10120F8BD216805F0FE00086102E09F
:109350002168E8B2086133463A460549204600F0E4
:10936000C3F908B10120F8BD0020F8BD08000100D4
:10937000020001002DE9F84F0446DDF828A00B9DFE
:109380000F4690461E462068016841F480610160E6
:109390002068016841F480710160534600224FF05B
:1093A00001112046009500F02AF94FF4007948B1E8
:1093B0002068006810F4807F01D0C4F8409003203A
:1093C000BDE8F88F216807F0FE000861DFF8F4B00F
:1093D0002B4652465946204600F086F910B101202E
:1093E000BDE8F88F20684169806900902A4651469F
:1093F000204600F032FA50B1206C042804D12068D5
:10940000016841F4007101600120BDE8F88F304629
:1094100008F0FF0601280DD021684FEA18200861E6
:109420002A465146204600F018FA70B1206C0428F4
:1094300003D007E02068066109E02068016841F474
:10944000007101600120BDE8F88F206806612A469E
:109450005146204600F001FA50B1206C042804D196
:109460002068016841F4007101600120BDE8F88FB7
:109470002068016841F480710160534600224FF07A
:1094800001112046009500F0BAF848B12068006844
:1094900010F4807F01D0C4F840900320BDE8F88F1D
:1094A0002168F8B240F0010008612B465246594647
:1094B000204600F019F910B10120BDE8F88F002016
:1094C000BDE8F88F020001002DE9F8430446DDF8FD
:1094D0002090099F0D46164698462068016841F481
:1094E000807101604B4600224FF001112046009729
:1094F00000F085F850B12068006810F4807F02D039
:109500004FF4007020640320BDE8F883216805F063
:10951000FE0008613B464A461E49204600F0E4F83A
:1095200010B10120BDE8F88320684169806900908E
:109530003A464946204600F090F950B1206C042884
:1095400004D12068016841F4007101600120BDE888
:10955000F883F5B2B8F1010F0CD02168300A086128
:109560003A464946204600F078F970B1206C04284C
:1095700003D007E02068056109E02068016841F434
:10958000007101600120BDE8F883206805610020BA
:10959000BDE8F8830200010070B504460D4616468A
:1095A0002068406910F0040F18D12046FFF76FFEC5
:1095B00008B1012070BDB5F1FF3F0AD0FDF714FBE3
:1095C000801BA84200D825B92068406910F0040F1C
:1095D00006D02068406910F0040FE6D0002070BD6E
:1095E00000202063202184F83D1084F83E00216C87
:1095F00041F02001216484F83C00012070BD2DE978
:10960000F0470446DDF820900D4617461E46C5F388
:1096100007482068B8F1010F13D0806925EA0000DF
:109620000004000C17D00020B8424DD1B6F1FF3F26
:109630003DD0FDF7D9FAA0EB0900B0420DD866B1D4
:1096400035E0406925EA00000004000C01D000204C
:10965000EAE70120E8E70120E6E7B8F1010F19D0B9
:109660002068806925EA00000004000C1DD000205D
:10967000B8421CD100202063202184F83D1084F8DA
:109680003E00216C41F02001216484F83C0001205F
:10969000BDE8F0872068406925EA00000004000C5E
:1096A00001D00020E4E70120E2E70120E0E7B8F183
:1096B000010F0CD02068806925EA00000004000C2E
:1096C00010D00020B842B1D00020BDE8F08720685B
:1096D000406925EA00000004000C01D00020F1E7F9
:1096E0000120EFE70120EDE72DE9F04704460D46A4
:1096F00016469846C5F307472068012F26D0806993
:1097000025EA00000004000C59D04FF000094FF08A
:10971000200A2068406910F4806F1ED0206801681C
:1097200041F40071016021686FF480604861C4F801
:10973000309084F83DA084F83E90206C40F0040006
:10974000206484F83C900120BDE8F087406925EA58
:1097500000000004000C32D0D7E7B6F1FF3F25D05F
:10976000FDF742FAA0EB0800B04200D8F6B9012F8D
:1097700015D02068806925EA00000004000C15D08F
:10978000C4F8309084F83DA084F83E90206C40F0FE
:109790002000206484F83C900120BDE8F087206818
:1097A000406925EA00000004000CE9D1012F09D02E
:1097B0002068806925EA00000004000CA9D100207F
:1097C000BDE8F0872068406925EA00000004000C2D
:1097D0009FD1F4E72DE9F04104460D461646206876
:1097E000406910F0400F27D100274FF02008206873
:1097F000406910F0100F0FD020686FF01001416128
:10980000276384F83D8084F83E70206C206484F8DF
:109810003C700120BDE8F081FDF7E6F9801BA8420D
:1098200000D825B92068406910F0400F07D02068A3
:10983000406910F0400FDAD00020BDE8F0812763C6
:1098400084F83D8084F83E70206C40F02000206455
:1098500084F83C700120BDE8F08170B504460D46E7
:1098600016462068406910F0800F18D12046FFF797
:109870000EFD08B1012070BDB5F1FF3F0AD0FDF724
:10988000B3F9801BA84200D825B92068406910F0C0
:10989000800F06D02068406910F0800FE6D00020CD
:1098A00070BD00202063202184F83D1084F83E0024
:1098B000216C41F02001216484F83C00012070BD3E
:1098C00030B503460C461088154D00280DD105F122
:1098D0000C0090ED000A85ED000A90ED010A85ED7F
:1098E000010A90ED020A85ED020A0D490C48703913
:1098F00009F0DCF995ED000A84ED000A95ED010A06
:1099000084ED010A95ED020A84ED020AB7EE000A21
:1099100083ED000A83ED010A83ED020A30BD0000E9
:10992000CC1E00200A4891ED000A80ED000AD1ED1E
:10993000010AC0ED010A91ED021A80ED021A0C38FD
:1099400080ED000AC0ED010A80ED021A70470000A8
:10995000D81E00200EB5072009F0F6FE02E06420B4
:1099600009F0F2FEF9F754FD0028F8D102E0642076
:1099700009F0EAFE09F00CFC0028F8D1804A101D1D
:10998000CDE90102A2F11005291DF9F759FD05F1F4
:10999000480A0AF1040009F039FC2B46A3F134020D
:1099A000A2F10C01A1F10C00CDF800A009F0E2F940
:1099B000DFED740A9FED740A744A002105F164001A
:1099C00001F0ECFDA5F13402A2F10C0101F1180047
:1099D000F9F78AFAA5F14008A5F1580698ED000AB2
:1099E000A5F1640786ED000AA5F1700987ED000A6C
:1099F00089ED000A98ED010A86ED010A87ED010A5A
:109A000089ED010A98ED020A86ED020A87ED020A45
:109A100089ED020A002009F0D3FE0CF0C1F95C4C7C
:109A200020615C491020C8610846FEF795FA08B12C
:109A3000FBF7A8F9564908222031A1F1080003F0EC
:109A4000A7FA012020714FF0FF3B594601200BF08F
:109A500079FA0128F9D12078000708D5207820F07C
:109A6000080020704A4801992130F9F7A1FC60787C
:109A700040070AD5607820F004006070404A291D34
:109A80001032A2F12A00F9F749FCA07840070CD562
:109A9000A07820F00400A0703D4802991630F9F734
:109AA000ABFD95ED040A09F073FA354BCDF800A033
:109AB000103BA3F13402A2F10C01A1F10C0009F05A
:109AC00059F997ED000A89ED000AD6ED000AC7EDB5
:109AD000000A9FED311ADFED311A9FED312A60EE59
:109AE000810A40EE210A98ED000A40EE020AC6ED16
:109AF000000A97ED010A89ED010AD6ED010AC7EDCA
:109B0000010A60EE810A40EE210A98ED010A40EE5A
:109B1000020AC6ED010A97ED020A89ED020AD6EDA6
:109B2000020AC7ED020A60EE810A40EE210A98EDB2
:109B3000020A40EE020AC6ED020A114B9FED190A15
:109B4000443BA3F1240202F10C0101F12400F9F7D6
:109B500025FB0B4B203B1A1F111FA1F1100008F031
:109B600055FEE07810F00100E0703FF46EAFE07851
:109B700020F00100E070E07840F00200E07064E75F
:109B8000B81E00200080894500A08C45907E010809
:109B9000C0000020E01000205AF8F63F5D896EBF3B
:109BA000D5A9183B6F12833A10B52DED028B174CD7
:109BB0009FED178ADFED178A22E0B0EE480A0120F8
:109BC000F9F76EFD02200BF0E1FBB0EE680A02200F
:109BD000F9F766FD02200BF0D9FBB0EE680A03200E
:109BE000F9F75EFD02200BF0D1FBB0EE480A04202D
:109BF000F9F756FD02200BF0C9FBE06B401CE06357
:109C0000E06BC828D9DBBDEC028B10BD3C00002006
:109C1000CDCC4C3FCDCC4CBF017A04291CD190ED6A
:109C2000590AB1EE400A80ED590A0E4AD0F868117F
:109C3000DFED0D0A0D4B9FED0E0A914202DDC0EDE6
:109C40005A0A03E0994201D980ED5A0AD0F86C1102
:109C5000914202DDC0ED5B0A70479942FCD980ED6C
:109C60005B0A704700204B4600204B4600204BC645
:109C700000204BC62DE9F04704460D4617461E4608
:109C8000DFF8E4830420A8F800000820A8F8020008
:109C900025736773A6734FF0000984F8109030465F
:109CA000F7F702F960613146F7F7D6FBB8F8000024
:109CB0007043F7F7F9F8A061B8F800107143F7F7AF
:109CC000EDFBB8F800007043F7F7EEF8E061B8F884
:109CD00000107143F7F7E2FBB8F800006843F7F7AC
:109CE000E3F82062B8F800106943F7F7D7FB304675
:109CF000F7F7DAF860623146F7F7AEFBB8F8000024
:109D00006843F7F7D1F82060B8F800106943F7F717
:109D1000C5FBB8F800007043F7F7C6F86060B8F804
:109D200000107143F7F7BAFBB8F800007843F7F773
:109D3000BBF8A060B8F800107943F7F7AFFBB8F8AC
:109D400000006843F7F7B0F8C4F8E800B8F800106E
:109D50006943F7F7A3FB217B012204F13000D4F81B
:109D6000E830F6F759FCB8F800006843F7F79CF8BC
:109D7000C4F8EC00B8F800106943F7F78FFB217BBB
:109D8000012204F13800D4F8EC30F6F745FC9FB11D
:109D9000B8F800007843F7F787F8C4F8F000B8F88F
:109DA00000107943F7F77AFB617B012204F1400050
:109DB000D4F8F030F6F730FCB8F800007043F7F74D
:109DC00073F8C4F8F400B8F800107143F7F766FBB5
:109DD000A17B012204F14800D4F8F430F6F71CFC12
:109DE000B8F8000068436843F7F75EF8C4F8F80075
:109DF000B8F8001069436943F7F750FB217B04F181
:109E000050000A46D4F8F830F6F706FCB8F800001F
:109E100068436843F7F748F8C4F8FC00B8F8001046
:109E200069436943F7F73AFB217B04F158000A467E
:109E3000D4F8FC30F6F7F0FBB8F80000684368434C
:109E4000F7F732F88834A067B8F800006843684331
:109E5000F7F72AF8E067B8F80010A06F6943694384
:109E6000F7F71CFBB8F80010E06F69436943F7F798
:109E700015FB14F87C1CA36F883C0A4604F16000B3
:109E8000F6F7CAFB217B04F168000A46D4F80431D6
:109E9000F6F7C2FBAFB1B8F8000068437843F7F7B4
:109EA00003F8C4F80801B8F8001069437943F7F7DC
:109EB000F5FA627B217B04F17000D4F80831F6F7E3
:109EC000ABFBB8F8000070436843F6F7EDFF94343D
:109ED000A067B8F8000068437043F6F7E5FFE06755
:109EE000B8F80010A06F71436943F7F7D7FAB8F8D4
:109EF0000010E06F69437143F7F7D0FA14F8882C2B
:109F000014F8861CA36F943C04F17800F6F784FBE8
:109F1000A27B217B04F18000D4F81031F6F77CFBA2
:109F2000B8F8000068436843F6F7BEFFC4F81401B0
:109F3000B8F8001069436943F7F7B0FA217B04F1E0
:109F400088000A46D4F81431F6F766FBB8F800002A
:109F500070437043F6F7A8FFC4F81801B8F8001072
:109F600071437143F7F79AFAA17B04F190000A4616
:109F7000D4F81831F6F750FBB8F800006843704386
:109F8000F6F792FFC4F81C01B8F80010694371435A
:109F9000F7F784FAA27B217B04F19800D4F81C31F6
:109FA000F6F73AFB207B10FB00F0B8F800104843AE
:109FB000F6F77AFFC4F82001207B10FB00F0B8F818
:109FC00000104843F6F770FFC4F82401207B10FB13
:109FD00000F0B8F800104843F6F766FFC4F828010F
:109FE000207BB8F800104843F6F75EFFC4F82C0158
:109FF000207BB8F800104843F6F756FFC4F830014C
:10A00000217B04F1A0000A46D4F82031F6F704FBC6
:10A01000217B04F1A8000A46D4F82431F6F7FCFAB3
:10A02000217B04F1B0000A46D4F82831F6F7F4FA9F
:10A03000217B012204F1B800D4F82C31F6F7ECFAB8
:10A04000217B012204F1C000D4F83031F6F7E4FAA4
:10A0500084F8289084F8299084F82A9084F82B902A
:10A0600084F82C90BDE8F0870007002070B5044606
:10A070000F4DE07B002803D02046FFF789F80DE064
:10A08000A27B288861684243D4F8F400F7F7AAF964
:10A09000A17B288841436068F7F700FA627B288833
:10A0A000A1684243D4F8F000BDE87040F7F79AB9D0
:10A0B000000700202DE9F041044694F82C00002808
:10A0C00027D17434A08CA086E188E186A08734F87B
:10A0D0001A0CE087743C04F1A802154604F17801DB
:10A0E00004F19800F6F734FD84F8C80004F1B002DA
:10A0F00004F1580116460F462846F6F729FD84F864
:10A10000C80004F1500231463846F6F7BFFD84F826
:10A11000C800BDE8F0812DE9F041044694F829001B
:10A1200000282CD104F1680104F160000D460746B7
:10A13000F6F730FE84F8C80004F15802164604F120
:10A1400050013846F6F704FD84F8C800B4F858000A
:10A15000A4F8A800B4F86A00A4F8AA0004F1A802C0
:10A16000174629463046F6F7F3FC84F8C800324615
:10A1700004F188013846F6F7CBF984F8C800BDE849
:10A18000F0812DE9F047044694F82A00002855D1C3
:10A1900004F1800104F178000D460746F6F7FAFD58
:10A1A0006C3484F85C00A089A08734F8120CE08736
:10A1B0006C3C04F1A80204F1580116468846384662
:10A1C000F6F7C6FC823484F84600E08CE0852088EF
:10A1D0002086823C04F1B002174629463046F6F745
:10A1E000B7FC903484F83800208820826088608230
:10A1F000903C04F1A002914604F190013846F6F734
:10A2000087F9AA34A07739464846F6F709FAA077C5
:10A2100034F8520C24F8020C34F8280C2080324612
:10A2200029464046F6F794FCA077AA3C04F1980230
:10A2300039463046F6F78CFC84F8C800BDE8F08754
:10A2400070B504462046FFF711FFD4F8CC1009B1D1
:10A2500020468847204600F067F8D4F8D01009B1AE
:10A26000204688472046FFF756FFD4F8D41009B19E
:10A2700020468847207C2B4DC0B9E07BB0B1227BC3
:10A2800028884243D4E93A01F7F7ACF8207B10FB69
:10A2900000F228884243D4E93E01F7F7A3F8D4F846
:10A2A000E01009B120468847002029E02046FFF74A
:10A2B00068FFD4F8D81009B120468847204600F03E
:10A2C0006DF8D4F8DC1009B1204688472046FFF726
:10A2D000F1FEE4E700FB0101D4F8F82002EB810174
:10A2E000226AD1ED000A02EB800292ED000AF4EE40
:10A2F000C00AF1EE10FA01D281ED000A401CC0B292
:10A30000217B8142E6D8227B2888D4F8E81042439A
:10A310002068F7F767F8D4F8E41009B120468847B9
:10A32000206870BD000700202DE9F041044694F834
:10A33000280000282AD1627B04F1300104F160007A
:10A3400004F1380522B3227BA4F8B8200126A4F832
:10A35000BA6004F1B8021746F6F7FAFB84F8C800B1
:10A36000207BA4F8C000A4F8C26004F1C002164625
:10A3700004F1400104F17000F6F7EAFB04F8C80F9D
:10A380002A4631463846F6F7C3F82070BDE8F0811A
:10A390002A46F6F7DDFB84F8C800F7E72DE9F0411F
:10A3A000044694F82B00002836D1B4F87800A4F8BD
:10A3B000B8000125A4F8BA5004F1B80204F138013C
:10A3C00016460F4604F17800F6F7C2FBAA34A077D0
:10A3D00034F8620CE0822583AA3C04F1C002904666
:10A3E000314604F14800F6F751FC983484F8300007
:10A3F000208820846584983C3246414604F19800C8
:10A40000F6F7A6FB84F8C80004F13002314638465E
:10A41000F6F77EF884F8C800BDE8F0812DE9F04138
:10A42000234B4FF0000C83F800C0DFF888801F1D1D
:10A4300083F801C01E7806EB860508EBC5045A7840
:10A4400002EB4501C9B2997001EB410107EBC10173
:10A4500090ED270A91ED001AD1ED010AD1ED021A13
:10A4600091ED032A00EE801AD0ED290A01EEA01A20
:10A4700060EE001A20EE200A02EE211AD1ED041A35
:10A4800001EE801A20EEA00AD1ED050A04EB82014C
:10A4900000EE801A81ED001A521CD1B259700A29BF
:10A4A000CDD3761CF1B219700429C1D3BDE8F08177
:10A4B0003C030020F03700202DE9F0412DED048B06
:10A4C00000285BD001231A4602212E48FFF7D2FB59
:10A4D0002C4900259C3101F88D5C2B4CC86D04F192
:10A4E0004802CCCACCC0486ED4E91837D4E9166209
:10A4F000C0E90237C0E9006204F16802886FCCCA83
:10A50000CCC0086FD4E904230CC0C86F6268026035
:10A51000C86E9FED1E9A80ED009AC86E9FED1C8A52
:10A5200080ED018ADFED1B8AC1ED268A01231A46E0
:10A5300002211948FFF79EFB17499C3101F88D5CF9
:10A5400004F14802C86D6CCA6CC004F15802486E30
:10A550006CCA6CC004F16802886F6CCA6CC0086F6A
:10A56000D4E904230CC0C86F62680260C86E80ED35
:10A57000009AC86E80ED018AC1ED268ABDEC048B7D
:10A58000BDE8F081683100208C0200208D979A355B
:10A59000FFF7163A00000000A032002070B5044614
:10A5A0002DED028B002C35D0244D21789FED248A8F
:10A5B0006868012931D094ED380A80ED000AA86856
:10A5C00094ED640A80ED000A1C48FFF739FE18B1CB
:10A5D00090ED000A85ED4D0A95ED4D0A84ED3B0A9C
:10A5E0002078184D012820D0686894ED3C0A80ED51
:10A5F000000AA86894ED650A80ED000A1148FFF78B
:10A600001FFE18B190ED000A85ED4D0A95ED4D0A3B
:10A6100084ED3F0ABDEC028B70BD94ED380A80EDED
:10A62000000AA86880ED008ACEE7686894ED3C0ACD
:10A6300080ED000AA86880ED008ADFE7683100201D
:10A6400000000000A03200207FB500240094019497
:10A65000029403941348124901604FF48031416021
:10A6600084600461047680F82040C4620E498162EF
:10A67000C4600125C56180F830404561FAF757FF95
:10A6800008B1FAF77FFB102000900195029469460B
:10A690000448FAF78FFE002801D0FAF773FB7FBD5C
:10A6A00000200140E40E00200100000F7FB50024CF
:10A6B00000940194029403941348124901604FF4EA
:10A6C0008031416084600461047680F82040C46277
:10A6D0000E498162C4600125C56180F83040456142
:10A6E000FAF725FF08B1FAF74DFB08200090019515
:10A6F000029469460448FAF75DFE002801D0FAF793
:10A7000041FB7FBD002201402C0F00200100000F03
:10A7100010B50F480D49016003214160002181609F
:10A72000C1604FF4102202614FF4001242610176C1
:10A7300041768176C17601774177FBF74CFB0028A3
:10A7400003D0BDE81040FAF71DBB10BD0064004007
:10A75000740F002010B50F480D49016003214160BE
:10A7600000218160C1604FF4102202614FF4001299
:10A770004261017641768176C17601774177FBF7B8
:10A780002AFB002803D0BDE81040FAF7FBBA10BD41
:10A79000006800409C0F002008B52148016841F482
:10A7A00080010160016801F480010091016841F4B9
:10A7B00000110160006800F40010009000220521E3
:10A7C0000C20FCF7CBFE0C20FCF7BAFE0022052182
:10A7D0003920FCF7C3FE3920FCF7B2FE0022052128
:10A7E0003A20FCF7BBFE3A20FCF7AAFE0022052126
:10A7F0003B20FCF7B3FE3B20FCF7A2FE0022052124
:10A800004520FCF7ABFE4520FCF79AFE002205210F
:10A810004620FCF7A3FEBDE808404620FCF790BEAA
:10A820003038024010B5CEB01C223C4947A8F6F79C
:10A83000D9FD002147A808F094FF394CA0621C22E2
:10A8400036491C3140A8F6F7CDFD002140A808F09C
:10A8500088FF20601C223149383139A8F6F7C2FD43
:10A86000002139A808F07DFFE0601C222B495431FB
:10A8700032A8F6F7B7FD002132A808F072FF606039
:10A880001C22264970312BA8F6F7ACFD00212BA81D
:10A8900008F067FFA0601C2220498C3124A8F6F73D
:10A8A000A1FD002124A808F05CFF20611C221B49A7
:10A8B000A8311DA8F6F796FD00211DA808F051FF4C
:10A8C00060611C221549C43116A8F6F78BFD0021E2
:10A8D00016A808F046FFA0611C221049E0310FA81D
:10A8E000F6F780FD00210FA808F03BFFE0611C2275
:10A8F0000A49FC3108A8F6F775FD002108A808F000
:10A9000030FF20621C22074901A8F6F76BFD0021E9
:10A9100001A808F026FF60624EB010BD2C7D010832
:10A9200000000020447E01082DE9F04186B014218A
:10A9300001A8F6F7B3FD4E48016841F0020101603D
:10A94000016801F002010091016841F040010160DD
:10A95000016801F040010091016841F001010160CE
:10A96000016801F001010091016841F008010160F6
:10A97000016801F008010091016841F004010160E3
:10A98000016801F004010091016841F020010160BB
:10A99000016801F020010091016841F0800101602F
:10A9A000006800F080000090324E012240213046C5
:10A9B000FCF712F9304F012210213846FCF70CF950
:10A9C000DFF8B880012211464046FCF705F9402027
:10A9D0000190012402940394049401A93046FBF7EA
:10A9E000E5FF092001904FF404150295039401A995
:10A9F0003046FBF7DBFF10200190029403940226FF
:10AA0000049601A93846FBF7D1FF3020019002954A
:10AA1000039401A91A48FBF7C9FF01940294039417
:10AA2000049601A94046FBF7C1FF06210022084613
:10AA3000FCF794FD0620FCF783FD00220521092088
:10AA4000FCF78CFD0920FCF77BFD002205210A2084
:10AA5000FCF784FD0A20FCF773FD00220521172076
:10AA6000FCF77CFD1720FCF76BFD06B0BDE8F0811C
:10AA7000303802400018024000000240000402404A
:10AA80000008024010B50D480B4901600C494160B7
:10AA900000218160C1604FF48042026141618161A7
:10AAA000C1610162FCF7A6F8002803D0BDE81040A0
:10AAB000FAF768B910BD000000540040C40F002030
:10AAC000801A060010B50D480B4901600C49416021
:10AAD00000218160C1604FF4804202614161816167
:10AAE000C1610162FCF786F8002803D0BDE8104080
:10AAF000FAF748B910BD00000058004018100020B7
:10AB0000801A060010B50D480B4901600C494160E0
:10AB100000218160C1604FF4804202614161816126
:10AB2000C1610162FCF766F8002803D0BDE810405F
:10AB3000FAF728B910BD0000005C00406C1000203E
:10AB4000801A060010B50C480A49016000214160D6
:10AB50007C22826040F67F42C26001614161816176
:10AB6000FDF76FF9002803D0BDE81040FAF70AB9E5
:10AB700010BD000000280040C010002010B5104893
:10AB80000E4901604FF48271416000218160C16013
:10AB90000222026101224261520282613822C261B4
:10ABA0000162416281620A21C162FDF7D5F9002884
:10ABB00003D0BDE81040FAF7E5B810BD0030014001
:10ABC000E010002010B588B01C2101A8F6F766FC43
:10ABD00014481349016000244460846041F28731C5
:10ABE000C16004618461FDF70CFC08B1FAF7CAF892
:10ABF0000C48FDF759FE08B1FAF7C4F8602001903F
:10AC0000029403940594002201A90648FDF7E0FD93
:10AC100008B1FAF7B7F80348FDF734FD08B010BDE6
:10AC2000004401406013002010B586B00024029457
:10AC3000039404940594009401941448124901600B
:10AC4000446084604FF6FF71C160046144618461B7
:10AC5000FDF7D7FB08B1FAF795F84FF48050029052
:10AC600002A90A48FDF798FC08B1FAF78BF800949E
:10AC7000019469460548FDF777FB002801D0FAF7F3
:10AC800081F806B010BD000000000140F81100205E
:10AC900010B58EB000240A940B940C940D94089473
:10ACA00009941C2101A8F6F7F9FB1E481C49016014
:10ACB0004460846042F2CF01C16004618461FDF7A9
:10ACC000A0FB08B1FAF75EF84FF480500A900AA989
:10ACD0001448FDF761FC08B1FAF754F81148FDF784
:10ACE000E3FD08B1FAF74EF80894099408A90D4855
:10ACF000FDF73AFB08B1FAF745F86020019002949D
:10AD000003940594082201A90648FDF761FD08B1E6
:10AD1000FAF738F80348FDF7B5FC0EB010BD000097
:10AD2000000400404012002010B58EB000240A94A8
:10AD30000B940C940D94089409941C2101A8F6F727
:10AD4000ADFB1E481C490160A721416084604FF69D
:10AD5000FF71C16004618461FDF753FB08B1FAF72C
:10AD600011F84FF480500A900AA91448FDF714FC1A
:10AD700008B1FAF707F81148FDF796FD08B1FAF7A0
:10AD800001F80894099408A90C48FDF7EDFA08B1F8
:10AD9000F9F7F8FF602001900294039405940822CB
:10ADA00001A90648FDF714FD08B1F9F7EBFF0348C8
:10ADB000FDF768FC0EB010BD0008004088120020AE
:10ADC00010B58EB000240A940B940C940D94089442
:10ADD00009941C2101A8F6F761FB2648244901606B
:10ADE000446084604FF6FF71C16004618461FDF7C7
:10ADF00008FB08B1F9F7C6FF4FF480500A900AA982
:10AE00001C48FDF7C9FB08B1F9F7BCFF1948FDF76D
:10AE10004BFD08B1F9F7B6FF0894099408A9154845
:10AE2000FDF7A2FA08B1F9F7ADFF60200190029496
:10AE300003940594002201A90E48FDF7C9FC08B14E
:10AE4000F9F7A0FF042201A90A48FDF7C1FC08B1E7
:10AE5000F9F798FF082201A90648FDF7B9FC08B1E7
:10AE6000F9F790FF0348FDF70DFC0EB010BD000090
:10AE7000000C0040D012002010B586B000240294CF
:10AE800003940494059400940194144812490160B9
:10AE9000A7214160846044F61F61C1600461446180
:10AEA0008461FDF7AEFA08B1F9F76CFF4FF48050FA
:10AEB000029002A90948FDF76FFB08B1F9F762FF9C
:10AEC0000094019469460548FDF74EFA002801D028
:10AED000F9F758FF06B010BD000401401813002018
:10AEE00010B50C480A4901604FF4E131416000217E
:10AEF0008160C16001610C2242618161C161FDF725
:10AF0000A7FE002803D0BDE81040F9F73BBF10BDF5
:10AF100000100140A813002010B50D480B49016036
:10AF20000C49416000218160C1604FF48062026180
:10AF30000C2242618161C161FDF78AFE002803D0C5
:10AF4000BDE81040F9F71EBF10BD000000480040EA
:10AF5000F0130020A086010010B50C480A490160DA
:10AF60004FF4E131416000218160C16001610C2238
:10AF700042618161C161FDF76BFE002803D0BDE82D
:10AF80001040F9F7FFBE10BD001401403814002036
:10AF9000FEE7000070B504462DED028B204600F060
:10AFA000C3FB94F808079FED2D8A04F580650128FE
:10AFB00001D085EDCA8A94F8D806012801D085ED24
:10AFC000BE8A94F8380601282FD0B0EE480A012036
:10AFD000F8F766FB01200AF0D9F994F888060128F1
:10AFE00029D0B0EE480A0320F8F75AFB01200AF0F6
:10AFF000CDF994F86006012823D0B0EE480A02206B
:10B00000F8F74EFB01200AF0C1F994F8B0060128C8
:10B010001DD0B0EE480A0420F8F742FBBDEC028BCD
:10B020000120BDE870400AF0B1B995ED930A012006
:10B03000F8F736FBCEE795EDA70A0320F8F730FBCB
:10B04000D4E795ED9D0A0220F8F72AFBDAE795EDA3
:10B05000B10A0420F8F724FBE0E70000000000003C
:10B0600010B52DED028B01209FED128AB0EE480A3B
:10B07000F8F716FB01200AF089F9B0EE480A022021
:10B08000F8F70EFB01200AF081F9B0EE480A032020
:10B09000F8F706FB01200AF079F9B0EE480A04201F
:10B0A000F8F7FEFABDEC028B0120BDE810400AF073
:10B0B0006DB90000000000007047000010B54FF4AB
:10B0C000806204490448F6F748F9BDE8104000F0F2
:10B0D000EFB800004A7F0108EF33002078210148D3
:10B0E00006F06CB90058004030B57F2811D83F29D0
:10B0F0000FD8CD080B4C012301F0070104EBC51458
:10B100008B402044012A05D0022A07D04178994378
:10B11000417030BD41781943417030BD417859408C
:10B12000417030BDEE33002010B50021AE2008F094
:10B13000F7FA0021402008F0F3FA0021812008F0FE
:10B14000EFFA0021FF2008F0EBFA0021A42008F01C
:10B15000E7FA0021A62008F0E3FA0021202008F0F9
:10B16000DFFA0021084608F0DBFA0021212008F070
:10B17000D7FA0021084608F0D3FA00217F2008F012
:10B18000CFFA0021222008F0CBFA0021084608F06F
:10B19000C7FA0021072008F0C3FA00213F2008F079
:10B1A000BFFA0021C82008F0BBFA0021A12008F056
:10B1B000B7FA0021A82008F0B3FA0021084608F0E9
:10B1C000AFFA0021D32008F0ABFA0021084608F0BE
:10B1D000A7FA0021D52008F0A3FA0021F02008F0FA
:10B1E0009FFA0021D92008F09BFA0021222008F0C4
:10B1F00097FA0021DA2008F093FA0021122008F0D3
:10B200008FFA0021DB2008F08BFA0021202008F0C3
:10B2100087FA00218D2008F083FA0021142008F01D
:10B220007FFA0021BDE81040AF2008F079BA000095
:10B23000F0B500230F4F0021FF25002607EBC312B6
:10B24000012810D090B1541894F801C0CCF1FF0C33
:10B2500084F801C0491CC9B28029F1D35B1CDBB260
:10B26000082BE8D3F0BD54186570F3E754186670E6
:10B27000F0E70000EE3300200FB470B505460E462F
:10B28000094C07AA226009480699F5F7DBFE82B24D
:10B29000002323600548835402463146284600F0C7
:10B2A000B6F870BC5DF814FB34030020D8330020DE
:10B2B00008B50021084600F013F80749402008703F
:10B2C0004FF47A700A46009040F201437821034817
:10B2D000FBF766FD08BD0000EE33002018100020CB
:10B2E00070B500F07F0401F007050021212008F06F
:10B2F00017FA0021204608F013FA00217F2008F0F9
:10B300000FFA0021222008F00BFA0021284608F04D
:10B3100007FABDE870400021072008F001BA0000DC
:10B320002DE9F04781460C46A046203AD0B20027CE
:10B33000164900EB400001EB800A1AF8076000256F
:10B34000300605D5012221464846FFF7CDFE04E030
:10B35000002221464846FFF7C7FE7006060E641C11
:10B36000E4B2A4EB08000C2809D06D1CEDB2082D46
:10B37000E6D37F1CFFB20C2FDFD3BDE8F087444635
:10B3800009F1010909F0FF09F3E700004A83010808
:10B390002DE9F74F8B4617464FF0000AD14631E0B2
:10B3A000002428E0786810F80A600AF1010A1FFA00
:10B3B0008AFA0025009800EB0908300608D50BEB47
:10B3C0000400C1B208F0FF000122FFF78DFE07E084
:10B3D0000BEB0400C1B208F0FF000022FFF784FE6F
:10B3E0007006060E641CE4B27888A04203D06D1C7F
:10B3F000EDB2082DE1D37888A042D3D809F1010934
:10B4000009F0FF0938884845CAD8BDE8FE8FF0B575
:10B4100004460E46174600250CE031462046FFF74D
:10B420007FFFA41DE4B27A2C02D900240C36F6B2B8
:10B430006D1CEDB27A5D002AEFD1F0BD002814D06A
:10B44000D0ED101AC0ED111A90ED0F1A80ED101A00
:10B45000C0ED060A80ED070A30EEC00A80ED0F0A43
:10B46000017829B1012952D092E09FED4B0A704733
:10B47000D0ED010A60EE801AC0ED091AD0ED0A0A7B
:10B4800090ED022A42EE000AC0ED0A0A90ED0D2A64
:10B4900080ED0E2A90ED0C2A80ED0D2A30EE410A47
:10B4A00080ED0C0A90ED031A21EE001A80ED0B1AC4
:10B4B00090ED050AF4EEC00AF1EE10FA02DD80ED1F
:10B4C0000A0A08E0B1EE400AF4EEC00AF1EE10FA02
:10B4D00001D280ED0A0A90ED0A0A31EE800A30EEC0
:10B4E000010A80ED080AD0ED040AB4EEE00AF1EE9C
:10B4F00010FA02DDC0ED080A4AE0F1EE600AB4EE8F
:10B50000E00AF1EE10FA43D2C0ED080A40E070EE16
:10B51000410A90ED012A60EE820AC0ED090A90ED21
:10B52000022A22EE002A80ED0A2AD0ED0D2AC0ED73
:10B530000E2AD0ED0C2AC0ED0D2AF0EE002A01EE05
:10B54000620A30EE210A80ED0C0A90ED031A21EE1A
:10B55000000A80ED0B0A70EE820A30EE800AD0ED10
:10B56000080A30EE200A80ED080AD0ED040AB4EE95
:10B57000E00AF1EE10FA02DDC0ED080A08E0F1EE93
:10B58000600AB4EEE00AF1EE10FA01D2C0ED080A4A
:10B5900090ED080A7047000000000000002828D045
:10B5A000002A26D0017092ED001A80ED011A92ED6A
:10B5B000011A80ED021A92ED021A80ED031A80ED55
:10B5C000040AC0ED050A9FED0B0A80ED0E0A80ED1E
:10B5D0000D0A80ED0C0A80ED080A80ED0B0A80ED63
:10B5E0000A0A80ED090A80ED110A80ED100A80ED4B
:10B5F0000F0A70470000000030B5174C23685D69E2
:10B6000045F040055D612368DC6844F01004DC60AF
:10B61000124C23681D6825F001051D6003E01D68BC
:10B6200025F001051D6023681D68ED07F7D1256829
:10B630000B4BAB602368D8602068016120684260D2
:10B640002068016841F4802101602068016841F0B0
:10B650000101016030BD0000F0130020E014002063
:10B660000448004010B50C4B1968CA6822F4005217
:10B67000CA600A4A11680C6824F001040C60116861
:10B6800048601068016841F0010101601868C168F4
:10B6900041F40051C16010BDF0130020E0140020FF
:10B6A00003480068C16821F40051C1607047000080
:10B6B000F01300202DE9F041044600252068C16800
:10B6C00011F0400F17D1C16841F08001C160FBF754
:10B6D0008BFA0646042707E0FBF786FA801BB0F5D5
:10B6E0007A7F01D9677701252068C06810F0400F84
:10B6F00001D1012DF0D12846BDE8F08170B5044696
:10B7000000252068C16821F08001C1602068806840
:10B7100010F0200F06D12046FCF700FC10B10420E9
:10B7200060770125284670BD002809D000F58060AB
:10B7300090EDBE0A80EDC00A90EDCA0A80EDCC0AF9
:10B74000704700002DE9F74F82B0F749086802689A
:10B7500022F001020260F54A1068036823F0010339
:10B76000036003E0016821F001010160EE48006818
:10B770000168C907F6D103E0016821F00101016009
:10B78000EA4800680168C907F6D1E948E94AEA4B86
:10B79000C06C0190E74CE84DE64EE74F0068DFF8DB
:10B7A00094B3DFF890C3E449483A6033183418354D
:10B7B000303E78374FF400680CF1300C58454CD9C6
:10B7C000884201D1202041E0904201D120203DE07B
:10B7D000984201D1202039E0A04201D1202035E05B
:10B7E000A84201D1404631E0B04201D140462DE0AF
:10B7F000B84201D1404629E0604501D1404625E0EC
:10B80000DFF8349309F13009484502D14FF40010B4
:10B810001CE0DFF82093A9F11809484502D14FF444
:10B82000001013E0DFF8109309F19009484502D1A8
:10B830004FF400100AE0DFF8FC9209F1480948458E
:10B8400002D14FF4001001E04FF00060DFF8E49205
:10B85000A9F14C09C9F80000F1E0DFF8DC9209F128
:10B86000A80948454CD9884201D1202041E09042A6
:10B8700001D120203DE0984201D1202039E0A042B2
:10B8800001D1202035E0A84201D1404631E0B0424C
:10B8900001D140462DE0B84201D1404629E0604543
:10B8A00001D1404625E0DFF8909209F13009484582
:10B8B00002D14FF400101CE0DFF87892A9F11809CA
:10B8C000484502D14FF4001013E0DFF86C9209F103
:10B8D0009009484502D14FF400100AE0DFF8549275
:10B8E00009F14809484502D14FF4001001E04FF03A
:10B8F0000060DFF84092A9F15009C9F800009EE00D
:10B90000DFF8349209F1480948454CD9884201D101
:10B91000202041E0904201D120203DE0984201D119
:10B92000202039E0A04201D1202035E0A84201D1F9
:10B93000404631E0B04201D140462DE0B84201D14D
:10B94000404629E0604501D1404625E0DFF8E89116
:10B9500009F13009484502D14FF400101CE0DFF82E
:10B96000D491A9F11809484502D14FF4001013E011
:10B97000DFF8C49109F19009484502D14FF4001055
:10B980000AE0DFF8B09109F14809484502D14FF4C7
:10B99000001001E04FF00060DFF89C91A9F1100960
:10B9A000C9F80C004BE0884201D1202041E09042D0
:10B9B00001D120203DE0984201D1202039E0A04271
:10B9C00001D1202035E0A84201D1404631E0B0420B
:10B9D00001D140462DE0B84201D1404629E0604502
:10B9E00001D1404625E0DFF8509109F13009484582
:10B9F00002D14FF400101CE0DFF83891A9F11809CA
:10BA0000484502D14FF4001013E0DFF82C9109F102
:10BA10009009484502D14FF400100AE0DFF8149174
:10BA200009F14809484502D14FF4001001E04FF0F8
:10BA30000060DFF80491A9F11009C9F80800019825
:10BA40004FF48069006858454CD9884201D11020D4
:10BA500041E0904201D110203DE0984201D11020F8
:10BA600039E0A04201D1102035E0A84201D148467A
:10BA700031E0B04201D148462DE0B84201D14846FC
:10BA800029E0604501D1484625E0DFF8ACE00EF141
:10BA9000300E704502D14FF480101CE0DFF894E0C6
:10BAA000AEF1180E704502D14FF4801013E0DFF8AC
:10BAB00088E00EF1900E704502D14FF480100AE03C
:10BAC000DFF870E00EF1480E704502D14FF480109F
:10BAD00001E04FF08060DFF85CE0AEF14C0ECEF894
:10BAE0000000EFE0DFF850E00EF1A80E704552D9EB
:10BAF000884201D1102047E0904201D1102043E05C
:10BB0000984201D110203FE0A04201D110203BE03B
:10BB1000A84201D1484637E0B04201D1484633E05F
:10BB2000B8420BD148462FE0381100209811002070
:10BB3000E01000205864024010600240604501D1CE
:10BB4000484621E0DFF8A4EC704502D14FF48010A4
:10BB50001AE0DFF89CEC704502D14FF4801013E03E
:10BB6000DFF888EC0EF1600E704502D14FF48010C2
:10BB70000AE0DFF87CEC0EF1600E704502D14FF464
:10BB8000801001E04FF08060DFF864ECAEF1380E19
:10BB9000CEF8000096E0DFF854EC0EF1180E704578
:10BBA00048D9884201D110203DE0904201D11020B7
:10BBB00039E0984201D1102035E0A04201D1102097
:10BBC00031E0A84201D148462DE0B04201D14846BB
:10BBD00029E0B84201D1484625E0604501D14846F8
:10BBE00021E0DFF808EC704502D14FF480101AE034
:10BBF000DFF8FCEB704502D14FF4801013E0DFF862
:10BC0000ECEB0EF1600E704502D14FF480100AE0AB
:10BC1000DFF8DCEB0EF1600E704502D14FF48010BE
:10BC200001E04FF08060DFF8C4EBAEF1400ECEF8DB
:10BC30000C0047E0884201D110203DE0904201D144
:10BC4000102039E0984201D1102035E0A04201D106
:10BC5000102031E0A84201D148462DE0B04201D188
:10BC6000484629E0B84201D1484625E0604501D167
:10BC7000484621E0DFF874EB704502D14FF48010A4
:10BC80001AE0DFF86CEB704502D14FF4801013E03E
:10BC9000DFF858EB0EF1600E704502D14FF48010C2
:10BCA0000AE0DFF84CEB0EF1600E704502D14FF464
:10BCB000801001E04FF08060DFF830EBAEF1400E15
:10BCC000CEF8080001984FF4007A0068584548D92A
:10BCD000884201D108203DE0904201D1082039E09E
:10BCE000984201D1082035E0A04201D1082031E07E
:10BCF000A84201D150462DE0B04201D1504629E082
:10BD0000B84201D1504625E0604501D1504621E0BE
:10BD1000DFF8D8EA704502D14FF400201AE0DFF8CE
:10BD2000D0EA704502D14FF4002013E0DFF8BCEAFE
:10BD30000EF1600E704502D14FF400200AE0DFF8EA
:10BD4000B0EA0EF1600E704502D14FF4002001E020
:10BD50004FF00070DFF898EAAEF1340ECEF8000034
:10BD6000E5E0DFF888EA0EF1780E704548D98842A0
:10BD700001D108203DE0904201D1082039E09842ED
:10BD800001D1082035E0A04201D1082031E0A842CD
:10BD900001D150462DE0B04201D1504629E0B842D1
:10BDA00001D1504625E0604501D1504621E0DFF841
:10BDB0003CEA704502D14FF400201AE0DFF830EA87
:10BDC000704502D14FF4002013E0DFF820EA0EF1B5
:10BDD000600E704502D14FF400200AE0DFF810EA4F
:10BDE0000EF1600E704502D14FF4002001E04FF0DB
:10BDF0000070DFF8FCE9AEF1380ECEF8000096E0F6
:10BE0000DFF8E8E90EF1180E704548D9884201D1F3
:10BE100008203DE0904201D1082039E0984201D14C
:10BE2000082035E0A04201D1082031E0A84201D12C
:10BE300050462DE0B04201D1504629E0B84201D130
:10BE4000504625E0604501D1504621E0DFF89CE9ED
:10BE5000704502D14FF400201AE0DFF894E97045F4
:10BE600002D14FF4002013E0DFF880E90EF1600EFC
:10BE7000704502D14FF400200AE0DFF874E90EF1BA
:10BE8000600E704502D14FF4002001E04FF00070C9
:10BE9000DFF858E9AEF1400ECEF80C0047E08842DA
:10BEA00001D108203DE0904201D1082039E09842BC
:10BEB00001D1082035E0A04201D1082031E0A8429C
:10BEC00001D150462DE0B04201D1504629E0B842A0
:10BED00001D1504625E0604501D1504621E0DFF810
:10BEE0000CE9704502D14FF400201AE0DFF800E9B8
:10BEF000704502D14FF4002013E0DFF8F0E80EF1B6
:10BF0000600E704502D14FF400200AE0DFF8E0E84F
:10BF10000EF1600E704502D14FF4002001E04FF0A9
:10BF20000070DFF8C8E8AEF1400ECEF808000198C6
:10BF3000DFF8BCE84FF4802B00680EF1180E704556
:10BF400048D9884201D104203DE0904201D104202B
:10BF500039E0984201D1042035E0A04201D104200B
:10BF600031E0A84202D14FF480702CE0B04202D1FF
:10BF70004FF4807027E0B84202D14FF4807022E085
:10BF8000604502D14FF480701DE0DFF860E8704535
:10BF900001D1584617E0DFF858E8704501D15846FE
:10BFA00011E0DFF848E80EF1600E704501D1584607
:10BFB00009E0DFF83CE80EF1600E704501D158460B
:10BFC00001E04FF08070DFF828E8AEF1340ECEF8D3
:10BFD0000000E5E0DFF814E80EF1780E704548D96E
:10BFE000884201D104203DE0904201D1042039E093
:10BFF000984201D1042035E0A04201D1042031E073
:10C00000A84202D14FF480702CE0B04202D14FF42C
:10C01000807027E0B84202D14FF4807022E0604582
:10C0200002D14FF480701DE0DFF8C0E7704501D108
:10C03000584617E0DFF8B8E7704501D1584611E0DF
:10C04000DFF8A8E70EF1600E704501D1584609E00F
:10C05000DFF89CE70EF1600E704501D1584601E013
:10C060004FF08070DFF888E7AEF1380ECEF80000B0
:10C0700096E0DFF878E70EF1180E704548D988424F
:10C0800001D104203DE0904201D1042039E09842E2
:10C0900001D1042035E0A04201D1042031E0A842C2
:10C0A00002D14FF480702CE0B04202D14FF4807086
:10C0B00027E0B84202D14FF4807022E0604502D1FF
:10C0C0004FF480701DE0DFF824E7704501D1584639
:10C0D00017E0DFF81CE7704501D1584611E0DFF8A2
:10C0E0000CE70EF1600E704501D1584609E0DFF80B
:10C0F00000E70EF1600E704501D1584601E04FF0A7
:10C100008070DFF8E8E6AEF1400ECEF80C0047E0B4
:10C11000884201D104203DE0904201D1042039E061
:10C12000984201D1042035E0A04201D1042031E041
:10C13000A84202D14FF480702CE0B04202D14FF4FB
:10C14000807027E0B84202D14FF4807022E0604551
:10C1500002D14FF480701DE0DFF890E6704501D108
:10C16000584617E0DFF888E6704501D1584611E0DF
:10C17000DFF878E60EF1600E704501D1584609E00F
:10C18000DFF86CE60EF1600E704501D1584601E013
:10C190004FF08070DFF854E6AEF1400ECEF80800A4
:10C1A0000198DFF84CE600680EF1180E704548D98A
:10C1B000884201D101203DE0904201D1012039E0C7
:10C1C000984201D1012035E0A04201D1012031E0A7
:10C1D000A84201D140202DE0B04201D1402029E009
:10C1E000B84201D1402025E0604501D1402021E046
:10C1F000DFF8F8E5704502D14FF480301AE0DFF83F
:10C20000F0E5704502D14FF4803013E0DFF8DCE553
:10C210000EF1600E704502D14FF480300AE0DFF875
:10C22000D0E50EF1600E704502D14FF4803001E090
:10C230004FF48000DFF8B8E5AEF1340ECEF8000020
:10C24000E5E0DFF8A8E50EF1780E704548D98842A0
:10C2500001D101203DE0904201D1012039E0984216
:10C2600001D1012035E0A04201D1012031E0A842F6
:10C2700001D140202DE0B04201D1402029E0B84258
:10C2800001D1402025E0604501D1402021E0DFF8C8
:10C290005CE5704502D14FF480301AE0DFF850E5DC
:10C2A000704502D14FF4803013E0DFF840E50EF125
:10C2B000600E704502D14FF480300AE0DFF830E5BF
:10C2C0000EF1600E704502D14FF4803001E04FF462
:10C2D0008000DFF81CE5AEF1380ECEF8000096E0E5
:10C2E000DFF808E50EF1180E704548D9884201D1F3
:10C2F00001203DE0904201D1012039E0984201D176
:10C30000012035E0A04201D1012031E0A84201D155
:10C3100040202DE0B04201D1402029E0B84201D1B7
:10C32000402025E0604501D1402021E0DFF8BCE459
:10C33000704502D14FF480301AE0DFF8B4E4704564
:10C3400002D14FF4803013E0DFF8A0E40EF1600E6C
:10C35000704502D14FF480300AE0DFF894E40EF12A
:10C36000600E704502D14FF4803001E04FF4800040
:10C37000DFF878E4AEF1400ECEF80C0047E08842DA
:10C3800001D101203DE0904201D1012039E09842E5
:10C3900001D1012035E0A04201D1012031E0A842C5
:10C3A00001D140202DE0B04201D1402029E0B84227
:10C3B00001D1402025E0604501D1402021E0DFF897
:10C3C0002CE4704502D14FF480301AE0DFF820E40D
:10C3D000704502D14FF4803013E0DFF810E40EF125
:10C3E000600E704502D14FF480300AE0DFF800E4BF
:10C3F0000EF1600E704502D14FF4803001E04FF431
:10C400008000DFF8E8E3AEF1400ECEF80800F9480E
:10C41000DFF8DCE3806C00900EF1180E00687045C8
:10C4200042D9884202D14FF0200838E0904202D130
:10C430004FF0200833E0984202D14FF020082EE060
:10C44000A04202D14FF0200829E0A84227D0B042F4
:10C4500025D0B84223D0604521D0DFF890834045F5
:10C4600002D14FF400181AE0DFF88483404502D16E
:10C470004FF4001813E0DFF8748308F160084045BA
:10C4800002D14FF400180AE0DFF8648308F1600875
:10C49000404502D14FF4001801E04FF00068D44845
:10C4A0003438C0F80080D3E0DFF840E30EF1780EB6
:10C4B000704542D9884202D14FF0200838E09042BE
:10C4C00002D14FF0200833E0984202D14FF020080B
:10C4D0002EE0A04202D14FF0200829E0A84227D048
:10C4E000B04225D0B84223D0604521D0DFF8FC828D
:10C4F000404502D14FF400181AE0DFF8F4824045BD
:10C5000002D14FF4001813E0DFF8E08208F1600870
:10C51000404502D14FF400180AE0DFF8D48208F158
:10C520006008404502D14FF4001801E04FF0006868
:10C53000AF483838C0F800808AE0DFF8B0E20EF18A
:10C54000180E704542D9884202D14FF0200838E0D9
:10C55000904202D14FF0200833E0984202D14FF0D0
:10C5600020082EE0A04202D14FF0200829E0A84286
:10C5700027D0B04225D0B84223D0604521D0DFF883
:10C580006C82404502D14FF400181AE0DFF8608257
:10C59000404502D14FF4001813E0DFF8508208F153
:10C5A0006008404502D14FF400180AE0DFF84082ED
:10C5B00008F16008404502D14FF4001801E04FF047
:10C5C00000688A484038C0F80C8041E0884202D1B7
:10C5D0004FF0200838E0904202D14FF0200833E0BD
:10C5E000984202D14FF020082EE0A04202D14FF035
:10C5F000200829E0A84227D0B04225D0B84223D055
:10C60000604521D0DFF8E481404502D14FF40018A5
:10C610001AE0DFF8DC81404502D14FF4001813E046
:10C62000DFF8C88108F16008404502D14FF40018D6
:10C630000AE0DFF8BC8108F16008404502D14FF400
:10C64000001801E04FF0006868484038C0F80880E2
:10C650000098DFF89C81006808F11808404542D92D
:10C66000884202D14FF0100938E0904202D14FF0D9
:10C67000100933E0984202D14FF010092EE0A04299
:10C6800002D14FF0100929E0A84227D0B04225D0AE
:10C69000B84223D0604521D0DFF85091484502D1FF
:10C6A0004FF480191AE0DFF84891484502D14FF461
:10C6B000801913E0DFF8349109F16009484502D18F
:10C6C0004FF480190AE0DFF8289109F16009484524
:10C6D00002D14FF4801901E04FF0806944483438AA
:10C6E000C0F80090D8E0DFF804E10EF1780E704554
:10C6F00042D9884202D14FF0100938E0904202D16D
:10C700004FF0100933E0984202D14FF010092EE0AB
:10C71000A04202D14FF0100929E0A84227D0B04230
:10C7200025D0B84223D0604521D0DFF8C0904845DD
:10C7300002D14FF480191AE0DFF8B490484502D1D5
:10C740004FF4801913E0DFF8A49009F1600948451F
:10C7500002D14FF480190AE0DFF8949009F16009E2
:10C76000484502D14FF4801901E04FF0806920481C
:10C770003838C0F800908FE0DFF870E00EF1180E46
:10C78000704546D9884202D14FF010093DE09042F1
:10C7900002D14FF0100938E0984202D14FF0100951
:10C7A00033E0A04202D14FF010092EE0A8422CD075
:10C7B000B0422AD0B84228D0604526D0DFF82C906D
:10C7C000484502D14FF480191FE0DFF82490484516
:10C7D00002D14FF4801918E0DFF8109009F16009D8
:10C7E000484509D14FF480190FE000004060024035
:10C7F00040640240E0100020DFF80494484502D174
:10C800004FF4801901E04FF08069FE48C0F80C90A9
:10C8100042E0884202D14FF010093AE0904202D142
:10C820004FF0100935E0984202D14FF0100930E086
:10C83000A04202D14FF010092BE0A84229D0B0420B
:10C8400027D0B84225D0604523D0DFF8B89309F14E
:10C850004009484502D14FF480191AE0DFF8A0934F
:10C86000A9F16009484502D14FF4801911E0DFF8C1
:10C87000949309F1A009484502D14FF4801908E0CA
:10C88000DFF87C93484502D14FF4801901E04FF066
:10C890008069DC48C0F8089000980068404544D999
:10C8A000884202D14FF0080A3AE0904202D14FF09C
:10C8B000080A35E0984202D14FF0080A30E0A04261
:10C8C00002D14FF0080A2BE0A84229D0B04227D06D
:10C8D000B84225D0604523D0DFF8289309F14009FC
:10C8E000484502D14FF4002A1AE0DFF81493A9F169
:10C8F0006009484502D14FF4002A11E0DFF80493A3
:10C9000009F1A009484502D14FF4002A08E0DFF8F8
:10C91000F092484502D14FF4002A01E04FF0007A2E
:10C92000B7489438C0F800A0D7E0DFF8D89209F1F2
:10C93000B809484544D9884202D14FF0080A3AE084
:10C94000904202D14FF0080A35E0984202D14FF0F0
:10C95000080A30E0A04202D14FF0080A2BE0A842BA
:10C9600029D0B04227D0B84225D0604523D0DFF887
:10C97000949209F14009484502D14FF4002A1AE087
:10C98000DFF87C92A9F16009484502D14FF4002AF2
:10C9900011E0DFF8709209F1A009484502D14FF487
:10C9A000002A08E0DFF85892484502D14FF4002AE7
:10C9B00001E04FF0007A92489838C0F800A08CE06F
:10C9C000DFF8409209F15809484543D9884202D11D
:10C9D0004FF0080A3AE0904202D14FF0080A35E0E1
:10C9E000984202D14FF0080A30E0A04202D14FF045
:10C9F000080A2BE0A84229D0B04227D0B84225D05F
:10CA0000604523D0DFF8FC9109F14009484502D187
:10CA10004FF4002A1AE0DFF8E891A9F160094845CF
:10CA200002D14FF4002A11E0DFF8D89109F1A009F2
:10CA3000484502D14FF4002A08E0DFF8C491484588
:10CA400002D14FF4002A01E04FF0007A6D48C0F89F
:10CA50000CA042E0884202D14FF0080A3AE090422E
:10CA600002D14FF0080A35E0984202D14FF0080A8F
:10CA700030E0A04202D14FF0080A2BE0A84229D0B2
:10CA8000B04227D0B84225D0604523D0DFF874915A
:10CA900009F14009484502D14FF4002A1AE0DFF8B5
:10CAA0006091A9F16009484502D14FF4002A11E0D4
:10CAB000DFF8509109F1A009484502D14FF4002A4E
:10CAC00008E0DFF83C91484502D14FF4002A01E02C
:10CAD0004FF0007A4B48C0F808A000980068404525
:10CAE00044D9884202D14FF0040B3AE0904202D17F
:10CAF0004FF0040B35E0984202D14FF0040B30E0C8
:10CB0000A04202D14FF0040B2BE0A84202D14FF417
:10CB1000807B26E0B04202D14FF4807B21E0B84216
:10CB200002D14FF4807B1CE0604502D14FF4807B42
:10CB300017E0DFF8D09009F14009484511D0DFF83F
:10CB4000C090A9F1600948450BD0DFF8B89009F111
:10CB5000A009484505D0DFF8A890484501D04FF01E
:10CB6000807B27489438C0F800B0DDE0DFF894906F
:10CB700009F1B80948454AD9884202D14FF0040B5F
:10CB80003AE0904202D14FF0040B35E0984202D1D6
:10CB90004FF0040B30E0A04202D14FF0040B2BE029
:10CBA000A84202D14FF4807B26E0B04202D14FF47C
:10CBB000807B21E0B84202D14FF4807B1CE06045CD
:10CBC00002D14FF4807B17E0DFF8389009F140097B
:10CBD000484511D0DFF82890A9F1600948450BD0ED
:10CBE000DFF8209009F1A009484505D0DFF8109042
:10CBF000484501D04FF0807B0148983804E00000A0
:10CC0000A064024000600240C0F800B08CE0DFF891
:10CC10007093484544D9884202D14FF0040B3AE062
:10CC2000904202D14FF0040B35E0984202D14FF010
:10CC3000040B30E0A04202D14FF0040B2BE0A842DD
:10CC400002D14FF4807B26E0B04202D14FF4807BCA
:10CC500021E0B84202D14FF4807B1CE0604502D154
:10CC60004FF4807B17E0DFF81893A9F118094845C5
:10CC700011D0DFF8109348450DD0DFF8049309F187
:10CC80004809484507D0DFF8FC9209F1600948459A
:10CC900001D04FF0807BBA485838C0F80CB043E060
:10CCA000884202D14FF0040B3AE0904202D14FF09B
:10CCB000040B35E0984202D14FF0040B30E0A04263
:10CCC00002D14FF0040B2BE0A84202D14FF4807B3D
:10CCD00026E0B04202D14FF4807B21E0B84202D17D
:10CCE0004FF4807B1CE0604502D14FF4807B17E05D
:10CCF000DFF88C92A9F11809484511D0DFF8849229
:10CD000048450DD0DFF8789209F14809484507D029
:10CD1000DFF8709209F16009484501D04FF0807B3F
:10CD200097485838C0F808B000980068404540D986
:10CD3000884201D1012038E0904201D1012034E045
:10CD4000984201D1012030E0A04201D101202CE025
:10CD5000A84201D1402028E0B04201D1402024E087
:10CD6000B84201D1402020E0604501D140201CE0C4
:10CD700083491839884202D14FF4803015E0814947
:10CD8000884202D14FF480300FE07D49483188421B
:10CD900002D14FF4803008E07A496031884202D1F4
:10CDA0004FF4803001E04FF4800076493439086058
:10CDB000CBE0DFF8CC8108F16008404540D98842DB
:10CDC00001D1012038E0904201D1012034E09842A5
:10CDD00001D1012030E0A04201D101202CE0A84285
:10CDE00001D1402028E0B04201D1402024E0B842E7
:10CDF00001D1402020E0604501D140201CE0604985
:10CE00001839884202D14FF4803015E05D498842DC
:10CE100002D14FF480300FE059494831884202D1A5
:10CE20004FF4803008E057496031884202D14FF416
:10CE3000803001E04FF4800052493839086084E0C6
:10CE4000DFF83C81404540D9884201D1012038E0DB
:10CE5000904201D1012034E0984201D1012030E01C
:10CE6000A04201D101202CE0A84201D1402028E0BD
:10CE7000B04201D1402024E0B84201D1402020E05E
:10CE8000604501D140201CE03D491839884202D15B
:10CE90004FF4803015E03B49884202D14FF4803096
:10CEA0000FE037494831884202D14FF4803008E022
:10CEB00034496031884202D14FF4803001E04FF4B0
:10CEC00080002F495839C8603FE0884201D10120D5
:10CED00038E0904201D1012034E0984201D1012094
:10CEE00030E0A04201D101202CE0A84201D1402035
:10CEF00028E0B04201D1402024E0B84201D14020D6
:10CF000020E0604501D140201CE01D4918398842CD
:10CF100002D14FF4803015E01A49884202D14FF413
:10CF200080300FE016494831884202D14FF48030FA
:10CF300008E014496031884202D14FF4803001E0AA
:10CF40004FF480000E49583988600F4803990268F1
:10CF5000D1600E49029A0B68DA600368049A5A603D
:10CF60000B68049A5A600068026842F0010202608D
:10CF70000868016841F00101016005B0BDE8F08F6B
:10CF8000586002404064024038110020981100208F
:10CF90002DE9F04F3B4C23685D6845F002055D606C
:10CFA00023685D6845F001055D6023681C6844F0F6
:10CFB00040041C60344C23681D6825F001051D6089
:10CFC00003E01D6825F001051D6023681D68ED075D
:10CFD000F7D12E4F2E4D2D4E4C3FDFF8B490D4F8A4
:10CFE00000B0DFF8ACC0B83D4FF4001AA7F1040858
:10CFF000A9F16009B34502D9C7F800A00BE0634569
:10D0000002D9C8F800A006E04B4502D9C5F80CA02B
:10D0100001E0C5F808A0DFF87CA0C3F808A02368E9
:10D02000D96021684A6021680B6843F010030B60E7
:10D03000194B19680C6824F001040C6003E00C68BB
:10D0400024F001040C6019680C68E407F7D1D3F8E8
:10D0500000B04FF00064B34501D93C6009E0614580
:10D0600002D9C8F8004004E0494501D9EC6000E06D
:10D07000AC60C1F808A01968C86018684260BDE8D3
:10D08000F08F0000E01000203811002058640240AA
:10D09000B86002400C3001409811002070B582B099
:10D0A00004460E46154633460122022120460095CD
:10D0B00000F036F830B1606D40F02000606502B0DD
:10D0C000032070BD144815490068B0FBF1F04FF41F
:10D0D0007A71484301906068B0F5827F0ED1334683
:10D0E000002280212046009500F01AF880B1606D82
:10D0F00040F02000606502B0032070BD019838B197
:10D100000198401E01902068806810F0800FF5D1D2
:10D1100002B0002070BD00001807002000366E012C
:10D120002DE9F84304460F4690469946089DF9F7C5
:10D130005BFD401BA9EB0005F9F756FD06462D489F
:10D140000068C0F3CB30684300902068806837EAFD
:10D1500000000ED00020404546D0B9F1FF3F3BD043
:10D16000F9F742FD801BA84205D225B1009870B3A3
:10D170002FE00120EFE72068416821F0E0014160E5
:10D180006068B0F5827F0BD1A068B0F5004F02D087
:10D19000B0F5806F04D12068016821F04001016082
:10D1A000A06AB0F5005F09D12068016821F4005140
:10D1B00001602068016841F400510160012084F899
:10D1C0005100002084F850000320BDE8F883FFE7F9
:10D1D00000250098401E00902068806837EA000013
:10D1E00005D000204045B8D10020BDE8F8830120DB
:10D1F000F8E700001807002010B504462DED048B59
:10D2000054F89C0F0AF088FB41EC180B206D0AF0D3
:10D2100083FB41EC100B01F0BBFCB0EE409AF0EE4A
:10D22000609AD4F8F4000AF077FB53EC192B09F05C
:10D2300075FD53EC182B09F0A1FA41EC180B206D89
:10D240000AF06AFB41EC100B01F032FCB0EE409AA0
:10D25000F0EE609AD4F828010AF05EFB53EC192B2B
:10D2600009F05CFD53EC182B09F056F908F0F2FFB9
:10D27000C4F84801A0680AF04FFB41EC180B206E7F
:10D280000AF04AFB41EC100B01F082FCB0EE409A30
:10D29000F0EE609AD4F8F8000AF03EFB53EC192B3C
:10D2A00009F03CFD53EC182B09F068FA41EC180B1F
:10D2B000206E0AF031FB41EC100B01F0F9FBB0EEEF
:10D2C000409AF0EE609AD4F82C010AF025FB53EC5A
:10D2D000192B09F023FD53EC182B09F01DF908F068
:10D2E000B9FFC4F84C019FED238A9FED239A94ED7A
:10D2F000520AB0EE481AF0EE490A05F035FAF0EE9F
:10D30000408A94ED530A9C3CB0EE481AF0EE490A6C
:10D3100005F02AFAB0EE408A204604F07DF9DFEDF0
:10D32000170A94ED560ADFED161A38EEA01A00EE31
:10D33000211A78EE200A94ED570A40EE210ADFED1B
:10D34000111A94ED7D2A21EE210A9FED0F1A02EEAB
:10D35000010A84ED7B0A60EEA10AD4ED7E1A41EE4B
:10D36000810AC4ED7C0A84ED7D0AC4ED7E0ABDEC21
:10D37000048B10BD0000C8420000C8C28E973A411D
:10D38000EC51983F3333333F9A99993E10B50B498E
:10D390000868401C0860B0F57A7F04D90848006826
:10D3A000486001208860FAF76BF808F03FFD01281B
:10D3B00003D0BDE8104008F0EFB910BD30000020E8
:10D3C000C401002030B593B0302107A8F4F766F807
:10D3D000142102A8F4F762F800251D48016841F005
:10D3E00080510160006800F0805001901948016888
:10D3F00041F480410160006800F480400190012008
:10D4000007900004089002240D9480010E900620DD
:10D410000F90A820109011940720129007A8FAF7F7
:10D42000CFFA08B1F7F7AEFC0F20029003940495F1
:10D430004FF4A05005904FF480500690052102A8AB
:10D44000FAF7A2F9002801D0F7F79CFC13B030BD21
:10D4500040380240007000401048016841F47001FB
:10D4600001600F48016841F0010101600C4A002190
:10D470000832116002680B4B1A400260031D0A4A11
:10D480001A60026822F48022026005480C300160B4
:10D4900002495806803908607047000088ED00E0B6
:10D4A00000380240FFFFF6FE10300024F0B402689E
:10D4B000324BDFF8CCC0334D334E344C98420AD057
:10D4C000B0F1804F07D0604505D0A84203D0B042EC
:10D4D00001D0A04203D122F070024F683A43984233
:10D4E00028D0B0F1804F25D0604523D0A84221D06C
:10D4F000B0421FD0A0421DD0A0F1804CBCF5A03C92
:10D5000018D0A0F1804CBCF5A23C13D0A0F1804C07
:10D51000BCF5A43C0ED0A0F1804CBCF5C05C09D099
:10D52000A0F1804CBCF5E05C04D0A0F1804CBCF5CF
:10D53000005C05D122F44072D1F80CC04CEA020222
:10D54000D1F814C022F0800242EA0C0202608A681C
:10D55000C2620A688262984201D0A04201D1096980
:10D56000016301214161016911F0010F03D00169DB
:10D5700021F001010161F0BC704700000000014092
:10D580000004004000080040000C0040000401407E
:10D5900001F01F0101238B40D0F820C02CEA0303C7
:10D5A0000362036A02FA01F1194301627047D0F87D
:10D5B00008C02CF47F4C42EA0322114341EA0C01DB
:10D5C00081607047826822F07002114341F00701C8
:10D5D0008160704770B4026A036A23F0010303623A
:10D5E0004368D0F818C02CF0700C2CF0030C0C68B9
:10D5F00044EA0C0C22F002028C6822430F4C104DBE
:10D60000A04201D0A84205D122F00802CE683243E0
:10D6100022F00402A04201D0A84207D123F4807373
:10D6200023F400734C6923438C6923434360C0F89F
:10D6300018C049684163026270BC70470000014035
:10D640000004014070B4026A036A23F0100303620D
:10D650004368D0F818C02CF4E04C2CF4407C0C68E3
:10D660004CEA042C22F020028C6842EA0412114C8D
:10D67000114DA04201D0A84206D122F08002CE680E
:10D6800042EA061222F04002A04201D0A84209D18B
:10D6900023F4806323F400634C6943EA84038C69B8
:10D6A00043EA84034360C0F818C04968816302629A
:10D6B00070BC7047000001400004014070B4026A71
:10D6C000036A23F4807303624368D0F81CC02CF013
:10D6D000700C2CF0030C0C6844EA0C0C22F4007261
:10D6E0008C6842EA0422114C114DA04201D0A8429C
:10D6F00006D122F40062CE6842EA062222F4806259
:10D70000A04201D0A84209D123F4805323F400534E
:10D710004C6943EA04138C6943EA04134360C0F87C
:10D720001CC04968C163026270BC704700000140C0
:10D730000004014010B4036A026A22F480520262BB
:10D740004268D0F81CC02CF4E04C2CF4407C0C68EF
:10D750004CEA042C23F400538C6843EA0433A0F110
:10D760008044B4F5803404D0A0F18044B4F5823410
:10D7700004D122F480424C6942EA84124260C0F82B
:10D780001CC049680164036210BC7047036AD0F88A
:10D7900020C02CF0010CC0F820C0D0F818C02CF02C
:10D7A000F00C4CEA021223F00A0319438261016271
:10D7B0007047036AD0F820C02CF0100CC0F820C0CD
:10D7C000D0F818C02CF4704C4CEA023223F0A003BD
:10D7D00043EA011182610162704700002DE9F041C6
:10D7E00004462DED028B4FF00108207900279FEDB4
:10D7F000FD8AFD4E002803D0607B08B9E07BA8B10C
:10D8000084ED548AD4F850010AF086F841EC100BEC
:10D8100001F0B2F99FEDF51B51EC100B53EC112BFD
:10D8200009F06AF911D0A4F8347110E096ED160AE7
:10D83000D6ED0A0A20EE200A9FEDEE1ADFEDEE0A81
:10D8400004F092FF84ED540ADCE7A4F83481B4F8C4
:10D850003411012913D0A4F8367101292FD0A078F2
:10D8600090B32079062830D0012833D0022836D052
:10D87000E07B012838D0607B012835D038E0B4F84F
:10D8800036010028E9D1A4F83681DC4AD4F84C01ED
:10D89000904208D994ED4F0ADFEDD90A30EE600AC4
:10D8A00084ED510AD9E7D74A9042D6DB94ED4F0A6E
:10D8B000F6EE000A30EE200A84ED510ACDE794ED31
:10D8C000510A84ED500A13E0FFE794ED4F0A84ED0E
:10D8D000500A0DE094ED4F0A84ED500A08E094EDF3
:10D8E0004F0A84ED500A03E094ED4F0A84ED500A8C
:10D8F00094ED500AD4ED4F0A30EE600A10EE100A93
:10D900000AF00AF841EC100B01F036F99FEDBE1B4E
:10D9100051EC100B53EC112B09F09FFB03D294ED4B
:10D920004F0A84ED500A207918B1607B08B9E07B7A
:10D9300028B394ED0F0A84ED1E0A94ED140A84EDC9
:10D94000210A84ED208A217A02297DD084ED3A8A49
:10D9500084ED3E8A2079022877D0A078012875D0FE
:10D96000022874D0042873D0052972D084F80A8064
:10D97000A07AD0B301286DD004286CD0C7E02078FD
:10D9800010B96178012938D00028DAD160780028F0
:10D99000D7D194ED540ADFED9E8A04F58065B5EE8B
:10D9A000C00AF1EE10FA57D095ED820AD5ED840A3F
:10D9B00030EE600A10EE100A09F0AEFF41EC100BD9
:10D9C00001F0DAF89FED931B51EC100B53EC112B87
:10D9D00009F043FB40D295ED820AD5ED840A30EE82
:10D9E000600A8E4910EE100A00E06BE0DFED8C0A51
:10D9F000884209DD30EE600A0DE094ED0F0A84EDF7
:10DA00001E0A84ED218A9CE710EE100A854988429F
:10DA100001D930EE200A85ED830AF0EE480A04F5BC
:10DA20008560FDF70BFD94ED1E1A00EE681A84ED7B
:10DA30001E1A84ED218A94ED540ADFED7B0A20EE54
:10DA4000200A84ED540A7CE729E02FE030E031E041
:10DA500033E035E03BE047E0D4F8B40290ED020A51
:10DA600010EE100AB0F13F4F08D9D4ED1E0A40EE77
:10DA7000280AC4ED1E0A84ED218A62E710EE100A1E
:10DA8000B0F17C5F08DDD4ED1E0A40EE280AC4ED3B
:10DA90001E0A84ED218A54E784ED218A51E796ED30
:10DAA000050A84ED3A0A84ED3E0A53E7A7725FE760
:10DAB000A7725DE784F80A805AE70420A07257E74E
:10DAC000A77255E796ED0B0A84ED240A1FE0D4F8FF
:10DAD000B40290ED030A9FED551ADFED550A04F0EC
:10DAE00043FE84ED240A12E096ED170AD6ED0D0AE6
:10DAF00020EE200A86ED170AD4ED240AF4EEC00ABF
:10DB0000F1EE10FA01DCB0EE600A84ED240A20790F
:10DB1000032805D0022864D0607B01282DD02FE097
:10DB2000207A012822D09FED430A02280DD0042834
:10DB300010D0052815D094ED240A84ED250A84ED33
:10DB4000260ABDEC028BBDE8F08184ED250A84ED48
:10DB5000260AF6E79FED380A84ED250A84ED260AA9
:10DB6000EFE784ED250A84ED260AEAE79FED330A04
:10DB700084ED250A84ED260AE3E7E07B012866D0E0
:10DB8000D4ED240A96ED0B0AF4EE400AF1EE10FAF9
:10DB90005DD0A07804285AD094ED110A84ED370A9C
:10DBA000F2F77CFC9FED268A60EE088A94ED370A36
:10DBB000F2F738FCC8EE800A94ED240A30EE800AB1
:10DBC00084ED250A94ED370AF2F768FC20EE088A06
:10DBD00094ED370AF2F726FCC8EE000A94ED240A09
:10DBE00030E034E0000000003C00002000000000B5
:10DBF000000000003333933F333393BFCDCC4CBE92
:10DC00009A99993ECDCC4C3E000000403333D33F2F
:10DC10006F12833B000000606666E63F00003443FD
:10DC20000000B443000034C39A99193F7B14AE3E00
:10DC3000CDCCCC3DB81E053E3333B33E9A99193E48
:10DC40008FC2753E30EE600A84ED260A79E794EDC6
:10DC5000240A84ED250A84ED260A72E710B5806B4C
:10DC60000021C185C184FAF7BEFE10BD70B5846B7A
:10DC700020684069C0F3C01094F8411000252129A4
:10DC800004D118B1E584204600F070F8206840699E
:10DC9000C0F3801094F84210222904D118B1E58510
:10DCA000204600F02FF8606C40F0100060642046C1
:10DCB000FAF799FE70BD10B50146886B09680968CE
:10DCC00011F4807F02D0FBF717FA10BD0021C18448
:10DCD0000168143151E8002F22F0800241E800234E
:10DCE000002BF5D101680C3151E8002F42F04002C1
:10DCF00041E80023002BF5D110BD10B5806BFBF778
:10DD0000FCF910BD01680C3151E8002F22F490722B
:10DD100041E80023002BF5D10168143151E8002FB0
:10DD200022F0010241E80023002BF5D1016B01290B
:10DD300009D101680C3151E8002F22F0100241E8AE
:10DD40000023002BF5D1202180F84210002101632F
:10DD5000704710B50168CA6822F04002CA602021ED
:10DD600080F84110FBF7C8F9002010BD01680C31A4
:10DD700051E8002F22F0C00241E80023002BF5D12A
:10DD8000202180F84110704708B590F842102229F0
:10DD900001D0022008BD8268B2F5805F01D101691F
:10DDA00029B1816AB2F5805F1DD052B10BE0816A62
:10DDB00002685268C2F308020A80816A891C816283
:10DDC00009E002697AB10268526802F07F020A70C3
:10DDD000816A491C8162C18D491E0904090CC185F3
:10DDE00005D0002008BD026852680A70F0E701689B
:10DDF000CA6822F02002CA600168CA6822F48072F0
:10DE0000CA6001684A6922F001024A61202180F853
:10DE1000421000214163026B012A03D0FBF77EF818
:10DE2000002008BD016301680C3151E8002F22F089
:10DE3000100241E80023002BF5D101680A6812F0B6
:10DE4000100F02D00A6849680091818DFAF7CAFD67
:10DE5000E6E700002DE9F041044620680169E26828
:10DE600021F44051114301612169A068E26908432E
:10DE70006169114301432068C26822F4037222F4ED
:10DE800014421143C16020684169A26921F44071C4
:10DE9000114341612068A0F18041B1F588312ED055
:10DEA000A0F18041B1F58A3129D0F9F731FD8446DE
:10DEB000E16900201927254D3226B1F5004F22D007
:10DEC0006068830F8200ACFB0701F3F743F801465B
:10DED000A5FB002040097A42424301EB820106EB98
:10DEE0000111A5FB0121490901F0F00202EB00102C
:10DEF00001F00F01084421688860BDE8F081F9F75E
:10DF000017FD8446D4E761684A1840EB0003ACFB78
:10DF10000701F3F71FF80346A5FB00104109184657
:10DF20000A016FF01803594300EB810006EBC000B3
:10DF3000A5FB0010400900F0F80102EB410100F0E0
:10DF40000700084421688860BDE8F0811F85EB5117
:10DF500081628285C28500214164222180F84210BD
:10DF60000169002904D00168CA6842F48072CA605D
:10DF700001684A6942F001024A610068C16841F0E3
:10DF80002001C1600020704790F84110212901D084
:10DF9000022070478168B1F5805F01D1016961B1EC
:10DFA000016A4A1C0262026809785160C18C491EEC
:10DFB0000904090CC1840AD013E0016A02680988C7
:10DFC000C1F308015160016A891C0162EEE7016832
:10DFD000CA6822F08002CA600068C16841F040014E
:10DFE000C160002070472DE9F8430446089E0D46A5
:10DFF000174698462068006835EA000028D00020BF
:10E00000B84232D1B6F1FF3F27D0F8F7EDFDA0EBD3
:10E010000800B0421ED8EEB12068C16811F0040FAC
:10E020001BD0802D19D0402D17D0016811F0080F9A
:10E0300013D0002521680968406800902046FFF74A
:10E0400061FE0820606484F840500120BDE8F88338
:10E050000120D5E70320BDE8F8832068006835EA91
:10E06000000005D00020B842CCD00020BDE8F883E5
:10E070000120F8E70148FAF7B7BC0000A813002018
:10E0800038B52D4800680168890603D501684068E5
:10E09000009038BD29490968C906FAD50168406869
:10E0A0000090274A10680168264B09034FF02404AA
:10E0B00020D4016821F00101016011684868C0F1B5
:10E0C000240080B218804C6011680B6843F4002370
:10E0D0000B6011680A6842F001020A601228D8D168
:10E0E000194901F11A0006F04FFBBDE83840002045
:10E0F00004F05CBA016821F0010101601168486810
:10E10000C0F1240080B218804C6010498B6A23F45F
:10E1100000238B6211680A6842F001020A6012282B
:10E12000B7D1094901F13E0006F02EFBBDE83840A9
:10E13000002004F03BBA0000F0130020004800402B
:10E14000E01400201C02002039250020006002405D
:10E1500038B52B480068C00650D52A4908680268BF
:10E1600040680090C86B00680268274B12034FF4A8
:10E17000007421D4026822F001020260C86B0068BA
:10E180004268C2F5007292B21A804460C86B00689F
:10E19000036843F400230360C86B0068016841F022
:10E1A00001010160194901F5806004F07EFABDE8C3
:10E1B00038400B2004F0FAB9026822F00102026034
:10E1C000C86B00684268C2F5007292B21A8044605F
:10E1D000C86B0068036823F400230360C86B006801
:10E1E000016841F001010160094901F5007004F086
:10E1F0005CFABDE838400B2004F0D8B938BD000007
:10E200000014014038140020580200205426002039
:10E2100054280020FEE703B401984100009850EA1A
:10E22000C12018BF04204A0D18BF40F0010040F281
:10E23000FF72B2EB515F08BF40F00200012808BF37
:10E24000052002B070474100080218BF04200A0EE2
:10E2500018BF40F001004FF07F4232EA010108BFD1
:10E2600040F00200012808BF0520704710B54FF0AC
:10E270000E402DED028BB0EE408A18EE104A00EBF6
:10E280004400B0F1506F4AD84FF0FC40B0EB440F5F
:10E2900022D2B0EEC80AF7EE000A30EEC00AF6EE5F
:10E2A000000A60EE208A18EE900A06F0F9FC01EEF2
:10E2B000100A14F0004F1DBFDFED2D0A9FED2D0A4F
:10E2C000B1EE411ADFED2C0A08BF9FED2C0AF8EEE3
:10E2D000001A21EE218A05E0DFED290A68EE088A9E
:10E2E000B0EE600A9FED271ADFED271A30EE080A1C
:10E2F00048EE811A9FED251A08EEA11ADFED241AC7
:10E3000048EE811A9FED231A08EEA11A68EE281A2A
:10E31000BDEC028B01EE810A30EE200A10BD4FF0F9
:10E32000E440B0EB440F0CD918EE100AFFF78BFF56
:10E33000042808BF01F016F9B0EE480ABDEC028BC4
:10E3400010BD4FF07F40B0EB440F07D2B0EE480A4B
:10E35000BDEC028BBDE8104001F0F6B80120F3F7E8
:10E360001EF9BDEC028BBDE8104001F0F3B80000CF
:10E370000000C9BF22AAFDB90000C93F22AAFD3989
:10E380000000000024FE1C3DC78AD83C1E67383DB3
:10E390001B93993DAFAA2A3E70B59B482DED020B09
:10E3A0002DED068B079D25F00044A04218DC974810
:10E3B000844202DC0AD1069840B19DED060BBDEC0B
:10E3C000068B02B0BDE8704001F08AB8002DCCBFCA
:10E3D0009FED8F0B9FED900BBDEC068B02B070BDD7
:10E3E0008F48A04215DD8F48A042D8BF4FF0FF34C0
:10E3F00058DD9DED060B51EC100BFFF70CFF0428C8
:10E4000008BF01F091F89DED060BBDEC068B02B044
:10E4100070BD9DED060B51EC100B04F018F9CDE921
:10E42000060181489FED828BA0423CDD8248A042DC
:10E430001FDD00249FED82AB9DED060B53EC1A2BE4
:10E4400051EC100B08F068F89DED060B41EC190B30
:10E4500053EC1A2B51EC100B08F060FC53EC182B0A
:10E4600008F058FF53EC192B08F088F9CDE90601A4
:10E4700049E09DED060B012453EC182B51EC100BD9
:10E4800008F04AF89DED060B41EC190B53EC182BE4
:10E4900051EC100B08F03EFF53EC192B08F06EF90D
:10E4A000CDE906012FE06848A0421FDD02249FED60
:10E4B000689B9DED060B53EC192B51EC100B08F0EB
:10E4C0002DFC53EC182B08F027F89DED060B41ECC2
:10E4D000180B53EC192B51EC100B08F01BFF53ECED
:10E4E000182B08F04BF9CDE906010CE09DED060B69
:10E4F000032453EC102B9FED580B51EC100B08F03C
:10E500003DF9CDE906019DED060B53EC102B51ECC6
:10E51000100B08F003FC41EC180B53EC182B08F01F
:10E52000FDFB41EC190B4E480621B0EE490AF0EE16
:10E53000690A784400F0C0FE53EC182B51EC100B24
:10E5400008F0ECFB41EC180B4648B0EE490AF0EE3F
:10E55000690A0521784400F0AFFE53EC192B51EC09
:10E56000100B08F0DBFB41EC100B51EC180B53ECDB
:10E57000102B002C0EDA07F0CFFF9DED061B53EC9D
:10E58000112B08F0CBFB9DED061B53EC112B08F073
:10E5900095FD35E007F0C0FF9DED061B53EC112BF8
:10E5A00008F0BCFB41EC100B2F48784400EBC40092
:10E5B00090ED001B51EC100B53EC112B08F0AAFE50
:10E5C0009DED061B53EC112B08F0A4FE41EC100B43
:10E5D0002648784400EBC40090ED001B51EC100B72
:10E5E00053EC112B08F06AFD41EC100B002DA2BF7B
:10E5F000BDEC068B02B070BD51EC100B07F01EFE97
:10E6000041EC100B01E70000000010440000F07F17
:10E61000182D4454FB21F93F182D4454FB21F9BF18
:10E620000000DC3F0000203E0000F33F000000003F
:10E63000000000000000F03F0000E63F0000000086
:10E6400000000000000000400080034000000000C7
:10E65000000000000000F83F000000000000F0BFD4
:10E6600062B1000018B10000A2B000005AB0000072
:10E6700070B56B4E2DED040B2DED028B82B0DDF8E5
:10E680001CC0DDE905235C422CF000411C4341EA3B
:10E69000D474049D22F00040B44205D86C422C434F
:10E6A00040EAD474B4420BD99DED061B9DED040BDA
:10E6B00002B0BDEC028B04B0BDE8704000F01ABFA0
:10E6C000ACF14054A4F17F641C430BD0022404EA53
:10E6D000AC7444EAD27405439FED538B9FED542BE9
:10E6E00007D015E09DED040B51EC100B02F078FB08
:10E6F00042E0002C11BF012C9DED040B02B0BDECDB
:10E70000028B04BF04B070BD022C38D0032C3BD068
:10E710000B439FED491B9FED4A0B0AD0B14218D124
:10E72000B04209D121F0804120F08040079105904E
:10E730000FE0002A15DA10E0434B7B44002C08BFA1
:10E7400093ED000B0DD0012C10D0022C17D0032C10
:10E750001AD0B0421DD1002A03DAB0EE410AF0EE21
:10E76000610A02B0BDEC028B04B070BD93ED000BEA
:10E7700051EC100B07F062FD41EC100BF1E7B0EE2D
:10E78000480AF0EE680AECE7B0EE420AF0EE620AE0
:10E79000E7E7401A00153C28C8BF8DED000B19DCD7
:10E7A000BCF1000FBEBF10F13C0F9FED290B8DEDAA
:10E7B000000B0FDB9DED060B53EC102B9DED040BB6
:10E7C00051EC100B07F0DAFF03F041FF02F008FBF9
:10E7D000CDE90001002C08BF9DED000BC1D0012C3C
:10E7E00010D0022C9FED1C0B53EC102B9DED000B59
:10E7F00051EC100B0DD008F08DFD53EC182B08F0E8
:10E8000089FDB9E7019880F0004001909DED000B73
:10E81000A7E708F07FFD53EC182B08F04FFCABE79F
:10E820000000F07F00000000182D4454FB21094037
:10E83000182D4454FB2109C0182D4454FB21F9BF65
:10E84000182D4454FB21F93FC2AF00000000000026
:10E850000000000000000000075C143326A6A13C65
:10E8600010EE100A10B510EE901A4FF0684202EB4D
:10E8700040032DED028BB3F1654F3CBF02EB41022B
:10E88000B2F1654F7CD200BFC0F3C753C1F3C7528A
:10E890009A1A1B2A09DD10F0004F14BF9FED6E0A73
:10E8A0009FED6E0ABDEC028B10BD12F11A0F1BDA40
:10E8B00011F0004F09D010F0004F0CBF9FED680A17
:10E8C0009FED680ABDEC028B10BD80EE208A18EE29
:10E8D000100AFFF7B8FC042808BF00F043FEB0EEB2
:10E8E000480ABDEC028B10BD4200B2EB410F37D994
:10E8F00010F0004F19BFDFED5C1A9FED5C1ADFEDE1
:10E900005C1A9FED5C1AB0EE602A0A46F1EE400AEE
:10E9100080F00041B0EE420A10460A1A5200B2F1ED
:10E92000807F34D2484010F0004FDFED532A9FED36
:10E93000533A1DBFBEEE002A71EEE21A31EE431AC1
:10E94000B6EE002A04BF71EEA21A31EE031AF0EE01
:10E95000402A42EE602A40EE020A82EEA02A18E027
:10E9600011F0004F04BF9FED461AF0EE411AD4D0CB
:10E9700010F0004F1CBFDFED431A9FED431A00E07B
:10E9800026E004BFDFED411A9FED411AC5E780EE96
:10E99000202A22EE020ADFED3F0ADFED3F2ABDEC1E
:10E9A000028B40EE202ADFED3D0A40EE220ADFED29
:10E9B0003C2A40EE202ADFED3B0A40EE220A22EEFE
:10E9C000000A00EE201A31EE020A30EE210A10BDD4
:10E9D0004FF07F42B2EB400F28BFB2EB410F05D2A0
:10E9E000BDEC028BBDE8104000F0B1BD40EA010370
:10E9F0005B0008BF41F0FF410BD0B2EB400F08BFF6
:10EA0000B2EB410F08D120F0804000EE100A21F057
:10EA1000804100EE901A37E7B2EB400F12BF5FEA79
:10EA2000410240F0FF4001F000413FF42DAF4A00A9
:10EA300092EA40033FF528AF002AACBF9FED1A1AB7
:10EA40009FED1A1A20EE010A60EE810A10EE100AFC
:10EA500010EE901A18E70000DB0FC9BFDB0FC93FAB
:10EA6000DB0F4940DB0F49C00000C9BF22AAFDB936
:10EA70000000C93F22AAFD390060ED3EC30ACE372F
:10EA800000000000000049C022AA7DBA00004940F1
:10EA900022AA7D3A2DAD65BD8FB8D53D0FB511BE0B
:10EAA00061C84C3EA8AAAABE0000804F0000802F7B
:10EAB00010B52F499FED2C1B2DED020B84B005984E
:10EAC00020F000408842D8BF9DED040B2DDD294980
:10EAD000884209D1049840B94FF00100F2F75FFD78
:10EAE00000F012FD06B010BD05DB9DED040B00F03B
:10EAF000F7FC06B010BD68469DED040B00F008F968
:10EB000010F0030004BF9DED021B9DED000B0CD027
:10EB100001280ED09DED021B9DED000B022817D0A1
:10EB2000012000F045FC06B010BD00F00DFB06B062
:10EB300010BD9DED021B9DED000B012000F038FC87
:10EB400051EC100B07F07AFB06B041EC100B10BD36
:10EB500000F0FAFA51EC100B07F070FB06B041EC34
:10EB6000100B10BD000000000000000000000000BD
:10EB7000FB21E93F0000F07F2DED020B019820F012
:10EB8000004001909DED000B02B0704700000000B6
:10EB900010B52F499FED2C1B2DED020B84B005986D
:10EBA00020F000408842DCBF00209DED040B32DDE8
:10EBB0002849884209D1049840B94FF00100F2F782
:10EBC000EEFC00F0A1FC06B010BD05DB9DED040BD2
:10EBD00000F086FC06B010BD68469DED040B00F009
:10EBE00097F810F0030011D0012818D09DED021BFA
:10EBF0009DED000B02281AD000F0A6FA51EC100B84
:10EC000007F01CFB06B041EC100B10BD9DED021B84
:10EC10009DED000B012000F0CBFB06B010BD9DED7B
:10EC2000021B9DED000B00F08FFA06B010BD012015
:10EC300000F0BEFB51EC100B07F000FB06B041ECFE
:10EC4000100B10BD000000000000000000000000DC
:10EC5000FB21E93F0000F07F00B52DED048BB0EE05
:10EC6000409AF0EE609A83B051EC190B08F04EFA1E
:10EC700041EC180B18EE100A18EE901A8DED008B6F
:10EC8000002818BF0120084320F00040C0F17F6039
:10EC900000F1E040C00F14D019EE101A19EE900ADE
:10ECA0008DED009B002918BF0121084320F0004092
:10ECB000C0F17F6000F1E040C00F04BF0120F2F717
:10ECC0006EFCB0EE480A03B0F0EE680ABDEC048BAF
:10ECD00000BD10B52DED028BB1EEC08A18EE100A02
:10ECE00020F00040C0F1FF40C00F0AD010EE100A23
:10ECF00020F00040C0F1FF40C00F04BF0120F2F738
:10ED00004EFCB0EE480ABDEC028B10BD00000000C6
:10ED10002DE9F14F04462DED020B2DED088B8AB045
:10ED20009FEDE70B80ED020B139EE74826F00045B0
:10ED300085420ADC9DED120B002084ED000B0AB029
:10ED4000BDEC088B03B0BDE8F08FE0489FEDE0AB71
:10ED50009FEDE1BBA84247DDE14F9FEDE39B9FEDB7
:10ED6000E48B9DED120B53EC1A2B51EC100B002E83
:10ED70001CDD08F0CFFA41EC100BBD4208D053EC7B
:10ED80001B2B51EC100B08F0C5FAC4E900010BE095
:10ED900053EC192B51EC100B08F0BCFA53EC182B68
:10EDA00008F0B8FAC4E900010120C8E707F0B4FB95
:10EDB00041EC100BBD4208D053EC1B2B51EC100B57
:10EDC00007F0AAFBC4E900010BE053EC192B51EC4E
:10EDD000100B07F0A1FB53EC182B07F09DFBC4E9C7
:10EDE00000014FF0FF30AAE7C348A84279DB9DED50
:10EDF000120B51EC100B03F02AFC41EC180B9FEDA9
:10EE0000C00B53EC102B07F089FF9FEDBF1B53EC99
:10EE1000112B07F081FB07F0A9FE074607F00AFF58
:10EE200041EC190B53EC1A2B07F078FF53EC182B1D
:10EE300008F044F941EC180B53EC1B2B51EC190B67
:10EE400007F06CFFDFF8C8A241EC100B4FEA155831
:10EE50000125FA4453EC102B51EC180B08F05AFA28
:10EE6000032DC4E900013DD0C1F30A5005EB451163
:10EE7000A8EB00001139814234DA0AEB051BB0EE31
:10EE800048AA9BED000BF0EE68AA53EC102B51EC56
:10EE9000190B07F043FF41EC1B0B51EC1A0B53EC21
:10EEA0001B2B08F037FA41EC180B51EC1A0B53EC02
:10EEB000182B08F02FFA53EC1B2B08F02BFA9BEDC4
:10EEC000020B41EC1A0B53EC102B51EC190B07F011
:10EED00025FF53EC1A2B08F01DFA41EC100B6D1CAA
:10EEE000B8E70EE0002EA8BF3846BFF628AF94ED75
:10EEF000000B51EC100B07F0A1F9C4E900017842B6
:10EF00001DE7C6F3130040F4801EC6F30A50A0F2BA
:10EF1000F530471100F01F05C5F12000DDF848B0BD
:10EF200008900020069007900520EC467949002DB6
:10EF300007EB0002794408BF51F8221009D051F8BC
:10EF4000223001EB8201AB404A68089922FA01F1B4
:10EF50001943A1FB0E26A1FB0B131A449A4234BF9E
:10EF60000123002303EB06080CEB8003D3E901A681
:10EF70000E448E4234BF0121002192448A4411B1D3
:10EF8000924502D903E0924501D2012100E000211F
:10EF9000C3E901A641444CF82010011EA0F1010074
:10EFA000C4DC029800F10050850F0298DDE9036788
:10EFB0008000DDF8148007F03DFE41EC1A0B30466E
:10EFC00007F05CFE9FED541B53EC112B07F0A6FEDF
:10EFD00041EC1B0B384607F051FE9FED511B53ECE3
:10EFE000112B07F09BFE41EC180B404607F046FE44
:10EFF0009FED4D1B53EC112B07F090FE41EC190BCC
:10F0000051EC180B53EC192B07F086FA53EC1B2B21
:10F0100007F082FA53EC1A2B07F07EFACDE90801CB
:10F02000002008909DED080B53EC1A2B51EC100BAF
:10F0300008F070F953EC1B2B08F06CF953EC182B0B
:10F0400008F068F953EC192B08F038F89FED381BDD
:10F0500053EC112B07F062FE9FED370B41EC180BC0
:10F0600053EC102B9DED080B51EC100B07F056FEE6
:10F0700053EC182B07F050FA9FED310B41EC180BB5
:10F0800053EC102B9DED080B51EC100B07F046FED6
:10F0900053EC182B07F040FA41EC100B139810F0CA
:10F0A000004F06D06D4251EC100B07F0C7F841EC51
:10F0B000100B284684ED000B41E600000000000024
:10F0C0000000000000000000FB21E93F7CD9024065
:10F0D00000004054FB21F93F3163621A61B4D03D16
:10F0E000FB21F93F000000000000601A61B4D03D30
:10F0F0007370032E8A19A33BFB21394100000000E5
:10F1000083C8C96D305FE43F000000000000E03FAD
:10F11000B2A8000000A80000000000000000103E9F
:10F12000000000000000103C000000000000103A49
:10F13000182D4454FB21F93D3326A611460B113CF2
:10F1400000000054FB21F93D10B52DED040B2DED11
:10F15000088B82B0B0EE419AF0EE619A0B9820F0E5
:10F1600000449FED4BABB4F1795F11DA9DED0A0BD2
:10F1700051EC100B07F0FAFC002801BFB0EE4A0A70
:10F18000F0EE6A0A02B0BDEC088B04BF04B010BDFB
:10F190009DED0A0B53EC102B51EC100B07F0BEFD4C
:10F1A00041EC180B3C480621B0EE480AF0EE680A24
:10F1B000784400F081F853EC182B51EC100B07F059
:10F1C000ADFD9DED0A0B41EC1B0B53EC192B51ECE3
:10F1D000100B07F0A3FD41EC190B53EC1B2B51EC6A
:10F1E000180B07F09BFD53EC192B08F093F89FEDDB
:10F1F0002C0B41EC190B53EC102B51EC180B07F0B6
:10F200008DFD41EC100B2848844210DA53EC192B89
:10F2100051EC100B08F07EF853EC1A2B07F04EFF60
:10F2200041EC100B02B0BDEC088B04B010BD1F48C0
:10F23000A042BCBF9FED1E1B8DED001B06DBA4F59D
:10F2400000100190002000909DED001B51EC100B70
:10F2500053EC112B08F05EF89DED000B41EC180B00
:10F2600053EC102B51EC1A0B08F054F841EC1A0B2C
:10F2700053EC192B51EC180B08F04CF853EC1A2BEB
:10F2800007F01CFF41EC100BCCE700000000000071
:10F29000000000000000F03F1CA50000000000007E
:10F2A000000000000000E03F3333D33F0000E93F9F
:10F2B000000000000000D23F70B504462DED028B27
:10F2C0004D1E00EBC500B0EE408AF0EE608A90ED76
:10F2D000000B35F0060017D053EC182B51EC100B37
:10F2E00007F01CFD41EC100B6D1E04EBC50090ED0A
:10F2F000001B51EC100B53EC112B07F00DF941ECF6
:10F30000100B35F00600E7D1022D36D0042D1CD0AD
:10F31000062D1CBFBDEC028B70BD53EC182B51ECBD
:10F32000100B07F0FBFC94ED0A1B53EC112B07F0BC
:10F33000F3F853EC182B07F0F1FC94ED081B53EC99
:10F34000112B07F0E9F841EC100B53EC182B51ECA2
:10F35000100B07F0E3FC94ED061B53EC112B07F0A8
:10F36000DBF853EC182B07F0D9FC94ED040B53ECAD
:10F37000102B07F0D1F841EC100B53EC182B51EC8B
:10F38000100B07F0CBFC94ED021B53EC112B07F094
:10F39000C3F853EC182B07F0C1FC94ED001B53ECA1
:10F3A000112B07F0B9F8BDEC028B41EC100B70BDCE
:10F3B00031B504462DED040B2DED0A8BB0EE41BAAC
:10F3C000F0EE61BA0B989DED0A0B20F00040B0F111
:10F3D000795F0DDA51EC100BFEF71DFF042808BF12
:10F3E00000F0A2F89DED0A0BBDEC0A8B05B030BD14
:10F3F00053EC102B51EC100B07F090FC41EC180B68
:10F400009DED0A0B53EC182B51EC100B07F086FC0A
:10F4100041EC190B2C48B0EE480AF0EE680A0521C1
:10F420007844FFF749FF9FED2ACBB0EE40AAF0EEFB
:10F4300060AA9CB353EC1C2B51EC190B07F06EFC2B
:10F4400041EC1C0B53EC1A2B51EC190B07F066FC2A
:10F450009FED210B41EC190B53EC102B51EC1B0BC6
:10F4600007F05CFC53EC192B07F054FF53EC182BFE
:10F4700007F054FC53EC1B2B07F04CFF53EC1C2BF8
:10F4800007F048FF9DED0A1B53EC112B07F016FE09
:10F49000BDEC0A8B05B041EC100B30BDFFE753EC1F
:10F4A0001A2B51EC180B07F039FC53EC1C2B07F00E
:10F4B00033F853EC192B07F031FC9DED0A1B53EC8C
:10F4C000112B07F029F8E3E7ACA3000000000000CF
:10F4D000495555555555C5BF000000000000E03F97
:10F4E00010B553EC102B51EC100B07F015F841EC54
:10F4F000100B10BD10B553EC112B51EC100B07F095
:10F500000BF841EC100B10BD9FED050B10B553EC43
:10F51000102B51EC100B07F031F941EC100B10BD22
:10F5200000000000000000009FED050B10B553EC3B
:10F53000102B51EC100B07F0F1FB41EC100B10BD40
:10F54000000000000000001030EE000A704730EEAE
:10F55000200A7047DFED020A80EEA00A7047000023
:10F56000000000009FED020A20EE000A7047000034
:10F570000000001030380A2801D201207047002016
:10F580007047000010B500203C4A0023C0EB00117A
:10F5900011444B738B73C8730C7C24F00704641CF8
:10F5A0000C74401C0228F1DB022007E0C0EB0011C4
:10F5B00011440B7C23F007030B74401C0228F5DB7D
:10F5C0002F4B186810F8031F21F03801103121F07B
:10F5D0000701491C0170018821F470710180417894
:10F5E00021F03C0114314170B0F805104FF45C7209
:10F5F00062F38C01A0F80510C188FA2262F34F1162
:10F60000C18081886FF309010A31818001896FF31C
:10F6100009010D310181586810F8031F21F03801EC
:10F62000103121F00701491C0170018821F470712B
:10F630000180417821F03C0120314170B0F8051083
:10F640004FF4707363F38C01A0F80510C18862F366
:10F650004F11C18081886FF309010A3181800189CE
:10F660006FF309010D310181044805F0CDFBBDE8C0
:10F6700010402D21014805F051BB0000E09A002008
:10F68000A407002070B5002000232B4A0624C0EBFD
:10F69000001111444B738C73C8730D7C25F0070562
:10F6A0006D1C0D74401C0128F1DB012007E0C0EB4C
:10F6B000001111440B7C23F007030B74401C01283C
:10F6C000F5DB1E48006910F8031F21F0380121F016
:10F6D0000701491C0170018821F470710180417893
:10F6E00021F03C0108314170B0F80520A02161F300
:10F6F0008C02A0F80520C2884FF4C87363F34F1240
:10F70000C28082886FF3090214328280B0F8092027
:10F7100061F38C02A0F8092041894FF42A7262F348
:10F720004F114181044805F047FBBDE870401E21A0
:10F73000014805F0F3BA00003A9B0020A40700201E
:10F7400070B500200024504A0125C0EB001111447F
:10F750004C738D73C8730B7C23F007035B1C0B7415
:10F76000401C0228F1DB022007E0C0EB001111442D
:10F770000B7C23F007030B74401C0228F5DB434C81
:10F78000A06810F8031F21F03801203121F0070193
:10F79000491C0170018821F470710180417821F0C9
:10F7A0003C0114314170B0F805104FF4707262F3EF
:10F7B0008C01A0F80510C1884FF4077262F34F1155
:10F7C000C18081886FF309010C318180B0F801108C
:10F7D000FA2363F38E11A0F801104188531063F3EC
:10F7E000CF114180B0F809504FF4C37161F38C051B
:10F7F000A0F80950458961F34F154581E06810F87C
:10F80000031F21F03801203121F00701491C01704C
:10F81000018821F470710180417821F03C010C31A4
:10F820004170B0F8051040F29B3464F38C01A0F8ED
:10F830000510C18862F34F11C18081886FF30901FF
:10F840000C318180B0F80110E12262F38E11A0F832
:10F850000110418863F3CF114180B0F809104FF4D3
:10F86000AA7262F38C01A0F8091041894FF4B472B6
:10F8700062F34F114181044805F0C6FABDE87040BB
:10F880002D21014805F04ABA0D9B0020A407002055
:10F8900070B500200023504A0224C0EB001111442F
:10F8A0004B738C73C8730D7C25F007056D1C0D74AC
:10F8B000401C0228F1DB022007E0C0EB00111144DC
:10F8C0000B7C23F007030B74401C0228F5DB434A32
:10F8D000506910F8031F21F03801203121F0070191
:10F8E000491C0170018821F470710180417821F078
:10F8F0003C011C314170B0F8051040F2B93363F39C
:10F900008C01A0F80510C18840F2132363F34F1156
:10F91000C18081886FF3090112318180B0F8011034
:10F920005A2363F38E11A0F8011041885B2363F31F
:10F93000CF114180B0F809304FF4BE7161F38C03F0
:10F94000A0F80930438961F34F134381906910F89F
:10F95000031F21F03801203121F00701491C0170FB
:10F96000018821F470710180417821F03C01183147
:10F970004170B0F8051040F25E6262F38C01A0F8AD
:10F980000510C18840F2EE2262F34F11C1808188D8
:10F990006FF309010A318180B0F80110C82262F3C7
:10F9A0008E11A0F801104188A02262F3CF1141808E
:10F9B000B0F80920322161F38C02A0F809204289B5
:10F9C00061F34F124281044805F01EFABDE8704011
:10F9D0002D21014805F0A2B9589B0020A407002062
:10F9E00070B5002000239E4A0324C0EB001111448F
:10F9F0004B738C73C8730D7C25F007056D1C0D745B
:10FA0000401C0528F1DB052007E0C0EB0011114484
:10FA10000B7C23F007030B74401C0528F5DB914A8F
:10FA2000D06910F8031F21F03801203121F00701BF
:10FA3000491C0170018821F470710180417821F026
:10FA40003C0120314170B0F805104FF4707363F33E
:10FA50008C01A0F80510C18840F2112464F34F1105
:10FA6000C18081886FF309010F318180B0F80110E6
:10FA7000462565F38E11A0F801104188482565F3ED
:10FA8000CF114180B0F809504FF4C87161F38C0573
:10FA9000A0F80950458961F34F154581106A10F8A7
:10FAA000035F25F0380525F007056D1C05700588F6
:10FAB00025F470750580457825F03C052D1D4570B1
:10FAC000B0F805504FF4AB6666F38C05A0F805500E
:10FAD000C588522666F34F15C58085886FF30905E2
:10FAE000ED1C8580B0F8095040F2E64666F38C05BF
:10FAF000A0F809504589EE2666F34F154581506AF6
:10FB000010F8035F25F03805203525F007056D1C3A
:10FB10000570058825F470750580457825F03C054D
:10FB200020354570B0F8055063F38C05A0F80550FA
:10FB3000C58864F34F15C58085886FF309051435B2
:10FB40008580B0F80150822666F38E15A0F801502A
:10FB50004588842666F3CF154580B0F8095061F3D7
:10FB60008C05A0F80950458961F34F154581906ACD
:10FB700010F8035F25F03805203525F007056D1CCA
:10FB80000570058825F470750580457825F03C05DD
:10FB900020354570B0F8055063F38C05A0F805508A
:10FBA000C58864F34F15C58085886FF30905143542
:10FBB0008580B0F80150322666F38E15A0F801500A
:10FBC0004588342666F3CF154580B0F8095061F3B7
:10FBD0008C05A0F80950458961F34F154581D06A1D
:10FBE00010F8032F22F03802203222F00702521CB4
:10FBF0000270028822F470720280427822F03C0285
:10FC000020324270B0F8052063F38C02A0F8052082
:10FC1000C28864F34F12C28082886FF309020F32E8
:10FC20008280B0F801206E2363F38E12A0F80120C9
:10FC30004288702363F3CF124280B0F8092061F349
:10FC40008C02A0F80920428961F34F1242810448D6
:10FC500005F002F9BDE870405A21014805F05EB890
:10FC6000859B0020A40700202DE9F04100200023FF
:10FC7000A04A0424C0EB001111444B738C73C87369
:10FC80000D7C25F007056D1C0D74401C0528F1DB6B
:10FC9000052007E0C0EB001111440B7C23F00703A3
:10FCA0000B74401C0528F5DB9349086B10F8032FF3
:10FCB00022F03802203222F00702521C0270028821
:10FCC00022F470720280427822F03C0220324270AC
:10FCD000B0F8052040F29B3565F38C02A0F80520B2
:10FCE000C3884FF4077262F34F13C38083886FF3A6
:10FCF00009030F338380B0F80130E12464F38E13DD
:10FD0000A0F801304388E22464F3CF134380B0F8B5
:10FD100009304FF4AA7464F38C03A0F809304389C6
:10FD20004FF4B47767F34F134381486B10F8033FE8
:10FD300023F03803203323F007035B1C0370038890
:10FD400023F470730380437823F03C032033437023
:10FD5000B0F8053065F38C03A0F80530C38862F372
:10FD60004F13C38083886FF309030F338380B0F888
:10FD70000130551065F38E13A0F8013043886E1CD6
:10FD800066F3CF134380B0F8093064F38C03A0F816
:10FD90000930438967F34F134381886B10F8033FA1
:10FDA00023F03803203323F007035B1C0370038820
:10FDB00023F470730380437823F03C0320334370B3
:10FDC000B0F805304FF4707767F38C03A0F8053076
:10FDD000C38862F34F13C38083886FF309030F3323
:10FDE0008380B0F80130FA2464F38E13A0F8013058
:10FDF0004388FB2464F3CF134380B0F809404FF4E9
:10FE0000C37363F38C04A0F80940448963F34F146F
:10FE10004481C86B10F8034F24F03804203424F0D8
:10FE20000704641C0470048824F47074048044780B
:10FE300024F03C0420344470B0F8054067F38C048F
:10FE4000A0F80540C48862F34F14C48082886FF321
:10FE500009020F328280B0F8012065F38E12A0F8FB
:10FE60000120428866F3CF124280B0F8092063F384
:10FE70008C02A0F80920428963F34F124281086C7A
:10FE800010F8031F21F0380121F00701491C01700F
:10FE9000018821F470710180417821F03C01091D35
:10FEA0004170B0F805104FF40A7262F38C01A0F8AB
:10FEB0000510C188522262F34F11C18081886FF30F
:10FEC0000901C91C8180B0F8091040F29A2262F33E
:10FED0008C01A0F809104189EE2262F34F11418193
:10FEE000044804F0B9FFBDE8F0415A21014804F08C
:10FEF00015BF0000DF9B0020A407002070B5002084
:10FF00000024444A0523C0EB001111444C738B7349
:10FF1000C8730D7C25F007056D1C0D74401C02286C
:10FF2000F1DB022007E0C0EB001111440B7C23F051
:10FF300007030B74401C0228F5DB374A506C10F89D
:10FF4000031F21F0380121F00701491C01700188CD
:10FF500021F470710180417821F03C012031417021
:10FF6000B0F805104FF45C7363F38C01A0F8051032
:10FF7000C3884FF4FA7161F34F13C38083886FF322
:10FF800009035B1C8380B0F8093040F20F4464F32E
:10FF90008C03A0F80930438961F34F134381906CBF
:10FFA00010F8031F21F0380121F00701491C0170EE
:10FFB000018821F470710180417821F03C012031E9
:10FFC0004170B0F805204FF4707161F38C02A0F815
:10FFD0000520C2884FF4B47363F34F12C280828845
:10FFE0006FF30902921C8280B0F8092061F38C0241
:10FFF000A0F80920418940F2AA2262F34F11418101
:020000040801F1
:10000000044804F001FFBDE870402D21014804F0D0
:1000100085BE0000399C0020A407002070B5002098
:1000200000232A4A0124C0EB001111444C738B7346
:10003000C8730D7C25F007056D1C0D74401C01284C
:10004000F1DB012007E0C0EB001111440C7C24F02F
:1000500007040C74401C0128F5DB1D48006810F8EB
:10006000031F21F03801303121F00701491C0170D4
:10007000018821F470710180417821F03C01083140
:100080004170B0F805104FF4C87262F38C01A0F80B
:100090000510C18840F22D3262F34F11C180818872
:1000A0006FF30901891C8180B0F80110142262F3FA
:1000B0008E11A0F801108360044804F07DFEBDE8B5
:1000C00070401E21014804F029BE0000669C0020FB
:1000D000F007002070B50020844B0122C0EB001116
:1000E00019444A738A73C8730C7C24F00704641C97
:1000F0000C74401C0528F1DB052007E0C0EB001163
:1001000019440A7C22F007020A74401C0528F5DB1A
:10011000774A506810F8031F21F03801303121F080
:100120000701491C0170018821F470710180417838
:1001300021F03C0120314170B0F8051040F25B53D2
:1001400063F38C01A0F80510C18840F2392363F3F2
:100150004F11C18081886FF30901891C8180B0F83B
:1001600001300F2161F38E13A0F80130002383606A
:10017000906810F8033F23F03803303323F007036F
:100180005B1C0370038823F470730380437823F0AF
:100190003C031C334370B0F8053040F24C5464F318
:1001A0008C03A0F80530C38840F2A31464F34F1306
:1001B000C38083886FF309039B1C8380B0F80130F0
:1001C00061F38E13A0F8013014248460D06810F815
:1001D000033F23F03803303323F007035B1C037025
:1001E000038823F470730380437823F03C032033A7
:1001F0004370B0F80530A50165F38C03A0F8053015
:10020000C38840F23A3565F34F13C38083886FF398
:1002100009039B1C8380B0F8013061F38E13A0F8B2
:10022000013028258560106910F8033F23F038035A
:10023000303323F007035B1C0370038823F47073CF
:100240000380437823F03C031C334370B0F805303F
:100250004FF4A36666F38C03A0F80530C38840F220
:10026000311666F34F13C38083886FF309039B1C19
:100270008380B0F8013061F38E13A0F801308560FF
:10028000506910F8032F22F03802303222F00702B2
:10029000521C0270028822F470720280427822F0AE
:1002A0003C0220324270B0F8052040F2445363F320
:1002B0008C02A0F80520C28840F2D12363F34F12CC
:1002C000C28082886FF30902921C8280B0F80120FC
:1002D00061F38E12A0F801208460044804F0BCFD94
:1002E000BDE870405A21014804F018BD849C0020EC
:1002F000F007002010B524480122427302218173C7
:100300000021C173017C21F00701491C01741F48C1
:10031000806910F8031F41F0380121F00701491CE2
:100320000170018821F470710180417821F03C0155
:1003300014314170B0F805104FF40C7363F38C0165
:10034000A0F80510C1884FF42F7363F34F11C180DB
:1003500081886FF30901891C8180B0F80110142392
:1003600063F38E11A0F80110418862F3CF11418030
:1003700007A109888181044804F096FDBDE810407A
:100380003C21014804F0CABCDE9C0020F00700209C
:100390004800000010B524480121417302228273F5
:1003A000C173027C22F00702521C02741F48C0690C
:1003B00010F8032F42F0380222F00702521C02709C
:1003C000028822F470720280427822F03C020C32E1
:1003D0004270B0F8052040F24B2363F38C02A0F882
:1003E0000520C2884FF4077363F34F12C2808288DE
:1003F0006FF30902921C8280B0F80120142363F38A
:100400008E12A0F80120428861F3CF12428008A129
:1004100009888181044804F047FDBDE810403C2173
:10042000014804F07BBC00001A9D0020F00700206A
:100430005000000010B5234801224273022181734D
:10044000C173017C21F00701491C01741E48006A38
:1004500010F8031F41F0380121F00701491C017019
:10046000018821F470710180417821F03C01143140
:100470004170B0F805104FF45C7363F38C01A0F881
:100480000510C188D22363F34F11C18081886FF3B7
:100490000901891C8180B0F80110142363F38E11C7
:1004A000A0F80110418862F3CF11418007A10988AB
:1004B0008181044804F0F8FCBDE810403C2101486B
:1004C00004F02CBC569D0020F007002046000000E0
:1004D00010B5244801224273022181730321C173A4
:1004E000017C21F00701491C01741F48406A10F883
:1004F000031F41F0380121F00701491C01700188F8
:1005000021F470710180417821F03C011431417077
:10051000B0F805104FF4707363F38C01A0F8051068
:10052000C188D22363F34F11C18081886FF3090121
:10053000891C8180B0F80110142363F38E11A0F898
:100540000110418862F3CF11418008A1098881819F
:10055000044804F0A9FCBDE810403C21014804F027
:10056000DDBB0000929D0020F0070020410000004C
:1005700010B5254801214173022181730421C17303
:10058000017C21F00701491C01742048806A10F8A1
:10059000031F41F0380121F00701491C0170018857
:1005A00021F470710180417821F03C010C314170DF
:1005B000B0F80510712262F38C01A0F80510C18813
:1005C00040F22D3262F34F11C18081886FF309012F
:1005D000891C8180B0F80110142262F38E11A0F8FA
:1005E000011041880C2262F3CF114180C01E08A186
:1005F0000F30F0F76FFE044804F056FCBDE81040E1
:100600003C21014804F08ABBCE9D0020F007002069
:1006100062756C6C65745F737065656400000000E2
:1006200010B5254801214173022181730522C2734F
:10063000017C21F00701491C01742048C06A10F8B0
:10064000031F41F0380121F00701491C01700188A6
:1006500021F470710180417821F03C010831417032
:10066000B0F80510712363F38C01A0F80510C18860
:100670004FF4C37363F34F11C18081886FF3090195
:10068000891C8180B0F80110142363F38E11A0F847
:100690000110418862F3CF114180C01E08A10F30C4
:1006A000F0F718FE044804F0FFFBBDE810403C21C1
:1006B000014804F033BB00000A9E0020F007002030
:1006C000686967687400000010B52548012141730E
:1006D000022181730621C173017C21F00701491CAD
:1006E00001742048006B10F8031F41F0380121F01D
:1006F0000701491C0170018821F470710180417863
:1007000021F03C0108314170B0F80510712262F30C
:100710008C01A0F80510C1884FF4347262F34F11B8
:10072000C18081886FF30901891C8180B0F80110B4
:10073000142262F38E11A0F801104188092262F39D
:10074000CF114180C01E08A10F30F0F7C3FD04484F
:1007500004F0AAFBBDE810403C21014804F0DEBAD9
:10076000469E0020F00700206D61785F6869676829
:100770007400000010B500200A4AC0EB00111144BB
:100780000B7C23F007039B1C0B74401C0228F4DB3A
:10079000044804F039FBBDE810402D21014804F065
:1007A000BDBA0000E09A002010B500200A4AC0EB54
:1007B000001111440B7C23F007039B1C0B74401C9D
:1007C0000128F4DB044804F0F7FABDE810401E21CC
:1007D000014804F0A3BA00003A9B002010B50020A5
:1007E0000A4AC0EB001111440B7C23F007039B1C49
:1007F0000B74401C0228F4DB044804F005FBBDE840
:1008000010402D21014804F089BA00000D9B002002
:1008100010B500200A4AC0EB001111440B7C23F0F4
:1008200007039B1C0B74401C0228F4DB044804F0F3
:10083000EBFABDE810402D21014804F06FBA00002A
:10084000589B002010B500200A4AC0EB001111444B
:100850000B7C23F007039B1C0B74401C0128F4DB6A
:10086000044804F0A9FABDE810401E21014804F034
:1008700055BA0000669C002010B50C4C010E21708A
:10088000C0F3074212FB01F26280C0F3072313FB9F
:1008900001F3A380C0B210FB01F0E08004490C68B2
:1008A0006063086883630868C26310BD0C0700209A
:1008B000D0120020D0ED000AF4EEC00AF1EE10FADA
:1008C00002DD80ED000A7047B1EE400AF4EEC00A86
:1008D000F1EE10FAF7D280ED000A704770B52DEDF9
:1008E000028B8AB005460C4616460DB104B11EB9FE
:1008F0000AB0BDEC028B70BD94ED000AB5EEC00AE3
:10090000F1EE10FA0DD194ED010AB5EEC00AF1EE48
:1009100010FA06D194ED020AB5EEC00AF1EE10FA13
:100920007DD09FED600AB0EE408A002007900890CD
:1009300009900490059006905B4A07CA01AB07C373
:1009400095ED010AD5ED030A20EE200AD5ED000A47
:1009500095ED021A00EEC10AF0EE000A20EE200A20
:100960008DED070A95ED000AD5ED010A20EE200A6B
:10097000D5ED020A95ED031A00EE810AF0EE000AA9
:1009800020EE200A8DED080A95ED000A20EE000AFF
:10099000D5ED030A95ED031A00EE810AF7EE000A81
:1009A000B0EE001A51EE000ACDED090A01AB224665
:1009B0003146284600F07AF8D4ED000A60EEA00A2D
:1009C00094ED011AD4ED011A41EE210A94ED021AB8
:1009D000D4ED021A41EE210AB0EE600AF2F7D2FB22
:1009E000B0EE408A94ED000A20EE080A84ED000A79
:1009F00094ED010A20EE080A84ED010A94ED020A42
:100A000020EE080A84ED020A94ED010ADDED090AE0
:100A100020EE200AD4ED020A9DED081A00E03EE027
:100A200000EEC10A8DED040A94ED020ADDED070A1D
:100A300020EE200AD4ED000A9DED091A00EEC10A4D
:100A40008DED050A94ED000ADDED080A20EE200A7E
:100A5000D4ED010A9DED071A00EEC10A8DED060ADC
:100A600096ED000ADDED010A9DED041A00EE810A03
:100A700086ED000A96ED010ADDED020A9DED051AEC
:100A800000EE810A86ED010A96ED020ADDED030A09
:100A90009DED061A00EE810A86ED020A00BF00BF36
:100AA00026E7000000000000E08D01082DE9F0417C
:100AB0002DED048B07460D4614461E469FED580A41
:100AC000B0EE409A9FED560AB0EE408A9FED540A70
:100AD000F0EE408AD4ED000A60EEA00A94ED011A0F
:100AE000D4ED011A41EE210A94ED021AD4ED021A56
:100AF00041EE210AB0EE600AF2F744FBF7EE000A7D
:100B000080EE801AB0EE419AD5ED000AB0EE600A90
:100B1000F2F7CAF9F0EE409AD5ED010AB0EE600A9C
:100B2000F2F7C2F979EE809AD5ED020AB0EE600ACA
:100B3000F2F7BAF939EE800AF0EE408A3948D0ED82
:100B4000000A79EE600AB0EE600AF2F7ADF9B0EE95
:100B5000408A9FED350AB4EEC08AF1EE10FA06DC49
:100B60009FED320AF4EEC08AF1EE10FA53DD9FEDEC
:100B70002C2AB0EE420A9FED2A2AF0EE421AB7EE76
:100B8000002AF0EE420A9FED262AB0EE421AB5EE98
:100B9000C08AF1EE10FA05DD9FED232AC2EE082A85
:100BA000B0EE620A9FED222AB4EEC20AF1EE10FA0C
:100BB00003D29FED1B2AB0EE420AF5EEC08AF1EE99
:100BC00010FA05DD9FED192AC2EE282AF0EE621A0E
:100BD000B7EE002AB4EEC20AF1EE10FA03D220EE0C
:100BE000802AF0EE420AB7EE002AF4EEC21AF1EEC5
:100BF00010FA03D220EEA12AF0EE420A9FED0D2A50
:100C000020EE822AB0EE421A86ED001A86ED011A15
:100C100086ED021A00BFBDEC048BBDE8F081000038
:100C20000000000038080020CDCCCC3D8FC2F53D3F
:100C30009A99993ECDCC4C3E10B504460C480160C3
:100C4000012141600021816001462046F4F7B2FB9A
:100C500008B1F4F797F82046F4F736FD0A2120464C
:100C6000F4F7CEFC2046F4F75FFC80B210BD000024
:100C70009038002010B52DED048B86B00446B0EE00
:100C8000408AF0EE608AB0EE419A00200390049012
:100C90000590009001900290B0EE000AC8EE000AA4
:100CA000F0EE609AB0EE690AF2F7FCF88DED030AF7
:100CB000B0EE000AC8EE800AF0EE609AB0EE690A63
:100CC000F2F7F0F88DED040AB0EE000AC9EE000A62
:100CD000F0EE609AB0EE690AF2F7E4F88DED050ADD
:100CE000B0EE000AC8EE000AF0EE609AB0EE690AB3
:100CF000F2F752FA8DED000AB0EE000AC8EE800A53
:100D0000F0EE609AB0EE690AF2F746FA8DED010A4C
:100D1000B0EE000AC9EE000AF0EE609AB0EE690A81
:100D2000F2F73AFA8DED020A9DED050ADDED040AAF
:100D300020EE200ADDED030A20EE200ADDED020A96
:100D40009DED011A60EE810A9DED001A00EE810A08
:100D500084ED000A9DED020ADDED040A20EE200A72
:100D6000DDED030A20EE200ADDED050A9DED011AF6
:100D700060EE810A9DED001A00EEC10A84ED010AC1
:100D80009DED050ADDED010A20EE200ADDED030AE6
:100D900020EE200ADDED020A9DED041A60EE810AC4
:100DA0009DED001A00EE810A84ED020A9DED050A10
:100DB000DDED040A20EE200ADDED000A20EE200A17
:100DC000DDED020A9DED011A60EE810A9DED031A28
:100DD00000EEC10A84ED030A06B0BDEC048B10BD21
:100DE00010B541EC100BFDF7D7FA51EC100B10BD0C
:100DF000F4EE000A084820EE200ADFED050A20EE96
:100E0000200ADFED040A20EE200A80ED3B0A70473D
:100E10000000704200001042541F00204FF47A700E
:100E200002F092FC02F04EF9064C01F075FD84EDE3
:100E3000000A00F065FB84ED010A642002F084FCE6
:100E4000F3E700006C020020F8B5002000900024B9
:100E5000F2F74AFA8020F2F7BFFB5520F2F7BCFB0D
:100E60005520F2F7B9FB0090F2F736FA9620F2F728
:100E70009CFAF2F739FA8020F2F7AEFB5520F2F730
:100E8000ABFB5520F2F7A8FB0090F2F725FA96206D
:100E9000F2F78BFAF2F728FAB6217E20F2F7C4FBBC
:100EA000F2F71AFA5020F2F77EFAF2F71DFA8020D4
:100EB000F2F792FB5520F2F78FFB5520F2F78CFBEF
:100EC0000090F2F709FA9620F2F76FFAF2F70CFAAF
:100ED0008020F2F781FB5520F2F77EFB5520F2F7D8
:100EE0007BFB0090F2F7F8F99620F2F75EFA9DF896
:100EF00000001E2801D0FF20F8BD194FF2F7F4F9C9
:100F000004EB4405EE19785D7178F2F78DFBF2F78A
:100F1000E3F99620F2F749FAF2F7E6F9785D40F046
:100F20008000F2F759FB5520F2F756FB5520F2F7F7
:100F300053FB0090F2F7D0F99620F2F736FA70786A
:100F40009DF80010884204D004EB440038448078B7
:100F5000F8BD641CE4B2062CD0D30020F8BD00001C
:100F60000C030020F0B587B00020029003900190A0
:100F70000024F2F7B9F98020F2F72EFB5520F2F7A2
:100F80002BFB5520F2F728FB0190F2F7A5F99620EC
:100F9000F2F70BFAF2F7A8F98020F2F71DFB5520C3
:100FA000F2F71AFB5520F2F717FB0190F2F794F9CC
:100FB0009620F2F7FAF9F2F797F9B6217E20F2F7C8
:100FC00033FBF2F789F95020F2F7EDF9F2F78CF9DB
:100FD0008020F2F701FB5520F2F7FEFA5520F2F7D8
:100FE000FBFA0190F2F778F99620F2F7DEF9F2F7C2
:100FF0007BF98020F2F7F0FA5520F2F7EDFA552050
:10100000F2F7EAFA0190F2F767F99620F2F7CDF9D4
:101010009DF804001E2802D0FF2007B0F0BD7C4FD1
:10102000F2F762F904EB4405EE19785D7178F2F796
:10103000FBFAF2F751F99620F2F7B7F9F2F754F903
:10104000785D40F08000F2F7C7FA5520F2F7C4FA55
:101050005520F2F7C1FA0190F2F73EF99620F2F727
:10106000A4F970789DF80410884204D004EB440081
:1010700038448078D1E75020F2F795F9641CE4B247
:10108000042CCDD30024F2F72FF9201D00EB4005EE
:10109000EE19785D7178F2F7C7FAF2F71DF996202C
:1010A000F2F783F9F2F720F9785D40F08000F2F76B
:1010B00093FA5520F2F790FA5520F2F78DFA019045
:1010C000F2F70AF99620F2F770F970789DF804109B
:1010D000884205D0241D04EB4400384480789CE706
:1010E0005020F2F760F9F2F7FFF89220F2F774FA65
:1010F000062202A91220F2F751FAF2F7EDF89DF854
:10110000090004AA01029DF80800014304EB440011
:1011100022F810109DF80B109DF80A3002EB4000E9
:1011200043EA012141809DF80D109DF80C2042EA10
:1011300001218180641CE4B2022CA4D3F2F7D4F81C
:1011400000216D20F2F770FAF2F7C6F89620F2F758
:101150002CF9F2F7C9F8ED20F2F73EFA5520F2F734
:101160003BFA5520F2F738FA0190F2F7B5F89620DD
:10117000F2F71BF99DF8040008B104204DE7F2F7DF
:10118000B3F8B6217E20F2F74FFAF2F7A5F8502017
:10119000F2F709F9BDF91000BDF91610411A40F235
:1011A000555081420EDBBDF91210BDF91820891A85
:1011B000814207DBBDF91400BDF91A10401AB0F5E1
:1011C0002A7F01DA802028E7F2F78EF88020F2F7F4
:1011D00003FA5520F2F700FA5520F2F7FDF90190D5
:1011E000F2F77AF89620F2F7E0F8F2F77DF880202F
:1011F000F2F7F2F95520F2F7EFF95520F2F7ECF992
:101200000190F2F769F89620F2F7CFF8002004E792
:101210002C7F0108F8B5002400200090F2F776F842
:1012200069460020F2F7CCF9F2F768F89620F2F759
:10123000BCF8F2F76BF869460020F2F7C1F9F2F753
:101240005DF89620F2F7B1F8F2F760F8B6211420B5
:10125000F2F7EAF9F2F752F85020F2F7A4F8F2F7B1
:1012600055F869460020F2F7ABF9F2F747F89620F7
:10127000F2F79BF8F2F74AF869460020F2F7A0F976
:10128000F2F73CF89620F2F790F89DF800000F284E
:1012900001D0FF20F8BD154FF2F738F804EB4405F4
:1012A000EE19785D7178F2F7BFF9F2F727F896201A
:1012B000F2F77BF8F2F72AF8785D6946F2F780F9E1
:1012C000F2F71CF89620F2F770F870789DF800108D
:1012D000884204D004EB440038448078F8BD641C94
:1012E000E4B2062CD8D30020F8BD00001E03002075
:1012F00038B5002000900024F2F708F86946002075
:10130000F2F75EF9F1F7FAFF9620F2F74EF8F1F7EF
:10131000FDFF69460020F2F753F9F1F7EFFF962041
:10132000F2F743F8F1F7F2FFB6211420F2F77CF957
:10133000F1F7E4FF5020F2F736F8F1F7E7FF6946DE
:101340000020F2F73DF9F1F7D9FF9620F2F72DF8DA
:10135000F1F7DCFF69460020F2F732F9F1F7CEFF32
:101360009620F2F722F8F1F7D1FF01213C20F2F7A5
:101370005BF9F1F7C3FF5020F2F715F8F1F7C6FF5C
:1013800069463C20F2F71CF9F1F7B8FF9620F2F716
:101390000CF8641CE4B29DF80000800701D40A2C0C
:1013A000ECD30A2C05D09DF80000400703D540205F
:1013B00038BD402038BD002038BD000018B5374B7F
:1013C000984201D1364A03E0364B984200D1364A62
:1013D000106843681B050BD5536B13B11B685B6822
:1013E00023B9936B23B11B685B680BB1012018BD57
:1013F000002309E05B1C9BB2642B05D9016841F412
:1014000000710160002018BD8469A407F2D403684C
:1014100023F4006303601068036843F4807303607F
:101420000020136809E0401C80B2642805D91868C0
:1014300040F400701860002018BD5C69E407F2D029
:1014400001F0FE00186100214FF4FA73106809E002
:10145000491C89B2994205D9016841F400710160C3
:10146000002018BD42699207F2D541698169009157
:10147000002109E0491C89B2994205D9016841F46B
:1014800000710160002018BD42691206F2D50168A2
:1014900041F400710160012018BD000000540040BB
:1014A000C40F0020005800401810002038B5084D27
:1014B0006424A84204D107480094F5F771FC38BDB4
:1014C000054DA842FBD105480094F5F769FC38BDED
:1014D00000540040C40F00200058004018100020A5
:1014E000024900200968C863704700008812002084
:1014F000024A136898621068C1637047881200201E
:1015000060EE000A20EE801A10EE100A23499FEDCB
:10151000242AF7EE002A884202DAB0EE420A2DE0D1
:1015200010EE100A1F49884210DADFED1F1A21EE73
:10153000211ADFED1E1A00EEE11ADFED1D0A00EEA2
:10154000201A9FED1C0A31EE400A17E010EE100A37
:101550001949884210DADFED191A21EE211ADFED60
:10156000181A00EEE11ADFED170A00EE201A9FEDBF
:10157000160A31EE400A01E0B0EE620AB5EEC00A8A
:10158000F1EE10FA02D2B0EE420A704710EE100AE5
:10159000B0F17E5FF9DDB0EE620A704700009C4159
:1015A000000000003333AF411399B93BFB5CAD3E03
:1015B000E17AD84014AE34420000CC4161E0B93C3D
:1015C00046B6D33F295C21423333A44310B50246CB
:1015D0004FF6FF70002A0CD0064C07E012F8013BD2
:1015E0004340DBB234F8133083EA1020491E4B1C11
:1015F000F4D110BDDE8B010810B5FF22054C03E0CD
:1016000010F8013B5340E25C491E4B1CF8D11046D8
:1016100010BD0000DE8A010810B504462DED028BD6
:10162000E03454F8A00C06F077F941EC100BFDF70C
:101630003FFA9FED2B1B51EC100B53EC112B05F0D7
:101640006DFB41EC180B54F86C0C06F065F953EC8B
:10165000182B05F05FFE04F0FDFD6067206806F0C2
:101660005BF941EC100BFDF723FAB0EE408AF0EE87
:10167000608A54F8140C06F04FF953EC182B05F05F
:101680004DFB41EC180B606F06F046F953EC182B3C
:1016900005F040FE04F0DEFDA067206906F03CF98D
:1016A00041EC100BFDF704FAB0EE408AF0EE608AD0
:1016B00054F8100C06F030F953EC182B05F02EFB03
:1016C00041EC180B606F06F027F953EC182B05F06E
:1016D00021FE04F0BFFDE067BDEC028B10BD0000F1
:1016E000000000A0999923402DE9F8430025002629
:1016F000DFF87890DFF8788005EB850000EBC50710
:1017000007EB08042079D4F8051000F07F0206EBFF
:10171000090001F00EF8207900F07F0006EB800050
:1017200086B20122694606EB090001F002F89DF835
:10173000000008F807009DF8010060709DF80200A5
:10174000A0709DF80300E070361DB6B2552806D093
:10175000D4F8090018B1207940F0800020716D1C88
:10176000EDB2052DC8D3BDE8F883000000000A08DB
:10177000DC2200200120704710B50A4601460C30DB
:10178000002A03D0012A05D0002010BDF8F7CAF8BE
:10179000002010BD0D4AF8F793F80C4844F620627B
:1017A00008380189914208D900210181FFF798FE8C
:1017B0002420F9F757FF012010BDF9F771FF42F21D
:1017C00010715F20FFF794FE002010BDD0010020B3
:1017D00000290BD0002101702821C17043F239018A
:1017E000A0F80110024941600120704701207047B4
:1017F0000000B0412DE9F04100201A4B1A4D03F1D1
:10180000240403F1100600EB800101EBC001294420
:101810001F5C0A7967F306020A7156F82020C1F8A6
:10182000052054F82020C1F80920401CC0B205282A
:10183000E9D3FFF759FF002404EB840000EBC40058
:101840002844C178552906D1D0F809201AB156F894
:10185000240000219047641CE4B2052CECD3BDE8C1
:10186000F0810000E4010020DC22002000B58BB0F4
:1018700001210991002007900891019002900390A6
:1018800004900690059001A90C48F4F73BF80B482A
:10189000F4F7F3FD02210948F3F7AAFF0E200A909E
:1018A000069001A90648F4F72DF80548F4F7E5FD80
:1018B00002210348F3F79CFF0BB000BD740F00201A
:1018C0009C0F00202DE9F04104462DED088B002CE3
:1018D0007ED020786070A078E07020796071A07967
:1018E000E071207A6072A07AE072607DA075E07D80
:1018F000207694F80DC084F80EC0E67B267494F828
:10190000380684F8390694F8600684F8610694F87D
:10191000880684F8890694F8B00684F8B10694F82D
:10192000D80684F8D90694F8080784F80907D4F88B
:10193000340604F5806590ED010AD5ED910A70EE4C
:10194000600AB3EE0E0A70EE800AC5ED8F0AD4F875
:101950005C2695ED9B1AD2ED010A70EEC10A70EE7D
:10196000C00AC5ED990AD4F8843695EDA51AD3EDD1
:10197000010A70EEC10A70EEC00AC5EDA30AD4F8E0
:10198000AC1695EDAF1AD1ED010A70EEC10A30EE3A
:10199000800A85EDAD0A90ED020A85ED920A92ED7E
:1019A000020A85ED9C0A93ED020A85EDA60A91EDE7
:1019B000020A85EDB00AD5ED940A9FEDFE0AD0ED3E
:1019C000031A20EE801ADFEDFC0A01EEA01A00E0F7
:1019D0005BE285ED941A95ED9E1AD2ED031A21EE85
:1019E000001A01EEA01A85ED9E1A95EDA81AD3ED06
:1019F000031A21EE001A01EEA01A85EDA81A95ED42
:101A0000B21A21EE000A91ED031A01EE200A85EDCB
:101A1000B20A95EDBA0A85EDB90AD5EDC60AC5ED4B
:101A2000C50AD4F8D476D7ED03BAC5EDBABAD4F85E
:101A30000487D8ED038AC5EDC68A207BB7EE008AFD
:101A400001282FD030EE6B0ADC4ADD4910EE100A77
:101A5000904206DD95EDBB0A30EE080A85EDBB0A23
:101A600009E010EE100A884205D995EDBB0A30EE68
:101A7000480A85EDBB0A30EEE80A10EE100A9042E3
:101A800006DD95EDC70A30EE480A85EDC70A09E084
:101A900010EE100A884205D995EDC70A30EE080A03
:101AA00085EDC70A9FEDC7BA9FEDC7ABBCF1000F2C
:101AB0001BD1D5F8E00205F02FFF8BEE8B0AD5ED98
:101AC000BB0A41EC190B30EE200A10EE100A05F0AB
:101AD00023FF53EC1A2B05F021F953EC192B05F0D9
:101AE00019FC04F0B7FBC5F8DC02EEB9D5F8100319
:101AF00005F012FF3BEE680A41EC190BC0EE0B0A31
:101B000095EDC70A30EE800A10EE100A05F004FFCA
:101B100053EC1A2B05F002F953EC192B05F0FAFBE4
:101B200004F098FBC5F80C0395EDB70AD5EDC30A90
:101B3000F6EE008A30EE200A20EE280A84ED4E0AE6
:101B4000B7F9040000EE100AB8EEC00A9FEDA09AA3
:101B500020EE090ADFED9F0AF2EE041A20EE200AB9
:101B600080EE212A9FED9C1A82EE010A85EDBC0AC7
:101B7000B8F90400404202EE100AB8EEC22A22EE82
:101B8000092A62EE200A80EEA12AC2EE010AC5ED02
:101B9000C80A30EE200A20EE280A84ED520A2046B8
:101BA000F3F764F995EDBD0AD5EDC90A30EE200AC8
:101BB00020EE280A84ED530A94ED4E0A84ED4F0A74
:101BC0002046F8F7EBFCD5ED9C1A95ED991AD5ED6A
:101BD000920A95ED8F0A01212046F3F79BF9D5ED86
:101BE000A61A95EDA31AD5EDB00A95EDAD0A002120
:101BF0002046F3F78FF9D4F8AC0290ED020A84ED99
:101C0000140A90ED010A84ED150A90ED000A84EDA6
:101C1000160AD4F8B00290ED000A84ED1B0A90ED8C
:101C2000010A84ED1C0A90ED020A84ED1D0AD4F825
:101C3000A80290ED000ADFED698AB0EE681ADFEDC8
:101C4000689AF0EE690A01F003FC84ED0D0AD4ED08
:101C50000E0A644E70EE601AC6ED111A11EE900A6B
:101C60006149884206D9D4ED130A70EE880AC4EDA2
:101C7000130A0AE011EE900A5C49884205DDD4EDB2
:101C8000130A70EEC80AC4ED130A94ED131AF0EEAD
:101C9000400A41EE090AC4ED0F0A84ED0E0AD4F899
:101CA000A802B0EE681AF0EE690A90ED010A01F0A0
:101CB000CFFB84ED100AD4F8A802D0ED020AC4EDDF
:101CC000110AD4ED380A70EEC00AC4ED380A94ED5A
:101CD0003C1A31EE400A84ED3C0A94ED270A0121BA
:101CE000204600F041FE84ED810AD4ED380A94EDDF
:101CF000270A0221204600F037FE84ED820AD4ED47
:101D00003C0A94ED290A0121204600F02DFE84EDC5
:101D1000850AD4ED3C0A94ED290A0221204600F000
:101D200023FE84ED860AD4ED810A95ED921ADFED4B
:101D3000301A95ED9C2A60EE810A94ED821A60EECD
:101D4000A10A21EE021A41EE210AC4ED2F0A94EDF8
:101D5000851A95EDA62A21EE021A95EDB02A21EEFC
:101D6000211A20EE020A00EE211A84ED301A94EDB9
:101D7000310A9FED203A30EEC00AC0EE032A96EDFC
:101D8000040A94ED352A78EE401A21EE822A00EEFC
:101D9000222A84ED332AD4ED322A71EE623AC3EE60
:101DA000832A94ED363A61EE831A40EE221AC4ED8E
:101DB000341A21E03333733FCDCC4C3D0000324325
:101DC000000032C30000B443FA28232E008DDC3F0C
:101DD000DB0FC9407368913D00007042DB0F494042
:101DE000DB0F49C03C000020DB0F49C0DB0F49403E
:101DF0005077D63D6F12033B94ED380A84ED390AD3
:101E000094ED3C0A84ED3D0A94ED270A84ED280AFE
:101E100094ED290A84ED2A0AC4ED310A84ED321AC0
:101E200084ED352AC4ED361AD4F8380590ED030A4E
:101E300002F05EFF85ED820AD4F8B402D0ED000A0C
:101E4000C6ED140A90ED010A86ED150AF5EEC00AFA
:101E5000F1EE10FA1DDB60EEA00A40EE000A10EE73
:101E6000900A05F059FD41EC100BFCF7F5FE51EC22
:101E7000100B04F0EFF900EE100AB1EE001AF9EEC3
:101E8000000A00F071FC86ED160ABDEC088BBDE877
:101E9000F08160EEA00A40EE000A10EE900A05F014
:101EA0003BFD41EC100BFCF7D7FE51EC100B04F09E
:101EB000D1F900EE100AB1EE001AF9EE000A00F0B6
:101EC00053FCB1EE400A86ED160ADEE72DE9F0413B
:101ED00004462DED048B002C7DD04FF4C86003F038
:101EE00055FAF7F70BF9F9F7BBF8012003F04EFAB2
:101EF000002000F06FFCC4F83406012000F06AFCFA
:101F0000C4F85C06022000F065FCC4F884060320D7
:101F100000F060FCC4F8AC06002000F065FCC4F8DA
:101F2000D406012000F060FCC4F8040700F05EFD58
:101F3000C4F8380500F054FCC4F8A80200F010FD05
:101F4000C4F8AC0200F05EFCC4F8B00200F056FC2D
:101F5000C4F8B4020127677027700026E670A670E7
:101F60006771277184F8396684F8386684F8616689
:101F700084F8606684F8896684F8886684F8B166B7
:101F800084F8B06684F8D96684F8D86684F809675E
:101F900084F80867D4F8340604F5806590ED010AEA
:101FA00085ED910AD4F85C16D1ED010AC5ED9B0AC6
:101FB000D4F8842692ED011A85EDA51AD4F8AC3632
:101FC000D3ED011AC5EDAF1A90ED012A32EE402A89
:101FD000B3EE0E0A00E0C6E032EE002A85ED8F2A4D
:101FE00091ED012A72EE600A70EEC00AC5ED990A01
:101FF000D2ED010A70EEC10A70EE800AC5EDA30AA7
:10200000D3ED010A70EEE10A30EEC00A85EDAD0AAB
:10201000D5EDBA0A9FED569A80EE890A10EE100AA5
:1020200005F07AFC9FED538B53EC182B04F076FEF1
:1020300004F010F9C5F8E00295EDC60A79EE400A01
:1020400080EE890A10EE100A05F066FC53EC182B9E
:1020500004F064FE04F0FEF8C5F810039FED473A63
:1020600084ED913A9FED460A84ED920ADFED450A30
:10207000C4ED930A9FED441A84ED941ADFED431AE0
:10208000C4ED951ADFED421AC4ED961A9FED412A70
:1020900084ED972A9FED402A84ED982ADFED3F2AB0
:1020A000C4ED992A9FED3E2A84ED9A2A9FED3D2AA0
:1020B00084ED9B2ADFED3C3AC4ED9C3A84ED9D3AD9
:1020C00084ED9E0AC4ED9F0A84EDA01A9FED370AA5
:1020D00084EDA10AC4EDA21A9FED350A84EDA30A8E
:1020E0009FED340A84EDA40AC4EDA52A9FED320ABF
:1020F00084EDA60A84EDA72A9FED300A84EDA80A94
:10210000F1EE040AB2EE040A2D4A002104F58560BE
:10211000F9F744FA9FED2B8ADFED2B8A284AF0EE7F
:10212000480AB0EE680A0C32002104F58E60F9F717
:1021300035FA234AF0EE480AB0EE680A0C32002164
:1021400004F59760F9F72AFA2046F2F71DFE2046BB
:10215000F8F7B2F927732046FFF7B4FB26739FED1B
:102160001B0A85ED840ABDEC048BBDE8F0810000FC
:102170000000B443FA28232E008DDC3FB515FB3D4B
:10218000D578E9BF17D4B7BD3333634024B97CBEDB
:1021900033C4313DED64703DA2451E400F0B25BF99
:1021A000068199C031081C40BDE053BB24B97C3E78
:1021B000ED6470BDA2451EC006819940BDE0533B51
:1021C000607E01080000F042000048430000964293
:1021D0002DE9F04704462DED028B002C7AD02078B3
:1021E000012538B96078012804D1A57094ED0F0A53
:1021F00084ED1E0AA07800264FF002084FF0040973
:10220000012812D1206C05F087FB41EC100BFCF784
:10221000B3FC9FED6F1B51EC100B53EC112B04F032
:1022200041FD02D284F802804BE0A078022803D05E
:10223000694F032803D005E00320A07041E0217816
:10224000012904D09FED658B04280ED039E0387841
:1022500040B994ED240AD7ED0C0A30EE200A87ED40
:10226000170A3D7084F802902BE094ED270AD7ED11
:102270000B0A30EE600A10EE100A05F04DFB41EC3F
:10228000100BFCF779FC53EC182B51EC100B04F0FD
:1022900009FD14D394ED290AD7ED0B0A30EE600A3C
:1022A00010EE100A05F038FB41EC100BFCF764FC53
:1022B00053EC182B51EC100B04F0F4FC01D2A67077
:1022C0003E702079032809D16179032906D0A571D0
:1022D00026726676BDEC028BBDE8F08706270328E0
:1022E00002D0A6712772F5E7A079012801D02772E4
:1022F000F0E7207A0728EDD2DFE800F0054E0B0466
:10230000213A6500E6E784F8088003F09DFDE0616E
:10231000E0E72046F2F706FA30B1657684F80890D7
:1023200003F092FD2062D5E703F08EFDE169401ACB
:1023300040F6B8318842CDD927722571CAE72948BD
:10234000D4F89C10814209DBD4F8A410814205DB4B
:102350000520207203F078FD6062BBE703F074FD96
:10236000216A401AB0F5FA7FB4D927722571B1E716
:102370001D48D4F89C10814205DCD4F8A410814299
:1023800001DC2572A6E703F05FFD616A401AB0F533
:10239000967F9FD925729DE7E07B58B9607B48B94D
:1023A00003F052FD616A401A40F2DC51884201D9C3
:1023B00027728FE703F048FD616A401AB0F5FA6FA3
:1023C00088D9277286E726722571667682E7000033
:1023D000000000A09999C93F3C000020000000E0E7
:1023E0004D62503F0AD7A33E8FC2F53D2DE9F04123
:1023F0000446002C21D0D4F8B4020227012690F81C
:1024000020000025D8B102281BD025702078D0B13B
:1024100002283BD0A078042845D084F8385684F8A8
:10242000605684F8885684F8B05684F8D85684F8F4
:102430000857A078032843D02571BDE8F0812670A5
:10244000E4E72770E2E784F8386684F8606684F889
:10245000886684F8B06684F8D86684F8086703F064
:10246000F3FCD4F8D4160969411A642905D8D4F8C4
:1024700004170969401A6428DBD984F8385684F8AF
:10248000605684F8885684F8B056D2E784F83856F7
:1024900084F8605684F8885684F8B05684F8D85684
:1024A00084F80857C5E784F8386684F8606684F8CD
:1024B000886684F8B06684F8D85684F80857B8E778
:1024C000A07C08B12771B8E720790321032802D145
:1024D000207A0628B1D1D4F8B40290F824200AB1A9
:1024E0002171AAE790F8250010B104202071A4E71B
:1024F0002671A2E740F2651002F048FF1148FFF78D
:10250000E5FC114C0F48FFF7DDF90E48F1F7DEF955
:102510000C48FFF76BFF0B48FFF75AFE0948FBF723
:102520005DF90848F1F7C8FA0648F1F757FE054883
:10253000F8F730FD022002F029FF002002F0F2FD42
:102540002064DFE7001600203C0000200648074911
:102550000068B0FBF1F206490A704FF47A72B0FBE2
:10256000F2F04860704700001807002040420F005A
:102570000407002070B500214FF0E0256C690A4A7D
:1025800012785043AB69AA699A42FCD003D2A3EBFC
:102590000203194403E0A4EB020633441944134632
:1025A0008142F0D370BD00000407002010B500EB9D
:1025B000C001144800EB81042068606003F044FC13
:1025C0002060E17C4A0603D521F04001E174E0601F
:1025D000A06990B1804758B1E07C40F0200040F005
:1025E0008000E074206A002806D0BDE81040004753
:1025F000E07C20F08000E07410BDE07C20F08000E2
:10260000E07410BD1D2300200FB42DED020B9DEDD5
:10261000021ADDED031A01EE801ADDED041A01EE57
:10262000A01ADDED051A61EE801A01EE801ADDEDCB
:10263000061A21EE800A00EE201A9DED070A60EED0
:10264000201AB0EE410A01EEA00A06B0704782B02F
:10265000CDE9000121F0004001909DED000B02B09A
:1026600051EC100B7047EFF3108272B643680169AA
:10267000994201D901680161016911F8013B0161C9
:102680008168491C8160C168491EC16082F310885D
:102690001846704701608B185B1E43608260002201
:1026A000C26001614161002070472DE9F047044696
:1026B0008846EFF3108772B6B8F1000F32D0A568E4
:1026C0007DB361686069884201D920686061954284
:1026D00000DD154660690E1A761CAE4207DB2A46FD
:1026E0004146EEF73AFE6069284460610EE0A5EBD2
:1026F000060932464146EEF730FE08EB06014A462F
:102700002068EEF72AFE206848446061A068401BFC
:10271000A060E0682844E060284687F31088BDE8A0
:10272000F087FFE787F310884FF0FF30F7E7C068C6
:1027300070470346084692001946EEF70EBE31EE8A
:10274000601A0121814070EE600A491E00EE101AE5
:10275000B8EEC00A20EE800AC0EE010ABCEEE00A24
:1027600010EE100A80B27047B4EEE00AF1EE10FAF3
:1027700002D2B0EE600A7047B4EEC10AF1EE10FA70
:10278000F9DDB0EE410A704710B503461046002B44
:1027900001D0084C0AE04FF6FF7010BD13F8012B72
:1027A0004240D2B234F8122082EA1020491E4A1C5C
:1027B000F4D110BDBE88010810B5054C03E010F837
:1027C000013B5340E25C491E4B1CF8D1104610BD42
:1027D000BE870108014901EB00107047B8210020B5
:1027E00000487047901E002000F00100024900EBF5
:1027F000800001EB80007047902100200048704766
:102800009020002000487047681E00202DE9F0410C
:1028100004460D4616461F4614B10DB106B10FB958
:10282000BDE8F081D4ED010A94ED031A60EE810A4F
:1028300094ED001AD4ED021A41EE610AB8EE001AC6
:1028400060EE810AB0EE600AF0F728FB86ED000A20
:1028500094ED001A21EE011AD4ED011A94ED012A2B
:1028600001EE821AF7EE001AB0EE002A52EE011ABB
:10287000F0EE610A94ED001AD4ED031A21EE211A4C
:10288000D4ED011A94ED022A01EE821AF0EE001A3C
:1028900021EE211AB0EE410AF0F702FB85ED000AA5
:1028A00094ED001A21EE011AD4ED031A94ED032AD7
:1028B00001EE821AF7EE001AB0EE002A52EE011A6B
:1028C000F0EE610A94ED001AD4ED011A21EE211AFE
:1028D000D4ED021A94ED032A01EE821AF0EE001AEA
:1028E00021EE211AB0EE410AF0F7DAFA87ED000A7C
:1028F00000BF95E70648DFED070A90ED010A20EEDC
:10290000200ABCEEC00A10EE100A80B27047000028
:102910006C0200200000C84210B508210848FEF7EC
:102920008BF900EE100A0748B8EE400AD0ED000A15
:1029300020EE200ADFED040A20EE200A10BD000080
:102940002C0F0020140700205D742141014890F9EC
:1029500003007047E9010020004870471D23002054
:10296000004870475C1E00200CB5012908D00229E0
:1029700010D0032918D0042920D09FED150A0CBDD2
:1029800000F51170D0E90412CDE900120FC8FFF76D
:102990003BFE0CBD00F51770D0E90412CDE9001222
:1029A0000FC8FFF731FE0CBD00F51D70D0E9041211
:1029B000CDE900120FC8FFF727FE0CBD00F523700C
:1029C000D0E90412CDE900120FC8FFF71DFE0CBDBF
:1029D000000000000249D1F80310016070470000B8
:1029E00040020020004870477C21002000487047CA
:1029F0005421002010B586B004461B4890E80E0014
:102A00000391CDE90423D0E903124069CDE9001216
:102A10000290FFF7F3FE2060FFF7E8FF606094ED9F
:102A2000330A84ED340A002084F8C8009FED0F0AB1
:102A300084ED390ADFED0E0A9FED0E0A6A46002189
:102A400004F18000F8F7AAFD9DED052ADDED041ADA
:102A50009DED031AF6EE000AB0EE080A04F15000EC
:102A600000F04AF806B010BD787E010800000000B2
:102A700000A00C460060EA4610B50446002C36D093
:102A800084ED040AC4ED030A30EEC00A84ED050AA1
:102A9000D4ED000A60EE800AC4ED080AD4ED090AFC
:102AA000D4ED011A41EE800AC4ED090A94ED020A40
:102AB00020EE010A84ED0A0A94ED070A04F12400CD
:102AC000FDF7F8FE94ED080AD4ED090A30EE200A6D
:102AD000D4ED0A0A30EE200A84ED0B0A94ED060AC2
:102AE00004F12C00FDF7E6FE94ED0B0A10BD9FEDFE
:102AF000010A10BD0000000000280FD080ED001A70
:102B0000C0ED011A80ED022A9FED051A80ED051A2D
:102B100080ED041AC0ED070A80ED060A7047000038
:102B20000000000010B50446DFED121A94F8C8004A
:102B300000281AD0012817D12068D4ED340A94ED6A
:102B4000330A90ED061A04F15000FFF795FF206854
:102B5000D4ED1F0A90ED060A04F18000F8F76EFC30
:102B600094ED280A84ED3E0A10BDC4ED3E1AC4ED72
:102B7000391A10BD0000000070B504462DED028B1F
:102B8000206890ED050A84ED330A8569D4F8E800E1
:102B900004F0C2FE9FED111B53EC112B04F0BEF8A4
:102BA00041EC180B284604F0B7FE9FED0E1B53ECCA
:102BB000112B04F0B3F853EC182B03F0ADFC03F029
:102BC00049FBC4F8E400C4F8E800606890ED030A2B
:102BD00084ED350ABDEC028B70BD00009A9999997D
:102BE0009999A93F666666666666EE3F90F8C810DA
:102BF000002907D0012904D1016891ED040A80ED74
:102C0000340A704790ED330A80ED340A7047026849
:102C100092F82010002904D0012906D0022904D0FE
:102C200006E0002180F8C81002E0012180F8C810F9
:102C300092F82010032902D1022180F8C8107047B1
:102C40001848FFF7D7FE01F0CDFE164C1548FFF7E8
:102C5000DEFF1448FFF790FF1248FFF7C7FF124945
:102C60001048FFF75FFF01F0EDFDC4F8000194F894
:102C7000C81081B194ED3E0AB0F9F8200023BDEEF2
:102C8000C00A194610EE100A00B2F0F7FBFD012051
:102C900002F07CFBDAE700231A4619461846F0F7E3
:102CA000F1FDF4E7341D002000160020002820D09C
:102CB00000291ED0002A1CD0D0ED000A91ED001A88
:102CC0009FED0C0A41EE400AC0ED000AD0ED010A6A
:102CD00091ED011A41EE400AC0ED010AD0ED020A61
:102CE00091ED021A41EE400AC0ED020A1088401C24
:102CF0001080704752499D391C4AC17B9FED1C1AB8
:102D000092ED180AD2ED190A01290FD1D0ED3A1A25
:102D100090ED382A71EEC21A90ED402A61EE801AC9
:102D200040EE821AC0ED5E1A80ED611A427B012AE4
:102D30000FD1D0ED3A1A90ED382A71EEC21A21EE79
:102D4000800AD0ED401A00EEA10A80ED5E0A80ED07
:102D5000601A012903D180ED591A80ED5B1A012A0E
:102D600003D180ED581A80ED5A1A7047F0370020D1
:102D7000000000002DE9F04F099D0024DFF8D8C0C5
:102D8000DFF8D8A00CF124080AF1180B08F1240987
:102D90000AF1340E04EB44060CEB860793ED050AAA
:102DA000D7ED000A97ED011A20EE200AD3ED060AAE
:102DB00000EE810AD3ED070A97ED021A0AEB8407A9
:102DC00000EE810AD7ED000A00EB840730EE200AFE
:102DD00087ED000A08EB860793ED010AD7ED000A9C
:102DE00097ED011A20EE200AD3ED020A00EE810AC7
:102DF000D3ED030A97ED021A0BEB840700EE810A6C
:102E0000D7ED000A01EB840730EE200A87ED000AB7
:102E100009EB860695ED010AD6ED000A96ED011A3A
:102E200020EE200AD5ED020A00EE810AD5ED030A54
:102E300096ED021A0EEB840600EE810AD6ED000A2A
:102E400002EB840630EE200A86ED000A641CE4B230
:102E5000032C9FD3BDE8F08FF4000020CC1E00208F
:102E600070B55020EFF3118480F31188BFF34F8FBA
:102E7000BFF36F8F3E4B1878C5073E48D0E912125A
:102E800024D008680068C00720D110680068C00717
:102E90001CD15878800719D49878800716D41878F0
:102EA00020F001001870187840F00200187000221D
:102EB00001213148F3F790FE2D4908222031A1F17C
:102EC0000800F8F73FFC84F3118870BD5878C507F7
:102ED0002A4822D00D682D68ED071ED115682D688F
:102EE000ED071AD11D78AD0717D49D78AD0714D41E
:102EF000597821F001015970597841F00201597057
:102F000000221021F3F768FE194809221C492830D5
:102F1000F8F718FC84F3118870BD9D78ED0723D075
:102F200009680968C9071FD111680968C9071BD159
:102F30001978890718D45978890715D4997821F018
:102F400001019970997841F00201997000221021D5
:102F5000F3F742FE064904221431A1F10D00F8F7FF
:102F6000F1FB84F3118870BD84F3118870BD0000FB
:102F7000C0000020E01000200004024000000240D9
:102F80009C1E0020014909684863704760130020B7
:102F900070B52DED028BB0EE408A234D234CA879FD
:102FA000002822D0FFF7D2FC00EE100A2046F8EEEF
:102FB000C00AB0EE480AF8F741FA94ED080AB5EEF7
:102FC000C00AF1EE10FA03D29FED190A84ED080A47
:102FD00094ED080ABCEEC00A10EE100A80B2BDECF7
:102FE000028BBDE87040FFF7CDBFFFF7AFFC00EEEE
:102FF000100AB8EEC00AB4EEC80AF1EE10FA0BD20D
:103000006879401CC0B26871C82805D90120A87130
:103010009FED080A84ED0A0A41F28730BDEC028B6D
:10302000BDE87040FFF7AEBFC00000200C1F0020BD
:103030000000000000401C4570B5204D0024C5F87C
:103040001240AC75C5F81740EC761D4E34607460C4
:103050003481B4722C70102106F10B00EEF7FCF9EC
:10306000C5F80A40C5F80E40AC80AC71A5F8074021
:103070006C720D2106F11B00EEF7EEF90E2106F140
:103080002800EEF7E9F9C6F83640C6F83A40C6F827
:103090003E40C5F82340C5F827406C806C70EC6159
:1030A0002C8485F82240C5F82B40C5F82F4006F146
:1030B0004200BDE870407621EEF7CEB92402002030
:1030C0009B25002070B50024002511210948FDF73B
:1030D000B3FD0544641CE4B2C82CF6D300EE105ACC
:1030E000DFED050A0548B8EE400A80EE801A80ED53
:1030F000001A70BDE40E0020010070431407002088
:10310000704700000EB564238DE80E0002460123CF
:103110001C210248F3F7F4FE0EBD00006C100020E5
:103120001FB5012303AC6421CDE90043024602919F
:103130001C210348F3F7E4FE9DF80C0004B010BD19
:103140006C10002013B584B0012305AC6421CDE9D7
:103150000043024602911C210248F4F73BF806B0F6
:1031600010BD00006C100020012240210148F3F73F
:1031700033BD000000180240002240210148F3F74F
:103180002BBD000000180240704700F0DDBA0000BF
:103190002DE9F0410024FFF7B3FFFFF7F5FFFFF73C
:1031A000EBFF3220FFF7F1FFFFF7DEFF3220FFF7E2
:1031B000ECFF0020FFF7B4FF102802D04020BDE84C
:1031C000F0810120FFF7E1FF0F4F04EB4405EE19FA
:1031D000785D7178FFF7B6FF0120FFF7D6FF785DC5
:1031E000FFF79EFF05460120FFF7CFFF7078A8424A
:1031F00004D004EB440038448078E0E7641CE4B277
:10320000042CE2D30020DAE73E7F01081CB5044617
:10321000062269460320FFF775FF9DF800009DF820
:10322000011040EA012000B200EE100AF8EEC00AD8
:103230009FED120A60EE800AC4ED000A9DF80200BC
:103240009DF8031040EA012000B200EE900AF8EE6B
:10325000E00A60EE800AC4ED010A9DF804009DF8C2
:10326000051040EA012000B200EE900AF8EEE00AF4
:1032700020EE800A84ED020A1CBD00009A99993E56
:103280002B4F4FF4C8782B4C4BE002F0DDFD064687
:1032900042F2CF0529463220FEF72AF9642000F0D9
:1032A00053FAFEF71DF929463220FEF721F9642072
:1032B00000F04AFAFEF714F929463220FEF718F911
:1032C000642000F041FAFEF70BF94FF47A7513E031
:1032D00094ED100AB5EEC00AF1EE10FA06DD0023F7
:1032E0001A4639464046F0F79BFA05E000231A4695
:1032F00041463846F0F794FA02F0A6FD801BA8423A
:10330000E6D300231A4619461846F0F789FA6420D6
:1033100000F01AFA72B6F4F767F94FF4FA6000F0A9
:1033200013FAD4F8B40290F82B000028F5D0ACE7DB
:1033300070FEFFFF001600202DED0A8B424E9FED20
:1033400043AA4FF47A777CE056F82500020E00EE8F
:10335000102AB8EE408AC0F3074100EE101AF8EECA
:10336000408AC0F3072300EE103AB8EE409AC4B288
:1033700000EE104AF8EE409A6D1C56F825004FEA10
:10338000106C00EE10CAF8EE400A00EE102AB8EEFB
:10339000400A70EEC01AC0F3074200EE102AF8EEA1
:1033A000400A00EE101AB8EE400A30EEC01AC0F320
:1033B000072100EE101AF8EE400A00EE103AB8EEBF
:1033C000400A70EEC00AC0B200EE100AB8EE402A01
:1033D00000EE104AB8EE400A32EE400AC1EE8AAA68
:1033E00081EE0ABAC0EE8ABA80EE0ACA002438EE2C
:1033F0002A8A78EE8B8A39EE2B9A79EE8C9ABCEE7B
:10340000C80A10EE100ABCEEE80A010610EE100A17
:10341000BCEEC90A41EA004110EE100ABCEEE90A0E
:1034200041EA002010EE101A0843FDF725FA0120AA
:1034300000F08AF9641CA4B2BC42D8D3ADB2062D08
:1034400082D3002580E700006001002000007A445C
:10345000B4EEE01AF1EE10FA0ED371EE601AB4EE8B
:10346000C10AF1EE10FA02DC07E030EE610AB4EEB8
:10347000C10AF1EE10FAF8DC7047B4EEE00AF1EEA2
:1034800010FA02D3704730EE210AB4EEE00AF1EEF2
:1034900010FAF8D37047F3F7FBFFF9F793FFF7F74C
:1034A00043FAF7F779F9F7F733F9F7F753F9F7F73D
:1034B00065FBF7F739FCF7F783FCF7F72DFDF7F716
:1034C000DBFCF7F71FFBF7F73DFBF7F7E1FBF7F73F
:1034D00079FBF7F705FDF7F73FFDF7F7B5F8F7F7D5
:1034E000E5F8F7F7EFFAF7F7CDFAF7F79DFBFEF7F8
:1034F000BDF9FFF72BF8FEF77DF901F03DF9F7F77D
:1035000091F900F029F9FEE70021842800D0C11CC0
:10351000084670474FF4FA7000F016F90D4C00237E
:103520001A4694EDCA0AB1EE400ABDEEC00A10EE8A
:10353000100A94EDBE0A01B2B1EE400ABDEEC00A17
:1035400010EE100A00B2F0F76BF9012000F0FCF861
:10355000E5E70000001A0020FFF7FEF96B4F7860E6
:10356000F7F7E2FDF7F7AAFD642408E0F7F7B6FDE8
:1035700010B10D20FFF71AF80A2000F0E5F8641EDC
:10358000E4B2F3D2DFF888814FF01209B7E00D20E2
:10359000FFF70CF80D2001F0B5FB787039780129A0
:1035A00002D108B9F7F7C0FD787800287ED1B87845
:1035B000401CC0B2B8700A2878D90020B870F7F75C
:1035C00037FE534A0121083A0020F7F7E1FEFFF7E2
:1035D00091F90A2808D2FFF78DF903464DA202217E
:1035E0000920F7F749FE14E0FFF784F9642808D2B0
:1035F000FFF780F9034647A202210620F7F73CFEB9
:1036000007E0FFF777F9034642A202210320F7F70C
:1036100033FE41A21E215A20F7F7F9FE78681E21D9
:10362000C07CC0F3401008EBC0027320F7F7B0FE77
:103630000124601E4001C11700EB516121F07F01A0
:10364000401AC5B2601EC11700EB9170801000EBEC
:10365000400009EB8000C6B24D2231462846F7F7FC
:103660005FFE04F13000C2B2A81DC0B23146F7F7C8
:1036700057FE796804EBC40001EB80000C35C07C78
:103680003146C0F3401008EBC002E8B2F7F780FE05
:10369000641CE4B2082CCCD30824DFF870B04FF0DF
:1036A0007F0A0BF1080B0AEA441500E022E0A008AB
:1036B00000EB400009EB8000C6B2A4F108000BEB60
:1036C000800231462846F7F7A2FE796804EBC40071
:1036D00001EB80003146C07CC0F3401008EBC00213
:1036E00005F11200F7F754FE641CE4B20C2CDAD397
:1036F000F7F7DEFD787838700A2000F025F8F7F744
:10370000EDFC00283FF446AF41E7000074020020C2
:10371000EC7E01082564000044425553000000007F
:10372000074A002908D04021117050700223044A32
:1037300078210448FDF7BABE00211170F5E70000BA
:10374000320300200058004010B5002800D10120AD
:1037500001F01CFE002010BD10B501F0E3FE0020BA
:1037600010BD30B585B004460D466169B4F9080056
:10377000002910D0A16971B1FFF7C6FE6269A16985
:103780000192029100902B4622692168606802F044
:10379000D7FA049010E0FFF7B7FE04A9019100905A
:1037A000208A2B4682B22168606802F093FA0128D1
:1037B00002D005B0002030BD049805B030BD000037
:1037C000002801D10648006808B134307047502005
:1037D00080F31188BFF34F8FBFF36F8FFEE70000B8
:1037E000280700202DE9F04104460F461B4EF568DE
:1037F0003168002081F852003068001D01F07EFC25
:1038000048B93068012190F82C0001FA00F03169C4
:1038100021EA00003061B4F1FF3F07D137B13068D1
:10382000BDE8F041011D0E4801F0C5BC2C443068D4
:103830004460AC4206D23068011DB06BBDE8F04177
:1038400001F09EBC3068011D706B01F099FCB06AFC
:10385000844200D2B462BDE8F08100002807002055
:10386000BC39002070B5044601F0B2FC1C4DA868BC
:10387000401CA860286810B1686938B10CE02C6061
:10388000A868012808D100F08FF905E02868E16AEE
:10389000C06A884200D82C60686A401C6862E06A8E
:1038A00001212A698140114329610E4900EB800002
:1038B00001EB8000211D01F07EFC01F0A9FC68698C
:1038C00000280CD02868E16AC06A884207D20649FD
:1038D0004FF080500860BFF34F8FBFF36F8F70BD04
:1038E00028070020E038002004ED00E038B501F0A2
:1038F0006FFC0F4C2068B8B90E4801F033FC0E483D
:1039000001F030FC0B48E0601430206100200B4BCC
:10391000009003F1480210210A2001F053FF2060BB
:1039200010B107A101F0F8FCBDE8384001F070BC0F
:1039300064070020B83A0020CC3A0020D03900209B
:10394000546D72510000000070B50D4C6068002885
:1039500015D00C4E01F03CFCF068C568281D01F044
:10396000CDFBA068401EA0606068401E606001F052
:103970004FFC284600F051F860680028EAD170BD7D
:1039800028070020A83900200B46026C002A0CD022
:10399000C1681144C160D0F808C0614501D3016815
:1039A000C160C1681846EDF7D8BC70472DE9F041F9
:1039B000044616460027A56B226C002A10D0C6B11B
:1039C000E068EDF7CAFCE168206C091AE160226842
:1039D000914202D2A168081AE060022E16D017E0C8
:1039E0002068A8B9A06802F09FFA07460020A060EE
:1039F0000EE06068EDF7B1FC216C6068084460601F
:103A0000A168884204D32068606001E005B16D1EA2
:103A1000681CA0633846BDE8F08110B5044694F8F0
:103A2000511000290BD0012911D0022914D05020A7
:103A300080F31188BFF34F8FBFF36F8FFEE7206BCA
:103A400001F0FCFB2046BDE8104001F0F7BB20462A
:103A5000BDE8104001F0F2BB10BD00000749CA6884
:103A60001168002904D00021016019B100207047BD
:103A70000121F9E7D0680068704700006407002062
:103A80004FF4C041104810F0070F06D0C01D20F0C1
:103A900007000D49411AC1F5C0410C4A10600023CE
:103AA00053600144083921F00701183A11604B6056
:103AB0000B600B1A436001604068906050604FF0EB
:103AC0000040506170470000E03A0020900700205D
:103AD000074E4FF08054074DFFF736FF306801283E
:103AE000FAD92C60BFF34F8FBFF36F8FF4E700005C
:103AF000E038002004ED00E003460098002905D0DE
:103B00000260C3630164012101F094BE0060F8E724
:103B10002DE9F05F82460B9F0A9D0C9C0E46904655
:103B20009B464FEA8801A522206BEDF78DFC206BA8
:103B3000A8F1010100EB810020F007094FF0000817
:103B400066B100202218315C82F83410315C11B16A
:103B5000401C1028F6D384F8438001E084F83480B8
:103B6000072D00D30625E5626564C4F84880201D52
:103B700001F003FB04F1180001F0FFFA2461C5F124
:103B80000700A0616462C4F84C8084F8508084F817
:103B900052805A465146484600F008FB2060002FEC
:103BA00000D03C60BDE8F09F70B500240F4D04EBE1
:103BB000840005EB800001F0D5FA641C072CF6D3D5
:103BC0000B4801F0CFFA0B4801F0CCFA0A4801F09B
:103BD000C9FA0A4801F0C6FA094801F0C3FA0948CF
:103BE000034941631431816370BD0000E038002057
:103BF0006C3900208039002094390020A839002039
:103C0000BC3900202807002010B4144900E01146F8
:103C10000A688242FBD34B6803EB010C844503D155
:103C200040681844486008460C68D0F804C00CEBA3
:103C30000003A3420CD10A4B1B689A4206D052687B
:103C4000624442600A681268026002E0036000E0B9
:103C50000260814200D0086010BC704790070020CD
:103C60007807002010B5002441600061DFF838C0FB
:103C700091420BD8D11A8269914201D3012410E0FC
:103C8000011DDCF8100001F07BFA0AE09A4203D231
:103C9000994201D3012404E0011DDCF80C0001F07D
:103CA0006FFA204610BD00006407002010B50446DE
:103CB00001F08EFAA06B20B1002401F0A9FA204691
:103CC00010BD0124F9E710B5044601F081FAA06B9C
:103CD000E16B884201D1012400E0002401F098FA50
:103CE000204610BDF8B505460E461748C068C068A6
:103CF000C468201D01F002FA94F8240010F0040FAB
:103D000018D0A0692B46411932462046FFF7AAFF7A
:103D1000A0B100200346014600902A46204602F04A
:103D200027FA58B9502080F31188BFF34F8FBFF3A3
:103D30006F8FFEE720F0010084F82400216A01B0B3
:103D40002046BDE8F04008476407002030B587B042
:103D5000414D002202A9286801F0CCFE002875D050
:103D60000298002803DA039A05990498904702986C
:103D7000002864DB049C606910B1201D01F0BEF9CD
:103D800001A800F0B3F8024602980A2857D2DFE8EB
:103D900000F00505052F364D05052F3694F8240053
:103DA00040F0010084F824000398A169034601440F
:103DB0002046FFF757FF002841D0216A2046884758
:103DC00094F8240010F0040F39D0002000900398DC
:103DD000A169002342181946204602F0C9F970BBB8
:103DE000502080F31188BFF34F8FBFF36F8FFEE732
:103DF00094F8240020F0010084F824001FE094F8D7
:103E0000240040F0010084F824000398A06128B148
:103E1000811813462046FFF725FF10E0502080F35D
:103E20001188BFF34F8FBFF36F8FFEE794F8240024
:103E300010F0020F0CD020F0010084F824000022C2
:103E400002A9286801F056FE002889D107B030BDCC
:103E5000204601F0F3F9F2E764070020F8B50546C3
:103E60000C4601F0A7FB684600F040F806460098B3
:103E700010B102F0E3F8F8BD44B9B54206D802F03B
:103E8000DDF831462846FFF72DFFF8BD0C481CB180
:103E90000169096891B10024A91B2246006801F05C
:103EA0004FFA02F0CBF80028EFD106494FF08050CE
:103EB0000860BFF34F8FBFF36F8FF8BD0124EBE7AE
:103EC0006407002004ED00E00749486B0068002803
:103ED00005D0486BC068C0684068886270474FF082
:103EE000FF308862704700002807002070B5044644
:103EF00001F0AAFF0546074EB068854204D200F0E3
:103F000043F80120206001E000202060B5602846D1
:103F100070BD0000640700202DE9F0010446002573
:103F2000206800282BD060684068606004F10807B2
:103F3000B84201D1426862606068C66860684068E3
:103F40006060B84201D1426862606068C068002366
:103F5000002200EB020C9CF834C011F80280E0450E
:103F600001D0012304E0BCF1000F01D1054601237B
:103F700013B9521C102AECD30DB9B042DED1284639
:103F8000BDE8F00170470000F8B51C4EF06800680D
:103F9000002826D00027F068C0680568C468201D86
:103FA00001F0ACF8216A2046884794F8240010F00C
:103FB000040F12D0A0692844A84206D96060246189
:103FC000211DF06801F0DCF807E000232A461946BD
:103FD0002046009702F0CCF840B1F0680068002855
:103FE000D9D1F0683169F1603061F8BD502080F3BB
:103FF0001188BFF34F8FBFF36F8FFEE76407002078
:1040000000210278A52A04D1401C491C0278A52A67
:10401000FAD0880880B270470A484068B0F1FF3F84
:1040200007D0502080F31188BFF34F8FBFF36F8FFD
:10403000FEE7502080F31188BFF34F8FBFF36F8FDF
:10404000FEE700009807002082B001A8FFF706FDF8
:104050000199FFF703FFFFF779FEF6E770B5044615
:1040600001F0B6F894F94550002D0CDD606A50B1AE
:1040700004F1240001F0A6FF08B101F0B7F9681EB1
:1040800045B2002DF2DC4FF0FF3684F8456001F0B8
:10409000BFF801F09DF894F94450002D0CDD206923
:1040A00050B104F1100001F08DFF08B101F09EF94C
:1040B000681E45B2002DF2DC84F84460BDE8704013
:1040C00001F0A6B82DE9F0410546002601F072FA8C
:1040D000344F386808B9FFF7D3FC7869054251D1ED
:1040E0009DB1083515F0070F0FD005F00700C0F19E
:1040F0000800054415F0070F07D0502080F3118801
:10410000BFF34F8FBFF36F8FFEE7002D3AD0786873
:10411000854237D824490846046801E02146044610
:104120006068A84202D220680028F7D1386884422B
:1041300028D0086800F10806206808606068411B04
:1041400010290FD9601910F0070F07D0502080F305
:104150001188BFF34F8FBFF36F8FFEE7416065603B
:10416000FFF752FD61687868401A7860BA6890423B
:1041700000D2B86078690843606000202060F86869
:10418000401CF86001F05AFF16F0070F07D05020CE
:1041900080F31188BFF34F8FBFF36F8FFEE7304678
:1041A000BDE8F0817807002090070020001F4FF045
:1041B00080730360001F21F001010160001F0549A9
:1041C000016014380260001F6FF0020101602038A6
:1041D000704700001940010810B52DED028B044610
:1041E0009FED1D0AB0EE408AD4ED000A60EEA00AF1
:1041F00094ED011AD4ED011A41EE210A94ED021A50
:10420000D4ED021A41EE210A94ED031AD4ED031AFB
:1042100041EE210AB0EE600AEEF7B4FFB0EE408A3C
:1042200094ED000A20EE080A84ED000A94ED010ADC
:1042300020EE080A84ED010A94ED020A20EE080A35
:1042400084ED020A94ED030A20EE080A84ED030AC5
:10425000BDEC028B10BD00000000000078B400210E
:104260000091504B0168C3F8121001799975B0F8AC
:1042700005100091BDF8001040F202254A4CA1F251
:104280000222A94263D022DCB1F5817F4DD00FDC40
:10429000012936D002293ED003293FD0A1F58071F3
:1042A000013903D1D0F80700C3F80A0078BC704781
:1042B000A1F5807103393DD0012941D0FE29F5D106
:1042C000C11D78BC38480D221B30EDF746B8042AD2
:1042D00054D009DC012A41D0022A48D0032AE5D172
:1042E000B0F807005880E1E7052A4AD0062A51D0E5
:1042F000FF2ADBD1C11D78BC2B4876224230EDF776
:104300002CB850F8071F2160416861600189218144
:10431000807AA072CAE7C0791870C7E7C11D78BC5F
:10432000214810220B30EDF718B8D0F80700C3F879
:104330000E00BBE7B0F807109980407A9871B5E796
:10434000B0F80710A3F80710407A5872AEE7C11D05
:1043500078BC15480E222830ECF7FFBF50F8071F35
:1043600044F8361F416861608068A0609EE750F89D
:10437000071F43F8231F4068586097E7C0795870BB
:1043800094E750F8071FD96181881984807983F8F0
:1043900022008BE750F8071F43F82B1F4068586036
:1043A00084E70000240200209B25002070B5A5268C
:1043B000474C002584E04748FEF755F994F88610ED
:1043C000062979D2DFE801F003131F36415AB042C3
:1043D0000AD1012184F88610B4F887104A1C2144C0
:1043E000A4F8872088716BE0A4F8875068E0A0806B
:1043F000B4F887104A1C2144A4F887208871022051
:1044000084F886005CE0A18841EA0021A180B4F82C
:1044100087104A1C2144A4F887208871A088772837
:1044200003D2032084F886004AE084F88650A4F87A
:10443000875045E0B4F887104A1C2144A4F887202F
:104440008871042084F886003AE0B4F887104A1C8A
:104450002144A4F887208871B4F8870005282FD15B
:104460000521A01D01F0FEF818B1052084F8860092
:1044700026E084F88650A4F8875021E0A288B4F89A
:1044800087100932914204D24A1C2144A4F88720A3
:104490008871A188B4F887000931884210D384F864
:1044A0008650A4F88750A01D01F0BCF840B1A01DB3
:1044B000FFF7D4FE04E0FFE784F88650A4F88750A5
:1044C0000448FEF734F900287FF475AF70BD000092
:1044D0006C2E0020542A00202DED068BFEF7ACFD3B
:1044E00091494FF48062A1F11800FEF7D3F88F498B
:1044F0004FF40072A1F5007000F096FD0A20FFF75E
:1045000023F900F035FC00F035FC00F035FC00F03C
:1045100035FC00F037FC00F033FC00F035FC00F017
:1045200035FC00F035FC00F035FC814D814C824EAD
:10453000DFF80882824FDFF80C929FED838ADFED6F
:10454000838A9FED839ADFF80CA2DFED839A9FEDBB
:1045500083AADFF80CB2DFED83AA83480178834891
:104560000160FFF723FF0A20FFF7EEF82868A16833
:10457000411A606800EB4000814207D32868A060C0
:1045800000F0F6FB00F0F6FB00F0F6FB2868E168AF
:10459000401A6168B0EB810F07D32868E06000F033
:1045A000EDFB00F0EFFB00F0EBFB28682169411AFE
:1045B000606800EB4000814209D32868206100F068
:1045C000E3FB00F0E3FB00F0E3FB00F0E3FB98F813
:1045D0002E00012819D100F0CBFB00F0CBFB00F03E
:1045E000CBFB6068FFF7B0F800F0C8FB00F0CAFB37
:1045F00000F0C6FB6068FFF7A7F800F0C5FB00F00D
:10460000C5FB00F0C5FB00F0C5FB98F82C000128A5
:1046100074D03068017921F03C012031017198F8A3
:104620002D00012871D03868017921F03C0120313A
:10463000017100F06BFC00F067FC00F069FC99ED83
:104640000F0ADAF8000060EE080A828880EEA80AF5
:1046500039EE400ABCEEC00A10EE101A61F38E1259
:10466000828099ED0F0AB0F8052060EE080A80EE0E
:10467000A80A39EEC00ABCEEC00A10EE101A61F3A7
:10468000CF12A0F8052099ED100ADBF8000060EECB
:10469000080A828880EEA80A3AEE400ABCEEC00AF8
:1046A00010EE101A61F38E12828099ED100AB0F8A4
:1046B000052020EE080AC0EE280A3AEEE00ABCEE19
:1046C000C00A10EE101A61F3CF12A0F8052000F016
:1046D00021FC27494868B0F9022026480068C0F844
:1046E0000B204968B1F90210C82915DA017921F0C7
:1046F0003C011031017114E000E006E030680179FE
:1047000021F03C011431017189E73868017921F009
:104710003C01143101718CE7017921F03C01083131
:10472000017100F0F9FB18E76C2A002054280020E2
:104730002407002058020020A40700208C2000201D
:10474000A80700200016002000003443DB0F49407A
:1047500000004843BC070020000020430000B44292
:10476000B80700200000B642B62500202808002027
:10477000541F0020F007002002492422A1F1240048
:10478000F6F73ABF77250020F0B5002858D0002969
:1047900056D00278437842EA0322C2F30A050D801C
:1047A00042788378D20842EA4312C2F30A034B806C
:1047B0008278C478920942EA8402047942EA842227
:1047C000C2F30A028A8004794679640844EAC6146E
:1047D000C4F30A04CC804679C6F301168E7246797A
:1047E000B609CE728679C77946EA0726A1F80F6026
:1047F000067A477A46EA0726A1F81160867AC77AD0
:1048000046EA0726A1F81360067B4E75467B8E7537
:10481000867BC77B46EA07260E83067C407C46EAF9
:104820000020A5F580650D80A3F580634B80A2F57F
:1048300080628A80A4F58064CC80A0F580600881C5
:10484000F0BD000010B500F0A9F800F019F900F073
:1048500005F8014810BD0000541F00202DE9F0416B
:104860002DED028B00264A4D4A4C4FF00308297863
:10487000A088032903D1032801D1617811B101284F
:1048800003D00DE00120A0800AE000F011F9C0B2D1
:10489000A070012804D1A670A5F8F860A4F80480DF
:1048A0003B4F287854379FED3C8A042802D1A088DA
:1048B000032803D0A088022803D026E00220A0808D
:1048C00023E000F04FF994ED040AFCF791FA6670CA
:1048D0006868D5ED3B0AB0F9020000EE100A3846D0
:1048E000B8EEC00AF6F7AAFD95ED1D0ABDEEC00AA6
:1048F00010EE100AA5F8F8002878042805D0A4F8CE
:10490000048084ED038A84ED048A297804291BD06D
:10491000032919D0A088032816D1F0EE480AC5ED66
:104920003B0A6868B0F9020000EE100A3846B8EE9B
:10493000C00AF6F783FD95ED1D0ABDEEC00A10EE24
:10494000100AA5F8F8006670287803281BD1A08803
:10495000032818D16078012815D1F0EE480AC5ED7A
:104960003B0A6868B0F9020000EE100A3846B8EE5B
:10497000C00AF6F763FD95ED1D0ABDEEC00A10EE04
:10498000100AA5F8F800BDEC028BBDE8F08100002C
:10499000541F00207C010020000000000F484168E7
:1049A000B1F9022000EE102AB8EEC00A80ED3A0AF2
:1049B00091ED030A80ED3C0A90F8011180F8001196
:1049C000816811F8212FC2F3001280F801210878C4
:1049D000034900F00F00C87070470000541F00200A
:1049E0007C01002010B52DED028BFDF7FBFF1D4C67
:1049F0006060FDF703FFA0609FED1B8ADFED1B8A5F
:104A00001B4AF0EE480AB0EE680A002104F10C00DF
:104A1000F6F7C4FDF0EE480AB0EE680A144A002129
:104A200004F15400F6F7BAFD114AF0EE480A9FED82
:104A3000110A0C32002104F19C00F6F7AFFD60680A
:104A400090ED030A84ED3C0A84ED3D0A9FED0A0ACD
:104A500084ED3B0A84ED3A0A084903208880BDECC6
:104A6000028B10BD541F002000A00C4600007A46A7
:104A70009C7E010800803B46000000007C01002075
:104A800009480A4990F90300032807D0042808D0F0
:104A900008B1012801D10020087070470320087078
:104AA00070470420087070477C010020541F0020CC
:104AB00070B5274D274C0126287894ED3C0A002834
:104AC00003D001280AD0002070BDDFED230A30EEAC
:104AD000200A84ED3D0A2E70002070BDD4ED3D0A01
:104AE00030EEC00A10EE100A02F016FF41EC100B77
:104AF000FAF742F89FED191B51EC100B53EC112BF8
:104B000002F0ABFA1ED21348D4ED3D0A94ED3C0AF4
:104B10009C30F6F793FC6068D4ED2F0AB0F90200E0
:104B200000EE100A0B48B8EEC00A0C30F6F786FC0F
:104B300094ED0B0ABDEEC00A10EE100AA4F8F800BE
:104B4000002070BD002028706E70012070BD000034
:104B50007C010020541F00200080CA440000000097
:104B60000000004010B52DED068B4648C18800EED0
:104B7000101AF8EE408A444900894989401A00EE2B
:104B8000100AB8EEC09AB2EE048A404C94ED030AC3
:104B90009FED3FAAB5EEC00AF1EE10FA46D1F0EE55
:104BA000000AB0EE490AF0EE489A08EEA00A20EE9C
:104BB000290A84ED020A9FED371AF0EE4A0AFDF742
:104BC000D3FD19EE100A34499FED340A884216DAF3
:104BD00094ED021AC1EE000AB0EE680AB1EE041AB2
:104BE00019EE290A08EE410A60EE880A80EE201AC2
:104BF00088EE880A31EE000A84ED040A26E094ED7E
:104C0000021AC1EE000AB0EE680AB3EE041A19EEF9
:104C1000290A08EE410A60EE880A80EE201A88EE22
:104C2000880A31EE000A84ED040A0FE0B5EEC00AEE
:104C3000F1EE10FA06DDD4ED020AB4EEE00AF1EE70
:104C400010FA03D388EE880A84ED040A94ED030A6F
:104C5000D4ED020AB4EEE00AF1EE10FA05D2F7EE56
:104C6000000A30EE200A84ED030A94ED040AF0EE07
:104C70004A0ABDEC068BB3EE0E1ABDE81040FDF7F4
:104C800073BD0000B6250020C32500207C01002054
:104C90000000000000007A450000C8420000C84241
:104CA00010B500EE100A2DED028BB1EEC08A18EEA1
:104CB000100A20F00040C0F1FF40C00F0AD010EEF3
:104CC000100A20F00040C0F1FF40C00F04BF0120D7
:104CD000ECF765FC18EE100ABDEC028B10BD00006D
:104CE000FDF73AFE01490860FEE7000020020020BF
:104CF0009FED021ADFED020AFEF7AABB0000344363
:104D0000000034C3044900EBC00001EB8000C07C0C
:104D1000C0F34010704700001D23002010B58AB278
:104D2000014664230448F4F741F903480068016828
:104D3000C9430906FBD410BD381400200A4CAA2030
:104D40002070FF2060700122E11E0848F4F7D8F8B7
:104D5000201DFDF73FFE082203490448F4F782F9BD
:104D60000A20FEF7F1FCF3E794010020A8130020CD
:104D7000FAF708BCFAF786BCFAF7E2BCFAF788BD86
:104D8000FAF72EBEFAF770BFFBF7B8B8FBF746B9D3
:104D9000FBF7A0B910B5FBF7ADFAFBF7FBFAFBF791
:104DA00049FBFBF795FBFBF7E3FBFBF739FCBDE8A1
:104DB0001040FBF789BC000030B50446A5202070E8
:104DC0001520A4F801000F4D2878E070401C2870D1
:104DD00004212046FCF710FC641D04F8010C40F28D
:104DE0000130208040F201106080A888A08000F58A
:104DF0008070E080641F1C212046FCF7E7FBA08345
:104E000030BD00002408002030B50446A5202070E5
:104E10002420A4F801000F4D2878E070401C287071
:104E200004212046FCF7E8FB641D04F8010C40F265
:104E3000013020804FF481706080A888A08000F548
:104E40008070E080641F2B212046FCF7BFFBA4F894
:104E50002B0030BD2408002030B50446A52020706A
:104E60005120A4F801000F4D2878E070401C2870F4
:104E700004212046FCF7C0FB641D04F8010C40F23D
:104E80000130208040F203106080A888A08000F5E7
:104E90008070E080641F58212046FCF797FBA4F83F
:104EA000580030BD2408002070B50446A5202070AD
:104EB0003320A4F80100134D2878E070401C2870BE
:104EC00004212046FCF798FB641D04F8010C40F215
:104ED000013020804FF488706080A888A08000F5A1
:104EE0008070E080641F04F11C00ECF717FA618AFF
:104EF00060F3CF1161823A212046FCF767FB60879F
:104F000070BD000024080020FBF734BCFBF74CBC4C
:104F1000FBF764BCFBF77CBCFBF794BC70EEC00AEB
:104F200001EE100A01208840B8EEC11A401E21EEA1
:104F3000201A00EE900AF8EEE01AC1EE210A30EED7
:104F4000800A704770B506460C4600F041F9154DD1
:104F50002868C06C80B92A68012082F850005CB1D2
:104F600001212046FEF73EFC0F494FF080500860BB
:104F7000BFF34F8FBFF36F8F00F04AF900F028F9AD
:104F80002868C46C002034B116B12968C86402E0F6
:104F90002A68611ED164296881F8500000F038F950
:104FA000204670BD2807002004ED00E091ED000AC6
:104FB000B1EE400A80ED010A91ED010AB1EE400A1E
:104FC00080ED020A91ED020AB1EE400A80ED030A7B
:104FD00091ED000A80ED040A91ED020A80ED060AC7
:104FE00091ED010AB1EE400A80ED070A91ED010A48
:104FF00080ED080A91ED020AB1EE400A80ED090A3F
:1050000091ED000A80ED0B0A91ED020A80ED0C0A89
:1050100091ED010A80ED0D0A91ED000AB1EE400A12
:1050200080ED0E0A70470000F0B52E4C23685D69D4
:1050300045F040055D6123685D6945F080055D616F
:105040002368DC6844F01004DC60274C23681D688A
:1050500025F001051D6003E01D6825F001051D60B8
:1050600023681D68ED07F7D1204F2668FD14BE4266
:1050700003D91E4E4C3E35600FE01D4EB34203D99E
:105080001A4E503E356008E0194F194E603FB83E49
:10509000BB4201D9F56000E0B560164D9D60236804
:1050A000D86020680161206842602068016841F48E
:1050B000802101602068016841F0010101600E4912
:1050C0000868026822F00102026003E0026822F030
:1050D0000102026008680268D207F7D1086885609B
:1050E000F0BD000038140020401500205864024034
:1050F000B860024004140140A01500200169436813
:1051000082689A60836842685A604A68824201D124
:1051100082684A60002202610868401E08600868D0
:1051200070470000002801D102480068006BFEF7BC
:1051300067BF000028070020034B036003F1540001
:1051400008608020106070473C080020044B03601A
:1051500003F1540008604FF4807010607047000045
:10516000900A002000F1080141604FF0FF32826098
:10517000C160016100210160704700210161704739
:1051800010B4D1F800C0BCF1FF3F02D000F108021A
:1051900002E0026904E01A4653681C686445FAD9C3
:1051A00053684B6099608A60516008610168491CCE
:1051B000016010BC704742684A6093688B609368D6
:1051C0005960916008610168491C016070470000E6
:1051D000502080F31188BFF34F8FBFF36F8F0A49C0
:1051E0004868401C486001280CD10848006810F04D
:1051F000FF0F07D0502080F31188BFF34F8FBFF30C
:105200006F8FFEE7704700009807002004ED00E074
:1052100009494868002806D0401E4860002801D18E
:1052200080F311887047502080F31188BFF34F8FAF
:10523000BFF36F8FFEE700009807002070B50028CD
:105240002AD0A0F10804154D60686969084207D1A9
:10525000502080F31188BFF34F8FBFF36F8FFEE7AD
:1052600022683AB1502080F31188BFF34F8FBFF30B
:105270006F8FFEE78843606000F09CF960686968A2
:10528000084468602046FEF7BFFC2869401C28617E
:10529000BDE8704000F0D2BE70BD0000780700206D
:1052A0004FF0E02000210161816105494FF47A72DD
:1052B0000968B1FBF2F1491E4161072101617047A4
:1052C0001807002010B5EBF789F8114910280ED304
:1052D00000F1E02090F8F0030A78904207D25020C5
:1052E00080F31188BFF34F8FBFF36F8FFEE709483C
:1052F0000068896800F4E060884207D9502080F394
:105300001188BFF34F8FBFF36F8FFEE710BD000012
:10531000980700200CED00E00022084B53F832C043
:10532000BCF1000F03D0521C082AF7D3704743F892
:10533000321003EBC201486070470000A038002023
:1053400070B504460D461646FFF742FF94F9440037
:10535000B0F1FF3F4FF0000001D184F8440094F910
:105360004510B1F1FF3F01D184F84500FFF750FF30
:10537000A06B28B93246294604F1240000F0B4F8A5
:105380002046BDE87040FEF769BE000010B5024639
:105390000020002A12D00F48006B38B1502080F353
:1053A0001188BFF34F8FBFF36F8FFEE700F002F954
:1053B00000211046FEF716FA00F040FE002807D143
:1053C00005494FF080500860BFF34F8FBFF36F8FD8
:1053D00010BD00002807002004ED00E002490A6A21
:1053E0000260C96841607047280700200149012018
:1053F000C8617047280700202DE9F04104460D469A
:10540000002C15D0FFF75EFF5020EFF3118680F3DC
:105410001188BFF34F8FBFF36F8F94F850000221B4
:1054200084F85010E16C491CE164012808D025E0A3
:10543000502080F31188BFF34F8FBFF36F8FFEE7CB
:10544000A06A38B1502080F31188BFF34F8FBFF3AB
:105450006F8FFEE7144F386B4FF0010890B104F1E5
:1054600018011248FFF7A7FEE06A3968C96A884246
:1054700004D90DB1C5F80080C7F81C8086F31188E7
:10548000BDE8F081201DFFF739FEE06A3A6908FAAD
:1054900000F111433961064900EB800001EB800007
:1054A000211DFFF788FEDFE7280700209439002040
:1054B000E038002010B50C4600280BD0094A1268CD
:1054C00002F11801FFF75CFE2046BDE81040012103
:1054D000FEF788B9502080F31188BFF34F8FBFF3D8
:1054E0006F8FFEE72807002070B50D461446002890
:1054F0000DD00B4909681831FFF75DFE0CB14FF074
:10550000FF3521462846BDE87040FEF76BB95020B4
:1055100080F31188BFF34F8FBFF36F8FFEE700005A
:105520002807002030B587B000250695059504AA08
:1055300005A906A8FFF700FE0698059901910290BB
:105540000023009517A11948049A00F0F9FB184CA4
:10555000E06208B1012000E00020012801D100F044
:10556000D3FD01280AD0B0F1FF3F19D1502080F3BC
:105570001188BFF34F8FBFF36F8FFEE7502080F38A
:105580001188BFF34F8FBFF36F8F4FF0FF30A062D2
:1055900001206061E56007B0BDE8304000F07AB8F6
:1055A00007B030BD49444C4500000000D13A010825
:1055B000280700200248016B491C01637047000066
:1055C00028070020154A106B002802D00120D06166
:1055D00070470020D0611069B0FA80F0C0F11F0060
:1055E0000F4900EB800051F8203073B101EB8000CF
:1055F00041684968416000F10803994201D1496856
:1056000041604068C06810607047502080F3118886
:10561000BFF34F8FBFF36F8FFEE700002807002016
:10562000E038002030B505460C46002D01D0022C94
:1056300001D8002030BD0A48A11E02882846FDF787
:10564000A3F82919C2B211F8023C9A4206D111F806
:10565000011CB1EB102F01D1012030BD002030BD65
:105660003803002030B505460C46002D01D0022C31
:1056700001D8002030BDFF22611E2846FDF79CF8AE
:10568000291911F8011C814201D1012030BD0020EF
:1056900030BD000010B582B038480168384A9142E8
:1056A00007D1502080F31188BFF34F8FBFF36F8F66
:1056B000FEE700683349884207D1502080F3118803
:1056C000BFF34F8FBFF36F8FFEE72F49087801902C
:1056D000FF200870087800909DF800009DF80020D9
:1056E00000F0F000904207D0502080F31188BFF303
:1056F0004F8FBFF36F8FFEE79DF80000234C00F043
:10570000500020700720A0609DF8000010F0800F6E
:105710000BD0A068401EA0609DF8000040000090E3
:105720009DF8000010F0800FF3D1A068032807D087
:10573000502080F31188BFF34F8FBFF36F8FFEE7C8
:105740004FF44070A060019808701148016841F45E
:1057500070010160016841F070410160FFF7A0FD38
:1057600000206060EAF702FE0A48016841F040410B
:105770000160EAF7E7FD02B0002010BD00ED00E097
:1057800071C20F4170C20F4100E400E09807002091
:1057900020ED00E034EF00E010B5502080F31188D8
:1057A000BFF34F8FBFF36F8F00F054FB18B1044964
:1057B0004FF080500860002080F3118810BD000079
:1057C00004ED00E038B5049D002804D05BB102B1BF
:1057D00089B1C2B120E0502080F31188BFF34F8F10
:1057E000BFF36F8FFEE7502080F31188BFF34F8F18
:1057F000BFF36F8FFEE7502080F31188BFF34F8F08
:10580000BFF36F8FFEE739B1502080F31188BFF3EB
:105810004F8FBFF36F8FFEE74FF0480CCDF800C0FD
:105820001C46012384F846302B460094FEF764F9A9
:10583000204638BD70B504460D46002C25D0FFF734
:10584000C7FC226CE16B206801FB0200A060002015
:10585000A06320686060E16B226C2068491E01FB38
:105860000200E0604FF0FF3084F8440084F8450007
:105870009DB104F11000FFF775FC04F12400FFF75F
:1058800071FCFFF7C5FC012070BD502080F311882A
:10589000BFF34F8FBFF36F8FFEE720690028F0D072
:1058A00004F1100000F08EFB0028EAD004494FF00C
:1058B00080500860BFF34F8FBFF36F8FE1E70000A8
:1058C00004ED00E02DE9FF4782B004468A461F46FA
:1058D0000025002C03D0BAF1000F08D011E05020B1
:1058E00080F31188BFF34F8FBFF36F8FFEE7206CFB
:1058F00038B1502080F31188BFF34F8FBFF36F8F03
:10590000FEE7022F0AD1E06B012807D0502080F378
:105910001188BFF34F8FBFF36F8FFEE700F086FA59
:1059200048B9049838B1502080F31188BFF34F8FE5
:10593000BFF36F8FFEE700264FF08058DFF8F0903E
:10594000FFF746FCA06BE16B884205D3022F03D022
:10595000049808B335B329E03A4651462046FEF78D
:1059600025F8616A59B104F1240000F02BFB68B1FD
:10597000C9F80080BFF34F8FBFF36F8F06E028B1E7
:10598000C9F80080BFF34F8FBFF36F8FFFF740FC64
:1059900006B00120BDE8F087FFF73AFC06B0002012
:1059A000BDE8F0876846FFF719FD0125FFF730FCD9
:1059B000FFF700FEFFF70CFC94F94400B0F1FF3F45
:1059C00001D184F8446094F94500B0F1FF3F01D162
:1059D00084F84560FFF71CFC04A9684600F02EF926
:1059E00040B12046FEF73AFB00F028FB06B000204D
:1059F000BDE8F0872046FEF766F990B104F110008B
:105A00000499FFF757FD2046FEF728FB00F016FB30
:105A1000002895D1C9F80080BFF34F8FBFF36F8F77
:105A20008EE72046FEF71AFB00F008FB88E700002F
:105A300004ED00E02DE9F0470446894617461E466E
:105A4000002C03D0B9F1000F08D011E0502080F3F2
:105A50001188BFF34F8FBFF36F8FFEE7206C38B113
:105A6000502080F31188BFF34F8FBFF36F8FFEE795
:105A7000022E0AD1E06B012807D0502080F3118854
:105A8000BFF34F8FBFF36F8FFEE7FFF71BFC502074
:105A9000EFF3118880F31188BFF34F8FBFF36F8F3F
:105AA000A06BE16B884206D3022E04D0002088F35D
:105AB0001188BDE8F08794F94550A06B32464946FD
:105AC0002046FDF773FFB5F1FF3F04D0681C84F852
:105AD00045000120EBE7606A0028FAD004F12400B9
:105AE00000F070FA0028F4D0002FF2D001203860C6
:105AF000EFE700002DE9F74783B004468A4600250A
:105B0000002C03D0BAF1000F08D011E0502080F330
:105B10001188BFF34F8FBFF36F8FFEE7206C38B152
:105B2000502080F31188BFF34F8FBFF36F8FFEE7D4
:105B300000F07CF948B9059838B1502080F31188FD
:105B4000BFF34F8FBFF36F8FFEE700274FF08058F2
:105B5000DFF8E490FFF73CFBA66BC6B15146204648
:105B6000FDF712FF701EA063206950B104F1100010
:105B700000F028FA28B1C9F80080BFF34F8FBFF3B7
:105B80006F8FFFF745FB06B00120BDE8F087059851
:105B900008B135B109E0FFF73BFB06B00020BDE8D6
:105BA000F0876846FFF71AFC0125FFF731FBFFF786
:105BB00001FDFFF70DFB94F94400B0F1FF3F01D167
:105BC00084F8447094F94500B0F1FF3F01D184F8A6
:105BD0004570FFF71DFB05A9684600F02FF868B176
:105BE0002046FEF73BFA00F029FA2046FEF75EF861
:105BF0000028AFD006B00020BDE8F0872046FEF7B1
:105C000055F890B104F124000599FFF753FC2046A4
:105C1000FEF724FA00F012FA00289BD1C9F80080A0
:105C2000BFF34F8FBFF36F8F94E72046FEF716FA4E
:105C300000F004FA8EE7000004ED00E02DE9F041E9
:105C400005460C46002D14D0DCB1FFF7C1FADFF891
:105C500080C0DCF80C006B68C11ADCF8002000265C
:105C600092F85220AAB1DCF8000080F852600124BA
:105C700029E0502080F31188BFF34F8FBFF36F8F5F
:105C8000FEE7502080F31188BFF34F8FBFF36F8F73
:105C9000FEE72268B2F1FF3F08D02F68DCF820C091
:105CA000674505D0834203D801240CE000240AE0B4
:105CB0008A4206D9501A20602846FFF78FFB00243D
:105CC00001E026600124FFF7A3FA2046BDE8F08139
:105CD000280700202DE9F04F85B081460F9F0E9ECA
:105CE0008A4690469B464FEA8800FEF7EBF9054648
:105CF00028000AD05420FEF7E5F904460CB12563CC
:105D000004E02846FFF79AFA00E000249CB1002046
:105D100084F8510003905B46424651460197009635
:105D200002944846FDF7F4FE2046FDF79BFD05B0C2
:105D30000120BDE8F08F05B04FF0FF30BDE8F08FD7
:105D400070B586B00646DDF828C00C9C0B9800287C
:105D500016D0ECB1542504952063022084F851003C
:105D6000002005AD0390CDF800C0019502943046A7
:105D7000FDF7CEFE2046FDF775FD059806B070BD17
:105D8000502080F31188BFF34F8FBFF36F8FFEE772
:105D9000502080F31188BFF34F8FBFF36F8FFEE762
:105DA0002DE9F041074607243846EBF7B7FA1028EB
:105DB00007D3502080F31188BFF34F8FBFF36F8F4D
:105DC000FEE7FFF7F7FB154E641E04EB840006EBBD
:105DD00080003946FEF7A0F805460DB9002CF3D136
:105DE0000F4C25B93946606BFEF796F8054625B984
:105DF0003946A06BFEF790F8054625B939460948A3
:105E0000FEF78AF8054625B939460748FEF784F8B3
:105E1000054600F013F92846BDE8F081E03800207F
:105E200028070020BC390020A83900200548416916
:105E3000002903D0006B18B1002070470120704783
:105E400002207047280700200148C0687047000002
:105E5000280700202DE9F0470026314F386B002835
:105E600005D0B869401CB8613046BDE8F087F868D5
:105E7000451CFD609DB9786B006838B1502080F3F7
:105E80001188BFF34F8FBFF36F8FFEE7786BB96B4D
:105E90007963B863386A401C3862FEF715F8B86A4F
:105EA000DFF8808085420FD34FF00109786B0068DE
:105EB00038B1786BC068C4686068854212D2B86235
:105EC00002E04FF0FF30B8623868C06A00EB800033
:105ED00058F82000012800D90126F8690028C3D00D
:105EE0000126C1E7201DFFF709F9A06A18B104F1E6
:105EF0001800FFF703F9E16A3A6909FA01F0104363
:105F0000386101EB810008EB8000211DFFF753F998
:105F1000E06A3968C96A8842C8D30126C6E700002A
:105F200028070020E038002070B504460021002832
:105F300041D0224D2868844207D0502080F3118838
:105F4000BFF34F8FBFF36F8FFEE7A06C38B1401ED9
:105F5000A064636CE26A9A422DD040B12BE05020DD
:105F600080F31188BFF34F8FBFF36F8FFEE7201DC3
:105F7000FFF7C4F81249012258B9E06A00EB800328
:105F800051F823302BB92B6902FA00F023EA000004
:105F90002861606CE062C0F10700A061E06A2B69D3
:105FA00082401A432A6100EB800001EB8000211D32
:105FB000FFF701F90121084670BD00002807002005
:105FC000E038002070B5C068C468002C14D004F11B
:105FD0001800FFF793F8164D286B0126A0B104F1C5
:105FE00018011448FFF7E7F8E06A2968C96A88428F
:105FF0001CD90120EE6170BD502080F31188BFF3E1
:106000004F8FBFF36F8FFEE7201DFFF777F8E06A31
:106010002A6906FA00F111432961074900EB800063
:1060200001EB8000211DFFF7C6F8DDE7002070BD01
:106030002807002094390020E03800202DE9F0479F
:106040000024A0462D4D286B002807D0FFF7C0F88C
:10605000286B401E2863286B40B149E0502080F334
:106060001188BFF34F8FBFF36F8FFEE7A86800283A
:106070003ED0234F3868012600B3A7F1B409F86871
:10608000C46804F11800FFF739F8201DFFF736F84F
:10609000E06A2A6906FA00F11143296100EB8000E9
:1060A00009EB8000211DFFF786F8E06A2968C96ABC
:1060B000884200D3EE6138680028E0D10CB1FDF7CA
:1060C00003FFAC6944B1FFF7C5FE00B1EE61641E89
:1060D000002CF8D10020A861E86948B14FF0010810
:1060E00008494FF080500860BFF34F8FBFF36F8FA8
:1060F000FFF78EF84046BDE8F08700002807002033
:106100009439002004ED00E030B587B00024FDF79D
:10611000EDFB134D2868B0B100200690059004AA4D
:1061200005A906A8FFF712F8059906980222009221
:106130000191029000230BA10C48049AFFF700FE86
:10614000686000B1012414B107B0204630BD502072
:1061500080F31188BFF34F8FBFF36F8FFEE700000E
:1061600064070020546D7220537663004940010893
:10617000F0B585B084460A9D16461F460022BCF144
:10618000000F14D0164C206800B300910196CDF892
:1061900008C006291BDAFFF749FE02280FD00023AA
:1061A0001A4669462068FFF78DFB024615E050202D
:1061B00080F31188BFF34F8FBFF36F8FFEE700238B
:1061C0002A4669462068FFF77DFB024605E000236A
:1061D0003A466946FFF72EFC024605B01046F0BD70
:1061E0006407002010B500290AD00878002807D0DD
:1061F00005487844ECF7AAF9002801D0002010BD2A
:106200000248784410BD0000563700004E370000A9
:1062100010B500290AD00878002807D0054878442E
:10622000ECF794F9002801D0002010BD0248784412
:1062300010BD0000463700003E37000081F00041ED
:10624000704780F00040704721F00041704720F017
:106250000040704721F00042A2F16052B2F5801F69
:1062600001F0004328BFD2F17E6C51D9F1EE10CA83
:106270001CF4400F14D15FEAC00C43EAC20202EBE7
:10628000507008BF70475FEA4C0C40F10000DFF827
:1062900080C241F04B8228BF20F0010001F046BAD5
:1062A000C30001F0004343EAC20202EB507008BF92
:1062B00070471B4248BF4FEA4C0C1CF4000F08BF4C
:1062C000401CDFF84CC201F031BAC30001F00043BA
:1062D00043EAC20202EB507204BF104670471B42F1
:1062E00048BF4FEA4C0C1CF4000FDFF824C218BF63
:1062F000104641F01B8208BF521C12F4000F08BF69
:10630000104601F0138221F0004201F0004330E01A
:1063100050EA410C04BF084670475FEA125CBCF1CA
:10632000FE0F1ED1F1EE10CA1CF4400FCDD15FEA72
:10633000C00C9BD05FEA001C4FEAC20C4CEB507CB7
:1063400004BFC2002CEAD27C1CF4000F04BF4CEA4C
:106350000300DFF8BCC101F0E98121F00042A2F1A5
:106360006052B2F5801F4FEA410C2ADB1CF5001F7A
:1063700016D2F1EE10CA1CF4806F06D02CF0005C2F
:106380004CF0805CA1F140612AE04FF07F40DFF8E3
:1063900084C143EA500001F0C9B9084601F077BB57
:1063A00070B500F09BFD00BF000000B9880000043C
:1063B000FFF7F3BF21F0704243EA507040EAC20099
:1063C0007047F1EE10CA2CF0805C4CF0005C1CF4BD
:1063D000006F25D04B00B3F5001F51D301F1406190
:1063E0001CF4400F40F07E800CF0405CC3004CF089
:1063F000880C11D05CF0404C10F0805F0CD003464C
:1064000010F1005041F10001020108BF20F00050DE
:10641000834218BF2CF0004C00F0604001F047BCF4
:106420001CF4400F1AD01B4248BF4FEA4C0C1CF41E
:10643000000F13D112F1406248BF22F07F424FEAB1
:10644000C00CBCF1010F43EAC20242EB50704FF0A6
:10645000880228BF42F0804201F01EBB12F1406268
:1064600048BF22F07F425FEAC00C43EAC20242EA20
:1064700050704FF0880218BF42F0404201F00CBB50
:1064800001F0004321F00041094214D0B1FA81FC2F
:10649000ACF10B0CCCF1200201FA0CF120FA02F263
:1064A00041EA02014FEA0C5200FA0CF0A1EB0201A2
:1064B00081EA03010FE0B0FA80F200FA02F002F183
:1064C00015024FEAD0214FEA0252A1EB02014FEA36
:1064D000405081EA0301F1EE10CA2CF0805C4CF0D0
:1064E000005C7BE762460CF0405CC3004CF0880C1B
:1064F00092D05CF0404C094248BF520012F4000FA9
:106500008AD110F1005041F100012CF0004C83D1F0
:10651000880000408800001010B5DFF840E211F557
:10652000801C13F580141EEA4C0F18BF1EEA440F9E
:1065300000F0C88091EA030F48BF83F0004300F1E8
:10654000FE86841A71EB030C05D2121943EB0C037F
:10655000001B61EB0C014FEA1154A4EB135C23EA1E
:106560006E0321EA045143F48013DCF1200E53D36F
:1065700022FA0CFE10EB0E0023FA0CFE41EB0E018A
:10658000CCF1200E03FA0EFE10EB0E0051F10001CB
:10659000B1F5801FCCF1200E53D201EB045112FA59
:1065A0000EF2BDE8104008BF7047F1EE10CA1CF4AF
:1065B000400F1ED14FF0110C92F0000F4CF0804CA8
:1065C00041F1B480401C38BF5FEA420241F0AE8026
:1065D000002814BF20F0010041F100014FEA4103FF
:1065E00013F5001F24BF4CF0805CA1F1C04101F005
:1065F0009DB811F0004F54BF1CF4000F1CF4800F25
:106600004FF0110C4CF0804C41F09080401CC1F0D8
:106610008D8041F10001E1E7012A43EB0302ACF177
:10662000200CDCF11F0E32BF4FF0000E23FA0CF3EA
:1066300010EB030041EB0451B4EB115FAFD0A1EBC1
:10664000045101F5801149085FEA300002FA0EF2A8
:1066500042EA420201EB04515FEA320213D0BDE884
:106660001040F1EE10CA1CF4400F1AD14FF0110C7B
:1066700092F0000F4CF0804CB0D5401C38BF5FEA60
:106680004202ABD1A4E7BDE810404FEA410313F545
:10669000001F38BF7047DFF8C8C0A1F1C04101F04A
:1066A00045B811F0004F54BF1CF4000F1CF4800FCC
:1066B0004FF0110C4CF0804C90D1401C8ED341F126
:1066C00000018BE74EF4001E3EEA410418BF3EEA8B
:1066D000430439D091EA030F48BF83F0004300F12F
:1066E0002987841A71EB030C05D2121943EB0C03B2
:1066F000001B61EB0C0152EA430E4FEA1154A4EB6C
:10670000135C13D05FEA445E21EA04511CBF23F0FE
:106710000043ACF1010C7FF428AFBDE810404FF00E
:10672000110C801841EB030100F0EBBE5FEA445E00
:10673000BDE8104018BF704750EA410C08BF7047D1
:106740004FF0110C00F0DDBEBDE8104070B500F058
:10675000C5FB00BF64FBBE3E110000040000C0FF8B
:1067600011000010491058BFC1F140415B1058BFE3
:10677000C3F140438B42EFF3008070472DE9C041E5
:1067800030B4DFF864C33CEA111418BF3CEA1314B8
:1067900000F04B8181EA03051CEA111444EAD57428
:1067A00018BF1CEA131500F01D81A4EB05044FF07F
:1067B000004545EAC12145EAC32341EA505143EA75
:1067C000525304F17F74994204F500344FEAC0201B
:1067D0004FEAC22208BF904200F0D0804FEA136512
:1067E0000FF20426765D4FEA134506FB05F7C7F165
:1067F000807706FB07F74FEAD737A7FB0368764297
:10680000C8F58038A7FB06CE38BFA8F1010807FB02
:1068100008E64FF0000EA6FB028CE6FB03CEDCF18F
:10682000000CCEF1004E38BFAEF1010EA6FB0C58A5
:106830004FF000074FF00005E6FB0E87A1FB08C6EE
:10684000A0FB07CE16EB0E0645F10005E1FB076540
:1068500015F1E04E7EBFA4F580345FEA46066D4137
:1068600016F18007F1EE10CA45F100054FEA17272F
:1068700047EA05671CF4400F4FEA152536D14FEA69
:106880004666A6F15E46B6F1085F2FD9B4F1FE6FF9
:106890002CD8384624F0010C05EBC471BCF1FE6F16
:1068A00001EB0C11DFF844C202D8F0BCBDE8004196
:1068B00040F23C8724425CBF01F5801E9EEAC47F03
:1068C00002D4F0BCBDE8004140F13087244277D4C7
:1068D000DFF81CC256EA080EA1F1C04118BF4CF007
:1068E000804CF0BCBDE8004100F020BF4FEAD2224E
:1068F00042EA43524FEAD323A7FB02864FEAD02055
:1069000040EA415007FB03661EEA0E0F4FEAD12111
:1069100005FB026658BFA6EB0056B6EB00564FEAE1
:10692000520E4EEAC37E18EB0E0E56EB530E05D5F3
:1069300018EB02085E417F1C55F1000556EA080E6F
:1069400024D01CF4400FA4D014F0010F18BF4FEA5C
:106950004C0C1CF4000F08D036429AD4B8EB020855
:106960009E417F1E75F1000593E7364291D518EBE5
:1069700002085E417F1C55F100058AE74FF480153F
:106980004FF000074FF000064FF0000824F0010C14
:10699000384605EBC471BCF1FE6F01EB0C1102D857
:1069A000F0BCBDE800811CEA0C0F5CBF01F5801E45
:1069B0009EEAC47F02D4F0BCBDE80081244287D5A2
:1069C00056EA080C01F1C0411CBF06F0004C4CF027
:1069D000804C4CF0005CF0BC4CF0140CBDE8004165
:1069E00000F0E6BD50EA410E0CEA13150BD052EA56
:1069F000430E13D000F0F3FA641B86EA4606240423
:106A000044EAD674D3E652EA430E00F02680F0BC86
:106A100081EA030101F00041BDE80081F0BCBDE85E
:106A20000041DFF8D0C000F081BEF0BCBDE80041FD
:106A300070B500F053FA00BF097EFC3E140000045C
:106A400000F007B881EA03014FF0000001F00041B7
:106A5000704781EA030100F0FABAF0BCBDE80041DA
:106A60005FF828C000F062BEFFFDFBF9F7F5F4F215
:106A7000F0EEEDEBE9E8E6E4E3E1E0DEDDDBDAD8D9
:106A8000D7D5D4D3D1D0CFCDCCCBCAC8C7C6C5C437
:106A9000C2C1C0BFBEBDBCBBBAB9B8B7B6B5B4B34E
:106AA000B2B1B0AFAEADACABAAA9A8A8A7A6A5A439
:106AB000A3A3A2A1A09F9F9E9D9C9C9B9A999998FD
:106AC0009797969595949393929191908F8F8E8EA0
:106AD0008D8C8C8B8B8A898988888787868585842D
:106AE00084838382828181800000FF07140000403C
:106AF000140000101400000851EA030C11D41CF516
:106B0000801F00F10680994218BF704708BF90426D
:106B1000704711F5801F58BF13F5801F18D4994294
:106B200070471CF5801F09D550EA410C0EBF52EA90
:106B3000430C8B42704708BF824270474FF4001CE1
:106B40001CEB410F38BF1CEB430F01D28B42704747
:106B500070B500F0C3F900BF92244938190012043F
:106B60004FF000514FF08053FFF7FCBD4FEA410357
:106B700080B54FEA5353A3F58063D3F11E03C8BF1A
:106B8000D3F1210C1FDD4FF0004242EAC12242EA5C
:106B9000505232FA03FC62FA03F787EA0C0757EA0D
:106BA000C0270BD032FA03FC8CEAE17CACEBE1703D
:106BB000BDE88040DFF874C000F0B8BD8CEAE17C2D
:106BC000ACEBE17080BD50EA410C00D180BD102BD0
:106BD00007DD4FF00000BDE88040DFF850C000F056
:106BE000A5BD03F5787CBCF1FF3F14D0002B02BF9C
:106BF0007FEA210C5FEA013C5FEA505C05D1002886
:106C00004FF00040D4D100D180BDBDE88040DFF816
:106C100020C000F08BBDBDE8804070B500F05EF98B
:106C2000000000BFC800030480B5DFE7C8000240D1
:106C3000C800020410F0004248BF4042B0FA80F39E
:106C400010FA03F10AD0C3F11D0303F580634FEA84
:106C5000415002EB035202EBD12170474FF000008C
:106C60007047B1FA81F201FA02F1C2F11D024FEA56
:106C7000415003EB025303EBD1217047B0FA80F38C
:106C800010FA03F10AD0C3F11D0303F580634FEA44
:106C900041504FEA035202EBD12170474FF0000000
:106CA0007047000051EA030C11D41CF5801F00F15D
:106CB0000680994218BF704708BF9042704711F58F
:106CC000801F58BF13F5801F18D4994270471CF5D8
:106CD000801F09D550EA410C0EBF52EA430C8B428B
:106CE000704708BF824270474FF4001C1CEB410FF5
:106CF00038BF1CEB430F01D28B42704770B500F0D8
:106D0000EDF800BF0000003F19001604FFF72ABD90
:106D10004FF000514FF08053FFF724BDDFF8B4C1AE
:106D200070B51CEA111E1EBF1CEA13159EEA0C0F5B
:106D300095EA0C0F00F0948081EA030421EA4C11DB
:106D40004EEAD47E23EA4C13AE4441F4801143F45E
:106D50008013A1FB024CA0FB0365AEF17F7E3619C8
:106D600055EB0C05A1FB034C4CF10003A0FB021CEE
:106D700016EB0C06654153F10003094218BF46F0BB
:106D8000010613F4007F0BD14FEA03314FEA0530BF
:106D9000340341EA155140EA16506FF003020AE04D
:106DA0004FEAC3214FEAC520F40241EA555140EAB7
:106DB00056506FF00202264602EB2E4201EB0255BE
:106DC00085EACE7127D0F1EE10CA05461CF4400CBE
:106DD00014D15FEA440C18BF24F0004450F10000C5
:106DE00041F1000120EAD47040F2FD7C624517D2E7
:106DF000BDE87040DFF8E0C000F098BC5FEACE74F8
:106E000054BF1CF4000F1CF4800F08BF10F10100E8
:106E100041F10001E8E740F2FE7C624504D270BD1A
:106E200008BF11F4801FE3D0A84214BF4FF0804484
:106E30004FF04044002E08BF0024BEF1806FD8BF41
:106E400001F1C041A8BFA1F1C04144F0130CA8BF9B
:106E50004CF0805CBDE8704040F3AA8300F066BC53
:106E60009EEA0C0F0CEA131518BF95EA0C0F19D007
:106E700091EA030F48BF4EF0010E50EA410418BFDB
:106E800052EA430409D000F0AAF8641986EA4606DB
:106E90004FEA044E4EEAD67E5BE74FEACE714FF0E2
:106EA000000070BD00F01AF88900013E13000004D4
:106EB00000F005B800F007B852EA430C06D081EAAA
:106EC000030100F0C4B850EA410CF8D15FF824C0C7
:106ED00000F02CBC0000FF07130000400EF1020E72
:106EE0002EF0030E01285EF8086B41EB010414F547
:106EF000001418BFB4F5801F23D3364208D4012AEA
:106F000043EB030515F5001518BFB5F5801F18D321
:106F100001EB010C1CF5801F16D2364204D403EBA2
:106F2000030C1CF5801F0FD2002C10D14FEAD17C2E
:106F3000002D0CEB4C0C0CF1020C08BF4CEBD37C7D
:106F400007E04FF0090C04E04FF0080C01E04FEAB5
:106F5000D37C0CEB4C0526FA05F606F00706B6F1D5
:106F6000040C06D20EEB860CBDE870404CF0010C10
:106F70006047DFE80CF0222413025EF804CC1B2DDE
:106F800008D1002C88BFB4F5801F34BF4CF4804C6E
:106F90004CF4004CBDE8704000F0C8BB002C88BF2A
:106FA000B4F5001F24BF1946104670BD4FF0000015
:106FB0004FF00041A1F5002170BD1946104601288F
:106FC00051EB010418BFD4F5001484BF5EF804CC63
:106FD0002CF0806CBDE8704000F28783704780B56C
:106FE0004FF003065C004FEA03334FEA3606640DA8
:106FF0004FEA133318BF43F480131CD153EA125ED7
:1070000004F1010402BF13460022203C1B4202BFD0
:10701000130B1205143CB3FA83FEAEF10B0ECEF146
:10702000200C03FA0EF322FA0CFC02FA0EF2A4EB87
:107030000E0443EA0C030FB416F0010F0CBC03BCA2
:1070400018BF2546CED180BD80B50126F3E70808DC
:10705000A0F500114FEA3101704753EA010C11D439
:107060001CF5801F00F106808B4218BF704708BFD7
:107070008242704713F5801F58BF11F5801F18D446
:107080008B4270471CF5801F09D552EA430C0EBF96
:1070900050EA410C9942704708BF904270474FF444
:1070A000001C1CEB430F38BF1CEB410F01D299426F
:1070B00070470FB40CBC03BCFFF720BE10B5DFF85F
:1070C00048E011F5801C13F580141EEA4C0F18BF20
:1070D0001EEA440F09D091EA030F81F000413FF509
:1070E00030AA83F0004300F02AB981EA030180EA64
:1070F000020083EA010382EA000281EA030180EAD6
:10710000020000F008BA00BF0000C0FF2DE9F04106
:1071100001F5801CBCF5001FC0F2DC804FEA115C59
:1071200021EA0C5141F480110CF1FD0C5FEA5C0C7A
:107130000CF5C07C01D34000494135A4890241EAE5
:10714000905187028E0E0A0CA45D04FB04F602FB2C
:1071500006F6C6F14046A4FB0662F60D46EA422654
:1071600006FB06F4A4FB01235242C3F1404338BF9F
:107170005B1EA6FB02420024E6FB0324D20B42EA7C
:107180004446A6FB0623A1FB02E2A3FB07E4E3FBC4
:1071900061426442C2F1404E38BFAEF1010EA6FB1F
:1071A00004234FF00002E6FB0E32A2FB034634003C
:1071B000E2FB6264A1FB06E6A4FB07E8E4FB61686E
:1071C0007642C8F1405838BFA8F10108A2FB06E496
:1071D000A3FB08E5E2FB6854A1FB05E6A7FB04E876
:1071E000E1FB648618F12005F1EE104A56F1000625
:1071F000A809B10914F4400F40EA866028D1A8F12B
:107200001B0808F01F08B8F10A0F21D9BDE8F041AA
:1072100001EB0C514FF0170C4CF0804C00F086BA8B
:10722000FCF5EEE8E2DDD8D3CFCBC7C3C0BDB9B61D
:10723000B4B1AEACA9A7A5A3A19F9D9B9A98969522
:107240009392908F8D8C8B898887868584838281A9
:10725000A0FB006800FB01F208EB4208B8EB8728AE
:1072600058EA060215D014F4400F16D118EA080F98
:1072700007D5341858EB0104C8D5401C51F1000162
:10728000C4E7341A78EB0104C0D4401E71F1000148
:10729000BCE701EB0C51BDE8F08114F4000F0CD1F8
:1072A00018EA080FB2D5361858EB0108401C51F106
:1072B0000001361858EB0108F2E718EA080FA5D4C8
:1072C000361A78EB0108401E71F10001361A78EB8E
:1072D0000108F2E75FEA4C0C5FEA9C5C14D10AD328
:1072E00050EA013C01D1BDE8F08109420CD4FFF71E
:1072F000ABFEA44618E7BDE8F04170B5FFF7EEFD20
:107300006DDBFFBE17000004BDE8F0415FF80CC064
:1073100000F00CBA10B5DFF894E211F5801C13F5FB
:1073200080141EEA4C0F18BF1EEA440F00F0F380D1
:1073300091EA030F48BF83F000433FF502A9841A86
:1073400071EB030C07D212198CF0004C43EB0C03C9
:10735000001B61EB0C0152424FEA1154A4EB135C89
:1073600023EAAE0321EA0451C3EBAE0338BF5B1E30
:10737000DCF1200E48D322FA0CFE10EB0E0043FA8B
:107380000CFE41EB0E01CCF1200E03FA0EFE10EBC9
:107390000E0051F10001CCF1200E4CD412FA0EF285
:1073A00001EB0451BDE8104008BF7047F1EE10CA70
:1073B0001CF4400F14D14FF0120C92F0000F4CF05F
:1073C000804C40F1B381401C18BFB2F1004F40F037
:1073D000AD8100280CBF491C20F0010000F0A6B9C7
:1073E00011F0004F54BF1CF4000F1CF4800F4FF03D
:1073F000120C4CF0804C40F09981401C40F096817A
:1074000041F1000100F092B912EB020E43EB0302CE
:1074100018BF4FF0010E4EEA4202ACF1200CDCF135
:107420001E0E4BD943FA0CFE10EB0E0051F1FF314A
:10743000CCF11E0EB2D50EF1010E12FA0EFE404135
:1074400041EB010101EB445C5FEA5C5C06D95FEA59
:107450000E0201EB0451BDE81040A5E73BD24FEA14
:10746000D42C11F5001124F400641AD0B1FA81F281
:107470000B3AA41AA41ED2F12003914030FA03F370
:107480001943904001EBCC71002C01EB0451BDE895
:107490001040A8BF704701F1C0414FF0120C00F03E
:1074A00087B8B0FA80F310FA03F101D1BDE81040BB
:1074B00019D0E41A173C4805C90AE3E701EB045167
:1074C000BDE81040401E61F100015FF0FF326BE744
:1074D00001EB045110BD491001EB0451BDE810400F
:1074E0004FEA30000BE0F1EE10CA4FF000010CF44F
:1074F000400CBCF5000F08BF4FF0004170474FF043
:10750000120C4A0008BF0042EDD0B2F5001F28BFA0
:10751000704700F0EAB84EF4001E3EEA410418BF7E
:107520003EEA430434D091EA030F48BF83F000439E
:107530003FF5D7A8841A71EB030C07D212198CF00F
:10754000004C43EB0C03001B61EB0C0152EA033EC1
:107550004FEA1154A4EB135C14D05FEA445E21EAB5
:10756000045109D023F000435242ACF1010CC3F1A5
:10757000000338BF5B1EFBE6BDE81040801A61EBDC
:107580000301BCE7BDE8104050EA410CB7D1AAE7BF
:10759000BDE8104070B5FFF7A1FC00BF40DFF63E2C
:1075A0001100000483F00041104670470000C0FF46
:1075B000F1EE103A13F0807F1EBF01F00041002071
:1075C000704713F4006F40F0AA80094248BF4CF4A2
:1075D000803C4FF4C0634FEA115203F1010321EAEA
:1075E000025122F400629A1A48BF6FF0FE0241F481
:1075F0008011352A3CD830D0152A1ED3203A0CD918
:107600000028C2F1200321FA02F001FA03F218BFA8
:1076100042F001024FF0000130E0C2F1000302F13C
:10762000200201FA03F120FA02F241EA020100FA13
:1076300003F208464FF0000120E0C2F1200310B42D
:1076400000FA03F401FA03F320FA02F021FA02F13E
:10765000224610BC43EA000010E050EA01324FF02D
:1076600000004FF000014FF0004218BF521C05E02F
:107670004FF001024FF000014FF000001CF4803F7A
:107680002CF4803C18BF41F0004112421ED0F1EEB4
:10769000103A13F4400F20D1520003D30CD0401CF9
:1076A00041F10001F1EE103A4CF0804C43F0080338
:1076B000E1EE103A00F03AB85FEAAC72EFD4F1D1E3
:1076C000401C41F1000120F00100EBE71CF0804F6D
:1076D00008BF70472CF0004CE4E7094254BF13F494
:1076E000000F13F4800FDDD1D9E7F1EE103A13F05B
:1076F000807F1EBF01F000410020704713F4006F2F
:1077000008BF70472DE9F050FFF79EFC04F5C064F8
:10771000A4F10104314301EB0451BDE8F0504CF0F9
:10772000005C4CF0800C00F0C2BA00001CF0700F3E
:1077300008BF0A460FB4F1EE101A0CF0405030EAC0
:10774000814318BF4CF0804C4FEA4C0310EA814F44
:107750004FEAD36323EA112318BF23F0100341EA51
:10776000030101F0E073E1EE101A4CEA030C0CF097
:107770000F030A2B1DBF082B0CF070034CEAC30C3F
:107780004FF4003304BF33EA0C034CF4400C1CF0FC
:10779000005F14D11CF0805F0BD11CF0804F31D101
:1077A0001CF0006F12D111F4807F0FBC62D000F08A
:1077B0007EBA11F4806F0FBC2BD000F078BA11F4B0
:1077C000006F0FBC08BF704700F071BA11F4007F62
:1077D0000FBC40F06C821CF0400F1EBF4FF0004009
:1077E00040F0010070471CF0100F14BF81EA030243
:1077F00042400CF00F000A2808BF4FF0FF324FF054
:10780000000326E011F4805F0FBC08BF704700F052
:107810004EBAF1EE103A2CF0805C1CF0800F14BFD1
:1078200001F0004200F0004212420CBF12EA336F36
:1078300012EAF35F0DD31CF0100F1DBF30A003C878
:107840001143314808BF104313F4805F40F02F828A
:1078500070471CF0100F02F000421DBF0FF29400A1
:1078600003C81143254808BF104313F4805F40F05C
:107870001E8270471CF0400F40F028801CF4404FDF
:107880001BD01CF4004F1CBF194610460CF480722C
:1078900018BF8CEA520C1CF0800F0CBF40F4800023
:1078A00041F400218CEADC0313F0100F1CBF2CF014
:1078B0000F0C4CF0080C00F0A1B91CF0100F1ABF0F
:1078C00012A393E80300134800F098B91CF0800F4E
:1078D00014BF01F0004200F000421CF0100F1BBF6B
:1078E0000AA393E803000B48114308BF104300F0BC
:1078F00085B900BF000000000000F07F0000807F1D
:10790000FFFFFFFFFFFFEF7FFFFF7F7F0000000013
:107910000000F87F0000C07F43004FEAD30C4FEA1D
:107920003C0C43401FBF40070CF1605113F0FE4F69
:1079300070471CF0006F14D133F0004004BF1946AB
:10794000704783EA830383EA430303F0070343EAB0
:10795000CC010CF0004303F15A5303F54013FFF739
:1079600080B90CF0004343EA507010B540EACC00F7
:1079700000F00FF8000000BA180000044FEA000100
:10798000FFF765BB4FEAE0024FEA407042F0E0418A
:1079900070470EF1020E2EF0030E4FEA40025EF821
:1079A000084B12F1807218BFB2F5000F22D32442A7
:1079B00007D44FEA410313F1807318BFB3F5000FEA
:1079C00018D34FEA400C1CF5000F16D2244204D401
:1079D0004FEA410C1CF5000F0FD2002A10D14FEADC
:1079E000D07C002B0CEB4C0C0CF1020C08BF4CEBC8
:1079F000D17C07E04FF0090C04E04FF0080C01E0E7
:107A00004FEAD17C0CEB4C0324FA03F404F0070496
:107A1000B4F1040C06D20EEB840CBDE810404CF01F
:107A2000010C6047DFE80CF01F2013025EF804CC65
:107A30001B2B08D1002A88BFB2F5000F34BF4CF4CD
:107A4000804C4CF4004CBDE81040FFF76FBE002A9C
:107A500088BFB2F1807F28BF084610BD4FF00040BC
:107A6000A0F5800010BD0846420018BFD2F1807218
:107A700084BF5EF8042C22F08062BDE8104000F262
:107A80008A8070474FF00000E1EE100A7047FF2136
:107A900041EAD050C0057047F1EE101A11F0807F16
:107AA0001CBF00F00040704711F4006F40F08E8062
:107AB00000F0004343EAD05323F48073C3F1C103C1
:107AC00023F00041172941D8C3F1200310FA03F134
:107AD000C3F1200320F07F4040F4000020FA03F0BF
:107AE00003F0004340EA030019D00B46F1EE101AF0
:107AF00041F00801E1EE101A11F4400F1CD15900B9
:107B000009D318BF401C06D17FEAE27398BF401C1E
:107B100038BF20F0010042F0804CFFF707BE12F0A2
:107B2000804F08BF7047F1EE101A944641F00801EB
:107B3000E1EE101AFFF7FABD10F0004F14BF5FEA34
:107B4000F1535FEA316338BF401CE4E7182903EBC7
:107B5000912318BF6FF000410131F1EE101A41F08E
:107B60000801E1EE101A11F4400F18BF03F00040B5
:107B7000E2D168BF03F0004009D6400203F00040A4
:107B800000F1010004BF12F0004F20F001004FF09F
:107B9000804CFFF7CBBDF1EE101A11F0807F1CBFB7
:107BA00000F00040704711F4006F08BF704700F00C
:107BB000004120F00040B0FA80F3A3F1080341F047
:107BC000C04100FA03F0A1EBC351084442F0005C4D
:107BD00000F06DB8064A21EA020120EA0202F1EE45
:107BE000100A20EA020282EA0102E1EE102A70473E
:107BF00060603FF6EAF709B8EAF73EB90CF00F0308
:107C0000092B08BF082000F064800A2B32D0082B13
:107C100018BF704708BF1CF0400F31D01CF4803FE4
:107C200023D11CF0200F11D11CF0100F0BBF024606
:107C30000A466FF000406FF0004118BF4FF0FF3070
:107C400012F0004F1CBFC043C94370471CF0100F17
:107C50000CBF02460A4612F0004F4FF0FF304FF0C3
:107C6000FF311CBFC043C94370474FF000004FF0C5
:107C7000000170471CF0400F18BF4FF000407047E4
:107C80001CF0100F08D020F0704300F07F4242EA51
:107C9000D3014FEA4370704700F0604021F07F420B
:107CA00042EA000201F07F4040EA727070472DE91D
:107CB00000502DE90050E9F7B7FEBDE80050BDE8DF
:107CC00000500CF00F0393F0090F18BF7047AFF38B
:107CD00000801CF4801F24D01CF4E02F09D010F089
:107CE000080F02D1D0F1020070476FEACC31490091
:107CF00070474FF0604111EA407028BF40F040509B
:107D0000F1EE103A23F0704343EA0003E1EE103A3B
:107D1000EFF3008222F0704242EA000282F3008810
:107D200070471CEA004018BF0120704720990108E5
:107D3000E14C01080000000000000000800000008D
:107D400000000000000000000C990108F524010863
:107D50000100000000000000000200000000000020
:107D60000000000000990108412C010802000000F9
:107D70000000000000020000000000000000000001
:107D80001899010855990008030000000000000040
:107D9000000400000000000000000000FC98010842
:107DA000393301080000000000000000000100005D
:107DB0000000000000000000C8980108D944010834
:107DC0000000000000000000800000000000000033
:107DD00000000000D09801081D0E010800000000FE
:107DE0000000000080000000000000000000000013
:107DF000B498010859350108000000000000000097
:107E0000000100000000000000000000E0980108F0
:107E10003D4D01080000000000000000800000004F
:107E20000000000000000000BC98010815350108A2
:107E30000100000000000000000100000000000040
:107E400000000000F09801088132010801000000E4
:107E500000000000800000000000000000000000A2
:107E6000CDCC4C3E6F12033A0000A04100803B4451
:107E70003333B33F004083450000003F0000000063
:107E8000CDCCCCBE00A00C4600007041000000002C
:107E90000000C844CDCC4C3E000000000000C841AA
:107EA0009A99193E00004040000080400000000008
:107EB0000000003F00007FE04020432041A040E060
:107EC00043A04F205C2070207FE0000000007FE096
:107ED00040204020402040204020402040204020A2
:107EE0007FE0000018000E00FC7E01080C000C0072
:107EF000B47E01080C000C00CC7E0108FFFC80045D
:107F00008004800480048004800480048004800451
:107F10008004800480048004800480048004800441
:107F20008004800480048004FFFC078040AC037D53
:107F300004014103057C00026D0D026D09020B086E
:107F40000141090242C0030A0B04000000000000C6
:107F50000000000000000000000000000000000021
:107F600000000000000000000000000002060E1EDD
:107F70003E7EFEFEFEFEFEFEFEFEFEFEFEFEFEFE61
:107F8000FEFEFEFEFEFEFEFEFEFEFEFEFEFEFEFE11
:107F9000FEFEFEFEFEFEFEFCFCF8F8F0E0C08000F7
:107FA00000000000000000000000000000000000D1
:107FB00000000000000000000000000000000000C1
:107FC00000000000000000000000000000000000B1
:107FD00000000000000000000000000000000000A1
:107FE0000000000000000000000000000000000091
:107FF0000000000103070F1F3F7FFFFFFFFFFFFF90
:10800000FFFFFFFFF7E7C787070707070707070710
:10801000070707070F1FFFFFFFFFFFFFFFFFFFFE21
:10802000F000000000000000000000000000000060
:108030000000000000000000000000000000000040
:108040000000000000000000000000000000000030
:108050000000000000000000000000000000000020
:108060000000000000000000000000000000000010
:108070000000000000C0FCFCFCFCFCFDFFFFFFFF5B
:10808000FFFFFFFFFFFFFFFFFFFEFCFCFCFCFCFC13
:10809000FCFCFCFCFEFFFFFFFFFFFFFFFF7F3F0F2D
:1080A00001000000000000000000000000000000CF
:1080B00000000000000000000000000000000000C0
:1080C00000000000000000000000000000000000B0
:1080D00000000000000000000000000000000000A0
:1080E0000000000000000000000000000000000090
:1080F000000080F0FEFFFFFFFFFFFFFFFFFFFF1FFD
:108100000F0F0F0F0F0F0F1F3F7FFFFFFFFFFFFF2F
:10811000FFFFFFFFFFEFCF87070303010000000011
:10812000000000000000000000000000000000004F
:10813000000000000000000000000000000000003F
:10814000000000000000000000000000000000002F
:10815000000000000000000000000000000000001F
:10816000000000000000000000000000000000000F
:10817000E0FCFFFFFFFFFFFFFFFFFFFF3F070000E7
:1081800000000000404040C0C0C0C0C1C3C7CFDF36
:10819000FFFFFFFFFFFFFFFFFFFEFCF8F0E0C080E6
:1081A00000000000000000000000000000000000CF
:1081B00000000000000000000000000000000000BF
:1081C00000000000000000000000000000000000AF
:1081D000000000000000000000000000000000009F
:1081E00000000000000000000000000000080C0F6C
:1081F0000F0F0F0F0F0F0F0F0F0F0F0100000000D9
:108200000000000000000000000101030307070F49
:108210000F1F1F3F3F7F7FFFF3E3C383030303036E
:108220000302000000000000000000000000000049
:10823000000000000000000000000000000000003E
:10824000000000000000000000000000000000002E
:10825000000000000000000000000000000000001E
:10826000000000000000000000000000000000000E
:1082700000000000000000000000000000000000FE
:1082800000000000000000000000000000000000EE
:1082900000000000000000000001010303060400CC
:1082A00000000000000000000000000000000000CE
:1082B00000000000000000000000000000000000BE
:1082C00000000000000000000000000000000000AE
:1082D000000060787B1B1B1B7B7F6F4E003E7F6323
:1082E00063637F3E00787B6B6B6B6B7B7F36003EFE
:1082F0007F6363637F3E4060783D071F7C701D078E
:108300007F7840006070385D6F676F7C7040004020
:10831000666F6B6B6B6B7B310203037F7F030361C3
:10832000686B6B6B6B6B0B0360787B1B1B1B7B7B26
:108330006F4E00466F6F6B6B6B7B3100000000006F
:10834000000000000000000000000000000000002D
:10835000000000000000000000003F40000000009E
:108360000000000030004000300040000000090024
:108370000BC03D000BC03D00090018C024407FE049
:10838000224031800000180024C01B000D803240C4
:10839000018003801C4027401C80074000401000E3
:1083A000600000000000000000000000000000006D
:1083B0001F80204040200000402020401F800000FF
:1083C0000000090006001F800600090000000400EC
:1083D00004003F8004000400000000100060000062
:1083E0000000000000000400040004000400040079
:1083F000000000000040000000000000000000201D
:1084000001C006003800400000001F8020402040CE
:1084100020401F800000000010403FC000400000CE
:10842000000018C021402240244018400000108065
:108430002040244024401B80000002000D00110059
:108440003FC0014000003C80244024402440238061
:1084500000001F802440244034400380000030008E
:10846000200027C03800200000001B80244024404A
:1084700024401B8000001C0022C0224022401F809C
:1084800000000000000008400000000000000000A4
:1084900000000460000000000000000004000A006A
:1084A000110020804040090009000900090009006E
:1084B000000000004040208011000A000400180065
:1084C000200023402400180000001F802040274087
:1084D00029401F400000004007C039000F0001C0C4
:1084E000004020403FC0244024401B8000001F80EB
:1084F0002040204020403080000020403FC02040ED
:1085000020401F80000020403FC024402E4030C04B
:10851000000020403FC024402E00300000000F002B
:108520001080204022403380020020403FC00400E1
:1085300004003FC02040204020403FC02040204059
:1085400000000060202020203FC0200020002040AC
:108550003FC024400B0030C0204020403FC020409E
:108560000040004000C03FC03C0003C03C003FC092
:10857000000020403FC00C4023003FC020001F806F
:108580002040204020401F80000020403FC0244069
:108590002400180000001F802140214020E01FA07F
:1085A000000020403FC02440260019C0004018C0F1
:1085B00024402440224031800000300020403FC051
:1085C00020403000000020003F80004000403F80FD
:1085D000200020003E0001C00700380020003800C5
:1085E00007C03C0007C038000000204039C006002A
:1085F00039C0204000002000384007C0384020002B
:108600000000304021C02640384020C0000000005B
:1086100000007FE0402040200000000070000C00BF
:108620000380004000000000402040207FE0000068
:1086300000000000200040002000000000000010AA
:10864000001000100010001000100000000040009A
:10865000000000000000000002800540054003C04B
:10866000004020003FC004400440038000000000A0
:1086700003800440044006400000000003800440E2
:1086800024403FC0004000000380054005400340F7
:108690000000000004401FC02440244020000000CF
:1086A00002E0055005500650042020403FC0044021
:1086B000040003C000400000044027C00040000048
:1086C000000000100010041027E00000000020400F
:1086D0003FC00140070004C00440204020403FC08C
:1086E00000400040000007C0040007C0040003C0B1
:1086F0000000044007C00440040003C00040000024
:1087000003800440044003800000041007F004507C
:10871000044003800000000003800440045007F080
:108720000010044007C002400400040000000000E4
:1087300006400540054004C00000000004001F8002
:10874000044000400000040007800040044007C0CF
:1087500000400400070004C0018006000400060079
:1087600001C0070001C006000000044006C001006F
:1087700006C0044000000410071004E00180060059
:1087800004000000044005C0064004400000000052
:10879000000004007BE0402000000000000000001A
:1087A000FFF000000000000040207BE0040000001B
:1087B0000000400080004000200020004000005EDB
:1087C000BCE2613FDD83C29C7E20A3FD1F419DC3AF
:1087D000217FFCA2401E5F01E3BD3E6082DC237D61
:1087E0009FC1421CFEA0E1BF5D0380DE3C62BEE093
:1087F000025CDF81633D7C22C09E1D43A1FF4618C1
:10880000FAA427799BC584DA3866E5BB5907DB856E
:108810006739BAE406581947A5FB7826C49A653B20
:10882000D987045AB8E6A7F91B45C6987A24F8A652
:10883000441A99C7257B3A6486D85B05E7B98CD280
:10884000306EEDB3510F4E10F2AC2F7193CD114F2E
:10885000ADF3702ECC92D38D6F31B2EC0E50AFF1E0
:10886000134DCE90722C6D33D18F0C52B0EE326C12
:108870008ED0530DEFB1F0AE4C1291CF2D73CA9440
:108880007628ABF517490856B4EA6937D58B5709EE
:10889000EBB536688AD495CB2977F4AA4816E9B7A0
:1088A000550B88D6346A2B7597C94A14F6A8742AD2
:1088B000C896154BA9F7B6E80A54D7896B3500005E
:1088C000891112239B322446AD573665BF74488CFC
:1088D000C19D5AAFD3BE6CCAE5DB7EE9F7F88110C3
:1088E000080193331A22A5562C47B7753E64C99CDC
:1088F000408DDBBF52AEEDDA64CBFFF976E80221A2
:108900008B30100299132667AF763444BD554AADBB
:10891000C3BC588ED19F6EEBE7FA7CC8F5D9833182
:108920000A2091121803A7772E66B5543C45CBBD9B
:1089300042ACD99E508FEFFB66EAFDD874C9044261
:108940008D5316619F702004A9153227BB364CCE7B
:10895000C5DF5EEDD7FC6888E1997AABF3BA855242
:108960000C4397711E60A1142805B3373A26CDDE5B
:1089700044CFDFFD56ECE9986089FBBB72AA066321
:108980008F7214409D512225AB343006B9174EEF3B
:10899000C7FE5CCCD5DD6AA9E3B8788AF19B877302
:1089A0000E6295501C41A3352A24B1163807CFFF1B
:1089B00046EEDDDC54CDEBB962A8F99A708B0884E1
:1089C00081951AA793B62CC2A5D33EE1B7F0400813
:1089D000C919522BDB3A644EED5F766DFF7C8994AA
:1089E00000859BB712A6ADD224C3BFF136E0C118F3
:1089F0004809D33B5A2AE55E6C4FF77D7E6C0AA589
:108A000083B4188691972EE3A7F23CC0B5D14229D2
:108A1000CB38500AD91B666FEF7E744CFD5D8BB569
:108A200002A499961087AFF326E2BDD034C1C339B2
:108A30004A28D11A580BE77F6E6EF55C7C4D0CC648
:108A400085D71EE597F42880A1913AA3B3B2444A92
:108A5000CD5B5669DF78600CE91D722FFB3E8DD629
:108A600004C79FF516E4A9902081BBB332A2C55A72
:108A70004C4BD7795E68E11C680DF33F7A2E0EE708
:108A800087F61CC495D52AA1A3B03882B193466B52
:108A9000CF7A5448DD59622DEB3C700EF91F8FF7E9
:108AA00006E69DD414C5ABB122A0B9923083C77B32
:108AB0004E6AD5585C49E33D6A2CF11E780F0000E0
:108AC000000000000000010203040607080900007E
:108AD0000000010203040006101600061016005ED6
:108AE000BCE2613FDD83C29C7E20A3FD1F419DC38C
:108AF000217FFCA2401E5F01E3BD3E6082DC237D3E
:108B00009FC1421CFEA0E1BF5D0380DE3C62BEE06F
:108B1000025CDF81633D7C22C09E1D43A1FF46189D
:108B2000FAA427799BC584DA3866E5BB5907DB854B
:108B30006739BAE406581947A5FB7826C49A653BFD
:108B4000D987045AB8E6A7F91B45C6987A24F8A62F
:108B5000441A99C7257B3A6486D85B05E7B98CD25D
:108B6000306EEDB3510F4E10F2AC2F7193CD114F0B
:108B7000ADF3702ECC92D38D6F31B2EC0E50AFF1BD
:108B8000134DCE90722C6D33D18F0C52B0EE326CEF
:108B90008ED0530DEFB1F0AE4C1291CF2D73CA941D
:108BA0007628ABF517490856B4EA6937D58B5709CB
:108BB000EBB536688AD495CB2977F4AA4816E9B77D
:108BC000550B88D6346A2B7597C94A14F6A8742AAF
:108BD000C896154BA9F7B6E80A54D7896B3500003B
:108BE000891112239B322446AD573665BF74488CD9
:108BF000C19D5AAFD3BE6CCAE5DB7EE9F7F88110A0
:108C0000080193331A22A5562C47B7753E64C99CB8
:108C1000408DDBBF52AEEDDA64CBFFF976E802217E
:108C20008B30100299132667AF763444BD554AAD98
:108C3000C3BC588ED19F6EEBE7FA7CC8F5D983315F
:108C40000A2091121803A7772E66B5543C45CBBD78
:108C500042ACD99E508FEFFB66EAFDD874C904423E
:108C60008D5316619F702004A9153227BB364CCE58
:108C7000C5DF5EEDD7FC6888E1997AABF3BA85521F
:108C80000C4397711E60A1142805B3373A26CDDE38
:108C900044CFDFFD56ECE9986089FBBB72AA0663FE
:108CA0008F7214409D512225AB343006B9174EEF18
:108CB000C7FE5CCCD5DD6AA9E3B8788AF19B8773DF
:108CC0000E6295501C41A3352A24B1163807CFFFF8
:108CD00046EEDDDC54CDEBB962A8F99A708B0884BE
:108CE00081951AA793B62CC2A5D33EE1B7F04008F0
:108CF000C919522BDB3A644EED5F766DFF7C899487
:108D000000859BB712A6ADD224C3BFF136E0C118CF
:108D10004809D33B5A2AE55E6C4FF77D7E6C0AA565
:108D200083B4188691972EE3A7F23CC0B5D14229AF
:108D3000CB38500AD91B666FEF7E744CFD5D8BB546
:108D400002A499961087AFF326E2BDD034C1C3398F
:108D50004A28D11A580BE77F6E6EF55C7C4D0CC625
:108D600085D71EE597F42880A1913AA3B3B2444A6F
:108D7000CD5B5669DF78600CE91D722FFB3E8DD606
:108D800004C79FF516E4A9902081BBB332A2C55A4F
:108D90004C4BD7795E68E11C680DF33F7A2E0EE7E5
:108DA00087F61CC495D52AA1A3B03882B193466B2F
:108DB000CF7A5448DD59622DEB3C700EF91F8FF7C6
:108DC00006E69DD414C5ABB122A0B9923083C77B0F
:108DD0004E6AD5585C49E33D6A2CF11E780F0000BD
:108DE000CDCC4C3ECDCC4C3ECDCC4C3E000000001A
:108DF000920E493CB10AC93C2BC3163D2EFB483D9F
:108E0000752B7B3D04A9963D80B6AF3D36BDC83D70
:108E10002FBCE13D73B2FA3D87CF093E8340163E39
:108E2000B5AB223EA2102F3ECF6E3B3EC2C5473EA1
:108E30000115543E135C603E7F9A6C3ECCCF783E69
:108E4000C07D823E938E883E229A8E3E32A0943E12
:108E500086A09A3EE59AA03E128FA63ED47CAC3EF8
:108E6000EF63B23E2A44B83E491DBE3E15EFC33EF5
:108E700053B9C93ECA7BCF3E4136D53E80E8DA3E83
:108E80004F92E03E7533E63EBBCBEB3EEA5AF13EF5
:108E9000CBE0F63E275DFC3EE4E7003F3D9C033F10
:108EA000824B063F9BF5083F6B9A0B3FDA390E3F2A
:108EB000CDD3103F2A68133FD9F6153FC07F183F26
:108EC000C6021B3FD17F1D3FCBF61F3F9967223F54
:108ED00025D2243F5636273F1594293F4AEB2B3F96
:108EE000DE3B2E3FBB85303FC9C8323FF304353FE0
:108EF000233A373F4268393F3B8F3B3FF9AE3D3F16
:108F000067C73F3F70D8413F01E2433F03E4453F1D
:108F100065DE473F12D1493FF8BB4B3F029F4D3FB3
:108F2000207A4F3F3D4D513F4918533F31DB543F6D
:108F3000E595563F5348583F6AF2593F1A945B3FB4
:108F4000532D5D3F05BE5E3F2146603F97C5613FA3
:108F50005A3C633F59AA643F880F663FD86B673F0E
:108F60003CBF683FA7096A3F0C4B6B3F5E836C3F79
:108F700093B26D3F9ED86E3F73F56F3F0809713F06
:108F80005213723F4714733FDD0B743F0BFA743F6B
:108F9000C6DE753F07BA763FC58B773FF853783FFB
:108FA0009812793F9DC7793F02737A3FBE147B3F89
:108FB000CDAC7B3F283B7C3FC9BF7C3FAC3A7D3F7B
:108FC000CCAB7D3F23137E3FB0707E3F6DC47E3FB0
:108FD000580E7F3F6D4E7F3FAB847F3F0FB17F3F89
:108FE00097D37F3F43EC7F3F11FB7F3F0000803FE3
:108FF00011FB7F3F43EC7F3F97D37F3F0FB17F3F14
:10900000AB847F3F6D4E7F3F580E7F3F6DC47E3FE8
:10901000B0707E3F23137E3FCCAB7D3FAC3A7D3FAB
:10902000C9BF7C3F283B7C3FCDAC7B3FBE147B3F20
:1090300002737A3F9DC7793F9812793FF853783F82
:10904000C58B773F07BA763FC6DE753F0BFA743F94
:10905000DD0B743F4714733F5213723F0809713F91
:1090600073F56F3F9ED86E3F93B26D3F5E836C3F4A
:109070000C4B6B3FA7096A3F3CBF683FD86B673F0B
:10908000880F663F59AA643F5A3C633F97C5613FCA
:109090002146603F05BE5E3F532D5D3F1A945B3F06
:1090A0006AF2593F5348583FE595563F31DB543FEC
:1090B0004918533F3D4D513F207A4F3F029F4D3F4E
:1090C000F8BB4B3F12D1493F65DE473F03E4453FC4
:1090D00001E2433F70D8413F67C73F3FF9AE3D3F94
:1090E0003B8F3B3F4268393F233A373FF304353FDC
:1090F000C9C8323FBB85303FDE3B2E3F4AEB2B3F9A
:109100001594293F5636273F25D2243F9967223FA1
:10911000CBF61F3FD17F1D3FC6021B3FC07F183FCC
:10912000D9F6153F2A68133FCDD3103FDA390E3FE9
:109130006B9A0B3F9BF5083F824B063F3D9C033FDC
:10914000E4E7003F275DFC3ECBE0F63EEA5AF13E05
:10915000BBCBEB3E7533E63E4F92E03E80E8DA3E15
:109160004136D53ECA7BCF3E53B9C93E15EFC33E0B
:10917000491DBE3E2A44B83EEF63B23ED47CAC3EAD
:10918000128FA63EE59AA03E86A09A3E32A0943E5B
:10919000229A8E3E938E883EC07D823ECCCF783E12
:1091A0007F9A6C3E135C603E0115543EC2C5473E3B
:1091B000CF6E3B3EA2102F3EB5AB223E8340163E03
:1091C00087CF093E73B2FA3D2FBCE13D36BDC83DA5
:1091D00080B6AF3D04A9963D752B7B3D2EFB483DE7
:1091E0002BC3163DB10AC93C920E493C0000000059
:1091F000920E49BCB10AC9BC2BC316BD2EFB48BD9B
:10920000752B7BBD04A996BD80B6AFBD36BDC8BD6C
:109210002FBCE1BD73B2FABD87CF09BE834016BE35
:10922000B5AB22BEA2102FBECF6E3BBEC2C547BE9D
:10923000011554BE135C60BE7F9A6CBECCCF78BE65
:10924000C07D82BE938E88BE229A8EBE32A094BE0E
:1092500086A09ABEE59AA0BE128FA6BED47CACBEF4
:10926000EF63B2BE2A44B8BE491DBEBE15EFC3BEF1
:1092700053B9C9BECA7BCFBE4136D5BE80E8DABE7F
:109280004F92E0BE7533E6BEBBCBEBBEEA5AF1BEF1
:10929000CBE0F6BE275DFCBEE4E700BF3D9C03BF0C
:1092A000824B06BF9BF508BF6B9A0BBFDA390EBF26
:1092B000CDD310BF2A6813BFD9F615BFC07F18BF22
:1092C000C6021BBFD17F1DBFCBF61FBF996722BF50
:1092D00025D224BF563627BF159429BF4AEB2BBF92
:1092E000DE3B2EBFBB8530BFC9C832BFF30435BFDC
:1092F000233A37BF426839BF3B8F3BBFF9AE3DBF12
:1093000067C73FBF70D841BF01E243BF03E445BF19
:1093100065DE47BF12D149BFF8BB4BBF029F4DBFAF
:10932000207A4FBF3D4D51BF491853BF31DB54BF69
:10933000E59556BF534858BF6AF259BF1A945BBFB0
:10934000532D5DBF05BE5EBF214660BF97C561BF9F
:109350005A3C63BF59AA64BF880F66BFD86B67BF0A
:109360003CBF68BFA7096ABF0C4B6BBF5E836CBF75
:1093700093B26DBF9ED86EBF73F56FBF080971BF02
:10938000521372BF471473BFDD0B74BF0BFA74BF67
:10939000C6DE75BF07BA76BFC58B77BFF85378BFF7
:1093A000981279BF9DC779BF02737ABFBE147BBF85
:1093B000CDAC7BBF283B7CBFC9BF7CBFAC3A7DBF77
:1093C000CCAB7DBF23137EBFB0707EBF6DC47EBFAC
:1093D000580E7FBF6D4E7FBFAB847FBF0FB17FBF85
:1093E00097D37FBF43EC7FBF11FB7FBF000080BFDF
:1093F00011FB7FBF43EC7FBF97D37FBF0FB17FBF10
:10940000AB847FBF6D4E7FBF580E7FBF6DC47EBFE4
:10941000B0707EBF23137EBFCCAB7DBFAC3A7DBFA7
:10942000C9BF7CBF283B7CBFCDAC7BBFBE147BBF1C
:1094300002737ABF9DC779BF981279BFF85378BF7E
:10944000C58B77BF07BA76BFC6DE75BF0BFA74BF90
:10945000DD0B74BF471473BF521372BF080971BF8D
:1094600073F56FBF9ED86EBF93B26DBF5E836CBF46
:109470000C4B6BBFA7096ABF3CBF68BFD86B67BF07
:10948000880F66BF59AA64BF5A3C63BF97C561BFC6
:10949000214660BF05BE5EBF532D5DBF1A945BBF02
:1094A0006AF259BF534858BFE59556BF31DB54BFE8
:1094B000491853BF3D4D51BF207A4FBF029F4DBF4A
:1094C000F8BB4BBF12D149BF65DE47BF03E445BFC0
:1094D00001E243BF70D841BF67C73FBFF9AE3DBF90
:1094E0003B8F3BBF426839BF233A37BFF30435BFD8
:1094F000C9C832BFBB8530BFDE3B2EBF4AEB2BBF96
:10950000159429BF563627BF25D224BF996722BF9D
:10951000CBF61FBFD17F1DBFC6021BBFC07F18BFC8
:10952000D9F615BF2A6813BFCDD310BFDA390EBFE5
:109530006B9A0BBF9BF508BF824B06BF3D9C03BFD8
:10954000E4E700BF275DFCBECBE0F6BEEA5AF1BE01
:10955000BBCBEBBE7533E6BE4F92E0BE80E8DABE11
:109560004136D5BECA7BCFBE53B9C9BE15EFC3BE07
:10957000491DBEBE2A44B8BEEF63B2BED47CACBEA9
:10958000128FA6BEE59AA0BE86A09ABE32A094BE57
:10959000229A8EBE938E88BEC07D82BECCCF78BE0E
:1095A0007F9A6CBE135C60BE011554BEC2C547BE37
:1095B000CF6E3BBEA2102FBEB5AB22BE834016BEFF
:1095C00087CF09BE73B2FABD2FBCE1BD36BDC8BDA1
:1095D00080B6AFBD04A996BD752B7BBD2EFB48BDE3
:1095E0002BC316BDB10AC9BC920E49BC0000008055
:1095F00030313233343536373839414243444546C9
:1096000040305800303132333435363738396162C2
:1096100063646566403078000400000800000000C4
:109620000000000200010000100000000000000027
:109630004FBB610567ACDD3F182D4454FB21E93F6A
:109640009BF681D20B73EF3F182D4454FB21F93F59
:10965000E2652F227F2B7A3C075C143326A6813CDF
:10966000BDCBF07A8807703C075C143326A6913C8A
:10967000C4EB98999999C9BF711623FEC671BCBFF6
:109680006D9A74AFF2B0B3BF9AFDDE522DDEADBF5E
:109690002F6C6A2C44B4A2BF0D5555555555D53F76
:1096A000FF8300922449C23F6E204CC5CD45B73F91
:1096B000513DD0A0660DB13FEB0D76244B7BA93F09
:1096C00011DA22E33AAD903F0000000000000000F4
:1096D0004C5555555555A53F7751C1166CC156BFD0
:1096E0009015CB19A001FA3EAD529C804F7E92BEE0
:1096F000C4B1B4BD9EEE213ED43888BEE9FAA8BDFF
:10970000000000000000000000004054FB21F93F71
:109710003163621A61B4D03D0000601A61B4D03D7B
:109720007370032E8A19A33B0000002E8A19A33BF5
:10973000C14920259A837B39000000000000000009
:109740006E83F9A22915444ED15727FCC0DD34F5AC
:10975000999562DB4190433CAB6351FE61C5BBDE32
:109760003A6E24B7E0D24D42EA2E49061C92D10946
:109770001CEB1DFE3EA729B1F53582E88444BB2EC3
:1097800026709CE9417E5FB439D69139F439538310
:109790008B5F849C3B28F9BDFF97F81F0F9805DE6F
:1097A0008B112FEF1F6D0A5ACF7E366DB709CB276D
:1097B000663F464F2DEA5F9EC7BA27757BF1E5EB02
:1097C000F739073DEA92528AB15FFB6B085D8D1F46
:1097D000A6F810111111813FD561C119A0012ABF4E
:1097E0007DFEB157E31DC73EEB9C2B8AE6E55ABED2
:1097F0007CD5CF5A3AD9E53D30313233343536371E
:1098000038396162636465667870003031323334B0
:1098100035363738394142434445465850000000F8
:1098200002400000000000A0000000000540000011
:10983000000000C8000000000C4000000000409C38
:1098400000000000194000000020BCBE0000000025
:1098500034400000BFC91B8E00000004B54000006A
:10986000504BCFD06607E2CF010000006C410000F2
:109870003E8251AADFEEA73401000000D942000069
:10988000DCB5A0E23A301F97FFFFFFFFB4450000B0
:10989000FD25A0C8E9A3C14FFFFFFFFFFF3F000068
:1098A0000000008000000000FF3F0000000000807A
:1098B000000000004F4C4544000000004D4F544F45
:1098C000525F434D44000000524546455245450015
:1098D000424154544552595F564F4C5441474500FC
:1098E000554152545F5245434549564500000000DA
:1098F000495744475F5441534B0000006C65640076
:1099000067696D62616C5461736B000043686173D9
:109910007369735461736B00696D755461736B0087
:109920007465737400000000749A01080000002040
:109930003C080000C4010008049F01083C08002006
:10994000ACD60000280200081C0000004300000004
:10995000F8FFFFFF0C0000000E0000000F000000E9
:109960002E0000001001000043000000F8FFFFFF80
:109970000040404040404040404041414141414022
:1099800040404040404040404040404040404040D7
:109990004005020202020202020202020202020266
:1099A000022020202020202020202002020202026B
:1099B00002029090909090901010101010101010C3
:1099C00010101010101010101010101002020202CF
:1099D0000202888888888888080808080808080813
:1099E000080808080808080808080808020202020F
:1099F0004000000000000000000000000000000027
:109A00000000000000000000000000000000000056
:109A10000000000000000000000000000000000046
:109A20000000000000000000000000000000000036
:109A30000000000000000000000000000000000026
:109A40000000000000000000000000000000000016
:109A50000000000000000000000000000000000006
:109A600000000000000000000000000000000000F6
:109A700000000000023F00011320C104201A410031
:109A80000040403333333F84B8323E9A99993F00C7
:109A900000C03F0AD7233C04100CCDCCCC3E8FC273
:109AA000F53DCDCC4C080326753F5A6009809618C9
:109AB0004A00007A43081008000070420000A06CC1
:109AC00012340893B0412BB005A2FFFFFF3C438244
:109AD000FF016121A392FF11D28084011210014481
:109AE00024117033FF0075517C310E510501650161
:109AF000940602050606062D100AE9010020082238
:109B000000203404121C08124C041006D11701085E
:109B10007504127908014678021D6420181147590E
:109B20005200414343004D41470052454600202228
:109B30003F048548410874049A991958410C6407F8
:109B4000803F6F12033B641960623DDC410CA588C5
:109B5000021F8030642DE7416B3A58A08B3A7D0498
:109B6000017C000240AB034100055308065804077E
:109B70000F000810820911000A15800B16000C183E
:109B8000010D44695A1C7927318DC131089EC237B5
:109B9000C98D421F85F642D7A38BC24A8C2FC21BA8
:109BA0002FFCC11F85CFC2A470FB428F023F43D759
:109BB000631BC35EFA94C214AE89C160650C421780
:109BC000D950C160A593C2E7FB29C106818C412110
:109BD0001FD6C09CC47241EEEBD0C046B6DDC13981
:109BE000D6C7C0AF251741856B8DC2482182C348B7
:109BF00021164300404D43FE548742B89E31C308AE
:109C0000032C25C14260E2C191EDDC4064CCC3402D
:109C100052B8864199BB0DC1CBA17FC1BE1F10C2F6
:109C20009CC452C21F451D3403204EC3A4F03943C7
:109C3000683FC2BEEA040BC1C1A8BAC054E3614187
:109C4000FED407C204565E4196C323C23FF5C74205
:109C500098EE2A428D57ABC2560E6EC22B87E1C1D9
:109C60005EBA3DC16666B3417368984183C052C114
:109C7000713DC0C1736863C1F021EC21F421E8217A
:109C8000F021F821F021EC21F421E821F021F81154
:109C9000F01241EC1241F412C2E812C1F01241F884
:109CA0001242F01240EC1240F412C1E821F01240CE
:109CB000F82241C021BC21C421B821C021C821C043
:109CC00021BC21C421B821C021C845202716432426
:109CD0002518252025282520251C25242518252064
:109CE000252821F021EC21F421E821F021F821F0B0
:109CF00021EC41F43263F021F814E414D0C240A006
:109D00001A37417B14F6C1A8C6D7C133B346423DCA
:109D1000B84BBF53051C41C9767641D7234BC28D42
:109D20001726C27593A64255304A406210C9C1C970
:109D300076A5413108F5C124970CC1C5203CC01D52
:109D4000DA234292CB1BC146B6E140DBF938C17B36
:109D50008347C0AEB6C2BF643B694108ACF841203E
:109D60004187404C37EBC14A0C14423789BF426BE4
:109D70002BCEBF98DD13411F85ABC13676113F2F27
:109D8000DD1942ECC008413D2CFCC0EE7CA740AF81
:109D900025284052F8A3C2C7CB04C22F5D69426494
:109DA000BB2CC2F853A33EE9B7774048E14CC191C0
:109DB0007EC1C006814741A47027C10C8245C29C68
:109DC00084C2C2CDCC62428FC2E64290A0CCC09881
:109DD000EE46C2FED434C1022BBBC1E3A533A03092
:109DE0000ACD411DC921404E6226F021EC21F4210B
:109DF000E821F021F821F021EC21F421E821F021E3
:109E0000F811F021EC150C13A5C1E812C2F01240B4
:109E1000F81241F01241EC1241F412C0E812C1F004
:109E2000123FF82240C021BC21C421B821C021C862
:109E300021C021BC21C421B821C021C82520251C56
:109E400025242518252025282520251C25242518EE
:109E50002520252821F021EC21F421E821F021F80A
:109E600021F021EC21F421E821F021F80D127806EF
:109E70001C0A6740533A0024F40001DE0603781000
:109E8000000112AA012D33061006ED9A0020FC04F1
:109E900010061A9B0020290412470412650412744C
:109EA0000412920412A10412B00412BF0412CE04D0
:109EB00012EC0412FB2C10060A9C00201904122834
:109EC0000412460412550412730412910412A004E1
:109ED00012AF0412BE0412CD0412EB281006279D07
:109EE00000206304129F0412DB0C1006179E002052
:109EF00053042D44069E0140062005CDCC1C410490
:049F0000000000005D
:040000050800018965
:00000001FF
